# Blender v2.93.18 OBJ File: 'DoofBoss.blend'
# www.blender.org
mtllib DoofCockpit.mtl
o Dr_Doof
v 0.338196 0.090698 0.181335
v 0.330139 0.048340 0.163452
v 0.320984 0.063843 0.142578
v 0.207214 -0.159424 0.023010
v 0.246765 -0.171326 0.042847
v 0.204346 -0.182312 0.041138
v 0.331726 0.039551 0.183167
v 0.285950 0.090271 0.206116
v 0.275391 0.052185 0.190125
v 0.321838 0.141540 0.202942
v 0.324463 0.140259 0.225952
v 0.336121 0.112671 0.190186
v 0.300964 0.081543 0.126709
v 0.315918 0.128174 0.164368
v 0.333557 0.104614 0.170959
v 0.247864 -0.020447 0.099060
v 0.269958 -0.027710 0.101807
v 0.260376 -0.099609 0.051086
v 0.229919 -0.075867 0.054810
v 0.249268 -0.042297 0.150391
v 0.230347 -0.100525 0.103210
v 0.271484 -0.109802 0.098145
v 0.266479 -0.105103 0.071594
v 0.287537 -0.043213 0.127136
v 0.283447 0.027588 0.107178
v 0.312988 -0.004700 0.164673
v 0.262756 0.006470 0.170898
v 0.312134 0.003418 0.145691
v 0.302856 0.016174 0.121521
v 0.249268 -0.199707 0.081787
v 0.269043 -0.160034 0.098206
v 0.219666 -0.148926 0.104309
v 0.202942 -0.209229 0.078979
v 0.261108 -0.129639 0.040405
v 0.265381 -0.139465 0.055786
v 0.245728 -0.152283 0.028503
v 0.271973 -0.117554 0.116272
v 0.230835 -0.108276 0.121399
v 0.249451 -0.189331 0.064697
v 0.203186 -0.198853 0.061890
v 0.268494 -0.152283 0.080017
v 0.280029 -0.034668 0.111816
v 0.338501 0.110779 0.213440
v 0.260925 0.035339 0.103638
v 0.276245 0.092712 0.123108
v 0.292664 0.143677 0.163330
v 0.302063 0.159180 0.210999
v 0.304749 0.158142 0.234619
v 0.339600 0.077942 0.199341
v 0.288940 -0.051209 0.145447
v 0.234619 0.113953 0.194092
v 0.242126 0.125122 0.182251
v 0.229370 0.084412 0.153870
v 0.219604 0.073181 0.177124
v 0.275391 0.151978 0.208679
v 0.247742 0.132568 0.201111
v 0.250732 0.092834 0.132874
v 0.265991 0.139404 0.170532
v 0.238770 0.037598 0.112732
v 0.220337 0.034729 0.131714
v 0.212402 0.025818 0.158020
v 0.176575 -0.110657 0.050842
v 0.172241 -0.118591 0.067261
v 0.167053 -0.181213 0.091919
v 0.170227 -0.137817 0.110413
v 0.192383 -0.084351 0.059509
v 0.189453 -0.087830 0.081116
v 0.189758 -0.099060 0.126465
v 0.226013 -0.017822 0.107239
v 0.216614 -0.020447 0.119690
v 0.209961 -0.025757 0.136780
v 0.277832 0.150696 0.231689
v 0.250244 0.130615 0.224365
v 0.212585 0.017761 0.177124
v 0.209595 -0.033386 0.155273
v 0.177734 -0.137024 0.036865
v 0.172119 -0.154541 0.052063
v 0.189270 -0.091309 0.108276
v 0.169739 -0.130066 0.092224
v 0.167297 -0.170837 0.074890
v 0.232178 0.102051 0.212646
v 0.219116 0.064819 0.197021
v 0.039368 0.188049 0.180420
v 0.038818 0.188599 0.180481
v 0.039490 0.189697 0.181458
v 0.038025 0.188843 0.180542
v 0.038025 0.190124 0.181519
v 0.037170 0.188599 0.180481
v 0.036499 0.189697 0.181458
v 0.036621 0.188049 0.180420
v 0.035400 0.188599 0.181335
v 0.036377 0.187500 0.180359
v 0.034973 0.187378 0.181152
v 0.039612 0.187500 0.180359
v 0.040649 0.188599 0.181335
v 0.041016 0.187378 0.181152
v 0.040039 0.190430 0.182861
v 0.041504 0.188965 0.182678
v 0.038025 0.190979 0.182922
v 0.035950 0.190430 0.182861
v 0.034485 0.188965 0.182678
v 0.033936 0.187195 0.182373
v 0.042053 0.187195 0.182373
v 0.040344 0.190735 0.184448
v 0.038025 0.191345 0.184509
v 0.035645 0.190735 0.184448
v 0.033997 0.189026 0.184204
v 0.033325 0.186951 0.183899
v 0.041992 0.189026 0.184204
v 0.042664 0.186951 0.183899
v 0.040344 0.190491 0.186096
v 0.038025 0.191101 0.186157
v 0.035645 0.190491 0.186096
v 0.033997 0.188782 0.185852
v 0.033325 0.186768 0.185547
v 0.041992 0.188782 0.185852
v 0.042664 0.186768 0.185547
v 0.040039 0.189819 0.187500
v 0.041504 0.188293 0.187317
v 0.038025 0.190369 0.187622
v 0.035950 0.189819 0.187500
v 0.034485 0.188293 0.187317
v 0.033936 0.186523 0.187073
v 0.042053 0.186523 0.187073
v 0.039490 0.188721 0.188660
v 0.038025 0.189148 0.188721
v 0.036499 0.188721 0.188660
v 0.035400 0.187622 0.188477
v 0.034973 0.186340 0.188293
v 0.040649 0.187622 0.188477
v 0.041016 0.186340 0.188293
v 0.038818 0.187378 0.189270
v 0.038025 0.187622 0.189331
v 0.037170 0.187378 0.189270
v 0.036621 0.186829 0.189209
v 0.036377 0.186279 0.189148
v 0.039368 0.186829 0.189209
v 0.039612 0.186279 0.189148
v 0.038025 0.187500 0.180054
v 0.038025 0.186218 0.189392
v 0.034790 0.187378 0.180969
v 0.036255 0.187500 0.180054
v 0.036255 0.187073 0.179993
v 0.034790 0.186951 0.180847
v 0.039734 0.187500 0.180054
v 0.041199 0.187378 0.180969
v 0.041199 0.186951 0.180847
v 0.039734 0.187073 0.179993
v 0.033630 0.187195 0.182251
v 0.033630 0.186768 0.182190
v 0.042358 0.187195 0.182251
v 0.042358 0.186768 0.182190
v 0.033081 0.187012 0.183899
v 0.033081 0.186523 0.183838
v 0.042908 0.187012 0.183899
v 0.042908 0.186523 0.183838
v 0.033081 0.186768 0.185608
v 0.033081 0.186279 0.185547
v 0.042908 0.186768 0.185608
v 0.042908 0.186279 0.185547
v 0.033630 0.186523 0.187195
v 0.033630 0.186035 0.187134
v 0.042358 0.186523 0.187195
v 0.042358 0.186035 0.187134
v 0.034790 0.186340 0.188538
v 0.034790 0.185852 0.188477
v 0.041199 0.186340 0.188538
v 0.041199 0.185852 0.188477
v 0.036255 0.186218 0.189392
v 0.036255 0.185730 0.189331
v 0.039734 0.186218 0.189392
v 0.039734 0.185730 0.189331
v 0.038025 0.187561 0.179749
v 0.038025 0.187073 0.179688
v 0.038025 0.186157 0.189697
v 0.038025 0.185730 0.189636
v 0.036377 0.185791 0.189087
v 0.039612 0.185791 0.189087
v 0.038025 0.185730 0.189331
v 0.034973 0.185913 0.188232
v 0.041016 0.185913 0.188232
v 0.033936 0.186096 0.187012
v 0.042053 0.186096 0.187012
v 0.033325 0.186279 0.185486
v 0.042664 0.186279 0.185486
v 0.033325 0.186523 0.183838
v 0.042664 0.186523 0.183838
v 0.033936 0.186707 0.182312
v 0.042053 0.186707 0.182312
v 0.038025 0.187073 0.179993
v 0.039612 0.187012 0.180298
v 0.036377 0.187012 0.180298
v 0.034973 0.186890 0.181091
v 0.041016 0.186890 0.181091
v 0.034973 0.187378 0.181152
v 0.036377 0.187500 0.180359
v 0.039612 0.187500 0.180359
v 0.041016 0.187378 0.181152
v 0.033936 0.187195 0.182373
v 0.042053 0.187195 0.182373
v 0.033325 0.186951 0.183899
v 0.042664 0.186951 0.183899
v 0.033325 0.186768 0.185547
v 0.042664 0.186768 0.185547
v 0.033936 0.186523 0.187073
v 0.042053 0.186523 0.187073
v 0.034973 0.186340 0.188293
v 0.041016 0.186340 0.188293
v 0.036377 0.186279 0.189148
v 0.039612 0.186279 0.189148
v 0.038025 0.187500 0.180054
v 0.038025 0.186218 0.189392
v 0.036987 0.106811 0.167908
v 0.036072 0.105774 0.168823
v 0.038025 0.106628 0.167847
v 0.038025 0.105469 0.168762
v 0.039062 0.106811 0.167908
v 0.039917 0.105774 0.168823
v 0.039795 0.107056 0.167908
v 0.041382 0.106567 0.168945
v 0.040100 0.107605 0.168030
v 0.041870 0.107483 0.169067
v 0.035950 0.107605 0.168030
v 0.036194 0.107056 0.167908
v 0.034607 0.106567 0.168945
v 0.034119 0.107483 0.169067
v 0.035400 0.104858 0.170288
v 0.038025 0.104492 0.170227
v 0.040649 0.104858 0.170288
v 0.042542 0.105957 0.170471
v 0.043274 0.107239 0.170654
v 0.033447 0.105957 0.170471
v 0.032776 0.107239 0.170654
v 0.035034 0.104248 0.172241
v 0.032837 0.105469 0.172424
v 0.038025 0.103760 0.172180
v 0.040955 0.104248 0.172241
v 0.043152 0.105469 0.172424
v 0.043945 0.106995 0.172607
v 0.032043 0.106995 0.172607
v 0.035034 0.103943 0.174316
v 0.032837 0.105225 0.174500
v 0.038025 0.103516 0.174255
v 0.040955 0.103943 0.174316
v 0.043152 0.105225 0.174500
v 0.043945 0.106689 0.174683
v 0.032043 0.106689 0.174683
v 0.035400 0.104065 0.176331
v 0.033447 0.105164 0.176453
v 0.038025 0.103638 0.176270
v 0.040649 0.104065 0.176331
v 0.042542 0.105164 0.176453
v 0.043274 0.106445 0.176636
v 0.032776 0.106445 0.176636
v 0.036072 0.104492 0.177979
v 0.034607 0.105286 0.178101
v 0.038025 0.104187 0.177979
v 0.039917 0.104492 0.177979
v 0.041382 0.105286 0.178101
v 0.041870 0.106201 0.178223
v 0.034119 0.106201 0.178223
v 0.036987 0.105225 0.179199
v 0.036194 0.105530 0.179199
v 0.038025 0.105103 0.179138
v 0.039062 0.105225 0.179199
v 0.039795 0.105530 0.179199
v 0.040100 0.106079 0.179260
v 0.035950 0.106079 0.179260
v 0.038025 0.107666 0.167664
v 0.038025 0.106018 0.179626
v 0.042114 0.107483 0.168762
v 0.040222 0.107666 0.167664
v 0.040222 0.108032 0.167725
v 0.042114 0.107849 0.168823
v 0.035767 0.107666 0.167664
v 0.033875 0.107483 0.168762
v 0.033875 0.107849 0.168823
v 0.035767 0.108032 0.167725
v 0.043579 0.107300 0.170471
v 0.043579 0.107605 0.170532
v 0.032410 0.107300 0.170471
v 0.032410 0.107605 0.170532
v 0.044312 0.106995 0.172546
v 0.044312 0.107300 0.172607
v 0.031677 0.106995 0.172546
v 0.031677 0.107300 0.172607
v 0.044312 0.106689 0.174744
v 0.044312 0.106995 0.174805
v 0.031677 0.106689 0.174744
v 0.031677 0.106995 0.174805
v 0.043579 0.106384 0.176819
v 0.043579 0.106750 0.176880
v 0.032410 0.106384 0.176819
v 0.032410 0.106750 0.176880
v 0.042114 0.106140 0.178528
v 0.042114 0.106506 0.178589
v 0.033875 0.106140 0.178528
v 0.033875 0.106506 0.178589
v 0.040222 0.106018 0.179626
v 0.040222 0.106323 0.179688
v 0.035767 0.106018 0.179626
v 0.035767 0.106323 0.179688
v 0.038025 0.107727 0.167236
v 0.038025 0.108032 0.167297
v 0.038025 0.105957 0.179993
v 0.038025 0.106262 0.180054
v 0.040100 0.106384 0.179321
v 0.035950 0.106384 0.179321
v 0.038025 0.106323 0.179688
v 0.041870 0.106567 0.178284
v 0.034119 0.106567 0.178284
v 0.043274 0.106750 0.176697
v 0.032776 0.106750 0.176697
v 0.043945 0.107056 0.174744
v 0.032043 0.107056 0.174744
v 0.043945 0.107300 0.172668
v 0.032043 0.107300 0.172668
v 0.043274 0.107605 0.170715
v 0.032776 0.107605 0.170715
v 0.038025 0.108032 0.167664
v 0.035950 0.107971 0.168030
v 0.040100 0.107971 0.168030
v 0.041870 0.107788 0.169067
v 0.034119 0.107788 0.169067
v 0.041870 0.107483 0.169067
v 0.040100 0.107605 0.168030
v 0.035950 0.107605 0.168030
v 0.034119 0.107483 0.169067
v 0.043274 0.107239 0.170654
v 0.032776 0.107239 0.170654
v 0.043945 0.106995 0.172607
v 0.032043 0.106995 0.172607
v 0.043945 0.106689 0.174683
v 0.032043 0.106689 0.174683
v 0.043274 0.106445 0.176636
v 0.032776 0.106445 0.176636
v 0.041870 0.106201 0.178223
v 0.034119 0.106201 0.178223
v 0.040100 0.106079 0.179260
v 0.035950 0.106079 0.179260
v 0.038025 0.107666 0.167664
v 0.038025 0.106018 0.179626
v -0.036621 0.188049 0.180420
v -0.037231 0.188599 0.180481
v -0.036499 0.189697 0.181458
v -0.038025 0.188843 0.180542
v -0.038025 0.190124 0.181519
v -0.038818 0.188599 0.180481
v -0.039551 0.189697 0.181458
v -0.039429 0.188049 0.180420
v -0.040649 0.188599 0.181335
v -0.039673 0.187500 0.180359
v -0.041077 0.187378 0.181152
v -0.036438 0.187500 0.180359
v -0.035400 0.188599 0.181335
v -0.034973 0.187378 0.181152
v -0.036011 0.190430 0.182861
v -0.034485 0.188965 0.182678
v -0.038025 0.190979 0.182922
v -0.040100 0.190430 0.182861
v -0.041565 0.188965 0.182678
v -0.042114 0.187195 0.182373
v -0.033936 0.187195 0.182373
v -0.035706 0.190735 0.184448
v -0.038025 0.191345 0.184509
v -0.040344 0.190735 0.184448
v -0.042053 0.189026 0.184204
v -0.042664 0.186951 0.183899
v -0.033997 0.189026 0.184204
v -0.033386 0.186951 0.183899
v -0.035706 0.190491 0.186096
v -0.033997 0.188782 0.185852
v -0.038025 0.191101 0.186157
v -0.040344 0.190491 0.186096
v -0.042053 0.188782 0.185852
v -0.042664 0.186768 0.185547
v -0.033386 0.186768 0.185547
v -0.036011 0.189819 0.187500
v -0.034485 0.188293 0.187317
v -0.038025 0.190369 0.187622
v -0.040100 0.189819 0.187500
v -0.041565 0.188293 0.187317
v -0.042114 0.186523 0.187073
v -0.033936 0.186523 0.187073
v -0.036499 0.188721 0.188660
v -0.035400 0.187622 0.188477
v -0.038025 0.189148 0.188721
v -0.039551 0.188721 0.188660
v -0.040649 0.187622 0.188477
v -0.041077 0.186340 0.188293
v -0.034973 0.186340 0.188293
v -0.037231 0.187378 0.189270
v -0.036621 0.186829 0.189209
v -0.038025 0.187622 0.189331
v -0.038818 0.187378 0.189270
v -0.039429 0.186829 0.189209
v -0.039673 0.186279 0.189148
v -0.036438 0.186279 0.189148
v -0.038025 0.187500 0.180054
v -0.038025 0.186218 0.189392
v -0.041260 0.187378 0.180969
v -0.039734 0.187500 0.180054
v -0.039734 0.187073 0.179993
v -0.041260 0.186951 0.180847
v -0.036316 0.187500 0.180054
v -0.034790 0.187378 0.180969
v -0.034790 0.186951 0.180847
v -0.036316 0.187073 0.179993
v -0.042358 0.187195 0.182251
v -0.042358 0.186768 0.182190
v -0.033691 0.187195 0.182251
v -0.033691 0.186768 0.182190
v -0.042969 0.187012 0.183899
v -0.042969 0.186523 0.183838
v -0.033081 0.187012 0.183899
v -0.033081 0.186523 0.183838
v -0.042969 0.186768 0.185608
v -0.042969 0.186279 0.185547
v -0.033081 0.186768 0.185608
v -0.033081 0.186279 0.185547
v -0.042358 0.186523 0.187195
v -0.042358 0.186035 0.187134
v -0.033691 0.186523 0.187195
v -0.033691 0.186035 0.187134
v -0.041260 0.186340 0.188538
v -0.041260 0.185852 0.188477
v -0.034790 0.186340 0.188538
v -0.034790 0.185852 0.188477
v -0.039734 0.186218 0.189392
v -0.039734 0.185730 0.189331
v -0.036316 0.186218 0.189392
v -0.036316 0.185730 0.189331
v -0.038025 0.187561 0.179749
v -0.038025 0.187073 0.179688
v -0.038025 0.186157 0.189697
v -0.038025 0.185730 0.189636
v -0.039673 0.185791 0.189087
v -0.036438 0.185791 0.189087
v -0.038025 0.185730 0.189331
v -0.041077 0.185913 0.188232
v -0.034973 0.185913 0.188232
v -0.042114 0.186096 0.187012
v -0.033936 0.186096 0.187012
v -0.042664 0.186279 0.185486
v -0.033386 0.186279 0.185486
v -0.042664 0.186523 0.183838
v -0.033386 0.186523 0.183838
v -0.042114 0.186707 0.182312
v -0.033936 0.186707 0.182312
v -0.038025 0.187073 0.179993
v -0.036438 0.187012 0.180298
v -0.039673 0.187012 0.180298
v -0.041077 0.186890 0.181091
v -0.034973 0.186890 0.181091
v -0.041077 0.187378 0.181152
v -0.039673 0.187500 0.180359
v -0.036438 0.187500 0.180359
v -0.034973 0.187378 0.181152
v -0.042114 0.187195 0.182373
v -0.033936 0.187195 0.182373
v -0.042664 0.186951 0.183899
v -0.033386 0.186951 0.183899
v -0.042664 0.186768 0.185547
v -0.033386 0.186768 0.185547
v -0.042114 0.186523 0.187073
v -0.033936 0.186523 0.187073
v -0.041077 0.186340 0.188293
v -0.034973 0.186340 0.188293
v -0.039673 0.186279 0.189148
v -0.036438 0.186279 0.189148
v -0.038025 0.187500 0.180054
v -0.038025 0.186218 0.189392
v -0.039062 0.106811 0.167908
v -0.039978 0.105774 0.168823
v -0.038025 0.106628 0.167847
v -0.038025 0.105469 0.168762
v -0.036987 0.106811 0.167908
v -0.036072 0.105774 0.168823
v -0.036255 0.107056 0.167908
v -0.034668 0.106567 0.168945
v -0.035950 0.107605 0.168030
v -0.034119 0.107483 0.169067
v -0.040100 0.107605 0.168030
v -0.039795 0.107056 0.167908
v -0.041382 0.106567 0.168945
v -0.041931 0.107483 0.169067
v -0.040649 0.104858 0.170288
v -0.038025 0.104492 0.170227
v -0.035400 0.104858 0.170288
v -0.033508 0.105957 0.170471
v -0.032776 0.107239 0.170654
v -0.042603 0.105957 0.170471
v -0.043274 0.107239 0.170654
v -0.041016 0.104248 0.172241
v -0.043213 0.105469 0.172424
v -0.038025 0.103760 0.172180
v -0.035034 0.104248 0.172241
v -0.032837 0.105469 0.172424
v -0.032043 0.106995 0.172607
v -0.044006 0.106995 0.172607
v -0.041016 0.103943 0.174316
v -0.043213 0.105225 0.174500
v -0.038025 0.103516 0.174255
v -0.035034 0.103943 0.174316
v -0.032837 0.105225 0.174500
v -0.032043 0.106689 0.174683
v -0.044006 0.106689 0.174683
v -0.040649 0.104065 0.176331
v -0.042603 0.105164 0.176453
v -0.038025 0.103638 0.176270
v -0.035400 0.104065 0.176331
v -0.033508 0.105164 0.176453
v -0.032776 0.106445 0.176636
v -0.043274 0.106445 0.176636
v -0.039978 0.104492 0.177979
v -0.038025 0.104187 0.177979
v -0.036072 0.104492 0.177979
v -0.034668 0.105286 0.178101
v -0.034119 0.106201 0.178223
v -0.041382 0.105286 0.178101
v -0.041931 0.106201 0.178223
v -0.039062 0.105225 0.179199
v -0.039795 0.105530 0.179199
v -0.038025 0.105103 0.179138
v -0.036987 0.105225 0.179199
v -0.036255 0.105530 0.179199
v -0.035950 0.106079 0.179260
v -0.040100 0.106079 0.179260
v -0.038025 0.107666 0.167664
v -0.038025 0.106018 0.179626
v -0.033875 0.107483 0.168762
v -0.035828 0.107666 0.167664
v -0.035828 0.108032 0.167725
v -0.033875 0.107849 0.168823
v -0.040222 0.107666 0.167664
v -0.042175 0.107483 0.168762
v -0.042175 0.107849 0.168823
v -0.040222 0.108032 0.167725
v -0.032471 0.107300 0.170471
v -0.032471 0.107605 0.170532
v -0.043579 0.107300 0.170471
v -0.043579 0.107605 0.170532
v -0.031677 0.106995 0.172546
v -0.031677 0.107300 0.172607
v -0.044373 0.106995 0.172546
v -0.044373 0.107300 0.172607
v -0.031677 0.106689 0.174744
v -0.031677 0.106995 0.174805
v -0.044373 0.106689 0.174744
v -0.044373 0.106995 0.174805
v -0.032471 0.106384 0.176819
v -0.032471 0.106750 0.176880
v -0.043579 0.106384 0.176819
v -0.043579 0.106750 0.176880
v -0.033875 0.106140 0.178528
v -0.033875 0.106506 0.178589
v -0.042175 0.106140 0.178528
v -0.042175 0.106506 0.178589
v -0.035828 0.106018 0.179626
v -0.035828 0.106323 0.179688
v -0.040222 0.106018 0.179626
v -0.040222 0.106323 0.179688
v -0.038025 0.107727 0.167236
v -0.038025 0.108032 0.167297
v -0.038025 0.105957 0.179993
v -0.038025 0.106262 0.180054
v -0.035950 0.106384 0.179321
v -0.040100 0.106384 0.179321
v -0.038025 0.106323 0.179688
v -0.034119 0.106567 0.178284
v -0.041931 0.106567 0.178284
v -0.032776 0.106750 0.176697
v -0.043274 0.106750 0.176697
v -0.032043 0.107056 0.174744
v -0.044006 0.107056 0.174744
v -0.032043 0.107300 0.172668
v -0.044006 0.107300 0.172668
v -0.032776 0.107605 0.170715
v -0.043274 0.107605 0.170715
v -0.038025 0.108032 0.167664
v -0.040100 0.107971 0.168030
v -0.035950 0.107971 0.168030
v -0.034119 0.107788 0.169067
v -0.041931 0.107788 0.169067
v -0.034119 0.107483 0.169067
v -0.035950 0.107605 0.168030
v -0.040100 0.107605 0.168030
v -0.041931 0.107483 0.169067
v -0.032776 0.107239 0.170654
v -0.043274 0.107239 0.170654
v -0.032043 0.106995 0.172607
v -0.044006 0.106995 0.172607
v -0.032043 0.106689 0.174683
v -0.044006 0.106689 0.174683
v -0.032776 0.106445 0.176636
v -0.043274 0.106445 0.176636
v -0.034119 0.106201 0.178223
v -0.041931 0.106201 0.178223
v -0.035950 0.106079 0.179260
v -0.040100 0.106079 0.179260
v -0.038025 0.107666 0.167664
v -0.038025 0.106018 0.179626
v -0.236755 0.130127 0.160339
v -0.218079 0.088867 0.149170
v -0.230530 0.094849 0.125244
v -0.246277 0.138245 0.147461
v -0.187561 -0.164185 0.034912
v -0.151611 -0.150635 0.059875
v -0.180847 -0.183105 0.056274
v -0.215393 0.084167 0.170105
v -0.284058 0.103577 0.180237
v -0.270081 0.064575 0.169922
v -0.280823 0.165527 0.171692
v -0.252380 0.149963 0.188599
v -0.251587 0.148132 0.165222
v -0.253967 0.097168 0.104980
v -0.272339 0.147583 0.135559
v -0.239746 -0.019287 0.090149
v -0.217896 -0.013001 0.095947
v -0.218079 -0.079285 0.054260
v -0.235352 -0.031982 0.144287
v -0.212585 -0.095154 0.105957
v -0.172668 -0.080811 0.106140
v -0.174927 -0.082092 0.078857
v -0.207458 -0.012390 0.107849
v -0.199219 -0.013916 0.125000
v -0.236816 0.040894 0.093262
v -0.204529 0.035339 0.157715
v -0.253296 0.017883 0.157532
v -0.206482 0.039978 0.137573
v -0.216980 0.043335 0.110901
v -0.140930 -0.169312 0.103027
v -0.148132 -0.123962 0.114319
v -0.196106 -0.141174 0.114136
v -0.173950 -0.202759 0.097778
v -0.161255 -0.108337 0.051758
v -0.155090 -0.112793 0.068909
v -0.160156 -0.136658 0.042480
v -0.171082 -0.085327 0.125305
v -0.210999 -0.099670 0.125122
v -0.176453 -0.195618 0.079346
v -0.149658 -0.119446 0.095154
v -0.179565 -0.082764 0.057251
v -0.281677 0.167969 0.194824
v -0.259094 0.034668 0.086487
v -0.279846 0.092651 0.097473
v -0.299744 0.147705 0.129883
v -0.307922 0.170105 0.174988
v -0.309021 0.172913 0.198608
v -0.143433 -0.162109 0.084534
v -0.231812 0.121948 0.180298
v -0.196777 -0.018189 0.144409
v -0.337402 0.094055 0.160034
v -0.335083 0.106384 0.147156
v -0.325500 0.050354 0.148804
v -0.325928 0.149353 0.171570
v -0.337402 0.117371 0.164917
v -0.326965 0.151733 0.194641
v -0.302795 0.079651 0.104797
v -0.319519 0.062927 0.124939
v -0.320862 0.130188 0.135376
v -0.280212 0.025330 0.093079
v -0.297180 0.014587 0.110596
v -0.303345 0.005249 0.137268
v -0.243469 -0.137817 0.051514
v -0.226257 -0.160339 0.042236
v -0.224121 -0.176636 0.059631
v -0.245544 -0.145203 0.068603
v -0.223328 -0.190735 0.084290
v -0.220764 -0.197937 0.102722
v -0.244080 -0.158386 0.113953
v -0.245667 -0.153870 0.094788
v -0.245667 -0.106445 0.057007
v -0.249756 -0.108948 0.078552
v -0.250977 -0.113953 0.125000
v -0.252502 -0.109436 0.105835
v -0.260559 -0.028259 0.095764
v -0.269104 -0.034485 0.107666
v -0.274597 -0.040955 0.124695
v -0.338135 0.119202 0.188293
v -0.324768 0.044983 0.169678
v -0.273926 -0.045837 0.144165
v -0.336121 0.084534 0.179993
v -0.302063 0.000427 0.157349
v 0.002991 0.151916 0.223084
v 0.003174 0.155151 0.224304
v 0.000000 0.158203 0.228821
v 0.001709 0.155762 0.220154
v -0.000122 0.158081 0.226563
v 0.003662 0.153809 0.217957
v 0.000366 0.155212 0.226135
v 0.000305 0.154907 0.227234
v 0.044189 0.183044 0.233093
v 0.069397 0.193970 0.223999
v 0.058960 0.186951 0.210144
v 0.043030 0.178711 0.220947
v 0.041321 0.169739 0.217651
v 0.058533 0.178711 0.207581
v 0.044800 0.168701 0.227295
v 0.067078 0.178528 0.218506
v 0.005554 0.155762 0.225708
v 0.019897 0.165771 0.231812
v 0.023010 0.164185 0.223084
v 0.010864 0.157593 0.219299
v 0.012207 0.154236 0.217285
v 0.006714 0.151062 0.222595
v 0.024048 0.158264 0.219238
v 0.022461 0.157227 0.226318
v 0.089722 0.198669 0.201355
v 0.075806 0.190491 0.190002
v 0.074097 0.181641 0.189087
v 0.088440 0.184021 0.198669
v 0.087646 0.185913 0.170654
v 0.096619 0.187561 0.174927
v 0.097900 0.198120 0.174988
v 0.088806 0.192383 0.169739
v 0.098328 0.191223 0.146423
v 0.099670 0.191711 0.150696
v -0.000244 0.158203 0.228821
v -0.003418 0.155151 0.224304
v -0.003235 0.151916 0.223084
v -0.001953 0.155762 0.220154
v -0.003906 0.153809 0.217957
v -0.000610 0.154907 0.227234
v -0.000610 0.155212 0.226135
v -0.044434 0.183044 0.233093
v -0.043274 0.178711 0.220947
v -0.059204 0.186951 0.210144
v -0.069641 0.193970 0.223999
v -0.041565 0.169739 0.217651
v -0.058838 0.178711 0.207581
v -0.067322 0.178528 0.218506
v -0.045044 0.168701 0.227295
v -0.005798 0.155762 0.225708
v -0.011108 0.157593 0.219299
v -0.023254 0.164185 0.223084
v -0.020142 0.165771 0.231812
v -0.012451 0.154236 0.217285
v -0.022705 0.157227 0.226318
v -0.024292 0.158264 0.219238
v -0.006958 0.151062 0.222595
v -0.076050 0.190491 0.190002
v -0.089966 0.198669 0.201355
v -0.074341 0.181641 0.189087
v -0.087891 0.185913 0.170654
v -0.088684 0.184021 0.198669
v -0.098145 0.198120 0.174988
v -0.096863 0.187561 0.174927
v -0.089050 0.192383 0.169739
v -0.098572 0.191223 0.146423
v -0.099915 0.191711 0.150696
v 0.051025 0.161072 0.137390
v 0.045349 0.166748 0.138245
v 0.052246 0.177551 0.147644
v 0.037537 0.168823 0.138611
v 0.037659 0.181457 0.148315
v 0.029785 0.166748 0.138367
v 0.023010 0.177490 0.147888
v 0.024048 0.161011 0.137634
v 0.012268 0.166748 0.146545
v 0.021973 0.153198 0.136597
v 0.008362 0.152100 0.144531
v 0.024048 0.145386 0.135498
v 0.012268 0.137451 0.142456
v 0.029785 0.139709 0.134644
v 0.023010 0.126770 0.140869
v 0.037537 0.137634 0.134277
v 0.037659 0.122803 0.140198
v 0.045349 0.139709 0.134522
v 0.052246 0.126770 0.140625
v 0.051025 0.145447 0.135254
v 0.062988 0.137512 0.142029
v 0.053162 0.153259 0.136292
v 0.066895 0.152161 0.144043
v 0.062988 0.166809 0.146057
v 0.057434 0.184692 0.160828
v 0.071899 0.170288 0.158691
v 0.037720 0.189941 0.161743
v 0.018005 0.184631 0.161194
v 0.003601 0.170166 0.159302
v -0.001648 0.150452 0.156616
v 0.003601 0.130676 0.153809
v 0.018005 0.116272 0.151733
v 0.037720 0.110962 0.150818
v 0.057434 0.116333 0.151367
v 0.071899 0.130798 0.153259
v 0.077209 0.150513 0.155945
v 0.060303 0.187378 0.176209
v 0.076721 0.170959 0.173767
v 0.037842 0.193359 0.177246
v 0.015442 0.187317 0.176575
v -0.000916 0.170837 0.174439
v -0.006958 0.148376 0.171387
v -0.000916 0.125915 0.168213
v 0.015442 0.109497 0.165771
v 0.037842 0.103516 0.164795
v 0.060303 0.109558 0.165405
v 0.076721 0.126038 0.167542
v 0.082703 0.148499 0.170593
v 0.060425 0.185181 0.191895
v 0.076843 0.168762 0.189453
v 0.038025 0.191162 0.192871
v 0.015564 0.185120 0.192261
v -0.000793 0.168701 0.190125
v -0.006775 0.146240 0.187073
v -0.000793 0.123779 0.183899
v 0.015564 0.107361 0.181458
v 0.038025 0.101379 0.180420
v 0.060425 0.107422 0.181091
v 0.076843 0.123840 0.183228
v 0.082886 0.146301 0.186279
v 0.057861 0.178467 0.205994
v 0.038147 0.183716 0.206848
v 0.018433 0.178406 0.206299
v 0.003967 0.163940 0.204407
v -0.001282 0.144165 0.201721
v 0.003967 0.124451 0.198975
v 0.018433 0.109985 0.196838
v 0.038147 0.104736 0.195923
v 0.057861 0.110046 0.196472
v 0.072266 0.124512 0.198364
v 0.077576 0.144287 0.201050
v 0.072266 0.164001 0.203857
v 0.052856 0.167969 0.216797
v 0.063599 0.157227 0.215210
v 0.038208 0.171875 0.217468
v 0.023621 0.117187 0.210022
v 0.063599 0.127930 0.211121
v 0.046082 0.154968 0.223022
v 0.051819 0.149292 0.222168
v 0.038330 0.157043 0.223389
v 0.023621 0.167908 0.217041
v 0.030518 0.154968 0.223145
v 0.012878 0.157165 0.215637
v 0.024841 0.149231 0.222412
v 0.008972 0.142517 0.213623
v 0.022705 0.141479 0.221375
v 0.012878 0.127869 0.211609
v 0.024841 0.133667 0.220276
v 0.030518 0.127930 0.219421
v 0.038208 0.113220 0.209351
v 0.038330 0.125854 0.219055
v 0.052856 0.117187 0.209778
v 0.046082 0.127991 0.219299
v 0.051819 0.133667 0.220032
v 0.067505 0.142578 0.213135
v 0.053894 0.141479 0.221069
v 0.037537 0.153625 0.133728
v 0.038330 0.141113 0.223938
v 0.000061 -0.377808 -0.058350
v 0.038025 -0.377258 -0.056397
v 0.045166 -0.353394 -0.026856
v 0.000061 -0.353394 -0.026856
v 0.056885 -0.320740 -0.025574
v 0.000061 -0.319885 -0.022095
v 0.052734 -0.338501 -0.065308
v 0.119324 -0.270020 -0.101685
v 0.108459 -0.270020 -0.046021
v 0.108765 -0.322083 -0.035828
v 0.118652 -0.329773 -0.077210
v 0.053711 -0.335876 -0.193115
v 0.056396 -0.270020 -0.225159
v 0.106567 -0.270020 -0.174072
v 0.090454 -0.328430 -0.167847
v 0.000061 -0.270020 -0.235901
v 0.000061 -0.338318 -0.202393
v 0.000061 -0.377991 -0.158386
v 0.046265 -0.377014 -0.150635
v 0.037476 -0.387817 -0.100769
v 0.000061 -0.389099 -0.106812
v 0.108826 -0.351685 -0.124207
v 0.087463 -0.318176 -0.029297
v 0.069946 -0.331787 -0.080627
v 0.086060 -0.364685 -0.138245
v 0.115723 -0.337524 -0.090820
v 0.122498 -0.329834 -0.089783
v 0.109497 -0.122009 -0.247437
v 0.114746 -0.178406 -0.205139
v 0.097473 -0.182129 -0.225403
v 0.202637 -0.149902 -0.056824
v 0.204041 -0.113586 -0.067566
v 0.271362 -0.085266 0.062683
v 0.269226 -0.132813 0.051575
v 0.116272 -0.138306 -0.216553
v 0.105652 -0.137695 -0.205322
v 0.110657 -0.160645 -0.172607
v 0.118896 -0.169067 -0.186157
v 0.203064 -0.181274 0.028748
v 0.160828 -0.185730 -0.030579
v 0.187012 -0.184570 -0.043823
v 0.247986 -0.172974 0.033081
v 0.182251 -0.092590 -0.063843
v 0.236633 -0.054565 0.070190
v 0.080139 -0.183533 -0.224609
v 0.126770 -0.172791 -0.124390
v 0.144775 -0.173584 -0.132263
v 0.158691 -0.144531 -0.139771
v 0.160034 -0.120789 -0.143005
v 0.146545 -0.104797 -0.137756
v 0.102356 -0.160217 -0.192871
v 0.115845 -0.156677 -0.199402
v 0.126770 -0.137512 -0.205322
v 0.128052 -0.114746 -0.208313
v 0.119202 -0.101868 -0.205444
v 0.108948 -0.215576 -0.127075
v 0.120667 -0.227783 -0.142029
v 0.113525 -0.240845 -0.163391
v 0.095703 -0.251770 -0.179932
v 0.072693 -0.251465 -0.181213
v 0.111328 -0.258057 -0.088135
v 0.124634 -0.272095 -0.106262
v 0.113159 -0.292053 -0.127808
v 0.091675 -0.312134 -0.136292
v 0.069092 -0.314392 -0.130554
v 0.073120 -0.174499 -0.208801
v 0.077698 -0.164307 -0.189575
v 0.084656 -0.119324 -0.218140
v 0.143250 -0.127319 -0.031921
v 0.170776 -0.110718 0.063721
v 0.191528 -0.067322 0.072510
v 0.156616 -0.095581 -0.047607
v 0.092712 -0.129333 -0.206665
v 0.168152 -0.155029 0.042908
v 0.139954 -0.164429 -0.025024
v 0.092529 -0.159485 -0.176147
v 0.111877 -0.161133 -0.118469
v 0.116150 -0.128418 -0.121948
v 0.127136 -0.108276 -0.129150
v 0.093262 -0.148071 -0.189941
v 0.094910 -0.125427 -0.191956
v 0.105469 -0.106140 -0.198853
v 0.068909 -0.224182 -0.144714
v 0.086365 -0.214722 -0.127625
v 0.061218 -0.238953 -0.165955
v 0.082581 -0.256104 -0.088562
v 0.061035 -0.274170 -0.106323
v 0.051636 -0.300842 -0.121765
v 0.057678 -0.270020 -0.031494
v 0.000061 -0.270020 -0.025269
v 0.074158 -0.340332 -0.080444
v 0.055054 -0.327087 -0.077332
v 0.103760 -0.321899 -0.083374
v 0.096619 -0.342346 -0.087647
v 0.118896 -0.132324 -0.232483
v 0.096069 -0.114258 -0.249329
v 0.085938 -0.113098 -0.237549
v -0.045044 -0.353394 -0.026856
v -0.037903 -0.377258 -0.056397
v -0.056763 -0.320740 -0.025574
v -0.057617 -0.339722 -0.069336
v -0.119202 -0.270020 -0.101685
v -0.118530 -0.329773 -0.077210
v -0.108582 -0.322083 -0.035828
v -0.108337 -0.270020 -0.046021
v -0.053589 -0.335876 -0.193115
v -0.090271 -0.328430 -0.167847
v -0.106384 -0.270020 -0.174072
v -0.056274 -0.270020 -0.225159
v -0.037354 -0.387817 -0.100769
v -0.046143 -0.377014 -0.150635
v -0.108704 -0.351685 -0.124207
v -0.103210 -0.346008 -0.086365
v -0.080505 -0.342957 -0.082153
v -0.087280 -0.318176 -0.029297
v -0.085938 -0.364685 -0.138184
v -0.141602 -0.201050 -0.233276
v -0.154297 -0.196106 -0.210083
v -0.207947 -0.160522 -0.049133
v -0.250305 -0.139771 0.063660
v -0.257446 -0.091492 0.066895
v -0.214722 -0.125549 -0.061890
v -0.161316 -0.157837 -0.225037
v -0.155029 -0.184936 -0.191650
v -0.144714 -0.174561 -0.181213
v -0.148560 -0.155457 -0.216736
v -0.180359 -0.184082 0.043884
v -0.225647 -0.180054 0.050354
v -0.186951 -0.192810 -0.037476
v -0.158447 -0.191040 -0.030701
v -0.226196 -0.056458 0.066467
v -0.194519 -0.102905 -0.064880
v -0.124451 -0.201477 -0.236206
v -0.150940 -0.136291 -0.263001
v -0.166748 -0.187256 -0.134155
v -0.147522 -0.184631 -0.130859
v -0.184509 -0.159973 -0.140198
v -0.188477 -0.136780 -0.144714
v -0.175598 -0.119568 -0.143982
v -0.155457 -0.174683 -0.207031
v -0.140503 -0.176758 -0.203613
v -0.168945 -0.156982 -0.211609
v -0.172729 -0.134644 -0.216003
v -0.164612 -0.121094 -0.216187
v -0.128845 -0.223816 -0.132019
v -0.139160 -0.253235 -0.163696
v -0.142578 -0.238220 -0.142761
v -0.124695 -0.265015 -0.182739
v -0.102661 -0.263611 -0.189209
v -0.135132 -0.278320 -0.102783
v -0.119385 -0.261658 -0.089539
v -0.127075 -0.299988 -0.124268
v -0.107544 -0.320068 -0.135925
v -0.084900 -0.320801 -0.134888
v -0.138550 -0.133240 -0.254089
v -0.132507 -0.137329 -0.235230
v -0.116028 -0.178284 -0.204651
v -0.114868 -0.190308 -0.223328
v -0.146545 -0.132019 -0.040405
v -0.165710 -0.102783 -0.054932
v -0.179810 -0.063660 0.067200
v -0.154663 -0.105469 0.063965
v -0.127930 -0.172790 -0.188843
v -0.138733 -0.168030 -0.031738
v -0.148010 -0.152222 0.050598
v -0.136963 -0.146545 -0.221619
v -0.132751 -0.171509 -0.129334
v -0.140564 -0.139587 -0.133911
v -0.154480 -0.120972 -0.139893
v -0.132080 -0.163879 -0.203735
v -0.136047 -0.141663 -0.206970
v -0.149414 -0.123840 -0.212646
v -0.107117 -0.221741 -0.137695
v -0.093079 -0.232117 -0.157227
v -0.089050 -0.248779 -0.178162
v -0.091675 -0.258179 -0.096558
v -0.073364 -0.277039 -0.116760
v -0.066589 -0.305359 -0.131104
v -0.057556 -0.270020 -0.031494
v -0.059570 -0.327820 -0.083008
v -0.071411 -0.331726 -0.084045
v -0.104980 -0.322754 -0.083069
v -0.120605 -0.341064 -0.087341
v -0.125366 -0.332397 -0.086304
v -0.167847 -0.153748 -0.240295
v -0.162903 -0.144531 -0.257568
v -0.024719 0.160889 0.138428
v -0.030396 0.166565 0.139221
v -0.023499 0.177368 0.148682
v -0.012756 0.166626 0.147095
v -0.038147 0.168640 0.139587
v -0.038086 0.181274 0.149353
v -0.045959 0.166565 0.139404
v -0.052734 0.177307 0.148926
v -0.051636 0.160828 0.138611
v -0.063416 0.166565 0.147522
v -0.053772 0.153015 0.137573
v -0.067383 0.151916 0.145508
v -0.051636 0.145264 0.136475
v -0.063416 0.137268 0.143433
v -0.045959 0.139526 0.135620
v -0.052734 0.126587 0.141907
v -0.038147 0.137451 0.135254
v -0.038086 0.122681 0.141235
v -0.030396 0.139587 0.135498
v -0.023499 0.126648 0.141602
v -0.024719 0.145264 0.136230
v -0.012756 0.137329 0.143005
v -0.022583 0.153076 0.137329
v -0.008850 0.151978 0.145020
v -0.018311 0.184509 0.161865
v -0.038025 0.189758 0.162720
v -0.057739 0.184448 0.162170
v -0.072144 0.169983 0.160278
v -0.077393 0.150269 0.157593
v -0.072144 0.130554 0.154846
v -0.057739 0.116089 0.152710
v -0.038025 0.110840 0.151794
v -0.018311 0.116150 0.152344
v -0.003845 0.130615 0.154236
v 0.001343 0.150330 0.156921
v -0.003845 0.170105 0.159729
v -0.015442 0.187134 0.177185
v -0.037842 0.193787 0.178162
v -0.060303 0.187134 0.177551
v -0.076721 0.170654 0.175415
v -0.082703 0.148193 0.172363
v -0.076721 0.125793 0.169189
v -0.060303 0.109375 0.166809
v -0.037842 0.103394 0.165771
v -0.015442 0.109436 0.166382
v 0.000916 0.125854 0.168518
v 0.006897 0.148315 0.171570
v 0.000916 0.170776 0.174744
v -0.015320 0.184998 0.192810
v 0.001038 0.168579 0.190430
v -0.037720 0.191589 0.194031
v -0.060120 0.184936 0.193237
v -0.076538 0.168457 0.191101
v -0.082581 0.146057 0.188049
v -0.076538 0.123596 0.184876
v -0.060120 0.107178 0.182434
v -0.037720 0.101196 0.181396
v -0.015320 0.107239 0.182068
v 0.001038 0.123718 0.184204
v 0.007019 0.146118 0.187256
v -0.017883 0.178284 0.206909
v -0.037598 0.183533 0.207825
v -0.057312 0.178223 0.207275
v -0.071716 0.163757 0.205383
v -0.077026 0.143982 0.202698
v -0.071716 0.124268 0.199890
v -0.057312 0.109863 0.197815
v -0.037598 0.104614 0.196899
v -0.017883 0.109924 0.197449
v -0.003479 0.124390 0.199341
v 0.001770 0.144104 0.202026
v -0.003479 0.163818 0.204773
v -0.037476 0.171692 0.218384
v -0.066772 0.142334 0.214600
v -0.062866 0.127686 0.212524
v -0.037476 0.113098 0.210266
v -0.022888 0.117065 0.210693
v -0.012146 0.157043 0.216187
v -0.022888 0.167786 0.217773
v -0.029663 0.154785 0.223999
v -0.023926 0.149109 0.223145
v -0.037415 0.156860 0.224365
v -0.052124 0.167725 0.218018
v -0.045227 0.154785 0.224121
v -0.062866 0.156982 0.216614
v -0.050903 0.149109 0.223389
v -0.052979 0.141296 0.222290
v -0.050903 0.133484 0.221191
v -0.052124 0.117004 0.210938
v -0.045227 0.127808 0.220398
v -0.037415 0.125732 0.220032
v -0.029663 0.127808 0.220215
v -0.012146 0.127747 0.212097
v -0.023926 0.133545 0.221008
v -0.008240 0.142395 0.214111
v -0.021851 0.141296 0.222046
v -0.038208 0.153442 0.134705
v -0.037415 0.140930 0.224915
v -0.037964 0.046448 0.179321
v -0.032104 0.043457 0.200867
v -0.041382 0.043213 0.202698
v -0.047241 0.046143 0.181458
v -0.023071 0.041443 0.215393
v -0.030090 0.040894 0.219543
v -0.012695 0.040283 0.223694
v -0.015808 0.039368 0.230408
v 0.000000 0.039978 0.226257
v 0.000000 0.039001 0.233154
v 0.012756 0.040283 0.223694
v 0.015869 0.039368 0.230408
v 0.023132 0.041443 0.215393
v 0.030151 0.040894 0.219543
v 0.032166 0.043457 0.200867
v 0.041443 0.043213 0.202698
v 0.038025 0.046448 0.179321
v 0.047302 0.046143 0.181458
v 0.037537 0.051636 0.141846
v 0.046753 0.051636 0.141846
v -0.046692 0.051636 0.141846
v -0.047241 0.046143 0.181458
v -0.049377 0.080811 0.193542
v -0.054504 0.087036 0.137695
v -0.041382 0.043213 0.202698
v -0.041382 0.077820 0.214783
v -0.030090 0.040894 0.219543
v -0.030090 0.075500 0.231628
v -0.015808 0.039368 0.230408
v -0.015808 0.073975 0.242493
v 0.000000 0.039001 0.233154
v 0.000000 0.073608 0.245239
v 0.015869 0.039368 0.230408
v 0.015869 0.073975 0.242493
v 0.030151 0.040894 0.219543
v 0.030151 0.075500 0.231628
v 0.041443 0.043213 0.202698
v 0.041443 0.077820 0.214783
v 0.047302 0.046143 0.181458
v 0.049438 0.080811 0.193542
v 0.046753 0.051636 0.141846
v 0.054565 0.087036 0.137695
v 0.000000 0.074585 0.238342
v 0.012756 0.074890 0.235779
v 0.012756 0.040283 0.223694
v 0.000000 0.039978 0.226257
v -0.012695 0.074890 0.235779
v -0.012695 0.040283 0.223694
v 0.023132 0.076050 0.227478
v 0.023132 0.041443 0.215393
v -0.023071 0.076050 0.227478
v -0.023071 0.041443 0.215393
v 0.032166 0.078064 0.212952
v 0.032166 0.043457 0.200867
v 0.039734 0.081055 0.191406
v 0.038025 0.046448 0.179321
v 0.043823 0.087036 0.137695
v 0.037537 0.051636 0.141846
v -0.032104 0.078064 0.212952
v -0.032104 0.043457 0.200867
v -0.039673 0.081055 0.191406
v -0.037964 0.046448 0.179321
v -0.043762 0.087036 0.137695
v -0.037476 0.051636 0.141846
v -0.037476 0.051636 0.141846
v -0.046692 0.051636 0.141846
v -0.043335 0.018127 0.122559
v -0.044434 0.011414 0.170349
v -0.052917 0.044556 0.180115
v -0.051575 0.049255 0.146301
v -0.042297 0.007568 0.198181
v -0.046936 0.040710 0.207947
v -0.030762 0.004456 0.220276
v -0.034119 0.037659 0.230042
v -0.016113 0.002502 0.234436
v -0.017883 0.035706 0.244202
v 0.000000 0.002014 0.238037
v 0.000000 0.035156 0.247803
v 0.016174 0.002502 0.234436
v 0.017944 0.035706 0.244202
v 0.030823 0.004456 0.220276
v 0.034180 0.037659 0.230042
v 0.042358 0.007568 0.198181
v 0.046997 0.040710 0.207947
v 0.044495 0.011414 0.170349
v 0.052979 0.044556 0.180115
v 0.043396 0.018127 0.122559
v 0.051636 0.049255 0.146301
v -0.051575 0.049255 0.146301
v -0.052917 0.044556 0.180115
v -0.042542 0.044922 0.177307
v -0.041443 0.049255 0.146301
v -0.046936 0.040710 0.207947
v -0.036438 0.041016 0.205505
v -0.034119 0.037659 0.230042
v -0.026123 0.038391 0.224609
v -0.017883 0.035706 0.244202
v -0.014343 0.036865 0.235413
v 0.000000 0.035156 0.247803
v 0.000000 0.036438 0.238831
v 0.017944 0.035706 0.244202
v 0.014404 0.036865 0.235413
v 0.034180 0.037659 0.230042
v 0.026184 0.038391 0.224609
v 0.046997 0.040710 0.207947
v 0.036499 0.041016 0.205505
v 0.052979 0.044556 0.180115
v 0.042603 0.044922 0.177307
v 0.051636 0.049255 0.146301
v 0.041504 0.049255 0.146301
v 0.000000 0.036438 0.238831
v 0.014404 0.036865 0.235413
v 0.013000 0.003723 0.225647
v 0.000000 0.003235 0.229065
v -0.014343 0.036865 0.235413
v -0.012939 0.003723 0.225647
v 0.026184 0.038391 0.224609
v 0.023621 0.005249 0.214844
v -0.026123 0.038391 0.224609
v -0.023560 0.005249 0.214844
v 0.036499 0.041016 0.205505
v 0.032898 0.007874 0.195740
v 0.042603 0.044922 0.177307
v 0.035767 0.011780 0.167542
v 0.041504 0.049255 0.146301
v 0.034851 0.018127 0.122559
v -0.036438 0.041016 0.205505
v -0.032837 0.007874 0.195740
v -0.042542 0.044922 0.177307
v -0.035706 0.011780 0.167542
v -0.041443 0.049255 0.146301
v -0.034790 0.018127 0.122559
v 0.033142 0.038269 0.106079
v 0.000000 0.041504 0.083862
v 0.000000 0.047974 0.099243
v 0.026978 0.045349 0.117310
v -0.033081 0.038269 0.106079
v -0.026917 0.045349 0.117310
v -0.034546 0.028442 0.175293
v -0.028137 0.036987 0.176575
v -0.022827 0.022644 0.213257
v -0.018555 0.032593 0.204590
v 0.000000 0.019409 0.235413
v 0.000000 0.029968 0.222656
v 0.022888 0.022644 0.213257
v 0.018616 0.032593 0.204590
v 0.034607 0.028442 0.175293
v 0.028198 0.036987 0.176575
v 0.026978 0.028259 0.114807
v 0.000000 0.030945 0.096741
v -0.026917 0.028259 0.114807
v -0.028137 0.019897 0.174011
v -0.018555 0.015564 0.202026
v 0.000000 0.012878 0.220093
v 0.018616 0.015564 0.202026
v 0.028198 0.019897 0.174011
v -0.033264 0.251831 0.203919
v -0.025452 0.283630 0.193604
v -0.037659 0.273376 0.191223
v -0.018494 0.337585 0.106201
v 0.004272 0.334290 0.104553
v 0.012451 0.336487 0.074829
v -0.019958 0.299683 0.103638
v 0.020569 0.292358 0.108093
v 0.056213 0.237427 0.124634
v 0.078918 0.239258 0.076416
v 0.084229 0.248718 0.084412
v 0.064331 0.246765 0.123657
v -0.034180 0.299072 0.063232
v -0.040649 0.306396 0.078247
v -0.040161 0.327881 0.070496
v -0.031616 0.286743 0.156738
v -0.024902 0.296509 0.126404
v 0.011108 0.289856 0.130981
v -0.001770 0.281006 0.161438
v 0.012756 0.313110 0.130676
v 0.002075 0.299072 0.168213
v -0.003113 0.328552 0.131165
v -0.024048 0.326843 0.129211
v -0.031616 0.306641 0.159851
v -0.013245 0.315186 0.166809
v 0.051514 0.298035 0.075256
v 0.036072 0.285400 0.113770
v 0.029724 0.324158 0.076172
v 0.060669 0.304016 0.081238
v 0.020569 0.319275 0.102661
v 0.048218 0.294006 0.114258
v 0.061584 0.270142 0.121094
v 0.075989 0.283325 0.084473
v 0.070312 0.276428 0.078491
v 0.052612 0.260437 0.121155
v -0.017395 0.270874 0.194824
v -0.024292 0.261597 0.186951
v -0.032776 0.263184 0.185669
v -0.035461 0.302368 0.039490
v -0.044922 0.332336 0.038696
v -0.113831 0.313171 0.183106
v -0.083069 0.336975 0.172485
v -0.095154 0.346680 0.166565
v -0.033081 0.308960 0.117920
v -0.052490 0.314514 0.092896
v -0.031250 0.344360 0.121033
v -0.033386 0.348938 0.097046
v -0.052673 0.341614 0.083374
v -0.061768 0.348572 0.096497
v -0.043640 0.356140 0.109985
v -0.095825 0.317993 0.147461
v -0.087097 0.314209 0.163818
v -0.057617 0.346558 0.150269
v -0.066284 0.359009 0.136353
v -0.100403 0.341064 0.152100
v -0.082581 0.351135 0.123169
v -0.070251 0.319946 0.114075
v -0.052795 0.316040 0.138489
v -0.085449 0.284180 0.029297
v -0.094666 0.279114 0.024170
v -0.092163 0.280029 0.017517
v -0.083008 0.285095 0.022644
v -0.080872 0.404968 0.075501
v -0.117981 0.385315 0.070984
v -0.078430 0.399597 0.082153
v -0.016846 0.356445 0.078064
v -0.041992 0.347046 0.072388
v -0.045715 0.349426 0.042908
v -0.004944 0.333679 0.058777
v -0.011902 0.361084 0.062195
v -0.016907 0.355896 0.038330
v -0.078064 0.381409 0.078186
v -0.052490 0.365112 0.075195
v -0.036743 0.384766 0.083984
v -0.083191 0.382019 0.061646
v -0.055176 0.365479 0.048645
v -0.032349 0.391785 0.068176
v -0.082581 0.401611 0.064758
v -0.039734 0.389526 0.049500
v 0.034363 0.331482 0.046143
v 0.087158 0.268250 0.046204
v 0.085754 0.260315 0.050720
v 0.077515 0.267944 0.001465
v 0.080444 0.274414 0.006104
v 0.061462 0.298218 0.059753
v 0.067139 0.304565 0.054504
v 0.053711 0.306396 0.019531
v 0.060791 0.315552 0.022339
v 0.077698 0.282593 0.055054
v 0.080322 0.291809 0.050659
v 0.066650 0.288391 0.007202
v 0.074036 0.296509 0.011719
v -0.010437 0.331421 0.074707
v 0.030212 0.308533 0.037476
v 0.029724 0.298767 0.069153
v -0.008850 0.297974 0.068237
v -0.076660 0.314270 0.042175
v -0.065369 0.299438 0.045227
v -0.071716 0.316101 0.028870
v -0.060425 0.301270 0.031860
v 0.032410 0.345154 0.043274
v 0.012085 0.262695 -0.014221
v -0.019165 0.259033 0.000366
v -0.017700 0.266052 -0.005371
v 0.006531 0.269714 -0.015869
v 0.015076 0.335999 0.064209
v 0.016846 0.352905 0.052490
v -0.001160 0.348450 0.052429
v 0.028748 0.363708 0.022095
v 0.014099 0.344055 0.030151
v 0.016846 0.361633 0.013794
v 0.008240 0.368164 0.026001
v 0.019592 0.372498 0.026428
v 0.022705 0.379456 -0.010254
v -0.007446 0.325073 0.031494
v 0.022705 0.328796 0.034912
v -0.006836 0.302185 0.039612
v -0.007019 0.302795 0.014404
v 0.029602 0.304077 0.006165
v -0.004578 0.311218 0.011902
v 0.021545 0.312134 0.005554
v -0.009705 0.288269 0.004150
v 0.024963 0.289551 -0.004089
v -0.007629 0.293701 -0.000671
v 0.018250 0.294556 -0.007019
v 0.058960 0.186951 0.210144
v 0.043030 0.178711 0.220947
v 0.010864 0.157593 0.219299
v 0.023682 -0.041382 0.106873
v 0.013062 -0.014587 0.097900
v 0.023804 -0.008911 0.095825
v 0.042480 -0.033447 0.104004
v 0.000000 0.032654 0.093384
v 0.000000 0.020264 0.071228
v 0.028992 0.016846 0.076233
v 0.018555 0.028442 0.091309
v 0.009583 0.054932 0.149841
v 0.000000 0.052673 0.149353
v 0.032104 0.004211 0.092224
v 0.076416 0.091064 0.171082
v 0.075989 0.112183 0.170105
v 0.064148 0.100891 0.195923
v 0.065491 0.088196 0.199524
v 0.022949 0.303528 0.090942
v 0.028625 0.302246 0.079956
v 0.013000 0.312439 0.066834
v 0.034119 0.139099 0.077881
v 0.033691 0.162476 0.074280
v 0.025146 -0.051941 0.154541
v 0.000000 -0.054993 0.153198
v 0.046997 0.101257 0.210510
v 0.025269 0.082581 0.243774
v 0.048462 0.084961 0.224670
v 0.023010 0.301453 0.043945
v 0.010986 0.304688 0.041687
v 0.031738 0.184875 0.070251
v 0.065430 0.184265 0.077942
v 0.018433 0.309570 0.066467
v 0.029724 0.303467 0.064209
v 0.022156 -0.082764 0.247742
v 0.023987 -0.066345 0.203003
v 0.025208 0.060913 0.247986
v 0.025269 0.069946 0.245911
v 0.000000 0.069153 0.255127
v 0.000000 0.060120 0.257019
v 0.000000 -0.086731 0.247009
v 0.000000 -0.069946 0.202454
v 0.000000 0.318054 0.067505
v 0.007751 0.315186 0.067261
v 0.000000 0.307495 0.041687
v 0.000000 0.307861 0.103760
v 0.011597 0.305725 0.098511
v 0.000000 0.138489 0.210571
v 0.000000 0.126953 0.222900
v 0.001526 0.138611 0.207825
v 0.025146 0.037109 0.263733
v 0.025146 0.046570 0.254578
v 0.000000 0.046143 0.262207
v 0.000000 0.036682 0.271301
v 0.061890 0.049194 0.213440
v 0.050293 0.038330 0.244812
v 0.064514 0.039917 0.221802
v 0.072632 0.041138 0.190063
v 0.028442 -0.085144 0.283691
v 0.019348 -0.096436 0.281799
v 0.000000 -0.100342 0.279785
v 0.079834 0.128601 0.156555
v 0.081970 0.137024 0.130249
v 0.084351 0.157776 0.136780
v 0.085205 0.150146 0.158569
v 0.076477 0.181458 0.116760
v 0.081604 0.159241 0.123535
v 0.067871 0.161804 0.082581
v 0.025269 0.231506 0.058899
v 0.018494 0.268555 0.049988
v 0.039856 0.267517 0.056580
v 0.043823 0.263916 0.081848
v 0.061035 0.226013 0.098328
v 0.052185 0.230408 0.066895
v 0.061218 0.221680 0.137085
v 0.043945 0.260193 0.111694
v 0.035034 0.257446 0.133118
v 0.048096 0.218079 0.160767
v 0.000000 0.253662 0.158936
v 0.000000 0.213501 0.188660
v 0.020081 0.214844 0.178894
v 0.016174 0.254822 0.149658
v 0.070496 0.037659 0.138428
v 0.066101 0.017639 0.119934
v 0.069397 0.055054 0.109985
v 0.071655 0.053589 0.130188
v 0.073120 0.052795 0.141052
v 0.074402 0.060364 0.142151
v 0.075073 0.059631 0.149963
v 0.073853 0.051819 0.151733
v 0.072510 0.043396 0.155090
v 0.071899 0.043823 0.146729
v 0.025208 0.054016 0.249939
v 0.000000 0.053589 0.258728
v 0.000000 0.046387 0.260803
v 0.046387 0.054748 0.234863
v 0.045410 0.047485 0.237183
v 0.071533 0.058044 0.179626
v 0.062195 0.056335 0.209534
v 0.060852 0.049316 0.212463
v 0.048157 0.071777 0.229004
v 0.046753 0.061951 0.232849
v 0.073059 0.065918 0.177368
v 0.074951 0.076843 0.174011
v 0.065002 0.074341 0.203430
v 0.063599 0.064148 0.207031
v 0.072693 0.080933 0.112549
v 0.077820 0.079285 0.144348
v 0.076172 0.067627 0.147705
v 0.074036 0.067200 0.132996
v 0.033813 0.104370 0.081116
v 0.032715 0.058350 0.080994
v 0.053589 0.209228 0.180542
v 0.057983 0.195862 0.200012
v 0.072998 0.193665 0.180847
v 0.067566 0.207275 0.161194
v 0.000000 0.184998 0.203552
v 0.000000 0.164673 0.209229
v 0.004150 0.165039 0.213806
v 0.010010 0.174316 0.215515
v 0.013062 0.102234 0.357605
v 0.000000 0.107117 0.363892
v 0.000000 0.088318 0.390320
v 0.011597 0.085327 0.383728
v 0.009094 0.116638 0.238037
v 0.000000 0.121582 0.241882
v 0.000000 0.117065 0.264710
v 0.009583 0.111267 0.263489
v 0.000000 0.077393 0.254333
v 0.004761 0.080444 0.267517
v 0.000000 0.078186 0.267822
v 0.012878 0.089966 0.265076
v 0.007568 0.110657 0.294678
v 0.010498 0.088684 0.291931
v 0.003784 0.076965 0.292969
v 0.000000 0.074524 0.294434
v 0.000000 0.116394 0.295715
v 0.007996 0.108948 0.324341
v 0.000000 0.115906 0.325317
v 0.011414 0.085693 0.321289
v 0.016174 0.081360 0.349854
v 0.000000 0.071045 0.319397
v 0.004272 0.073242 0.319641
v 0.007935 0.069397 0.347290
v 0.000000 0.067078 0.348083
v 0.012268 0.071533 0.380310
v 0.006714 0.064697 0.380249
v 0.000000 0.062561 0.380981
v 0.000000 0.070068 0.400330
v 0.000000 0.059204 0.405396
v 0.071228 0.032593 0.157898
v 0.058350 0.029724 0.220398
v 0.066650 0.031006 0.188171
v 0.044861 0.028870 0.243408
v 0.000000 0.028381 0.269287
v 0.025085 0.028381 0.261658
v 0.000000 0.153931 0.210693
v 0.000000 0.143494 0.206909
v 0.078979 0.094238 0.141541
v 0.014954 -0.097717 0.300903
v 0.000000 -0.086060 0.315308
v 0.000000 -0.100830 0.306885
v 0.020691 0.183533 0.214539
v 0.018921 0.202148 0.199890
v 0.000000 0.059265 0.075623
v 0.000000 0.105164 0.076782
v 0.000000 0.139404 0.075806
v 0.000000 0.162903 0.073853
v 0.000000 0.184570 0.070496
v 0.000000 0.231445 0.059448
v 0.000000 0.268738 0.049561
v 0.036011 0.206421 0.193970
v 0.040039 0.192749 0.210510
v 0.019104 -0.085754 0.305847
v 0.021606 -0.055298 0.298706
v 0.000000 -0.056030 0.306885
v 0.037354 -0.052490 0.271973
v 0.049255 -0.046753 0.242432
v 0.038391 -0.072693 0.247437
v 0.058289 -0.038513 0.202454
v 0.047363 -0.057251 0.203674
v 0.062805 -0.029358 0.158264
v 0.048279 -0.043945 0.156128
v 0.066833 0.093262 0.090027
v 0.061707 0.056519 0.093079
v 0.061951 -0.015320 0.200562
v 0.053162 -0.020874 0.234802
v 0.041077 -0.024292 0.261719
v 0.023682 -0.026611 0.287598
v 0.000000 -0.026245 0.296204
v 0.080994 0.178345 0.154297
v 0.081726 0.175293 0.173523
v 0.001404 0.153686 0.210876
v 0.000916 0.143494 0.206238
v 0.001709 0.143372 0.207825
v 0.006470 0.152832 0.213928
v 0.010864 0.157593 0.219299
v 0.012207 0.154236 0.217285
v 0.058960 0.186951 0.210144
v 0.043030 0.178711 0.220947
v 0.042358 0.173828 0.216187
v 0.058289 0.178711 0.207214
v 0.081726 0.175293 0.173523
v 0.078247 0.170227 0.173889
v 0.079834 0.128601 0.156555
v 0.085205 0.150146 0.158569
v 0.080322 0.149170 0.162415
v 0.075012 0.128601 0.158875
v 0.075989 0.112183 0.170105
v 0.046997 0.101257 0.210510
v 0.064148 0.100891 0.195923
v 0.058960 0.108887 0.193909
v 0.042725 0.109436 0.202515
v 0.007324 0.126282 0.215271
v 0.009216 0.126526 0.208313
v 0.002930 0.137878 0.207459
v 0.075989 0.112183 0.170105
v 0.070190 0.118408 0.169617
v 0.021057 0.114441 0.206604
v 0.032654 0.107422 0.214233
v 0.075623 0.185059 0.189148
v 0.072510 0.176636 0.189148
v 0.012756 0.108704 0.167786
v 0.016174 0.060303 0.150879
v 0.014038 0.116333 0.166992
v 0.012756 0.123779 0.167053
v 0.019348 0.080200 0.152893
v 0.020691 0.071167 0.151978
v 0.000000 0.131409 0.167847
v 0.000000 0.084167 0.147949
v 0.011780 0.084717 0.151062
v 0.007385 0.129761 0.167542
v 0.000000 -0.044373 0.107056
v 0.000000 -0.016602 0.098389
v 0.030640 0.018249 0.089722
v 0.067810 0.139282 0.087036
v 0.070374 0.130981 0.089600
v 0.075317 0.139221 0.064575
v 0.105408 0.134216 0.051697
v 0.089294 0.133667 0.046936
v 0.095276 0.115112 0.046936
v 0.109375 0.096924 0.063416
v 0.096619 0.091003 0.084656
v 0.093689 0.115234 0.077820
v 0.111450 0.115662 0.051697
v 0.091064 0.139648 0.070190
v 0.077881 0.114807 0.072205
v 0.077209 0.128723 0.101074
v 0.071777 0.098816 0.106873
v 0.093262 0.096436 0.058655
v 0.080444 0.090454 0.079895
v 0.065674 -0.009155 0.160095
v 0.057617 -0.015869 0.101135
v 0.063049 0.000061 0.110779
v 0.052612 0.006409 0.087097
v 0.006470 0.152832 0.213928
v 0.001709 0.143372 0.207825
v 0.033203 0.155395 0.174011
v 0.012207 0.154236 0.217285
v 0.042358 0.173828 0.216187
v 0.024048 0.158264 0.219238
v 0.078247 0.170227 0.173889
v 0.075012 0.128601 0.158875
v 0.080322 0.149170 0.162415
v 0.070190 0.118408 0.169617
v 0.058960 0.108887 0.193909
v 0.002930 0.137878 0.207459
v 0.009216 0.126526 0.208313
v 0.042725 0.109436 0.202515
v 0.058289 0.178711 0.207214
v 0.023010 0.164185 0.223084
v 0.024048 0.158264 0.219238
v 0.001404 0.153686 0.210876
v 0.006470 0.152832 0.213928
v 0.072510 0.176636 0.189148
v 0.022644 0.106934 0.227539
v 0.032654 0.107422 0.214233
v 0.075012 0.128601 0.158875
v 0.067993 0.008850 0.159851
v 0.064880 0.004761 0.196289
v 0.056274 0.002991 0.228333
v 0.043640 0.001587 0.251709
v 0.024902 0.001526 0.274414
v 0.000000 0.002014 0.282715
v 0.021057 0.114441 0.206604
v 0.021057 0.114441 0.206604
v 0.023010 0.164185 0.223084
v 0.075623 0.185059 0.189148
v 0.025146 0.046875 0.252380
v 0.021667 0.044006 0.245483
v 0.069763 0.050598 0.182556
v 0.000000 0.043579 0.253418
v 0.062012 0.048767 0.180603
v 0.039734 0.044983 0.231812
v 0.053650 0.046875 0.208862
v 0.039734 0.044983 0.231812
v 0.021667 0.044006 0.245483
v 0.017639 0.070373 0.240356
v 0.033936 0.071594 0.229004
v 0.062012 0.048767 0.180603
v 0.053650 0.046875 0.208862
v 0.047668 0.073425 0.209167
v 0.056946 0.078857 0.181213
v 0.000000 0.043579 0.253418
v 0.000000 0.069885 0.247192
v 0.065247 0.051270 0.147278
v 0.061646 0.077087 0.151733
v 0.065247 0.051270 0.147278
v 0.054871 0.046326 0.210449
v 0.041321 0.044373 0.231812
v 0.000000 0.043030 0.255798
v 0.069763 0.050415 0.181702
v 0.061096 0.048523 0.180054
v 0.046509 0.047607 0.236389
v 0.021912 0.043396 0.248718
v 0.061096 0.048523 0.180054
v 0.059387 0.020142 0.147461
v 0.057190 0.017700 0.177490
v 0.041321 0.044373 0.231812
v 0.054871 0.046326 0.210449
v 0.053711 0.014893 0.208130
v 0.041870 0.013489 0.230164
v 0.000000 0.043030 0.255798
v 0.021912 0.043396 0.248718
v 0.022644 0.013123 0.248474
v 0.000000 0.013428 0.251465
v 0.000000 0.113281 0.116333
v 0.000000 0.111206 0.182556
v 0.000000 0.095032 0.233154
v 0.000000 -0.005127 0.230530
v 0.000000 -0.005798 0.175354
v 0.000000 0.009949 0.109802
v 0.000000 0.057312 0.106018
v -0.042419 -0.033447 0.104004
v -0.023682 -0.008911 0.095886
v -0.018433 0.028442 0.091309
v -0.009460 0.054932 0.149841
v -0.032043 0.004272 0.092224
v -0.057495 -0.015869 0.101135
v -0.030518 0.018311 0.089722
v -0.076294 0.091064 0.171082
v -0.065369 0.088196 0.199524
v -0.064026 0.100891 0.195923
v -0.075867 0.112183 0.170105
v -0.022827 0.303528 0.090942
v -0.012878 0.312439 0.066834
v -0.018311 0.309570 0.066467
v -0.028564 0.302246 0.079956
v -0.033569 0.162476 0.074280
v -0.033997 0.139099 0.077881
v -0.025024 -0.051941 0.154541
v -0.046875 0.101257 0.210510
v -0.048340 0.084961 0.224670
v -0.025208 0.082581 0.243774
v -0.022522 0.106934 0.227539
v -0.010864 0.304688 0.041687
v -0.065308 0.184265 0.077942
v -0.031616 0.184875 0.070251
v -0.022888 0.301453 0.043945
v -0.029602 0.303467 0.064209
v -0.047241 -0.057251 0.203674
v -0.023865 -0.066345 0.203003
v -0.022034 -0.082764 0.247742
v -0.038269 -0.072693 0.247437
v -0.025146 0.060913 0.247986
v -0.025146 0.069946 0.245911
v -0.007629 0.315186 0.067261
v -0.011475 0.305725 0.098511
v -0.001404 0.138611 0.207825
v -0.025024 0.037109 0.263733
v -0.025024 0.046570 0.254578
v -0.064453 0.039917 0.221802
v -0.050171 0.038330 0.244812
v -0.046387 0.047607 0.236389
v -0.072510 0.041138 0.190063
v -0.019226 -0.096436 0.281799
v -0.079712 0.128601 0.156555
v -0.085083 0.150146 0.158569
v -0.084229 0.157776 0.136780
v -0.081909 0.137024 0.130249
v -0.067749 0.161804 0.082581
v -0.081482 0.159241 0.123535
v -0.076355 0.181458 0.116760
v -0.052063 0.230408 0.066895
v -0.018372 0.268555 0.049988
v -0.025146 0.231506 0.058899
v -0.039734 0.267517 0.056580
v -0.060913 0.226013 0.098328
v -0.043701 0.263916 0.081848
v -0.061096 0.221680 0.137085
v -0.043823 0.260193 0.111694
v -0.034912 0.257446 0.133118
v -0.047974 0.218079 0.160767
v -0.016052 0.254822 0.149658
v -0.019958 0.214844 0.178894
v -0.070374 0.037659 0.138428
v -0.071533 0.053589 0.130188
v -0.069275 0.055054 0.109985
v -0.065979 0.017639 0.119934
v -0.072998 0.052795 0.141052
v -0.074951 0.059631 0.149963
v -0.074280 0.060364 0.142151
v -0.071777 0.043823 0.146729
v -0.072388 0.043396 0.155090
v -0.025085 0.046875 0.252380
v -0.025085 0.054016 0.249939
v -0.046265 0.054748 0.234863
v -0.062073 0.056335 0.209534
v -0.071411 0.058044 0.179626
v -0.048035 0.071777 0.229004
v -0.046631 0.061951 0.232849
v -0.072937 0.065918 0.177368
v -0.063477 0.064148 0.207031
v -0.064880 0.074341 0.203430
v -0.074829 0.076843 0.174011
v -0.072571 0.080933 0.112549
v -0.073975 0.067200 0.132996
v -0.076050 0.067627 0.147705
v -0.077698 0.079285 0.144348
v -0.033752 0.104370 0.081116
v -0.032654 0.058350 0.080994
v -0.066711 0.093262 0.090027
v -0.053467 0.209228 0.180542
v -0.067444 0.207275 0.161194
v -0.072876 0.193665 0.180847
v -0.057861 0.195862 0.200012
v -0.009888 0.174316 0.215515
v -0.004028 0.165039 0.213806
v -0.012939 0.102234 0.357605
v -0.011536 0.085327 0.383728
v -0.009033 0.116638 0.238037
v -0.009460 0.111267 0.263489
v -0.004700 0.080444 0.267517
v -0.012817 0.089966 0.265076
v -0.010376 0.088684 0.291931
v -0.007507 0.110657 0.294678
v -0.003662 0.076965 0.292969
v -0.007874 0.108948 0.324341
v -0.011292 0.085693 0.321289
v -0.016052 0.081360 0.349854
v -0.007812 0.069397 0.347290
v -0.004150 0.073242 0.319641
v -0.006653 0.064697 0.380249
v -0.012146 0.071533 0.380310
v -0.071106 0.032593 0.157898
v -0.066528 0.031006 0.188171
v -0.058228 0.029724 0.220398
v -0.044739 0.028870 0.243408
v -0.024963 0.028381 0.261658
v -0.000793 0.143494 0.206238
v -0.078918 0.094238 0.141541
v -0.018982 -0.085754 0.305847
v -0.014832 -0.097717 0.300903
v -0.018799 0.202148 0.199890
v -0.020569 0.183533 0.214539
v -0.035889 0.206421 0.193970
v -0.039917 0.192749 0.210510
v -0.021545 -0.055298 0.298706
v -0.028320 -0.085144 0.283691
v -0.037292 -0.052490 0.271973
v -0.049133 -0.046753 0.242432
v -0.058167 -0.038513 0.202454
v -0.062683 -0.029358 0.158264
v -0.048157 -0.043945 0.156128
v -0.061584 0.056519 0.093079
v -0.053040 -0.020874 0.234802
v -0.061829 -0.015320 0.200562
v -0.040955 -0.024292 0.261719
v -0.023560 -0.026611 0.287598
v -0.081604 0.175293 0.173523
v -0.080872 0.178345 0.154297
v -0.001282 0.153686 0.210876
v -0.006348 0.152832 0.213928
v -0.001648 0.143372 0.207825
v -0.012085 0.154236 0.217285
v -0.010742 0.157593 0.219299
v -0.042236 0.173828 0.216187
v -0.042908 0.178711 0.220947
v -0.085083 0.150146 0.158569
v -0.080200 0.149170 0.162415
v -0.078125 0.170227 0.173889
v -0.081604 0.175293 0.173523
v -0.079712 0.128601 0.156555
v -0.075867 0.112183 0.170105
v -0.074890 0.128601 0.158875
v -0.046875 0.101257 0.210510
v -0.042664 0.109436 0.202515
v -0.058838 0.108887 0.193909
v -0.064026 0.100891 0.195923
v -0.009094 0.126526 0.208313
v -0.007202 0.126282 0.215271
v -0.070068 0.118408 0.169617
v -0.075867 0.112183 0.170105
v -0.020935 0.114441 0.206604
v -0.032532 0.107422 0.214233
v -0.075562 0.185059 0.189148
v -0.058167 0.178711 0.207214
v -0.058838 0.186951 0.210144
v -0.016052 0.060303 0.150879
v -0.020569 0.071167 0.151978
v -0.007263 0.129761 0.167542
v -0.011658 0.084656 0.151062
v -0.023560 -0.041382 0.106873
v -0.012939 -0.014587 0.097900
v -0.019287 0.080200 0.152893
v -0.067688 0.139282 0.087036
v -0.070251 0.130981 0.089600
v -0.071655 0.098816 0.106873
v -0.089172 0.133667 0.046936
v -0.105347 0.134216 0.051697
v -0.090942 0.139648 0.070190
v -0.111328 0.115662 0.051697
v -0.093140 0.096436 0.058655
v -0.080383 0.090454 0.079895
v -0.093567 0.115234 0.077820
v -0.095154 0.115112 0.046936
v -0.075195 0.139221 0.064575
v -0.077759 0.114807 0.072205
v -0.077087 0.128723 0.101074
v -0.096497 0.091003 0.084656
v -0.109253 0.096924 0.063416
v -0.065613 -0.009155 0.160095
v -0.062927 0.000061 0.110779
v -0.052490 0.006409 0.087097
v -0.028870 0.016846 0.076233
v -0.001648 0.143372 0.207825
v -0.012085 0.154236 0.217285
v -0.058167 0.178711 0.207214
v -0.033081 0.155395 0.174011
v -0.023926 0.158264 0.219238
v -0.042236 0.173828 0.216187
v -0.078125 0.170227 0.173889
v -0.080200 0.149170 0.162415
v -0.070068 0.118408 0.169617
v -0.074890 0.128601 0.158875
v -0.042664 0.109436 0.202515
v -0.002869 0.137878 0.207459
v -0.009094 0.126526 0.208313
v -0.058838 0.108887 0.193909
v -0.072388 0.176636 0.189148
v -0.023926 0.158264 0.219238
v -0.022888 0.164185 0.223084
v -0.010742 0.157593 0.219299
v -0.006348 0.152832 0.213928
v -0.001282 0.153686 0.210876
v -0.006348 0.152832 0.213928
v -0.072388 0.176636 0.189148
v -0.002869 0.137878 0.207459
v -0.032532 0.107422 0.214233
v -0.074890 0.128601 0.158875
v -0.067871 0.008850 0.159851
v -0.064758 0.004761 0.196289
v -0.056152 0.002991 0.228333
v -0.043518 0.001587 0.251709
v -0.024780 0.001526 0.274414
v -0.020935 0.114441 0.206604
v -0.020935 0.114441 0.206604
v -0.022888 0.164185 0.223084
v -0.042908 0.178711 0.220947
v -0.058838 0.186951 0.210144
v -0.075562 0.185059 0.189148
v -0.039612 0.044983 0.231812
v -0.069641 0.050598 0.182556
v -0.053528 0.046875 0.208862
v -0.060791 0.049316 0.212463
v -0.021545 0.044006 0.245483
v -0.073730 0.051819 0.151733
v -0.061890 0.048767 0.180603
v -0.045288 0.047485 0.237183
v -0.039612 0.044983 0.231812
v -0.033875 0.071594 0.229004
v -0.017517 0.070373 0.240356
v -0.021545 0.044006 0.245483
v -0.061890 0.048767 0.180603
v -0.056885 0.078857 0.181213
v -0.047546 0.073425 0.209167
v -0.053528 0.046875 0.208862
v -0.065186 0.051270 0.147278
v -0.061523 0.077087 0.151733
v -0.060974 0.048523 0.180054
v -0.065186 0.051270 0.147278
v -0.021790 0.043396 0.248718
v -0.061829 0.049194 0.213440
v -0.054749 0.046326 0.210449
v -0.069641 0.050415 0.181702
v -0.041199 0.044373 0.231812
v -0.060974 0.048523 0.180054
v -0.057068 0.017700 0.177490
v -0.059265 0.020142 0.147461
v -0.041199 0.044373 0.231812
v -0.041748 0.013489 0.230164
v -0.053589 0.014893 0.208130
v -0.054749 0.046326 0.210449
v -0.022522 0.013123 0.248474
v -0.021790 0.043396 0.248718
v 0.007629 0.104065 0.168335
v 0.000061 0.101318 0.168762
v -0.012573 0.108704 0.167786
v -0.013855 0.116333 0.166992
v -0.007507 0.104065 0.168335
v -0.012573 0.123779 0.167053
v 0.160889 0.026794 0.003052
v 0.148560 -0.004456 0.047424
v 0.155518 0.004150 0.056274
v 0.169739 0.006592 0.061218
v 0.182312 -0.000061 0.058044
v 0.194641 0.031189 0.013672
v 0.179077 -0.020569 0.039978
v 0.165161 -0.021912 0.036011
v 0.177490 0.009338 -0.008301
v 0.165344 0.015808 -0.005310
v 0.152344 -0.014893 0.040466
v 0.186340 -0.010803 0.049744
v 0.096313 0.014343 0.109192
v 0.112244 0.014404 0.114197
v 0.095154 -0.013794 0.116394
v 0.094177 -0.013306 0.138367
v 0.107300 -0.001648 0.135498
v 0.111084 0.014954 0.140076
v 0.188049 -0.003357 0.069702
v 0.192383 0.025696 0.086792
v 0.195923 0.003235 0.089722
v 0.183533 -0.016724 0.071777
v 0.195618 -0.020996 0.093445
v 0.193298 -0.032654 0.095764
v 0.140869 0.075439 0.126648
v 0.156128 0.071594 0.124634
v 0.156738 0.066833 0.107788
v 0.139709 0.071472 0.115234
v 0.148987 0.049011 0.103027
v 0.133850 0.058044 0.111511
v 0.140198 0.030029 0.107849
v 0.126892 0.042908 0.115295
v 0.135742 0.027222 0.124695
v 0.124573 0.039185 0.126709
v 0.134888 0.032471 0.141541
v 0.125854 0.043396 0.138123
v 0.132507 0.058716 0.141968
v 0.142822 0.051880 0.146301
v 0.138672 0.071960 0.138062
v 0.152222 0.068909 0.141541
v 0.138184 0.038269 0.145264
v 0.136719 0.034790 0.125122
v 0.127014 0.046509 0.128601
v 0.135193 0.060181 0.156372
v 0.132019 0.011841 0.130127
v 0.137268 0.035339 0.165283
v 0.135071 0.004578 0.130737
v 0.143555 0.009644 0.164062
v 0.133179 -0.003723 0.131958
v 0.140503 -0.012268 0.170044
v 0.136047 -0.042725 0.137024
v 0.142578 -0.041748 0.170654
v 0.170959 -0.047974 0.129150
v 0.174866 -0.047302 0.158264
v 0.198792 -0.039001 0.124817
v 0.201660 -0.039063 0.153320
v 0.200500 -0.021912 0.122192
v 0.204712 -0.020508 0.150696
v 0.200378 0.007263 0.118225
v 0.204224 0.011291 0.146790
v 0.196838 0.034424 0.116211
v 0.200500 0.043091 0.143311
v 0.193115 0.051270 0.117188
v 0.195068 0.060913 0.142273
v 0.166016 0.067261 0.143738
v 0.169861 0.067871 0.123108
v 0.107971 -0.001953 0.119385
v 0.110901 -0.005310 0.127686
v 0.094482 -0.020996 0.127991
v 0.079163 -0.013123 0.126404
v 0.083679 -0.008362 0.118469
v 0.140381 0.036011 0.104675
v 0.125916 0.048523 0.116455
v 0.128662 0.045776 0.126892
v 0.112915 0.031433 0.126648
v 0.110291 0.034119 0.113281
v 0.109863 0.027466 0.113037
v 0.113708 0.027649 0.126892
v 0.116089 0.014587 0.127319
v 0.079651 0.015015 0.125671
v 0.084351 0.014648 0.112610
v 0.079895 0.028076 0.125366
v 0.084595 0.027710 0.111755
v 0.082336 0.041931 0.125122
v 0.086487 0.040161 0.111816
v 0.089905 0.052795 0.125183
v 0.093445 0.049683 0.112183
v 0.104370 0.068359 0.125305
v 0.107788 0.065308 0.115234
v 0.121155 0.078491 0.125793
v 0.122253 0.075012 0.115784
v 0.172302 0.061645 0.102295
v 0.082947 -0.007996 0.134521
v 0.083191 0.015198 0.139099
v 0.094788 0.015076 0.144104
v 0.108704 0.028076 0.140259
v 0.109070 0.034668 0.139648
v 0.095337 0.036743 0.143921
v 0.095276 0.028320 0.144470
v 0.096924 0.035950 0.108093
v 0.102417 0.041443 0.108521
v 0.200500 0.052612 0.174255
v 0.205261 0.015442 0.178467
v 0.205505 -0.019531 0.182861
v 0.203735 -0.036804 0.185181
v 0.204407 0.004333 0.213745
v 0.203796 -0.021118 0.200134
v 0.204590 0.017639 0.195374
v 0.198730 0.057312 0.190735
v 0.200684 0.046326 0.208801
v 0.207214 0.019958 0.211853
v 0.202942 -0.032837 0.218506
v 0.124573 0.064209 0.112854
v 0.125000 0.049011 0.136902
v 0.123413 0.064758 0.139648
v 0.115906 0.057312 0.139832
v 0.185791 -0.018311 0.061707
v 0.180847 -0.001648 0.062378
v 0.171753 0.007751 0.063599
v 0.181641 0.009644 0.068787
v 0.157959 0.007874 0.062134
v 0.166565 0.013245 0.069946
v 0.148804 0.001160 0.058960
v 0.154419 0.008301 0.071777
v 0.149536 -0.014587 0.056763
v 0.150146 -0.005371 0.073975
v 0.161438 -0.024597 0.055969
v 0.156189 -0.018066 0.074890
v 0.175537 -0.027039 0.056335
v 0.169678 -0.023804 0.074219
v 0.165039 0.010681 0.249268
v 0.185242 0.008667 0.238220
v 0.186096 0.021667 0.238586
v 0.166748 0.021851 0.250610
v 0.182007 0.035217 0.233521
v 0.163574 0.032776 0.246643
v 0.170410 0.037353 0.220642
v 0.154480 0.034912 0.236511
v 0.161133 0.030762 0.210754
v 0.147583 0.029602 0.229126
v 0.159790 0.016296 0.209900
v 0.145142 0.017395 0.226990
v 0.162964 0.004028 0.213928
v 0.149048 0.007568 0.231750
v 0.156433 0.005371 0.239990
v 0.172791 0.001892 0.224854
v 0.088623 0.004028 0.204041
v 0.083313 0.009094 0.192566
v 0.093079 0.011169 0.204285
v 0.087769 0.016907 0.202515
v 0.074463 0.007935 0.187927
v 0.074890 0.018677 0.195374
v 0.061279 0.007751 0.191589
v 0.065002 0.015869 0.195740
v 0.102783 0.013977 0.222595
v 0.098755 0.003113 0.224487
v 0.105713 0.016540 0.242432
v 0.101807 0.003784 0.244507
v 0.101746 0.005127 0.258728
v 0.105591 0.018249 0.256592
v 0.091919 0.016663 0.251282
v 0.094238 0.005859 0.257080
v 0.126099 0.017761 0.240906
v 0.128296 0.009033 0.246460
v 0.162170 0.017334 0.217102
v 0.166809 0.002502 0.217957
v 0.064758 0.011414 0.220337
v 0.067627 0.021973 0.218689
v 0.067627 0.014465 0.244263
v 0.070374 0.026916 0.242310
v 0.069702 0.016602 0.260986
v 0.072388 0.029358 0.259033
v 0.081604 0.019592 0.279663
v 0.081970 0.031494 0.276306
v 0.102722 0.021240 0.281799
v 0.100769 0.031921 0.277039
v 0.136292 0.022095 0.269714
v 0.134460 0.031189 0.265198
v 0.151794 0.022339 0.262817
v 0.149353 0.031372 0.258667
v 0.202271 0.034973 0.210022
v 0.076233 -0.001404 0.197754
v 0.077759 0.025757 0.217590
v 0.097351 0.024048 0.221985
v 0.080688 0.031311 0.240845
v 0.100159 0.028564 0.241577
v 0.079651 -0.002441 0.220947
v 0.082947 -0.001892 0.244812
v 0.069092 0.000488 0.221191
v 0.072083 0.001709 0.245300
v 0.066040 0.000427 0.197571
v 0.087341 0.002136 0.274231
v 0.085144 -0.000183 0.261353
v 0.092712 0.028748 0.254333
v 0.085144 0.035034 0.270325
v 0.097046 0.034180 0.266785
v 0.144836 0.007629 0.251282
v 0.143127 0.033081 0.248230
v 0.130554 0.032776 0.254517
v 0.082825 0.033936 0.257263
v 0.074158 0.003540 0.262085
v 0.083618 0.006836 0.279236
v 0.099060 0.003784 0.270386
v 0.102295 0.009094 0.279785
v 0.132263 0.007324 0.257507
v 0.135742 0.012024 0.267517
v 0.150635 0.012390 0.260925
v 0.182983 -0.000183 0.219849
v 0.100037 0.030701 0.255737
v 0.127014 0.028198 0.244202
v 0.164795 0.032898 0.214355
v 0.170349 -0.028198 0.251099
v 0.188660 -0.030762 0.238220
v 0.191223 -0.017639 0.240479
v 0.172058 -0.017517 0.252441
v 0.187256 -0.005493 0.235596
v 0.168945 -0.007080 0.248596
v 0.175903 -0.003662 0.223022
v 0.160034 -0.005066 0.238647
v 0.166809 -0.009827 0.213318
v 0.153198 -0.010193 0.231384
v 0.165405 -0.022949 0.212341
v 0.150818 -0.021851 0.229309
v 0.168457 -0.034912 0.216248
v 0.154602 -0.031311 0.233887
v 0.161926 -0.033386 0.242004
v 0.178223 -0.037109 0.226929
v 0.101135 -0.033936 0.207642
v 0.096069 -0.029358 0.197266
v 0.105530 -0.027466 0.207764
v 0.100342 -0.022339 0.206238
v 0.087463 -0.030457 0.193176
v 0.087830 -0.020752 0.199890
v 0.074463 -0.030640 0.196594
v 0.078125 -0.023315 0.200317
v 0.114868 -0.024902 0.224304
v 0.110901 -0.034729 0.226013
v 0.117554 -0.022583 0.242188
v 0.113647 -0.034119 0.244141
v 0.113464 -0.032959 0.257019
v 0.117310 -0.021057 0.255066
v 0.102478 -0.022644 0.249878
v 0.104736 -0.032349 0.255493
v 0.133423 -0.021668 0.240662
v 0.135559 -0.030029 0.246033
v 0.165161 -0.021851 0.221252
v 0.077637 -0.027344 0.222595
v 0.080505 -0.017822 0.221069
v 0.080261 -0.024597 0.244202
v 0.083008 -0.013367 0.242432
v 0.082092 -0.022705 0.259338
v 0.084839 -0.011108 0.257568
v 0.093384 -0.019836 0.277100
v 0.093872 -0.009094 0.273865
v 0.113037 -0.018189 0.279846
v 0.111206 -0.008545 0.275330
v 0.143433 -0.017456 0.268921
v 0.141663 -0.008789 0.264526
v 0.157959 -0.017151 0.263062
v 0.155579 -0.008423 0.259033
v 0.207092 -0.019409 0.216370
v 0.203857 -0.005920 0.215088
v 0.089050 -0.039001 0.202026
v 0.090454 -0.014343 0.219971
v 0.109619 -0.015808 0.223755
v 0.093140 -0.009338 0.241028
v 0.112183 -0.011719 0.241516
v 0.092163 -0.039917 0.223022
v 0.095154 -0.039368 0.244568
v 0.081787 -0.037231 0.223389
v 0.084534 -0.036133 0.245178
v 0.079102 -0.037293 0.201965
v 0.098938 -0.035645 0.271606
v 0.097168 -0.037903 0.259521
v 0.103333 -0.011719 0.252991
v 0.096985 -0.005920 0.268066
v 0.107605 -0.006653 0.265259
v 0.151123 -0.031433 0.251709
v 0.149414 -0.006775 0.248779
v 0.137878 -0.007263 0.254028
v 0.095093 -0.006897 0.255859
v 0.086365 -0.034485 0.260315
v 0.095337 -0.031372 0.276550
v 0.109436 -0.034119 0.268555
v 0.112610 -0.029236 0.277771
v 0.139465 -0.031677 0.256897
v 0.142883 -0.027100 0.266724
v 0.156799 -0.026794 0.261169
v 0.185242 -0.038940 0.221252
v 0.183228 -0.003418 0.220215
v 0.111877 -0.009827 0.254272
v 0.134338 -0.011719 0.243896
v 0.167542 -0.008423 0.219299
v 0.132690 0.034729 0.097046
v 0.134766 -0.000000 0.096436
v 0.139282 -0.035584 0.102539
v 0.157043 0.013977 0.191467
v 0.159668 -0.021240 0.195679
v 0.165100 0.050415 0.241760
v 0.183655 0.049194 0.231873
v 0.184570 0.061035 0.232361
v 0.166809 0.061157 0.243103
v 0.180664 0.073181 0.227478
v 0.163696 0.071533 0.239258
v 0.169312 0.075012 0.214966
v 0.154724 0.073547 0.229309
v 0.160156 0.068848 0.205200
v 0.147949 0.068481 0.222046
v 0.158752 0.055725 0.204224
v 0.145569 0.056763 0.219971
v 0.161804 0.044678 0.208069
v 0.149353 0.047302 0.224548
v 0.156616 0.045288 0.232666
v 0.171448 0.042908 0.218750
v 0.154724 0.046875 0.185974
v 0.152832 0.067261 0.183533
v 0.159851 0.056763 0.211914
v 0.162354 0.069885 0.209961
v 0.196716 0.069397 0.172607
v 0.195923 0.072144 0.206055
v 0.201843 0.059204 0.207031
v 0.032104 0.049194 0.272400
v 0.023193 0.055420 0.278320
v 0.031555 0.054687 0.266785
v 0.031311 0.060852 0.270996
v 0.020935 0.056396 0.287598
v 0.027771 0.065247 0.283936
v 0.027039 0.058472 0.299438
v 0.030090 0.064636 0.293640
v 0.045837 0.054138 0.254028
v 0.047974 0.045105 0.259521
v 0.062866 0.054443 0.247437
v 0.065125 0.043823 0.253174
v 0.077820 0.044006 0.250549
v 0.075500 0.054993 0.244812
v 0.097229 0.055969 0.240540
v 0.099426 0.046265 0.246155
v 0.128174 0.056946 0.231323
v 0.130310 0.048584 0.236694
v 0.164062 0.044006 0.213074
v 0.051880 0.059082 0.290588
v 0.050110 0.067932 0.286133
v 0.072571 0.059570 0.283203
v 0.070618 0.070190 0.278564
v 0.087036 0.059936 0.278076
v 0.085083 0.070862 0.273376
v 0.097900 0.060181 0.273987
v 0.096008 0.070618 0.269409
v 0.107788 0.060425 0.270508
v 0.105957 0.070068 0.265991
v 0.138184 0.061157 0.259583
v 0.136353 0.069824 0.255188
v 0.152710 0.061462 0.253723
v 0.150269 0.070435 0.249634
v 0.028992 0.047058 0.286072
v 0.047119 0.069458 0.276123
v 0.046753 0.064087 0.257324
v 0.067261 0.072266 0.268372
v 0.063660 0.066223 0.250488
v 0.048828 0.043945 0.279114
v 0.069275 0.042236 0.271912
v 0.051392 0.048523 0.288452
v 0.072144 0.047424 0.281311
v 0.031067 0.050659 0.295288
v 0.094421 0.043152 0.263000
v 0.083496 0.042114 0.266724
v 0.098083 0.066894 0.243652
v 0.092407 0.072876 0.259460
v 0.102295 0.072021 0.255920
v 0.145874 0.046814 0.242371
v 0.144165 0.072205 0.239380
v 0.166565 -0.042297 0.099304
v 0.179016 -0.044251 0.188721
v 0.161011 -0.039612 0.197815
v 0.171143 0.071777 0.174988
v 0.164246 0.041992 0.085632
v 0.158569 0.049438 0.097656
v 0.188354 0.037659 0.085266
v 0.152283 0.053284 0.149902
v 0.169373 -0.034973 0.222412
v 0.177551 0.075378 0.207703
v 0.180359 0.038696 0.215271
v 0.180176 0.041687 0.214905
v 0.132568 0.071411 0.244690
v 0.081421 0.073120 0.263062
v 0.086670 0.047485 0.276184
v 0.097534 0.048279 0.272034
v 0.104126 0.044495 0.259216
v 0.107300 0.049438 0.268433
v 0.134216 0.046936 0.247559
v 0.137573 0.051514 0.257385
v 0.151550 0.051575 0.251892
v 0.076294 0.067139 0.247803
v 0.129089 0.066894 0.234558
v 0.117126 0.056763 0.112549
v 0.096924 0.027527 0.108032
v 0.083374 0.028320 0.139343
v 0.085266 0.040771 0.138794
v 0.100891 0.042236 0.143616
v 0.092285 0.050293 0.138550
v 0.106873 0.065796 0.135742
v 0.121338 0.075439 0.135925
v 0.182068 0.037903 0.016846
v 0.167847 0.035461 0.011902
v 0.190857 0.011292 -0.003906
v 0.198669 0.020447 0.005371
v -0.164612 0.028809 0.005371
v -0.170532 0.036987 0.015381
v -0.153564 0.003601 0.056152
v -0.147522 -0.004395 0.046448
v -0.196960 0.032471 0.019897
v -0.179810 -0.001099 0.060486
v -0.167114 0.005554 0.062561
v -0.182434 0.011963 -0.005005
v -0.165100 -0.021667 0.036255
v -0.178528 -0.020752 0.041565
v -0.151917 -0.014526 0.039978
v -0.184753 -0.011597 0.052429
v -0.100891 0.013367 0.116516
v -0.098022 -0.015137 0.121155
v -0.117065 0.011841 0.120300
v -0.098450 -0.016724 0.143127
v -0.117615 0.010010 0.146179
v -0.112244 -0.005737 0.140442
v -0.188416 -0.006836 0.069214
v -0.198059 -0.002625 0.089172
v -0.196045 0.020081 0.088501
v -0.183044 -0.019959 0.070435
v -0.193054 -0.038757 0.092102
v -0.196106 -0.027100 0.090698
v -0.151001 0.069275 0.136169
v -0.148804 0.066528 0.124573
v -0.164978 0.061401 0.115540
v -0.165833 0.064575 0.132751
v -0.141724 0.053955 0.120056
v -0.155579 0.044739 0.109802
v -0.133911 0.039062 0.122925
v -0.145630 0.026001 0.113464
v -0.132019 0.034363 0.134155
v -0.142151 0.022217 0.130310
v -0.134338 0.037476 0.145752
v -0.142883 0.026184 0.147583
v -0.142395 0.051819 0.150452
v -0.152588 0.044067 0.153442
v -0.149292 0.064941 0.147400
v -0.162964 0.060608 0.149536
v -0.146790 0.031860 0.151672
v -0.146179 0.051819 0.164734
v -0.135254 0.041443 0.136475
v -0.143738 0.029541 0.131348
v -0.146912 0.026123 0.171204
v -0.137695 0.006470 0.134521
v -0.151123 0.000244 0.167236
v -0.140198 -0.000977 0.134277
v -0.146790 -0.021851 0.171448
v -0.137756 -0.009216 0.134888
v -0.146606 -0.051331 0.169250
v -0.137939 -0.048584 0.136169
v -0.177551 -0.057922 0.154175
v -0.171753 -0.055603 0.125427
v -0.204529 -0.051147 0.148132
v -0.199829 -0.048218 0.119995
v -0.208801 -0.032654 0.146973
v -0.202759 -0.031067 0.118774
v -0.210571 -0.000671 0.145935
v -0.204590 -0.001648 0.117493
v -0.208984 0.031494 0.145691
v -0.203003 0.025635 0.118164
v -0.204956 0.049622 0.146545
v -0.200623 0.042541 0.120911
v -0.176880 0.057739 0.150574
v -0.179321 0.059998 0.129883
v -0.111877 -0.004639 0.124329
v -0.097534 -0.023376 0.132080
v -0.115112 -0.008911 0.132019
v -0.087158 -0.009155 0.124512
v -0.082764 -0.014343 0.132324
v -0.146179 0.032166 0.110779
v -0.133423 0.044617 0.124634
v -0.136536 0.040649 0.134583
v -0.116516 0.031677 0.121277
v -0.119812 0.027527 0.134216
v -0.115601 0.025085 0.120544
v -0.120300 0.023743 0.134033
v -0.121704 0.010498 0.133118
v -0.089233 0.014221 0.120728
v -0.085388 0.013611 0.134094
v -0.090393 0.027222 0.121033
v -0.086609 0.026672 0.134888
v -0.093201 0.039490 0.122131
v -0.090088 0.040222 0.135742
v -0.100952 0.048401 0.122803
v -0.098450 0.050476 0.136230
v -0.116577 0.062622 0.126282
v -0.114014 0.064941 0.136780
v -0.131775 0.071167 0.126648
v -0.131531 0.073791 0.136963
v -0.179626 0.055786 0.108521
v -0.089783 0.012329 0.147217
v -0.087524 -0.010254 0.140564
v -0.101624 0.010925 0.151306
v -0.116211 0.023193 0.147705
v -0.103821 0.032410 0.153076
v -0.117065 0.029846 0.147644
v -0.103149 0.023987 0.152893
v -0.109009 0.039978 0.117798
v -0.103027 0.034912 0.117249
v -0.211731 0.038025 0.177246
v -0.213867 0.000366 0.177734
v -0.208801 -0.052063 0.179871
v -0.211731 -0.034790 0.178955
v -0.214478 0.000915 0.194763
v -0.210999 -0.037964 0.196106
v -0.212891 -0.024231 0.213135
v -0.213318 0.028503 0.211731
v -0.211365 0.041199 0.194153
v -0.210144 -0.051209 0.214111
v -0.133057 0.060547 0.122620
v -0.133850 0.043152 0.145142
v -0.133606 0.058655 0.149353
v -0.125610 0.051819 0.149353
v -0.183716 -0.020325 0.061646
v -0.179749 -0.003723 0.063232
v -0.182922 0.006653 0.069946
v -0.171021 0.006042 0.064880
v -0.168152 0.011108 0.072327
v -0.157593 0.006958 0.063354
v -0.156006 0.006958 0.074707
v -0.148621 0.000916 0.060120
v -0.150818 -0.006531 0.075928
v -0.148865 -0.014465 0.057251
v -0.155945 -0.019653 0.075317
v -0.160095 -0.025024 0.055908
v -0.168884 -0.026245 0.073120
v -0.173706 -0.028137 0.056396
v -0.177307 -0.008179 0.250427
v -0.179932 0.002624 0.252686
v -0.198425 0.002197 0.239197
v -0.196533 -0.010620 0.237732
v -0.177368 0.013977 0.249939
v -0.195068 0.016357 0.235657
v -0.167908 0.017700 0.240662
v -0.182861 0.020569 0.223877
v -0.160217 0.013672 0.233276
v -0.172546 0.015564 0.214111
v -0.156799 0.001892 0.230225
v -0.170044 0.001404 0.212097
v -0.160156 -0.008545 0.233765
v -0.172485 -0.011353 0.214722
v -0.167847 -0.012024 0.241333
v -0.182800 -0.015137 0.224731
v -0.098267 -0.005188 0.208862
v -0.103271 0.001465 0.209351
v -0.092651 0.001221 0.198242
v -0.098267 0.007690 0.208557
v -0.085205 0.011047 0.202454
v -0.083496 0.001160 0.194153
v -0.075195 0.008972 0.203247
v -0.070557 0.001526 0.198730
v -0.109619 -0.008728 0.228333
v -0.114319 0.001892 0.227173
v -0.113953 -0.010193 0.248108
v -0.118652 0.002319 0.246887
v -0.114868 -0.010193 0.262329
v -0.119568 0.002686 0.261108
v -0.107056 -0.008728 0.262878
v -0.105347 0.002624 0.258301
v -0.140259 -0.007019 0.249695
v -0.138428 0.002319 0.245056
v -0.079712 0.012634 0.226440
v -0.076111 0.002197 0.227356
v -0.084351 0.015076 0.250183
v -0.080750 0.002747 0.251160
v -0.087585 0.015869 0.266846
v -0.083984 0.003174 0.267822
v -0.097717 0.015686 0.283875
v -0.096741 0.003540 0.286194
v -0.115967 0.014709 0.284241
v -0.117249 0.003540 0.287781
v -0.149292 0.012695 0.269897
v -0.150696 0.003113 0.273438
v -0.163757 0.012451 0.262573
v -0.165710 0.002930 0.265686
v -0.214172 0.016968 0.211731
v -0.218018 0.001526 0.212036
v -0.085144 -0.009216 0.202942
v -0.089966 0.015747 0.225037
v -0.109619 0.012329 0.227844
v -0.094788 0.018921 0.248413
v -0.114014 0.014770 0.247498
v -0.089905 -0.012634 0.225708
v -0.094727 -0.014587 0.249207
v -0.079651 -0.008972 0.226929
v -0.084290 -0.010254 0.250793
v -0.075134 -0.006592 0.203613
v -0.101013 -0.013611 0.278931
v -0.098083 -0.014648 0.265625
v -0.107117 0.014221 0.262329
v -0.112122 0.018188 0.274719
v -0.101074 0.019531 0.278198
v -0.156982 -0.010010 0.253296
v -0.157043 0.015625 0.252686
v -0.144897 0.015625 0.259644
v -0.098206 0.019836 0.264832
v -0.087524 -0.010193 0.267456
v -0.097656 -0.009155 0.284424
v -0.115906 -0.008240 0.284790
v -0.112061 -0.012390 0.275391
v -0.149231 -0.006531 0.270325
v -0.144836 -0.010010 0.260254
v -0.163696 -0.006592 0.263000
v -0.214172 -0.013855 0.212585
v -0.192993 -0.017517 0.218933
v -0.114929 0.015503 0.261780
v -0.140320 0.012268 0.249207
v -0.177368 0.017090 0.217224
v -0.179749 -0.047424 0.248352
v -0.182312 -0.037048 0.250610
v -0.200623 -0.037415 0.237122
v -0.196960 -0.049988 0.233948
v -0.179749 -0.026123 0.247864
v -0.197327 -0.024597 0.233704
v -0.170532 -0.022522 0.238770
v -0.185364 -0.020813 0.222168
v -0.162964 -0.026428 0.231506
v -0.175232 -0.025330 0.212585
v -0.159607 -0.037720 0.228516
v -0.172791 -0.038208 0.210571
v -0.162903 -0.047791 0.231995
v -0.175171 -0.050659 0.213196
v -0.170410 -0.051086 0.239441
v -0.185364 -0.054565 0.222900
v -0.108032 -0.044189 0.208130
v -0.112915 -0.038086 0.208496
v -0.102722 -0.038330 0.198547
v -0.108032 -0.032471 0.207825
v -0.095337 -0.029419 0.202515
v -0.093811 -0.038391 0.195007
v -0.085510 -0.031311 0.203369
v -0.081055 -0.038025 0.199280
v -0.118835 -0.047424 0.225647
v -0.123413 -0.037720 0.224487
v -0.122803 -0.048706 0.243469
v -0.127441 -0.037293 0.242310
v -0.123474 -0.048706 0.256409
v -0.128113 -0.037048 0.255249
v -0.114502 -0.047363 0.257141
v -0.112793 -0.037048 0.252686
v -0.144531 -0.046387 0.245239
v -0.142700 -0.037415 0.240784
v -0.174072 -0.037964 0.218750
v -0.177246 -0.051392 0.218628
v -0.089600 -0.028015 0.224304
v -0.086121 -0.037415 0.225220
v -0.093811 -0.025757 0.245789
v -0.090271 -0.036926 0.246765
v -0.096741 -0.025085 0.260864
v -0.093201 -0.036560 0.261841
v -0.106262 -0.025208 0.276978
v -0.105103 -0.036194 0.279114
v -0.123108 -0.026062 0.278076
v -0.124390 -0.036194 0.281494
v -0.153320 -0.027405 0.265076
v -0.154724 -0.036560 0.268555
v -0.166870 -0.027527 0.258850
v -0.168823 -0.036743 0.261902
v -0.215088 -0.037964 0.213196
v -0.095276 -0.047791 0.202942
v -0.099731 -0.025147 0.222900
v -0.118896 -0.028320 0.225159
v -0.104065 -0.022339 0.244019
v -0.122864 -0.026062 0.242981
v -0.099670 -0.050903 0.223511
v -0.104004 -0.052673 0.244751
v -0.089539 -0.047607 0.224792
v -0.093750 -0.048767 0.246338
v -0.085510 -0.045471 0.203674
v -0.109497 -0.051758 0.272095
v -0.107056 -0.052734 0.259583
v -0.114502 -0.026550 0.256653
v -0.119446 -0.022949 0.268738
v -0.109558 -0.021790 0.271423
v -0.160278 -0.049377 0.249756
v -0.160339 -0.024475 0.249146
v -0.149048 -0.024597 0.255066
v -0.107117 -0.021484 0.258911
v -0.096680 -0.048706 0.261414
v -0.106201 -0.047791 0.277466
v -0.123108 -0.046875 0.278564
v -0.119385 -0.050659 0.269348
v -0.153320 -0.045898 0.265503
v -0.148987 -0.049255 0.255615
v -0.166809 -0.046021 0.259277
v -0.192444 -0.056335 0.216736
v -0.123535 -0.025391 0.255859
v -0.144592 -0.027832 0.244812
v -0.137939 0.032288 0.103699
v -0.137329 -0.002258 0.099854
v -0.139526 -0.038513 0.102356
v -0.166809 -0.034485 0.194702
v -0.166565 0.001038 0.193970
v -0.177307 -0.024597 0.218018
v -0.173767 0.001526 0.218567
v -0.177307 -0.013550 0.217957
v -0.179932 0.031921 0.246521
v -0.182495 0.042297 0.248718
v -0.199524 0.041931 0.236633
v -0.197693 0.030334 0.235168
v -0.179932 0.053223 0.246033
v -0.196228 0.054810 0.233154
v -0.170715 0.056763 0.236938
v -0.184326 0.058533 0.221680
v -0.163147 0.052856 0.229675
v -0.174133 0.054016 0.212097
v -0.159790 0.041626 0.226685
v -0.171692 0.041199 0.210022
v -0.163086 0.031555 0.230164
v -0.174072 0.029602 0.212646
v -0.170593 0.028259 0.237610
v -0.184265 0.026184 0.222412
v -0.166443 0.034363 0.191589
v -0.166016 0.054993 0.191101
v -0.177490 0.054443 0.216248
v -0.174194 0.041382 0.217041
v -0.209106 0.055054 0.177368
v -0.210449 0.054687 0.211548
v -0.215332 0.041321 0.211182
v -0.049255 0.037109 0.285767
v -0.048767 0.043091 0.280762
v -0.041199 0.043396 0.292847
v -0.049316 0.048828 0.285522
v -0.046936 0.052307 0.299011
v -0.039673 0.043579 0.302307
v -0.049805 0.050598 0.308411
v -0.046631 0.044128 0.313843
v -0.063965 0.033142 0.271545
v -0.062134 0.042786 0.267029
v -0.080505 0.031250 0.263855
v -0.078674 0.042541 0.259338
v -0.092957 0.030823 0.260437
v -0.091125 0.042480 0.255920
v -0.114380 0.031921 0.254700
v -0.112549 0.042297 0.250183
v -0.144714 0.032959 0.243408
v -0.142883 0.041931 0.238953
v -0.177429 0.028320 0.216858
v -0.069458 0.053162 0.299866
v -0.070862 0.043823 0.303345
v -0.089600 0.054687 0.291138
v -0.091003 0.043579 0.294617
v -0.103699 0.054810 0.285034
v -0.105103 0.043396 0.288513
v -0.114319 0.054199 0.280273
v -0.115723 0.043274 0.283752
v -0.123901 0.053284 0.276123
v -0.125305 0.043152 0.279602
v -0.153503 0.051941 0.263245
v -0.154907 0.042786 0.266724
v -0.167053 0.052063 0.257019
v -0.169006 0.042602 0.260071
v -0.046875 0.033935 0.299438
v -0.065979 0.055847 0.290222
v -0.064026 0.052246 0.271118
v -0.085754 0.057983 0.281372
v -0.080566 0.053833 0.263367
v -0.065918 0.030090 0.290833
v -0.085693 0.027588 0.282104
v -0.069458 0.033569 0.300354
v -0.089539 0.031677 0.291687
v -0.049744 0.036438 0.308777
v -0.110229 0.027588 0.271545
v -0.099548 0.027039 0.275940
v -0.114441 0.052795 0.254211
v -0.119812 0.056396 0.266541
v -0.110291 0.057617 0.270813
v -0.160461 0.029602 0.247925
v -0.160522 0.055237 0.247314
v -0.165955 -0.046753 0.096619
v -0.183838 -0.058044 0.184448
v -0.166870 -0.053040 0.195129
v -0.184021 0.059021 0.181763
v -0.169250 0.038391 0.090759
v -0.164734 0.044800 0.103760
v -0.192871 0.032410 0.088318
v -0.162476 0.044617 0.156433
v -0.192749 0.059021 0.214050
v -0.192871 -0.020813 0.218933
v -0.193054 0.021667 0.218018
v -0.193054 0.024719 0.217896
v -0.149231 0.054748 0.253235
v -0.099609 0.058289 0.275208
v -0.103638 0.031250 0.285583
v -0.114258 0.031677 0.280762
v -0.123901 0.032410 0.276611
v -0.119751 0.028625 0.267212
v -0.153503 0.033447 0.263672
v -0.149170 0.030090 0.253784
v -0.166992 0.033020 0.257446
v -0.093018 0.054138 0.259888
v -0.144714 0.051514 0.242981
v -0.125061 0.053711 0.122131
v -0.102417 0.026489 0.116455
v -0.091003 0.025330 0.148560
v -0.093750 0.037598 0.148987
v -0.101501 0.046570 0.149109
v -0.109741 0.037537 0.152893
v -0.117004 0.061218 0.146729
v -0.132202 0.069763 0.146790
v -0.184082 0.039062 0.022034
v -0.169922 0.018250 -0.003052
v -0.195190 0.013611 0.000854
v -0.201904 0.022217 0.011536
v 0.098511 -0.025452 0.007751
v 0.101868 -0.075989 -0.040771
v 0.112183 -0.073242 -0.045654
v 0.116150 -0.019836 -0.001892
v 0.083496 0.054687 0.097778
v 0.111267 0.067322 0.088867
v 0.095154 0.097168 0.122559
v 0.068237 0.085510 0.132324
v 0.073120 0.125977 0.143250
v 0.052734 0.112976 0.149536
v 0.103943 -0.128357 -0.062256
v 0.115356 -0.070374 -0.053772
v 0.020752 0.171326 0.158997
v 0.017700 0.151001 0.160767
v 0.034607 0.138184 0.159180
v 0.126953 -0.010437 -0.016479
v 0.125061 0.086670 0.069092
v 0.106262 0.114075 0.101318
v 0.079956 0.141113 0.122192
v 0.019226 0.177063 0.139526
v 0.118958 0.052612 0.069702
v 0.119812 0.024780 0.040283
v 0.136658 0.039551 0.015808
v 0.139954 0.066223 0.036255
v 0.086670 0.048035 0.090820
v 0.093750 0.017090 0.053711
v 0.000061 0.179382 0.139771
v 0.000061 0.174622 0.159424
v 0.000061 0.156433 0.161194
v 0.045471 0.156189 0.155396
v 0.000061 0.148621 0.149048
v 0.014648 0.144287 0.147278
v 0.026489 0.133545 0.144775
v 0.038940 0.114624 0.139526
v 0.051636 0.095947 0.127625
v 0.068787 0.054871 0.089600
v 0.079407 0.020874 0.048279
v 0.088989 -0.020691 0.001648
v 0.097595 -0.074097 -0.044373
v 0.103943 -0.128357 -0.062256
v 0.109924 -0.076782 -0.052002
v 0.126953 -0.010437 -0.016479
v 0.115356 -0.070374 -0.053772
v 0.076477 0.106750 0.121582
v 0.104126 0.070862 0.082275
v 0.078674 0.061707 0.088745
v 0.019226 0.177063 0.139526
v 0.017456 0.159241 0.148254
v 0.084473 0.022217 0.046753
v 0.070496 0.060791 0.085205
v 0.087158 0.056702 0.080444
v 0.111755 -0.016663 -0.005249
v 0.112854 0.027466 0.036499
v 0.000061 0.179382 0.139771
v 0.000061 0.161804 0.148804
v 0.048279 0.164734 0.135193
v 0.079956 0.141113 0.122192
v 0.060669 0.125000 0.135010
v 0.039856 0.146484 0.143860
v 0.111267 0.067322 0.088867
v 0.104126 0.070862 0.082275
v 0.125061 0.086670 0.069092
v 0.068787 0.054871 0.089600
v 0.087158 0.056702 0.080444
v 0.070496 0.060791 0.085205
v 0.083496 0.054687 0.097778
v 0.068787 0.054871 0.089600
v 0.110596 0.058838 0.065247
v 0.118958 0.052612 0.069702
v 0.139954 0.066223 0.036255
v 0.106140 -0.070435 -0.050415
v 0.097412 -0.017517 -0.002197
v 0.139954 0.066223 0.036255
v 0.136658 0.039551 0.015808
v 0.110596 0.058838 0.065247
v 0.086670 0.048035 0.090820
v 0.078674 0.061707 0.088745
v 0.047302 0.113647 0.130493
v 0.031738 0.137390 0.138672
v 0.017090 0.149109 0.142273
v 0.000061 0.153931 0.144470
v 0.106262 0.114075 0.101318
v 0.125061 0.086670 0.069092
v 0.075317 0.108276 0.123230
v 0.070496 0.060791 0.085205
v 0.052368 0.104980 0.125916
v 0.000061 -0.197693 -0.033691
v 0.057007 -0.197083 -0.041809
v 0.053955 -0.130127 -0.047852
v 0.000061 -0.131287 -0.039001
v 0.000061 -0.070801 -0.264954
v 0.063843 -0.074768 -0.252136
v 0.065674 -0.188293 -0.255676
v 0.000061 -0.187195 -0.269287
v 0.114136 -0.196350 -0.064331
v 0.130432 -0.192627 -0.144043
v 0.126648 -0.105225 -0.145813
v 0.111450 -0.123596 -0.067810
v 0.000061 -0.087280 -0.026550
v 0.051392 -0.082581 -0.033630
v 0.045288 -0.030945 0.014404
v 0.000061 -0.035889 0.021362
v 0.106140 -0.070435 -0.050415
v 0.113037 0.036865 -0.056213
v 0.097412 -0.017517 -0.002197
v 0.062195 0.049133 -0.196777
v 0.000061 0.058472 -0.205566
v 0.000061 0.138184 -0.130310
v 0.059814 0.127441 -0.123291
v 0.056396 -0.226318 -0.225159
v 0.000061 -0.226318 -0.235901
v 0.000061 -0.193237 -0.253967
v 0.059387 -0.193237 -0.241394
v 0.108459 -0.226318 -0.046021
v 0.119324 -0.226318 -0.101685
v 0.122314 -0.193176 -0.140625
v 0.107178 -0.195435 -0.055664
v 0.084473 0.022217 0.046753
v 0.100281 0.077698 0.006226
v 0.079895 0.097778 0.065369
v 0.070496 0.060791 0.085205
v 0.000061 0.037170 0.104553
v 0.000061 0.006409 0.065552
v 0.039429 0.010071 0.060791
v 0.033447 0.041260 0.100037
v 0.051147 0.174316 -0.034363
v 0.000061 0.185242 -0.037903
v 0.000061 0.192688 0.059387
v 0.040466 0.181824 0.058533
v 0.057678 -0.226318 -0.031494
v 0.107178 -0.195435 -0.055664
v 0.103943 -0.128357 -0.062256
v 0.097595 -0.074097 -0.044373
v 0.088989 -0.020691 0.001648
v 0.079407 0.020874 0.048279
v 0.068787 0.054871 0.089600
v 0.083923 0.135986 -0.020447
v 0.067444 0.145874 0.059326
v 0.107361 0.019470 -0.171631
v 0.100586 0.091492 -0.100464
v 0.000061 -0.226318 -0.025269
v 0.106567 -0.226318 -0.174072
v 0.108948 -0.193237 -0.200745
v 0.122192 -0.026245 -0.114136
v 0.103943 -0.128357 -0.062256
v 0.115112 -0.189819 -0.215454
v 0.112427 -0.083862 -0.213562
v 0.000061 0.169189 0.131165
v 0.024353 0.163025 0.127564
v 0.044006 0.146240 0.124512
v 0.053101 0.112915 0.124329
v 0.052368 0.104980 0.125916
v 0.045166 0.083496 0.129883
v 0.024048 0.072205 0.134644
v 0.000061 0.066956 0.137756
v 0.000061 0.153931 0.144470
v 0.017090 0.149109 0.142273
v 0.031738 0.137390 0.138672
v 0.047302 0.113647 0.130493
v 0.025513 0.097656 0.146973
v 0.014954 0.091064 0.148438
v 0.000061 0.086548 0.149597
v 0.028748 0.135315 0.150330
v 0.031799 0.115051 0.149658
v 0.029419 0.115234 0.144531
v 0.026489 0.133545 0.144775
v 0.025513 0.097656 0.146973
v 0.027832 0.096374 0.152283
v 0.014954 0.091064 0.148438
v 0.016418 0.087707 0.154480
v 0.000061 0.086548 0.149597
v 0.000061 0.082642 0.155640
v 0.014648 0.144287 0.147278
v 0.000061 0.148621 0.149048
v 0.000061 0.152222 0.155090
v 0.016052 0.147705 0.153381
v 0.027405 0.097717 0.164185
v 0.030762 0.116333 0.162048
v 0.022461 0.116516 0.166199
v 0.020142 0.103332 0.167664
v 0.016357 0.089172 0.165894
v 0.012085 0.096802 0.168823
v 0.000061 0.084167 0.167236
v 0.000061 0.092895 0.169678
v 0.015930 0.146179 0.163635
v 0.000061 0.150269 0.164734
v 0.000061 0.141113 0.167969
v 0.011719 0.138245 0.167236
v 0.020386 0.129700 0.166199
v 0.027893 0.135132 0.161987
v 0.027832 0.096374 0.152283
v 0.031799 0.115051 0.149658
v 0.016418 0.087707 0.154480
v 0.000061 0.082642 0.155640
v 0.016052 0.147705 0.153381
v 0.000061 0.152222 0.155090
v 0.028748 0.135315 0.150330
v 0.014038 0.116333 0.166992
v 0.012756 0.108704 0.167786
v 0.007629 0.104065 0.168335
v 0.000061 0.101318 0.168762
v 0.000061 0.131409 0.167847
v 0.007385 0.129761 0.167542
v 0.012756 0.123779 0.167053
v 0.069580 -0.376221 -0.241394
v 0.000061 -0.376221 -0.253906
v 0.000061 -0.376160 -0.266235
v 0.073608 -0.376160 -0.252869
v 0.122314 -0.376221 -0.053528
v 0.137756 -0.376221 -0.140137
v 0.147156 -0.376221 -0.140137
v 0.128296 -0.376221 -0.059876
v 0.122314 -0.376221 -0.200684
v 0.129456 -0.376221 -0.212402
v 0.059387 -0.193237 -0.241394
v 0.000061 -0.193237 -0.253967
v 0.000061 -0.237244 -0.253967
v 0.062439 -0.237244 -0.241394
v 0.067139 -0.237244 -0.252869
v 0.000061 -0.237244 -0.266296
v 0.107178 -0.195435 -0.055664
v 0.122314 -0.193176 -0.140625
v 0.127075 -0.237244 -0.140198
v 0.113403 -0.237244 -0.052795
v 0.118713 -0.237244 -0.059692
v 0.135376 -0.237244 -0.140198
v 0.113403 -0.237244 -0.052795
v 0.108948 -0.193237 -0.200745
v 0.113403 -0.237244 -0.200745
v 0.119690 -0.237244 -0.212402
v 0.144836 -0.321045 -0.140137
v 0.071716 -0.321167 -0.252869
v 0.128235 -0.321167 -0.212402
v 0.000061 -0.321167 -0.266235
v 0.067749 -0.321167 -0.241394
v 0.000061 -0.321167 -0.253967
v 0.000061 -0.376221 -0.253906
v 0.069580 -0.376221 -0.241394
v 0.121521 -0.321167 -0.200684
v 0.122314 -0.376221 -0.200684
v 0.135986 -0.321106 -0.140137
v 0.137756 -0.376221 -0.140137
v 0.121521 -0.321045 -0.053345
v 0.122314 -0.376221 -0.053528
v 0.127136 -0.320984 -0.059570
v 0.121521 -0.321045 -0.053345
v 0.066101 -0.281738 -0.241394
v 0.000061 -0.281738 -0.253967
v 0.118286 -0.281616 -0.200684
v 0.132263 -0.281311 -0.140076
v 0.118225 -0.280945 -0.053467
v 0.123657 -0.280945 -0.059814
v 0.118225 -0.280945 -0.053467
v 0.140808 -0.281250 -0.140137
v 0.124756 -0.281616 -0.212402
v 0.069946 -0.281860 -0.252869
v 0.000061 -0.281860 -0.266296
v 0.038940 0.114624 0.139526
v 0.026489 0.133545 0.144775
v 0.029419 0.115234 0.144531
v 0.051636 0.095947 0.127625
v -0.098389 -0.025452 0.007751
v -0.115967 -0.019836 -0.001892
v -0.112061 -0.073853 -0.046021
v -0.101746 -0.076904 -0.041260
v -0.083374 0.054687 0.097778
v -0.068115 0.085510 0.132324
v -0.095032 0.097168 0.122559
v -0.111145 0.067322 0.088867
v -0.072998 0.125977 0.143250
v -0.052612 0.112976 0.149536
v -0.103821 -0.127686 -0.062073
v -0.115173 -0.069275 -0.053162
v -0.020630 0.171326 0.158997
v -0.034485 0.138184 0.159180
v -0.017578 0.151001 0.160767
v -0.126831 -0.010437 -0.016479
v -0.106140 0.114075 0.101318
v -0.124939 0.086670 0.069092
v -0.079773 0.141113 0.122192
v -0.019104 0.177063 0.139526
v -0.118835 0.052612 0.069702
v -0.139832 0.066223 0.036255
v -0.136536 0.039551 0.015808
v -0.119629 0.024780 0.040283
v -0.086487 0.048035 0.090820
v -0.093628 0.017090 0.053711
v -0.045349 0.156189 0.155396
v -0.048096 0.164734 0.135193
v -0.014465 0.144287 0.147278
v -0.038757 0.114624 0.139526
v -0.026367 0.133545 0.144775
v -0.051453 0.095947 0.127625
v -0.068604 0.054871 0.089600
v -0.079285 0.020874 0.048279
v -0.088806 -0.020691 0.001648
v -0.097473 -0.074646 -0.044678
v -0.109802 -0.074463 -0.050659
v -0.103821 -0.127686 -0.062073
v -0.126831 -0.010437 -0.016479
v -0.115173 -0.069275 -0.053162
v -0.076355 0.106750 0.121582
v -0.078552 0.061707 0.088745
v -0.104004 0.070862 0.082275
v -0.060486 0.125000 0.135010
v -0.075195 0.108276 0.123230
v -0.106140 0.114075 0.101318
v -0.019104 0.177063 0.139526
v -0.017334 0.159241 0.148254
v -0.112732 0.027466 0.036499
v -0.086975 0.056702 0.080444
v -0.084351 0.022217 0.046753
v -0.136536 0.039551 0.015808
v -0.111572 -0.016663 -0.005249
v -0.039673 0.146484 0.143860
v -0.079773 0.141113 0.122192
v -0.111145 0.067322 0.088867
v -0.124939 0.086670 0.069092
v -0.104004 0.070862 0.082275
v -0.068604 0.054871 0.089600
v -0.070374 0.060791 0.085205
v -0.086975 0.056702 0.080444
v -0.068604 0.054871 0.089600
v -0.110474 0.058838 0.065247
v -0.139832 0.066223 0.036255
v -0.118835 0.052612 0.069702
v -0.105957 -0.069092 -0.049683
v -0.097290 -0.017517 -0.002197
v -0.139832 0.066223 0.036255
v -0.110474 0.058838 0.065247
v -0.086487 0.048035 0.090820
v -0.078552 0.061707 0.088745
v -0.083374 0.054687 0.097778
v -0.031616 0.137390 0.138672
v -0.047180 0.113647 0.130493
v -0.016968 0.149109 0.142273
v -0.124939 0.086670 0.069092
v -0.070374 0.060791 0.085205
v -0.052246 0.104980 0.125916
v -0.070374 0.060791 0.085205
v -0.053833 -0.130066 -0.048584
v -0.056885 -0.196899 -0.041626
v -0.065552 -0.187683 -0.256043
v -0.063721 -0.072937 -0.251892
v -0.114014 -0.195801 -0.063538
v -0.111328 -0.123535 -0.069580
v -0.126465 -0.105164 -0.145935
v -0.130310 -0.192627 -0.143982
v -0.045166 -0.030945 0.014404
v -0.051270 -0.082642 -0.033691
v -0.105957 -0.069092 -0.049683
v -0.097290 -0.017517 -0.002197
v -0.112915 0.036865 -0.056213
v -0.062073 0.049316 -0.196655
v -0.059692 0.127441 -0.123291
v -0.056274 -0.226318 -0.225159
v -0.059204 -0.193237 -0.241394
v -0.108337 -0.226318 -0.046021
v -0.106995 -0.195190 -0.055359
v -0.122131 -0.193176 -0.140564
v -0.119202 -0.226318 -0.101685
v -0.084351 0.022217 0.046753
v -0.070374 0.060791 0.085205
v -0.079773 0.097778 0.065369
v -0.100159 0.077698 0.006226
v -0.033325 0.041260 0.100037
v -0.039246 0.010071 0.060791
v -0.050964 0.174316 -0.034363
v -0.040344 0.181824 0.058533
v -0.057556 -0.226318 -0.031494
v -0.106995 -0.195190 -0.055359
v -0.103821 -0.127686 -0.062073
v -0.097473 -0.074646 -0.044678
v -0.088806 -0.020691 0.001648
v -0.079285 0.020874 0.048279
v -0.068604 0.054871 0.089600
v -0.083740 0.135986 -0.020447
v -0.067322 0.145874 0.059265
v -0.100403 0.091492 -0.100464
v -0.114990 -0.189575 -0.215637
v -0.106384 -0.226318 -0.174072
v -0.108826 -0.193237 -0.200745
v -0.122009 -0.026245 -0.114136
v -0.103821 -0.127686 -0.062073
v -0.112244 -0.085327 -0.212769
v -0.107178 0.019959 -0.171326
v -0.024231 0.163025 0.127564
v -0.043823 0.146240 0.124512
v -0.052979 0.112915 0.124329
v -0.052246 0.104980 0.125916
v -0.023865 0.072205 0.134644
v -0.045044 0.083496 0.129883
v -0.016968 0.149109 0.142273
v -0.031616 0.137390 0.138672
v -0.047180 0.113647 0.130493
v -0.014771 0.091064 0.148438
v -0.025330 0.097656 0.146973
v -0.028564 0.135315 0.150330
v -0.026367 0.133545 0.144775
v -0.029236 0.115234 0.144531
v -0.031677 0.115051 0.149658
v -0.025330 0.097656 0.146973
v -0.027710 0.096374 0.152283
v -0.014771 0.091064 0.148438
v -0.016296 0.087707 0.154480
v -0.014465 0.144287 0.147278
v -0.015930 0.147705 0.153381
v -0.027283 0.097717 0.164185
v -0.020020 0.103332 0.167664
v -0.022339 0.116516 0.166199
v -0.030640 0.116333 0.162048
v -0.016235 0.089172 0.165894
v -0.011902 0.096802 0.168823
v -0.015747 0.146179 0.163635
v -0.011536 0.138245 0.167236
v -0.020203 0.129700 0.166199
v -0.027710 0.135132 0.161987
v -0.027710 0.096374 0.152283
v -0.031677 0.115051 0.149658
v -0.016296 0.087707 0.154480
v -0.015930 0.147705 0.153381
v -0.028564 0.135315 0.150330
v -0.012573 0.108704 0.167786
v -0.013855 0.116333 0.166992
v -0.007507 0.104065 0.168335
v -0.007263 0.129761 0.167542
v -0.012573 0.123779 0.167053
v -0.069458 -0.376221 -0.241394
v -0.073425 -0.376160 -0.252869
v -0.122192 -0.376221 -0.053528
v -0.128113 -0.376221 -0.059876
v -0.147034 -0.376221 -0.140137
v -0.137573 -0.376221 -0.140137
v -0.122192 -0.376221 -0.200684
v -0.129272 -0.376221 -0.212402
v -0.059204 -0.193237 -0.241394
v -0.062256 -0.237244 -0.241394
v -0.067017 -0.237244 -0.252869
v -0.106995 -0.195190 -0.055359
v -0.113220 -0.237244 -0.052795
v -0.126892 -0.237244 -0.140198
v -0.122131 -0.193176 -0.140564
v -0.135254 -0.237244 -0.140198
v -0.118530 -0.237244 -0.059692
v -0.113220 -0.237244 -0.052795
v -0.108826 -0.193237 -0.200745
v -0.113281 -0.237244 -0.200745
v -0.119568 -0.237244 -0.212402
v -0.128052 -0.321167 -0.212402
v -0.144653 -0.321045 -0.140137
v -0.071533 -0.321167 -0.252869
v -0.067627 -0.321167 -0.241394
v -0.069458 -0.376221 -0.241394
v -0.121399 -0.321167 -0.200684
v -0.122192 -0.376221 -0.200684
v -0.135864 -0.321106 -0.140137
v -0.137573 -0.376221 -0.140137
v -0.121399 -0.321045 -0.053345
v -0.122192 -0.376221 -0.053528
v -0.126953 -0.320984 -0.059570
v -0.121399 -0.321045 -0.053345
v -0.065979 -0.281738 -0.241394
v -0.118103 -0.281616 -0.200684
v -0.132141 -0.281311 -0.140076
v -0.118103 -0.280945 -0.053467
v -0.123535 -0.280945 -0.059814
v -0.118103 -0.280945 -0.053467
v -0.140686 -0.281250 -0.140137
v -0.069824 -0.281860 -0.252869
v -0.124573 -0.281616 -0.212402
v -0.038757 0.114624 0.139526
v -0.029236 0.115234 0.144531
v -0.026367 0.133545 0.144775
v -0.051453 0.095947 0.127625
v 0.229065 0.023865 0.088867
v 0.189209 0.038452 0.093140
v 0.134521 0.023132 0.068970
v 0.186646 0.033020 0.088013
v 0.100464 -0.008118 0.035461
v 0.138367 0.019470 0.066650
v 0.106140 -0.040710 0.008911
v 0.113281 -0.036865 0.013611
v 0.108276 -0.008118 0.037048
v 0.144714 -0.054626 0.004944
v 0.195862 -0.041199 0.026733
v 0.147339 -0.049194 0.010132
v 0.225769 -0.007996 0.061035
v 0.192505 -0.037292 0.029358
v 0.233521 -0.007996 0.062622
v 0.221863 0.020142 0.084229
v 0.221863 0.020142 0.084229
v 0.186646 0.033020 0.088013
v 0.182068 0.037903 0.016846
v 0.194641 0.031189 0.013672
v 0.138367 0.019470 0.066650
v 0.167847 0.035461 0.011902
v 0.108276 -0.008118 0.037048
v 0.160889 0.026794 0.003052
v 0.113281 -0.036865 0.013611
v 0.165344 0.015808 -0.005310
v 0.225159 0.155029 -0.114136
v 0.258850 0.161987 -0.154419
v 0.241943 0.140442 -0.134827
v 0.243103 0.167786 -0.138855
v 0.200928 0.131531 -0.192078
v 0.189209 0.108826 -0.160706
v 0.180481 0.131531 -0.143188
v 0.147339 -0.049194 0.010132
v 0.177490 0.009338 -0.008301
v 0.192505 -0.037292 0.029358
v 0.190857 0.011292 -0.003906
v 0.225769 -0.007996 0.061035
v 0.198669 0.020447 0.005371
v 0.188110 0.138855 -0.174622
v 0.189575 0.165405 -0.178284
v 0.213806 0.139038 -0.196838
v 0.206177 0.184265 -0.169311
v 0.235779 0.150818 -0.187744
v 0.229309 0.186279 -0.152466
v 0.255615 0.161011 -0.169678
v 0.213196 0.103088 -0.036133
v 0.189209 0.038452 0.093140
v 0.229065 0.023865 0.088867
v 0.242249 0.090393 -0.041016
v 0.176270 0.094238 -0.051147
v 0.134521 0.023132 0.068970
v 0.155090 0.072571 -0.073853
v 0.161743 0.048035 -0.093323
v 0.106140 -0.040710 0.008911
v 0.100464 -0.008118 0.035461
v 0.189941 0.035950 -0.097900
v 0.144714 -0.054626 0.004944
v 0.224548 0.043518 -0.084412
v 0.195862 -0.041199 0.026733
v 0.248108 0.066467 -0.060120
v 0.233521 -0.007996 0.062622
v 0.251099 0.141357 -0.120483
v 0.195496 0.149536 -0.124878
v 0.138855 0.142578 0.014160
v 0.183411 0.143372 -0.053162
v 0.184509 0.167480 -0.056641
v 0.127930 0.182129 -0.000977
v 0.172302 0.183716 -0.068665
v 0.110352 0.179871 -0.018494
v 0.151733 0.181763 -0.083618
v 0.136902 0.165100 -0.091675
v 0.097717 0.140015 -0.027039
v 0.135498 0.141663 -0.088501
v 0.109070 0.123596 -0.013794
v 0.148010 0.124756 -0.076172
v 0.167175 0.125916 -0.062134
v 0.223694 0.120728 -0.144836
v 0.202209 0.119568 -0.160645
v 0.213806 0.096497 -0.166199
v 0.241638 0.101074 -0.156677
v 0.258484 0.119995 -0.137146
v 0.138916 0.166321 0.011719
v 0.125427 0.125122 0.002502
v 0.106506 0.130981 0.047852
v 0.097534 0.125122 0.030273
v 0.098145 0.163147 -0.028992
v 0.094604 0.178528 0.014526
v 0.107544 0.182800 0.031067
v 0.113953 0.150024 0.056152
v 0.083130 0.157715 0.077820
v 0.082397 0.135803 0.071045
v 0.081787 0.125305 0.052795
v 0.087830 0.159912 0.006043
v 0.094055 0.141724 -0.017273
v 0.078857 0.133545 0.031189
v 0.078064 0.153809 0.021301
v 0.078735 0.174744 0.028015
v 0.115234 0.170410 0.047546
v 0.080872 0.185730 0.046997
v 0.081909 0.178284 0.066895
v 0.060242 0.170776 0.063232
v 0.061768 0.149963 0.075684
v 0.070251 0.134583 0.060608
v 0.069092 0.122742 0.047363
v 0.068787 0.126343 0.028137
v 0.067261 0.145813 0.018066
v 0.065613 0.169128 0.021973
v 0.060669 0.179688 0.043152
v 0.043457 0.142029 0.019348
v 0.042053 0.137024 0.041809
v 0.043457 0.117554 0.055542
v 0.047302 0.093689 0.049622
v 0.050842 0.080688 0.030701
v 0.052246 0.085938 0.007385
v 0.050842 0.105164 -0.005493
v 0.047302 0.127563 -0.000549
v -0.222778 0.020935 0.097961
v -0.180725 0.030273 0.092834
v -0.182678 0.035400 0.098511
v -0.135132 0.018127 0.065552
v -0.131104 0.021606 0.067627
v -0.101013 -0.007629 0.028809
v -0.108582 -0.007690 0.031311
v -0.116272 -0.035156 0.007019
v -0.109680 -0.038696 0.001404
v -0.148560 -0.052551 0.000977
v -0.150574 -0.047363 0.006653
v -0.196838 -0.040527 0.029053
v -0.193237 -0.036743 0.031494
v -0.230164 -0.009460 0.070679
v -0.222656 -0.009338 0.068237
v -0.216125 0.017517 0.092346
v -0.216125 0.017517 0.092346
v -0.196960 0.032471 0.019897
v -0.184082 0.039062 0.022034
v -0.180725 0.030273 0.092834
v -0.170532 0.036987 0.015381
v -0.135132 0.018127 0.065552
v -0.164612 0.028809 0.005371
v -0.108582 -0.007690 0.031311
v -0.169922 0.018250 -0.003052
v -0.116272 -0.035156 0.007019
v -0.241272 0.163025 -0.096741
v -0.261047 0.149902 -0.117249
v -0.279602 0.172302 -0.133057
v -0.262573 0.177490 -0.119568
v -0.226318 0.144165 -0.178528
v -0.210876 0.119568 -0.149475
v -0.182434 0.011963 -0.005005
v -0.150574 -0.047363 0.006653
v -0.195190 0.013611 0.000854
v -0.193237 -0.036743 0.031494
v -0.201904 0.022217 0.011536
v -0.222656 -0.009338 0.068237
v -0.211975 0.150757 -0.162781
v -0.224548 0.130615 -0.148437
v -0.213745 0.177490 -0.164795
v -0.239624 0.151855 -0.181457
v -0.229187 0.195740 -0.152954
v -0.260376 0.163086 -0.169311
v -0.250305 0.196777 -0.133606
v -0.278076 0.172180 -0.148621
v -0.220825 0.106934 -0.023437
v -0.250244 0.094421 -0.025757
v -0.222778 0.020935 0.097961
v -0.182678 0.035400 0.098511
v -0.185791 0.099060 -0.042969
v -0.131104 0.021606 0.067627
v -0.176208 0.055359 -0.088989
v -0.167358 0.078735 -0.069092
v -0.101013 -0.007629 0.028809
v -0.109680 -0.038696 0.001404
v -0.204773 0.043335 -0.091064
v -0.148560 -0.052551 0.000977
v -0.237610 0.050110 -0.073364
v -0.196838 -0.040527 0.029053
v -0.258240 0.071594 -0.045410
v -0.230164 -0.009460 0.070679
v -0.267822 0.149597 -0.100830
v -0.213013 0.158264 -0.110962
v -0.195190 0.172668 -0.044556
v -0.193848 0.148438 -0.042541
v -0.184326 0.189636 -0.056885
v -0.165588 0.188599 -0.074097
v -0.151794 0.172424 -0.084717
v -0.150146 0.148865 -0.083069
v -0.178711 0.131592 -0.054260
v -0.161255 0.131287 -0.070312
v -0.244141 0.130859 -0.130310
v -0.200195 0.141357 -0.131836
v -0.235962 0.107483 -0.152832
v -0.262573 0.111389 -0.140015
v -0.277100 0.129211 -0.117676
v -0.111633 0.153870 0.063232
v -0.111023 0.175354 0.055603
v -0.142334 0.167847 0.018189
v -0.130066 0.127258 0.005188
v -0.142029 0.144043 0.019226
v -0.115601 0.126709 -0.012878
v -0.107849 0.133362 0.053345
v -0.105774 0.143921 -0.026306
v -0.102722 0.126404 0.034912
v -0.106323 0.167053 -0.026916
v -0.098328 0.158508 0.009277
v -0.132751 0.184387 0.005188
v -0.107178 0.185913 0.037659
v -0.117249 0.183105 -0.014221
v -0.077026 0.162476 0.080872
v -0.075684 0.181946 0.067139
v -0.080872 0.138611 0.074951
v -0.084412 0.125610 0.056030
v -0.102356 0.140564 0.001892
v -0.084412 0.150085 0.019775
v -0.085999 0.131042 0.032105
v -0.080872 0.172485 0.024719
v -0.101624 0.177856 0.018005
v -0.077026 0.186951 0.044678
v -0.060730 0.149780 0.074768
v -0.069397 0.174988 0.057312
v -0.068054 0.112000 0.049316
v -0.064514 0.128784 0.070740
v -0.069519 0.122375 0.029297
v -0.066833 0.167419 0.020813
v -0.068054 0.138855 0.014648
v -0.064819 0.178589 0.038696
v -0.047791 0.093689 0.049622
v -0.043945 0.117554 0.055542
v -0.042603 0.137024 0.041809
v -0.043945 0.142029 0.019348
v -0.047791 0.127563 -0.000549
v -0.051331 0.105164 -0.005493
v -0.052795 0.085938 0.007385
v -0.051331 0.080688 0.030701
vt 0.887695 0.033203
vt 0.875000 0.033203
vt 0.887695 0.090820
vt 0.875000 0.097656
vt 0.887695 0.141602
vt 0.875000 0.141602
vt 0.862305 0.100586
vt 0.862305 0.141602
vt 0.747070 0.192383
vt 0.779297 0.192383
vt 0.779297 0.184570
vt 0.747070 0.184570
vt 0.779297 0.175781
vt 0.747070 0.175781
vt 0.779297 0.156250
vt 0.747070 0.156250
vt 0.779297 0.141602
vt 0.747070 0.141602
vt 0.779297 0.033203
vt 0.747070 0.033203
vt 0.717773 0.141602
vt 0.717773 0.033203
vt 0.747070 0.033203
vt 0.747070 0.141602
vt 0.779297 0.033203
vt 0.779297 0.141602
vt 0.793945 0.033203
vt 0.793945 0.090820
vt 0.793945 0.141602
vt 0.812500 0.141602
vt 0.812500 0.076172
vt 0.821289 0.141602
vt 0.821289 0.075195
vt 0.830078 0.141602
vt 0.830078 0.086914
vt 0.862305 0.033203
vt 0.830078 0.033203
vt 0.821289 0.033203
vt 0.812500 0.033203
vt 0.862305 0.100586
vt 0.875000 0.033203
vt 0.875000 0.097656
vt 0.887695 0.090820
vt 0.887695 0.033203
vt 0.887695 0.141602
vt 0.875000 0.141602
vt 0.862305 0.141602
vt 0.793945 0.033203
vt 0.793945 0.090820
vt 0.793945 0.141602
vt 0.812500 0.141602
vt 0.812500 0.076172
vt 0.821289 0.141602
vt 0.821289 0.075195
vt 0.830078 0.141602
vt 0.830078 0.086914
vt 0.862305 0.033203
vt 0.830078 0.033203
vt 0.821289 0.033203
vt 0.812500 0.033203
vt 0.918945 0.127930
vt 0.918945 0.066406
vt 0.868164 0.127930
vt 0.864258 0.066406
vt 0.810547 0.127930
vt 0.810547 0.066406
vt 0.810547 0.127930
vt 0.810547 0.066406
vt 0.797852 0.066406
vt 0.810547 0.127930
vt 0.810547 0.127930
vt 0.868164 0.127930
vt 0.918945 0.127930
vt 0.717773 0.225586
vt 0.779297 0.225586
vt 0.717773 0.192383
vt 0.717773 0.184570
vt 0.717773 0.175781
vt 0.717773 0.156250
vt 0.747070 0.156250
vt 0.779297 0.156250
vt 0.747070 0.175781
vt 0.779297 0.175781
vt 0.747070 0.184570
vt 0.779297 0.184570
vt 0.747070 0.192383
vt 0.779297 0.192383
vt 0.779297 0.225586
vt 0.797852 0.127930
vt 0.797852 0.127930
vt 0.784180 0.127930
vt 0.784180 0.127930
vt 0.784180 0.066406
vt 0.784180 0.066406
vt 0.751953 0.127930
vt 0.751953 0.066406
vt 0.744141 0.066406
vt 0.744141 0.127930
vt 0.734375 0.066406
vt 0.734375 0.127930
vt 0.715820 0.127930
vt 0.715820 0.081055
vt 0.701172 0.127930
vt 0.701172 0.095703
vt 0.701172 0.066406
vt 0.701172 0.095703
vt 0.701172 0.127930
vt 0.715820 0.127930
vt 0.734375 0.127930
vt 0.744141 0.127930
vt 0.751953 0.127930
vt 0.784180 0.127930
vt 0.784180 0.127930
vt 0.797852 0.127930
vt 0.797852 0.127930
vt 0.846680 0.113281
vt 0.869141 0.113281
vt 0.871094 0.113281
vt 0.846680 0.113281
vt 0.871094 0.113281
vt 0.847656 0.113281
vt 0.869141 0.113281
vt 0.850586 0.113281
vt 0.866211 0.113281
vt 0.854492 0.113281
vt 0.862305 0.113281
vt 0.858398 0.113281
vt 0.853516 0.075195
vt 0.854492 0.075195
vt 0.858398 0.075195
vt 0.858398 0.075195
vt 0.862305 0.075195
vt 0.863281 0.075195
vt 0.866211 0.075195
vt 0.867188 0.075195
vt 0.869141 0.075195
vt 0.870117 0.075195
vt 0.871094 0.075195
vt 0.871094 0.075195
vt 0.871094 0.075195
vt 0.871094 0.075195
vt 0.869141 0.075195
vt 0.870117 0.075195
vt 0.866211 0.075195
vt 0.867188 0.075195
vt 0.862305 0.075195
vt 0.863281 0.075195
vt 0.858398 0.075195
vt 0.858398 0.075195
vt 0.854492 0.075195
vt 0.853516 0.075195
vt 0.850586 0.075195
vt 0.849609 0.075195
vt 0.847656 0.075195
vt 0.846680 0.075195
vt 0.846680 0.075195
vt 0.845703 0.075195
vt 0.846680 0.075195
vt 0.845703 0.075195
vt 0.847656 0.075195
vt 0.846680 0.075195
vt 0.850586 0.075195
vt 0.849609 0.075195
vt 0.849609 0.113281
vt 0.853516 0.113281
vt 0.858398 0.113281
vt 0.863281 0.113281
vt 0.867188 0.113281
vt 0.870117 0.113281
vt 0.871094 0.113281
vt 0.871094 0.113281
vt 0.870117 0.113281
vt 0.867188 0.113281
vt 0.863281 0.113281
vt 0.858398 0.113281
vt 0.853516 0.113281
vt 0.849609 0.113281
vt 0.846680 0.113281
vt 0.845703 0.113281
vt 0.845703 0.113281
vt 0.846680 0.113281
vt 0.847656 0.113281
vt 0.850586 0.113281
vt 0.854492 0.113281
vt 0.858398 0.113281
vt 0.862305 0.113281
vt 0.866211 0.113281
vt 0.665039 0.686523
vt 0.661133 0.692383
vt 0.657227 0.686523
vt 0.665039 0.679688
vt 0.657227 0.679688
vt 0.665039 0.672852
vt 0.657227 0.672852
vt 0.665039 0.666016
vt 0.657227 0.666016
vt 0.665039 0.660156
vt 0.657227 0.660156
vt 0.657227 0.653320
vt 0.665039 0.653320
vt 0.657227 0.646484
vt 0.665039 0.646484
vt 0.657227 0.639648
vt 0.665039 0.639648
vt 0.661133 0.633789
vt 0.673828 0.686523
vt 0.669922 0.692383
vt 0.673828 0.679688
vt 0.673828 0.672852
vt 0.673828 0.666016
vt 0.673828 0.660156
vt 0.673828 0.653320
vt 0.673828 0.646484
vt 0.673828 0.639648
vt 0.669922 0.633789
vt 0.677734 0.692383
vt 0.681641 0.686523
vt 0.681641 0.679688
vt 0.681641 0.672852
vt 0.681641 0.666016
vt 0.681641 0.660156
vt 0.681641 0.653320
vt 0.681641 0.646484
vt 0.681641 0.639648
vt 0.677734 0.633789
vt 0.685547 0.692383
vt 0.690430 0.686523
vt 0.690430 0.679688
vt 0.690430 0.672852
vt 0.690430 0.666016
vt 0.690430 0.660156
vt 0.690430 0.653320
vt 0.690430 0.646484
vt 0.690430 0.639648
vt 0.685547 0.633789
vt 0.694336 0.692383
vt 0.698242 0.686523
vt 0.698242 0.679688
vt 0.698242 0.672852
vt 0.698242 0.666016
vt 0.698242 0.660156
vt 0.698242 0.653320
vt 0.698242 0.646484
vt 0.698242 0.639648
vt 0.694336 0.633789
vt 0.671875 0.686523
vt 0.667969 0.692383
vt 0.664062 0.686523
vt 0.671875 0.679688
vt 0.664062 0.679688
vt 0.671875 0.672852
vt 0.664062 0.672852
vt 0.671875 0.666016
vt 0.664062 0.666016
vt 0.671875 0.660156
vt 0.664062 0.660156
vt 0.664062 0.653320
vt 0.671875 0.653320
vt 0.664062 0.646484
vt 0.671875 0.646484
vt 0.664062 0.639648
vt 0.671875 0.639648
vt 0.667969 0.633789
vt 0.826172 0.113281
vt 0.849609 0.113281
vt 0.850586 0.113281
vt 0.826172 0.113281
vt 0.850586 0.113281
vt 0.828125 0.113281
vt 0.849609 0.113281
vt 0.831055 0.113281
vt 0.846680 0.113281
vt 0.834961 0.113281
vt 0.842773 0.113281
vt 0.838867 0.113281
vt 0.833984 0.075195
vt 0.834961 0.075195
vt 0.838867 0.075195
vt 0.838867 0.075195
vt 0.842773 0.075195
vt 0.842773 0.075195
vt 0.846680 0.075195
vt 0.847656 0.075195
vt 0.849609 0.075195
vt 0.850586 0.075195
vt 0.850586 0.075195
vt 0.851562 0.075195
vt 0.850586 0.075195
vt 0.851562 0.075195
vt 0.849609 0.075195
vt 0.850586 0.075195
vt 0.846680 0.075195
vt 0.847656 0.075195
vt 0.842773 0.075195
vt 0.842773 0.075195
vt 0.838867 0.075195
vt 0.838867 0.075195
vt 0.834961 0.075195
vt 0.833984 0.075195
vt 0.831055 0.075195
vt 0.830078 0.075195
vt 0.828125 0.075195
vt 0.827148 0.075195
vt 0.826172 0.075195
vt 0.826172 0.075195
vt 0.826172 0.075195
vt 0.826172 0.075195
vt 0.828125 0.075195
vt 0.827148 0.075195
vt 0.831055 0.075195
vt 0.830078 0.075195
vt 0.830078 0.113281
vt 0.833984 0.113281
vt 0.838867 0.113281
vt 0.842773 0.113281
vt 0.847656 0.113281
vt 0.850586 0.113281
vt 0.851562 0.113281
vt 0.851562 0.113281
vt 0.850586 0.113281
vt 0.847656 0.113281
vt 0.842773 0.113281
vt 0.838867 0.113281
vt 0.833984 0.113281
vt 0.830078 0.113281
vt 0.827148 0.113281
vt 0.826172 0.113281
vt 0.826172 0.113281
vt 0.827148 0.113281
vt 0.828125 0.113281
vt 0.831055 0.113281
vt 0.834961 0.113281
vt 0.838867 0.113281
vt 0.842773 0.113281
vt 0.846680 0.113281
vt 0.665039 0.686523
vt 0.661133 0.692383
vt 0.657227 0.686523
vt 0.665039 0.679688
vt 0.657227 0.679688
vt 0.665039 0.672852
vt 0.657227 0.672852
vt 0.665039 0.666016
vt 0.657227 0.666016
vt 0.665039 0.660156
vt 0.657227 0.660156
vt 0.657227 0.653320
vt 0.665039 0.653320
vt 0.657227 0.646484
vt 0.665039 0.646484
vt 0.657227 0.639648
vt 0.665039 0.639648
vt 0.661133 0.633789
vt 0.673828 0.686523
vt 0.669922 0.692383
vt 0.673828 0.679688
vt 0.673828 0.672852
vt 0.673828 0.666016
vt 0.673828 0.660156
vt 0.673828 0.653320
vt 0.673828 0.646484
vt 0.673828 0.639648
vt 0.669922 0.633789
vt 0.677734 0.692383
vt 0.681641 0.686523
vt 0.681641 0.679688
vt 0.681641 0.672852
vt 0.681641 0.666016
vt 0.681641 0.660156
vt 0.681641 0.653320
vt 0.681641 0.646484
vt 0.681641 0.639648
vt 0.677734 0.633789
vt 0.685547 0.692383
vt 0.690430 0.686523
vt 0.690430 0.679688
vt 0.690430 0.672852
vt 0.690430 0.666016
vt 0.690430 0.660156
vt 0.690430 0.653320
vt 0.690430 0.646484
vt 0.690430 0.639648
vt 0.685547 0.633789
vt 0.694336 0.692383
vt 0.698242 0.686523
vt 0.698242 0.679688
vt 0.698242 0.672852
vt 0.698242 0.666016
vt 0.698242 0.660156
vt 0.698242 0.653320
vt 0.698242 0.646484
vt 0.698242 0.639648
vt 0.694336 0.633789
vt 0.671875 0.686523
vt 0.667969 0.692383
vt 0.664062 0.686523
vt 0.671875 0.679688
vt 0.664062 0.679688
vt 0.671875 0.672852
vt 0.664062 0.672852
vt 0.671875 0.666016
vt 0.664062 0.666016
vt 0.671875 0.660156
vt 0.664062 0.660156
vt 0.664062 0.653320
vt 0.671875 0.653320
vt 0.664062 0.646484
vt 0.671875 0.646484
vt 0.664062 0.639648
vt 0.671875 0.639648
vt 0.667969 0.633789
vt 0.715820 0.192383
vt 0.766602 0.192383
vt 0.715820 0.141602
vt 0.766602 0.141602
vt 0.766602 0.135742
vt 0.817383 0.141602
vt 0.817383 0.135742
vt 0.868164 0.141602
vt 0.868164 0.135742
vt 0.918945 0.135742
vt 0.918945 0.141602
vt 0.766602 0.129883
vt 0.817383 0.129883
vt 0.766602 0.123047
vt 0.817383 0.123047
vt 0.817383 0.116211
vt 0.766602 0.116211
vt 0.817383 0.103516
vt 0.766602 0.103516
vt 0.766602 0.098633
vt 0.817383 0.098633
vt 0.766602 0.094727
vt 0.817383 0.094727
vt 0.868164 0.093750
vt 0.868164 0.097656
vt 0.868164 0.103516
vt 0.868164 0.116211
vt 0.868164 0.124023
vt 0.868164 0.129883
vt 0.918945 0.129883
vt 0.918945 0.124023
vt 0.918945 0.116211
vt 0.918945 0.103516
vt 0.918945 0.098633
vt 0.918945 0.094727
vt 0.918945 0.090820
vt 0.842773 0.090820
vt 0.741211 0.090820
vt 0.715820 0.094727
vt 0.715820 0.098633
vt 0.715820 0.103516
vt 0.715820 0.116211
vt 0.715820 0.124023
vt 0.715820 0.129883
vt 0.715820 0.135742
vt 0.793945 0.033203
vt 0.779297 0.033203
vt 0.779297 0.141602
vt 0.793945 0.090820
vt 0.793945 0.141602
vt 0.812500 0.141602
vt 0.812500 0.076172
vt 0.821289 0.141602
vt 0.821289 0.075195
vt 0.830078 0.141602
vt 0.830078 0.086914
vt 0.862305 0.033203
vt 0.830078 0.033203
vt 0.821289 0.033203
vt 0.812500 0.033203
vt 0.862305 0.100586
vt 0.875000 0.033203
vt 0.875000 0.097656
vt 0.918945 0.127930
vt 0.918945 0.066406
vt 0.868164 0.127930
vt 0.864258 0.066406
vt 0.810547 0.127930
vt 0.810547 0.066406
vt 0.810547 0.127930
vt 0.810547 0.066406
vt 0.797852 0.066406
vt 0.810547 0.127930
vt 0.810547 0.127930
vt 0.868164 0.127930
vt 0.918945 0.127930
vt 0.717773 0.225586
vt 0.779297 0.225586
vt 0.747070 0.192383
vt 0.717773 0.192383
vt 0.747070 0.184570
vt 0.717773 0.184570
vt 0.747070 0.175781
vt 0.717773 0.175781
vt 0.747070 0.156250
vt 0.717773 0.156250
vt 0.747070 0.141602
vt 0.717773 0.141602
vt 0.747070 0.141602
vt 0.747070 0.156250
vt 0.779297 0.141602
vt 0.779297 0.156250
vt 0.747070 0.175781
vt 0.779297 0.175781
vt 0.747070 0.184570
vt 0.779297 0.184570
vt 0.747070 0.192383
vt 0.779297 0.192383
vt 0.862305 0.100586
vt 0.779297 0.225586
vt 0.887695 0.090820
vt 0.887695 0.141602
vt 0.875000 0.097656
vt 0.875000 0.141602
vt 0.862305 0.141602
vt 0.797852 0.127930
vt 0.797852 0.127930
vt 0.784180 0.127930
vt 0.784180 0.127930
vt 0.784180 0.066406
vt 0.784180 0.066406
vt 0.751953 0.127930
vt 0.751953 0.066406
vt 0.744141 0.066406
vt 0.744141 0.127930
vt 0.734375 0.066406
vt 0.734375 0.127930
vt 0.715820 0.127930
vt 0.715820 0.081055
vt 0.701172 0.127930
vt 0.701172 0.095703
vt 0.701172 0.066406
vt 0.701172 0.095703
vt 0.701172 0.127930
vt 0.715820 0.127930
vt 0.734375 0.127930
vt 0.744141 0.127930
vt 0.751953 0.127930
vt 0.784180 0.127930
vt 0.784180 0.127930
vt 0.797852 0.127930
vt 0.797852 0.127930
vt 0.887695 0.033203
vt 0.887695 0.090820
vt 0.887695 0.141602
vt 0.875000 0.141602
vt 0.862305 0.141602
vt 0.779297 0.192383
vt 0.779297 0.184570
vt 0.779297 0.175781
vt 0.779297 0.156250
vt 0.747070 0.033203
vt 0.717773 0.033203
vt 0.747070 0.033203
vt 0.779297 0.033203
vt 0.793945 0.033203
vt 0.793945 0.090820
vt 0.793945 0.141602
vt 0.812500 0.141602
vt 0.812500 0.076172
vt 0.821289 0.141602
vt 0.821289 0.075195
vt 0.830078 0.141602
vt 0.830078 0.086914
vt 0.862305 0.033203
vt 0.830078 0.033203
vt 0.821289 0.033203
vt 0.812500 0.033203
vt 0.875000 0.033203
vt 0.887695 0.033203
vt 0.673828 0.686523
vt 0.669922 0.692383
vt 0.665039 0.686523
vt 0.673828 0.679688
vt 0.665039 0.679688
vt 0.673828 0.672852
vt 0.665039 0.672852
vt 0.673828 0.666016
vt 0.665039 0.666016
vt 0.673828 0.660156
vt 0.665039 0.660156
vt 0.673828 0.653320
vt 0.665039 0.653320
vt 0.673828 0.646484
vt 0.665039 0.646484
vt 0.673828 0.639648
vt 0.665039 0.639648
vt 0.669922 0.633789
vt 0.681641 0.686523
vt 0.677734 0.692383
vt 0.681641 0.679688
vt 0.681641 0.672852
vt 0.681641 0.666016
vt 0.681641 0.660156
vt 0.681641 0.653320
vt 0.681641 0.646484
vt 0.681641 0.639648
vt 0.677734 0.633789
vt 0.690430 0.686523
vt 0.685547 0.692383
vt 0.690430 0.679688
vt 0.690430 0.672852
vt 0.690430 0.666016
vt 0.690430 0.660156
vt 0.690430 0.653320
vt 0.690430 0.646484
vt 0.690430 0.639648
vt 0.685547 0.633789
vt 0.694336 0.692383
vt 0.698242 0.686523
vt 0.698242 0.679688
vt 0.698242 0.672852
vt 0.698242 0.666016
vt 0.698242 0.660156
vt 0.698242 0.653320
vt 0.698242 0.646484
vt 0.698242 0.639648
vt 0.694336 0.633789
vt 0.671875 0.686523
vt 0.667969 0.692383
vt 0.664062 0.686523
vt 0.671875 0.679688
vt 0.664062 0.679688
vt 0.671875 0.672852
vt 0.664062 0.672852
vt 0.671875 0.666016
vt 0.664062 0.666016
vt 0.671875 0.660156
vt 0.664062 0.660156
vt 0.664062 0.653320
vt 0.671875 0.653320
vt 0.664062 0.646484
vt 0.671875 0.646484
vt 0.664062 0.639648
vt 0.671875 0.639648
vt 0.667969 0.633789
vt 0.661133 0.692383
vt 0.657227 0.686523
vt 0.657227 0.679688
vt 0.657227 0.672852
vt 0.657227 0.666016
vt 0.657227 0.660156
vt 0.657227 0.653320
vt 0.657227 0.646484
vt 0.657227 0.639648
vt 0.661133 0.633789
vt 0.842773 0.121094
vt 0.842773 0.121094
vt 0.838867 0.121094
vt 0.838867 0.121094
vt 0.834961 0.121094
vt 0.833984 0.121094
vt 0.831055 0.121094
vt 0.830078 0.121094
vt 0.828125 0.121094
vt 0.827148 0.121094
vt 0.826172 0.121094
vt 0.826172 0.121094
vt 0.826172 0.121094
vt 0.826172 0.121094
vt 0.828125 0.121094
vt 0.827148 0.121094
vt 0.831055 0.121094
vt 0.830078 0.121094
vt 0.834961 0.121094
vt 0.833984 0.121094
vt 0.838867 0.121094
vt 0.838867 0.121094
vt 0.842773 0.121094
vt 0.842773 0.121094
vt 0.846680 0.121094
vt 0.847656 0.121094
vt 0.849609 0.121094
vt 0.850586 0.121094
vt 0.850586 0.121094
vt 0.851562 0.121094
vt 0.850586 0.121094
vt 0.851562 0.121094
vt 0.849609 0.121094
vt 0.850586 0.121094
vt 0.846680 0.121094
vt 0.847656 0.121094
vt 0.847656 0.083008
vt 0.842773 0.083008
vt 0.838867 0.083008
vt 0.833984 0.083008
vt 0.830078 0.083008
vt 0.827148 0.083008
vt 0.826172 0.083008
vt 0.826172 0.083008
vt 0.827148 0.083008
vt 0.830078 0.083008
vt 0.833984 0.083008
vt 0.838867 0.083008
vt 0.842773 0.083008
vt 0.847656 0.083008
vt 0.850586 0.083008
vt 0.851562 0.083008
vt 0.851562 0.083008
vt 0.850586 0.083008
vt 0.849609 0.083008
vt 0.846680 0.083008
vt 0.842773 0.083008
vt 0.838867 0.083008
vt 0.834961 0.083008
vt 0.831055 0.083008
vt 0.828125 0.083008
vt 0.826172 0.083008
vt 0.826172 0.083008
vt 0.828125 0.083008
vt 0.831055 0.083008
vt 0.834961 0.083008
vt 0.838867 0.083008
vt 0.842773 0.083008
vt 0.846680 0.083008
vt 0.849609 0.083008
vt 0.850586 0.083008
vt 0.850586 0.083008
vt 0.665039 0.686523
vt 0.661133 0.692383
vt 0.657227 0.686523
vt 0.665039 0.679688
vt 0.657227 0.679688
vt 0.665039 0.672852
vt 0.657227 0.672852
vt 0.665039 0.666016
vt 0.657227 0.666016
vt 0.665039 0.660156
vt 0.657227 0.660156
vt 0.665039 0.653320
vt 0.657227 0.653320
vt 0.665039 0.646484
vt 0.657227 0.646484
vt 0.665039 0.639648
vt 0.657227 0.639648
vt 0.661133 0.633789
vt 0.681641 0.686523
vt 0.677734 0.692383
vt 0.673828 0.686523
vt 0.681641 0.679688
vt 0.673828 0.679688
vt 0.681641 0.672852
vt 0.673828 0.672852
vt 0.681641 0.666016
vt 0.673828 0.666016
vt 0.681641 0.660156
vt 0.673828 0.660156
vt 0.681641 0.653320
vt 0.673828 0.653320
vt 0.681641 0.646484
vt 0.673828 0.646484
vt 0.681641 0.639648
vt 0.673828 0.639648
vt 0.677734 0.633789
vt 0.669922 0.692383
vt 0.669922 0.633789
vt 0.690430 0.686523
vt 0.685547 0.692383
vt 0.690430 0.679688
vt 0.690430 0.672852
vt 0.690430 0.666016
vt 0.690430 0.660156
vt 0.690430 0.653320
vt 0.690430 0.646484
vt 0.690430 0.639648
vt 0.685547 0.633789
vt 0.694336 0.692383
vt 0.698242 0.686523
vt 0.698242 0.679688
vt 0.698242 0.672852
vt 0.698242 0.666016
vt 0.698242 0.660156
vt 0.698242 0.653320
vt 0.698242 0.646484
vt 0.698242 0.639648
vt 0.694336 0.633789
vt 0.671875 0.686523
vt 0.667969 0.692383
vt 0.664062 0.686523
vt 0.671875 0.679688
vt 0.664062 0.679688
vt 0.671875 0.672852
vt 0.664062 0.672852
vt 0.671875 0.666016
vt 0.664062 0.666016
vt 0.671875 0.660156
vt 0.664062 0.660156
vt 0.664062 0.653320
vt 0.671875 0.653320
vt 0.664062 0.646484
vt 0.671875 0.646484
vt 0.664062 0.639648
vt 0.671875 0.639648
vt 0.667969 0.633789
vt 0.863281 0.121094
vt 0.862305 0.121094
vt 0.858398 0.121094
vt 0.858398 0.121094
vt 0.854492 0.121094
vt 0.853516 0.121094
vt 0.850586 0.121094
vt 0.849609 0.121094
vt 0.847656 0.121094
vt 0.846680 0.121094
vt 0.846680 0.121094
vt 0.845703 0.121094
vt 0.846680 0.121094
vt 0.845703 0.121094
vt 0.847656 0.121094
vt 0.846680 0.121094
vt 0.850586 0.121094
vt 0.849609 0.121094
vt 0.854492 0.121094
vt 0.853516 0.121094
vt 0.858398 0.121094
vt 0.858398 0.121094
vt 0.862305 0.121094
vt 0.863281 0.121094
vt 0.866211 0.121094
vt 0.867188 0.121094
vt 0.869141 0.121094
vt 0.870117 0.121094
vt 0.871094 0.121094
vt 0.871094 0.121094
vt 0.871094 0.121094
vt 0.871094 0.121094
vt 0.869141 0.121094
vt 0.870117 0.121094
vt 0.866211 0.121094
vt 0.867188 0.121094
vt 0.867188 0.083008
vt 0.863281 0.083008
vt 0.858398 0.083008
vt 0.853516 0.083008
vt 0.849609 0.083008
vt 0.846680 0.083008
vt 0.845703 0.083008
vt 0.845703 0.083008
vt 0.846680 0.083008
vt 0.849609 0.083008
vt 0.853516 0.083008
vt 0.858398 0.083008
vt 0.863281 0.083008
vt 0.867188 0.083008
vt 0.870117 0.083008
vt 0.871094 0.083008
vt 0.871094 0.083008
vt 0.870117 0.083008
vt 0.869141 0.083008
vt 0.866211 0.083008
vt 0.862305 0.083008
vt 0.858398 0.083008
vt 0.854492 0.083008
vt 0.850586 0.083008
vt 0.847656 0.083008
vt 0.846680 0.083008
vt 0.846680 0.083008
vt 0.847656 0.083008
vt 0.850586 0.083008
vt 0.854492 0.083008
vt 0.858398 0.083008
vt 0.862305 0.083008
vt 0.866211 0.083008
vt 0.869141 0.083008
vt 0.871094 0.083008
vt 0.871094 0.083008
vt 0.817383 0.135742
vt 0.766602 0.135742
vt 0.766602 0.129883
vt 0.817383 0.129883
vt 0.766602 0.123047
vt 0.817383 0.123047
vt 0.817383 0.116211
vt 0.766602 0.116211
vt 0.817383 0.103516
vt 0.766602 0.103516
vt 0.766602 0.098633
vt 0.817383 0.098633
vt 0.766602 0.094727
vt 0.817383 0.094727
vt 0.868164 0.093750
vt 0.868164 0.097656
vt 0.868164 0.103516
vt 0.868164 0.116211
vt 0.868164 0.124023
vt 0.868164 0.129883
vt 0.868164 0.135742
vt 0.918945 0.135742
vt 0.918945 0.129883
vt 0.918945 0.124023
vt 0.918945 0.116211
vt 0.918945 0.103516
vt 0.918945 0.098633
vt 0.918945 0.094727
vt 0.918945 0.090820
vt 0.842773 0.090820
vt 0.741211 0.090820
vt 0.715820 0.094727
vt 0.715820 0.098633
vt 0.715820 0.103516
vt 0.715820 0.116211
vt 0.715820 0.124023
vt 0.715820 0.129883
vt 0.715820 0.135742
vt 0.715820 0.141602
vt 0.715820 0.192383
vt 0.766602 0.141602
vt 0.868164 0.141602
vt 0.918945 0.141602
vt 0.904297 0.639648
vt 0.904297 0.677734
vt 0.904297 0.639648
vt 0.904297 0.677734
vt 0.904297 0.677734
vt 0.866211 0.677734
vt 0.866211 0.677734
vt 0.822266 0.677734
vt 0.822266 0.677734
vt 0.822266 0.639648
vt 0.822266 0.639648
vt 0.822266 0.677734
vt 0.822266 0.677734
vt 0.866211 0.677734
vt 0.866211 0.677734
vt 0.904297 0.677734
vt 0.904297 0.639648
vt 0.904297 0.677734
vt 0.866211 0.677734
vt 0.822266 0.677734
vt 0.822266 0.639648
vt 0.822266 0.677734
vt 0.866211 0.677734
vt 0.904297 0.677734
vt 0.904297 0.639648
vt 0.904297 0.677734
vt 0.866211 0.677734
vt 0.822266 0.677734
vt 0.822266 0.639648
vt 0.822266 0.677734
vt 0.866211 0.677734
vt 0.904297 0.677734
vt 0.904297 0.639648
vt 0.975586 0.677734
vt 0.975586 0.639648
vt 0.953125 0.639648
vt 0.953125 0.677734
vt 0.920898 0.639648
vt 0.920898 0.677734
vt 0.904297 0.677734
vt 0.866211 0.677734
vt 0.822266 0.677734
vt 0.822266 0.639648
vt 0.822266 0.677734
vt 0.866211 0.677734
vt 0.904297 0.677734
vt 0.920898 0.677734
vt 0.953125 0.677734
vt 0.975586 0.677734
vt 0.986328 0.677734
vt 0.986328 0.639648
vt 0.986328 0.677734
vt 0.822266 0.657227
vt 0.822266 0.655273
vt 0.822266 0.665039
vt 0.822266 0.666992
vt 0.822266 0.677734
vt 0.822266 0.677734
vt 0.859375 0.677734
vt 0.859375 0.677734
vt 0.904297 0.677734
vt 0.904297 0.677734
vt 0.904297 0.666992
vt 0.904297 0.668945
vt 0.904297 0.658203
vt 0.904297 0.646484
vt 0.878906 0.647461
vt 0.881836 0.632812
vt 0.904297 0.632812
vt 0.904297 0.646484
vt 0.904297 0.648438
vt 0.904297 0.672852
vt 0.904297 0.668945
vt 0.904297 0.677734
vt 0.837891 0.699219
vt 0.875977 0.710938
vt 0.837891 0.710938
vt 0.875977 0.699219
vt 0.875977 0.710938
vt 0.919922 0.710938
vt 0.919922 0.699219
vt 0.958008 0.710938
vt 0.958008 0.699219
vt 0.919922 0.676758
vt 0.958008 0.676758
vt 0.958008 0.645508
vt 0.919922 0.645508
vt 0.958008 0.628906
vt 0.919922 0.628906
vt 0.875977 0.645508
vt 0.875977 0.628906
vt 0.837891 0.645508
vt 0.837891 0.628906
vt 0.875977 0.628906
vt 0.875977 0.645508
vt 0.919922 0.628906
vt 0.919922 0.645508
vt 0.958008 0.628906
vt 0.958008 0.645508
vt 0.919922 0.676758
vt 0.958008 0.676758
vt 0.958008 0.699219
vt 0.919922 0.699219
vt 0.958008 0.710938
vt 0.919922 0.710938
vt 0.875977 0.699219
vt 0.837891 0.676758
vt 0.875977 0.676758
vt 0.875977 0.676758
vt 0.975586 0.677734
vt 0.986328 0.677734
vt 0.986328 0.639648
vt 0.975586 0.639648
vt 0.975586 0.677734
vt 0.986328 0.677734
vt 0.904297 0.639648
vt 0.904297 0.677734
vt 0.920898 0.677734
vt 0.920898 0.639648
vt 0.953125 0.677734
vt 0.953125 0.639648
vt 0.953125 0.677734
vt 0.920898 0.677734
vt 0.904297 0.677734
vt 0.904297 0.677734
vt 0.866211 0.677734
vt 0.866211 0.677734
vt 0.822266 0.677734
vt 0.822266 0.677734
vt 0.822266 0.639648
vt 0.822266 0.639648
vt 0.822266 0.677734
vt 0.822266 0.677734
vt 0.866211 0.677734
vt 0.866211 0.677734
vt 0.904297 0.677734
vt 0.904297 0.639648
vt 0.919922 0.628906
vt 0.958008 0.628906
vt 0.919922 0.645508
vt 0.958008 0.645508
vt 0.919922 0.676758
vt 0.958008 0.676758
vt 0.958008 0.699219
vt 0.919922 0.699219
vt 0.958008 0.710938
vt 0.919922 0.710938
vt 0.875977 0.699219
vt 0.875977 0.710938
vt 0.837891 0.710938
vt 0.837891 0.699219
vt 0.875977 0.710938
vt 0.875977 0.699219
vt 0.919922 0.710938
vt 0.919922 0.699219
vt 0.958008 0.710938
vt 0.958008 0.699219
vt 0.919922 0.676758
vt 0.958008 0.676758
vt 0.958008 0.645508
vt 0.919922 0.645508
vt 0.958008 0.628906
vt 0.919922 0.628906
vt 0.875977 0.645508
vt 0.875977 0.628906
vt 0.837891 0.628906
vt 0.837891 0.645508
vt 0.875977 0.628906
vt 0.875977 0.645508
vt 0.875977 0.676758
vt 0.837891 0.676758
vt 0.875977 0.676758
vt 0.904297 0.677734
vt 0.904297 0.677734
vt 0.866211 0.677734
vt 0.866211 0.677734
vt 0.822266 0.677734
vt 0.822266 0.677734
vt 0.822266 0.639648
vt 0.822266 0.639648
vt 0.822266 0.677734
vt 0.822266 0.677734
vt 0.866211 0.677734
vt 0.866211 0.677734
vt 0.904297 0.677734
vt 0.904297 0.677734
vt 0.904297 0.639648
vt 0.904297 0.639648
vt 0.205078 0.319336
vt 0.207031 0.325195
vt 0.203125 0.325195
vt 0.207031 0.330078
vt 0.203125 0.330078
vt 0.199219 0.330078
vt 0.199219 0.325195
vt 0.201172 0.319336
vt 0.177734 0.335938
vt 0.177734 0.330078
vt 0.181641 0.335938
vt 0.181641 0.330078
vt 0.186523 0.335938
vt 0.186523 0.330078
vt 0.190430 0.335938
vt 0.190430 0.330078
vt 0.194336 0.330078
vt 0.194336 0.335938
vt 0.199219 0.335938
vt 0.203125 0.335938
vt 0.207031 0.335938
vt 0.211914 0.335938
vt 0.211914 0.330078
vt 0.211914 0.325195
vt 0.208984 0.319336
vt 0.460938 0.817383
vt 0.565430 0.718750
vt 0.528320 0.856445
vt 0.389648 0.889648
vt 0.427734 0.957031
vt 0.291016 0.916016
vt 0.291016 0.993164
vt 0.153320 0.957031
vt 0.192383 0.889648
vt 0.052734 0.856445
vt 0.120117 0.817383
vt 0.016602 0.718750
vt 0.093750 0.718750
vt 0.120117 0.620117
vt 0.052734 0.582031
vt 0.192383 0.548828
vt 0.153320 0.481445
vt 0.291016 0.522461
vt 0.291016 0.444336
vt 0.427734 0.481445
vt 0.389648 0.548828
vt 0.528320 0.582031
vt 0.460938 0.620117
vt 0.487305 0.718750
vt 0.291016 0.718750
vt 0.215820 0.325195
vt 0.217773 0.319336
vt 0.219727 0.325195
vt 0.215820 0.330078
vt 0.219727 0.330078
vt 0.215820 0.335938
vt 0.219727 0.335938
vt 0.215820 0.341797
vt 0.219727 0.341797
vt 0.215820 0.347656
vt 0.219727 0.347656
vt 0.219727 0.353516
vt 0.215820 0.353516
vt 0.219727 0.358398
vt 0.215820 0.358398
vt 0.211914 0.358398
vt 0.211914 0.353516
vt 0.207031 0.358398
vt 0.207031 0.353516
vt 0.203125 0.358398
vt 0.203125 0.353516
vt 0.199219 0.353516
vt 0.199219 0.358398
vt 0.194336 0.353516
vt 0.194336 0.358398
vt 0.190430 0.353516
vt 0.190430 0.358398
vt 0.186523 0.358398
vt 0.186523 0.353516
vt 0.181641 0.358398
vt 0.181641 0.353516
vt 0.177734 0.358398
vt 0.177734 0.353516
vt 0.173828 0.353516
vt 0.173828 0.358398
vt 0.168945 0.353516
vt 0.168945 0.358398
vt 0.168945 0.347656
vt 0.173828 0.347656
vt 0.177734 0.347656
vt 0.181641 0.347656
vt 0.186523 0.347656
vt 0.190430 0.347656
vt 0.194336 0.347656
vt 0.199219 0.347656
vt 0.203125 0.347656
vt 0.207031 0.347656
vt 0.211914 0.347656
vt 0.211914 0.341797
vt 0.207031 0.341797
vt 0.203125 0.341797
vt 0.199219 0.341797
vt 0.194336 0.341797
vt 0.190430 0.341797
vt 0.186523 0.341797
vt 0.181641 0.341797
vt 0.177734 0.341797
vt 0.173828 0.341797
vt 0.168945 0.341797
vt 0.173828 0.335938
vt 0.168945 0.335938
vt 0.173828 0.330078
vt 0.168945 0.330078
vt 0.173828 0.325195
vt 0.168945 0.325195
vt 0.170898 0.319336
vt 0.213867 0.319336
vt 0.177734 0.325195
vt 0.175781 0.319336
vt 0.181641 0.325195
vt 0.179688 0.319336
vt 0.186523 0.325195
vt 0.183594 0.319336
vt 0.190430 0.325195
vt 0.188477 0.319336
vt 0.194336 0.325195
vt 0.196289 0.319336
vt 0.192383 0.319336
vt 0.904297 0.632812
vt 0.904297 0.648438
vt 0.904297 0.672852
vt 0.822266 0.657227
vt 0.822266 0.632812
vt 0.822266 0.662109
vt 0.822266 0.665039
vt 0.822266 0.677734
vt 0.822266 0.677734
vt 0.859375 0.677734
vt 0.859375 0.677734
vt 0.904297 0.677734
vt 0.904297 0.650391
vt 0.904297 0.632812
vt 0.904297 0.650391
vt 0.904297 0.677734
vt 0.859375 0.677734
vt 0.822266 0.677734
vt 0.822266 0.662109
vt 0.822266 0.632812
vt 0.822266 0.647461
vt 0.822266 0.655273
vt 0.822266 0.666992
vt 0.822266 0.677734
vt 0.859375 0.677734
vt 0.904297 0.677734
vt 0.904297 0.666992
vt 0.904297 0.658203
vt 0.878906 0.647461
vt 0.859375 0.632812
vt 0.859375 0.647461
vt 0.859375 0.652344
vt 0.822266 0.647461
vt 0.822266 0.632812
vt 0.859375 0.647461
vt 0.859375 0.652344
vt 0.822266 0.639648
vt 0.822266 0.677734
vt 0.866211 0.677734
vt 0.904297 0.677734
vt 0.904297 0.639648
vt 0.904297 0.677734
vt 0.866211 0.677734
vt 0.822266 0.677734
vt 0.140625 0.395508
vt 0.125000 0.388672
vt 0.145508 0.375000
vt 0.128906 0.369141
vt 0.148438 0.360352
vt 0.131836 0.355469
vt 0.150391 0.349609
vt 0.133789 0.345703
vt 0.151367 0.341797
vt 0.135742 0.339844
vt 0.151367 0.334961
vt 0.135742 0.334961
vt 0.135742 0.330078
vt 0.151367 0.329102
vt 0.133789 0.324219
vt 0.150391 0.321289
vt 0.131836 0.315430
vt 0.148438 0.310547
vt 0.128906 0.300781
vt 0.145508 0.295898
vt 0.125000 0.281250
vt 0.140625 0.275391
vt 0.248047 0.333008
vt 0.243164 0.333008
vt 0.243164 0.309570
vt 0.248047 0.308594
vt 0.241211 0.294922
vt 0.245117 0.293945
vt 0.240234 0.282227
vt 0.236328 0.285156
vt 0.231445 0.279297
vt 0.233398 0.274414
vt 0.225586 0.277344
vt 0.225586 0.272461
vt 0.217773 0.274414
vt 0.219727 0.279297
vt 0.210938 0.282227
vt 0.214844 0.285156
vt 0.209961 0.294922
vt 0.206055 0.293945
vt 0.203125 0.308594
vt 0.208008 0.309570
vt 0.203125 0.333008
vt 0.207031 0.333008
vt 0.120117 0.401367
vt 0.104492 0.395508
vt 0.125000 0.379883
vt 0.109375 0.374023
vt 0.127930 0.365234
vt 0.112305 0.360352
vt 0.130859 0.353516
vt 0.114258 0.349609
vt 0.131836 0.342773
vt 0.116211 0.340820
vt 0.131836 0.334961
vt 0.116211 0.334961
vt 0.116211 0.329102
vt 0.131836 0.328125
vt 0.114258 0.321289
vt 0.130859 0.317383
vt 0.112305 0.309570
vt 0.127930 0.304688
vt 0.109375 0.296875
vt 0.125000 0.291016
vt 0.104492 0.275391
vt 0.120117 0.268555
vt 0.322266 0.354492
vt 0.327148 0.337891
vt 0.329102 0.340820
vt 0.336914 0.334961
vt 0.344727 0.340820
vt 0.348633 0.354492
vt 0.325195 0.354492
vt 0.347656 0.368164
vt 0.325195 0.368164
vt 0.336914 0.374023
vt 0.350586 0.372070
vt 0.336914 0.378906
vt 0.336914 0.374023
vt 0.323242 0.372070
vt 0.325195 0.354492
vt 0.348633 0.354492
vt 0.350586 0.354492
vt 0.347656 0.368164
vt 0.325195 0.368164
vt 0.345703 0.337891
vt 0.336914 0.331055
vt 0.336914 0.334961
vt 0.344727 0.340820
vt 0.329102 0.340820
vt 0.187500 0.400391
vt 0.168945 0.392578
vt 0.192383 0.375977
vt 0.173828 0.368164
vt 0.195312 0.362305
vt 0.176758 0.355469
vt 0.197266 0.350586
vt 0.178711 0.344727
vt 0.198242 0.340820
vt 0.180664 0.337891
vt 0.199219 0.332031
vt 0.180664 0.332031
vt 0.180664 0.327148
vt 0.198242 0.324219
vt 0.178711 0.320312
vt 0.197266 0.314453
vt 0.176758 0.309570
vt 0.195312 0.302734
vt 0.173828 0.296875
vt 0.192383 0.289062
vt 0.168945 0.272461
vt 0.187500 0.263672
vt 0.249023 0.398438
vt 0.245117 0.398438
vt 0.244141 0.371094
vt 0.249023 0.370117
vt 0.246094 0.355469
vt 0.242188 0.356445
vt 0.241211 0.343750
vt 0.237305 0.346680
vt 0.234375 0.336914
vt 0.232422 0.341797
vt 0.226562 0.334961
vt 0.226562 0.339844
vt 0.220703 0.341797
vt 0.218750 0.336914
vt 0.214844 0.346680
vt 0.211914 0.343750
vt 0.210938 0.356445
vt 0.206055 0.355469
vt 0.208008 0.371094
vt 0.204102 0.370117
vt 0.203125 0.398438
vt 0.208008 0.398438
vt 0.165039 0.396484
vt 0.146484 0.388672
vt 0.169922 0.373047
vt 0.152344 0.365234
vt 0.172852 0.359375
vt 0.154297 0.352539
vt 0.174805 0.348633
vt 0.156250 0.343750
vt 0.175781 0.340820
vt 0.157227 0.338867
vt 0.176758 0.333984
vt 0.158203 0.333984
vt 0.157227 0.330078
vt 0.175781 0.328125
vt 0.156250 0.325195
vt 0.174805 0.320312
vt 0.154297 0.316406
vt 0.172852 0.309570
vt 0.152344 0.303711
vt 0.169922 0.295898
vt 0.146484 0.280273
vt 0.165039 0.272461
vt 0.215820 0.325195
vt 0.217773 0.319336
vt 0.219727 0.325195
vt 0.215820 0.330078
vt 0.219727 0.330078
vt 0.215820 0.335938
vt 0.219727 0.335938
vt 0.215820 0.341797
vt 0.219727 0.341797
vt 0.215820 0.347656
vt 0.219727 0.347656
vt 0.219727 0.353516
vt 0.215820 0.353516
vt 0.219727 0.358398
vt 0.215820 0.358398
vt 0.211914 0.358398
vt 0.211914 0.353516
vt 0.207031 0.358398
vt 0.207031 0.353516
vt 0.203125 0.358398
vt 0.203125 0.353516
vt 0.199219 0.353516
vt 0.199219 0.358398
vt 0.194336 0.353516
vt 0.194336 0.358398
vt 0.190430 0.353516
vt 0.190430 0.358398
vt 0.186523 0.358398
vt 0.186523 0.353516
vt 0.181641 0.358398
vt 0.181641 0.353516
vt 0.177734 0.358398
vt 0.177734 0.353516
vt 0.173828 0.353516
vt 0.173828 0.358398
vt 0.168945 0.353516
vt 0.168945 0.358398
vt 0.168945 0.347656
vt 0.173828 0.347656
vt 0.177734 0.347656
vt 0.181641 0.347656
vt 0.186523 0.347656
vt 0.190430 0.347656
vt 0.194336 0.347656
vt 0.199219 0.347656
vt 0.203125 0.347656
vt 0.207031 0.347656
vt 0.211914 0.347656
vt 0.211914 0.341797
vt 0.207031 0.341797
vt 0.203125 0.341797
vt 0.199219 0.341797
vt 0.194336 0.341797
vt 0.190430 0.341797
vt 0.186523 0.341797
vt 0.181641 0.341797
vt 0.177734 0.341797
vt 0.173828 0.341797
vt 0.168945 0.341797
vt 0.173828 0.335938
vt 0.168945 0.335938
vt 0.173828 0.330078
vt 0.168945 0.330078
vt 0.173828 0.325195
vt 0.168945 0.325195
vt 0.170898 0.319336
vt 0.213867 0.319336
vt 0.211914 0.325195
vt 0.211914 0.330078
vt 0.211914 0.335938
vt 0.207031 0.335938
vt 0.203125 0.335938
vt 0.199219 0.335938
vt 0.194336 0.335938
vt 0.190430 0.335938
vt 0.186523 0.335938
vt 0.181641 0.335938
vt 0.177734 0.335938
vt 0.177734 0.330078
vt 0.177734 0.325195
vt 0.175781 0.319336
vt 0.181641 0.330078
vt 0.186523 0.330078
vt 0.190430 0.330078
vt 0.194336 0.330078
vt 0.199219 0.330078
vt 0.203125 0.330078
vt 0.207031 0.330078
vt 0.207031 0.325195
vt 0.208984 0.319336
vt 0.181641 0.325195
vt 0.179688 0.319336
vt 0.186523 0.325195
vt 0.190430 0.325195
vt 0.188477 0.319336
vt 0.199219 0.325195
vt 0.194336 0.325195
vt 0.196289 0.319336
vt 0.192383 0.319336
vt 0.183594 0.319336
vt 0.460938 0.817383
vt 0.565430 0.718750
vt 0.528320 0.856445
vt 0.389648 0.889648
vt 0.427734 0.957031
vt 0.291016 0.916016
vt 0.291016 0.993164
vt 0.153320 0.957031
vt 0.192383 0.889648
vt 0.052734 0.856445
vt 0.120117 0.817383
vt 0.016602 0.718750
vt 0.093750 0.718750
vt 0.120117 0.620117
vt 0.052734 0.582031
vt 0.192383 0.548828
vt 0.153320 0.481445
vt 0.291016 0.522461
vt 0.291016 0.444336
vt 0.427734 0.481445
vt 0.389648 0.548828
vt 0.528320 0.582031
vt 0.460938 0.620117
vt 0.487305 0.718750
vt 0.291016 0.718750
vt 0.205078 0.319336
vt 0.203125 0.325195
vt 0.201172 0.319336
vt 0.828125 0.806641
vt 0.946289 0.806641
vt 0.878906 0.877930
vt 0.987305 0.911133
vt 0.875977 0.806641
vt 0.987305 0.806641
vt 0.942383 0.892578
vt 0.828125 0.905273
vt 0.927734 0.806641
vt 0.927734 0.806641
vt 0.927734 0.846680
vt 0.927734 0.806641
vt 0.927734 0.846680
vt 0.927734 0.806641
vt 0.927734 0.846680
vt 0.927734 0.806641
vt 0.887695 0.806641
vt 0.887695 0.806641
vt 0.887695 0.806641
vt 0.908203 0.806641
vt 0.896484 0.806641
vt 0.900391 0.806641
vt 0.887695 0.846680
vt 0.887695 0.846680
vt 0.887695 0.846680
vt 0.887695 0.846680
vt 0.887695 0.806641
vt 0.887695 0.846680
vt 0.887695 0.806641
vt 0.887695 0.846680
vt 0.887695 0.817383
vt 0.887695 0.846680
vt 0.887695 0.825195
vt 0.872070 0.846680
vt 0.872070 0.846680
vt 0.872070 0.846680
vt 0.873047 0.846680
vt 0.847656 0.846680
vt 0.847656 0.846680
vt 0.847656 0.846680
vt 0.847656 0.846680
vt 0.847656 0.846680
vt 0.847656 0.846680
vt 0.847656 0.846680
vt 0.847656 0.846680
vt 0.847656 0.846680
vt 0.847656 0.846680
vt 0.847656 0.846680
vt 0.847656 0.846680
vt 0.847656 0.846680
vt 0.847656 0.846680
vt 0.847656 0.846680
vt 0.847656 0.846680
vt 0.847656 0.846680
vt 0.847656 0.846680
vt 0.847656 0.846680
vt 0.847656 0.846680
vt 0.847656 0.846680
vt 0.847656 0.846680
vt 0.847656 0.806641
vt 0.847656 0.806641
vt 0.847656 0.806641
vt 0.847656 0.806641
vt 0.847656 0.846680
vt 0.847656 0.846680
vt 0.847656 0.846680
vt 0.847656 0.806641
vt 0.847656 0.806641
vt 0.887695 0.826172
vt 0.847656 0.846680
vt 0.847656 0.846680
vt 0.847656 0.846680
vt 0.847656 0.846680
vt 0.887695 0.835938
vt 0.887695 0.846680
vt 0.887695 0.833984
vt 0.847656 0.806641
vt 0.847656 0.806641
vt 0.887695 0.965820
vt 0.887695 0.925781
vt 0.927734 0.965820
vt 0.919922 0.925781
vt 0.912109 0.846680
vt 0.912109 0.846680
vt 0.887695 0.885742
vt 0.912109 0.885742
vt 0.927734 0.846680
vt 0.927734 0.885742
vt 0.912109 0.885742
vt 0.927734 0.885742
vt 0.912109 0.885742
vt 0.927734 0.885742
vt 0.927734 0.885742
vt 0.912109 0.885742
vt 0.917969 0.903320
vt 0.919922 0.921875
vt 0.919922 0.921875
vt 0.919922 0.922852
vt 0.919922 0.923828
vt 0.927734 0.885742
vt 0.927734 0.925781
vt 0.927734 0.885742
vt 0.927734 0.925781
vt 0.927734 0.885742
vt 0.927734 0.925781
vt 0.927734 0.885742
vt 0.927734 0.885742
vt 0.927734 0.885742
vt 0.927734 0.925781
vt 0.927734 0.925781
vt 0.927734 0.925781
vt 0.912109 0.846680
vt 0.912109 0.846680
vt 0.927734 0.846680
vt 0.967773 0.846680
vt 0.967773 0.846680
vt 0.967773 0.806641
vt 0.967773 0.806641
vt 0.927734 0.806641
vt 0.927734 0.846680
vt 0.967773 0.846680
vt 0.967773 0.806641
vt 0.927734 0.806641
vt 0.927734 0.846680
vt 0.967773 0.846680
vt 0.967773 0.806641
vt 0.927734 0.806641
vt 0.967773 0.829102
vt 0.967773 0.806641
vt 0.967773 0.829102
vt 0.967773 0.806641
vt 0.967773 0.829102
vt 0.967773 0.806641
vt 0.967773 0.829102
vt 0.967773 0.806641
vt 0.971680 0.851562
vt 0.987305 0.881836
vt 0.987305 0.881836
vt 0.987305 0.881836
vt 0.987305 0.881836
vt 0.971680 0.851562
vt 0.971680 0.851562
vt 0.971680 0.851562
vt 0.968750 0.843750
vt 0.839844 0.893555
vt 0.839844 0.893555
vt 0.828125 0.806641
vt 0.828125 0.806641
vt 0.839844 0.893555
vt 0.828125 0.806641
vt 0.901367 0.846680
vt 0.968750 0.843750
vt 0.189453 0.044922
vt 0.182617 0.044922
vt 0.182617 0.045898
vt 0.189453 0.045898
vt 0.182617 0.046875
vt 0.189453 0.046875
vt 0.189453 0.048828
vt 0.182617 0.048828
vt 0.182617 0.039062
vt 0.182617 0.040039
vt 0.189453 0.041992
vt 0.182617 0.041992
vt 0.182617 0.043945
vt 0.189453 0.041992
vt 0.189453 0.040039
vt 0.189453 0.041016
vt 0.189453 0.043945
vt 0.189453 0.043945
vt 0.182617 0.043945
vt 0.182617 0.043945
vt 0.189453 0.043945
vt 0.189453 0.043945
vt 0.189453 0.041016
vt 0.189453 0.041016
vt 0.189453 0.043945
vt 0.818359 0.086914
vt 0.750977 0.086914
vt 0.785156 0.154297
vt 0.818359 0.086914
vt 0.750977 0.086914
vt 0.818359 0.086914
vt 0.750977 0.086914
vt 0.818359 0.086914
vt 0.750977 0.086914
vt 0.818359 0.086914
vt 0.750977 0.086914
vt 0.824219 0.047852
vt 0.749023 0.047852
vt 0.824219 0.124023
vt 0.785156 0.154297
vt 0.750977 0.086914
vt 0.818359 0.086914
vt 0.750977 0.086914
vt 0.818359 0.086914
vt 0.750977 0.086914
vt 0.818359 0.086914
vt 0.750977 0.086914
vt 0.818359 0.086914
vt 0.750977 0.086914
vt 0.818359 0.086914
vt 0.824219 0.124023
vt 0.749023 0.047852
vt 0.824219 0.047852
vt 0.749023 0.047852
vt 0.824219 0.047852
vt 0.824219 0.124023
vt 0.749023 0.124023
vt 0.195312 0.151367
vt 0.189453 0.180664
vt 0.182617 0.180664
vt 0.190430 0.151367
vt 0.195312 0.151367
vt 0.189453 0.180664
vt 0.189453 0.184570
vt 0.182617 0.184570
vt 0.189453 0.189453
vt 0.182617 0.190430
vt 0.189453 0.192383
vt 0.182617 0.192383
vt 0.189453 0.192383
vt 0.182617 0.193359
vt 0.189453 0.192383
vt 0.189453 0.192383
vt 0.189453 0.189453
vt 0.189453 0.184570
vt 0.503906 0.522461
vt 0.711914 0.571289
vt 0.665039 0.423828
vt 0.847656 0.522461
vt 0.854492 0.404297
vt 0.777344 0.295898
vt 0.625000 0.276367
vt 0.436523 0.355469
vt 0.196289 0.086914
vt 0.196289 0.064453
vt 0.189453 0.086914
vt 0.194336 0.107422
vt 0.174805 0.126953
vt 0.174805 0.122070
vt 0.169922 0.124023
vt 0.171875 0.119141
vt 0.167969 0.120117
vt 0.165039 0.122070
vt 0.166016 0.125977
vt 0.168945 0.128906
vt 0.268555 0.021484
vt 0.095703 0.021484
vt 0.182617 0.107422
vt 0.095703 0.194336
vt 0.818359 0.086914
vt 0.789062 0.086914
vt 0.750977 0.086914
vt 0.268555 0.194336
vt 0.268555 0.021484
vt 0.175781 0.021484
vt 0.193359 0.194336
vt 0.095703 0.194336
vt 0.095703 0.021484
vt 0.871094 0.520508
vt 0.819336 0.582031
vt 0.912109 0.537109
vt 0.924805 0.408203
vt 0.979492 0.395508
vt 0.976562 0.269531
vt 0.907227 0.294922
vt 0.916016 0.215820
vt 0.836914 0.202148
vt 0.199219 0.139648
vt 0.201172 0.136719
vt 0.192383 0.139648
vt 0.193359 0.136719
vt 0.186523 0.139648
vt 0.186523 0.136719
vt 0.193359 0.136719
vt 0.192383 0.139648
vt 0.201172 0.136719
vt 0.199219 0.139648
vt 0.204102 0.133789
vt 0.194336 0.133789
vt 0.186523 0.133789
vt 0.194336 0.133789
vt 0.204102 0.133789
vt 0.174805 0.122070
vt 0.174805 0.126953
vt 0.169922 0.124023
vt 0.168945 0.128906
vt 0.166016 0.125977
vt 0.165039 0.122070
vt 0.167969 0.120117
vt 0.171875 0.119141
vt 0.204102 0.128906
vt 0.194336 0.129883
vt 0.204102 0.125977
vt 0.194336 0.125977
vt 0.204102 0.123047
vt 0.194336 0.123047
vt 0.204102 0.118164
vt 0.194336 0.118164
vt 0.204102 0.112305
vt 0.194336 0.112305
vt 0.204102 0.107422
vt 0.194336 0.107422
vt 0.204102 0.086914
vt 0.196289 0.086914
vt 0.204102 0.064453
vt 0.196289 0.064453
vt 0.204102 0.059570
vt 0.196289 0.059570
vt 0.204102 0.054688
vt 0.196289 0.054688
vt 0.204102 0.052734
vt 0.196289 0.052734
vt 0.204102 0.050781
vt 0.196289 0.051758
vt 0.204102 0.050781
vt 0.196289 0.050781
vt 0.193359 0.051758
vt 0.193359 0.050781
vt 0.189453 0.051758
vt 0.189453 0.050781
vt 0.186523 0.051758
vt 0.189453 0.049805
vt 0.184570 0.049805
vt 0.189453 0.048828
vt 0.182617 0.049805
vt 0.182617 0.051758
vt 0.189453 0.052734
vt 0.193359 0.052734
vt 0.190430 0.054688
vt 0.182617 0.054688
vt 0.189453 0.052734
vt 0.189453 0.051758
vt 0.193359 0.051758
vt 0.193359 0.050781
vt 0.196289 0.050781
vt 0.196289 0.051758
vt 0.204102 0.050781
vt 0.204102 0.050781
vt 0.206055 0.049805
vt 0.209961 0.050781
vt 0.208008 0.048828
vt 0.215820 0.048828
vt 0.225586 0.043945
vt 0.218750 0.043945
vt 0.211914 0.038086
vt 0.210938 0.042969
vt 0.204102 0.041016
vt 0.204102 0.039062
vt 0.196289 0.042969
vt 0.196289 0.039062
vt 0.189453 0.043945
vt 0.189453 0.039062
vt 0.189453 0.043945
vt 0.189453 0.041016
vt 0.189453 0.041016
vt 0.189453 0.039062
vt 0.182617 0.039062
vt 0.189453 0.038086
vt 0.182617 0.038086
vt 0.189453 0.037109
vt 0.182617 0.037109
vt 0.189453 0.036133
vt 0.182617 0.036133
vt 0.189453 0.035156
vt 0.182617 0.035156
vt 0.189453 0.035156
vt 0.189453 0.036133
vt 0.196289 0.035156
vt 0.196289 0.036133
vt 0.204102 0.035156
vt 0.204102 0.036133
vt 0.208008 0.032227
vt 0.208008 0.033203
vt 0.210938 0.029297
vt 0.211914 0.030273
vt 0.215820 0.030273
vt 0.213867 0.030273
vt 0.222656 0.030273
vt 0.216797 0.031250
vt 0.234375 0.031250
vt 0.228516 0.034180
vt 0.243164 0.035156
vt 0.239258 0.038086
vt 0.218750 0.037109
vt 0.218750 0.037109
vt 0.225586 0.043945
vt 0.225586 0.043945
vt 0.247070 0.043945
vt 0.247070 0.043945
vt 0.247070 0.033203
vt 0.232422 0.025391
vt 0.238281 0.024414
vt 0.244141 0.024414
vt 0.214844 0.024414
vt 0.247070 0.021484
vt 0.217773 0.021484
vt 0.210938 0.023438
vt 0.210938 0.021484
vt 0.204102 0.024414
vt 0.204102 0.021484
vt 0.196289 0.024414
vt 0.196289 0.021484
vt 0.189453 0.023438
vt 0.189453 0.021484
vt 0.182617 0.023438
vt 0.182617 0.021484
vt 0.189453 0.021484
vt 0.189453 0.023438
vt 0.196289 0.021484
vt 0.196289 0.024414
vt 0.204102 0.021484
vt 0.204102 0.024414
vt 0.210938 0.021484
vt 0.210938 0.023438
vt 0.217773 0.021484
vt 0.214844 0.024414
vt 0.247070 0.021484
vt 0.244141 0.024414
vt 0.238281 0.024414
vt 0.247070 0.033203
vt 0.232422 0.025391
vt 0.234375 0.031250
vt 0.243164 0.035156
vt 0.228516 0.034180
vt 0.239258 0.038086
vt 0.218750 0.037109
vt 0.218750 0.037109
vt 0.216797 0.035156
vt 0.216797 0.031250
vt 0.222656 0.030273
vt 0.217773 0.028320
vt 0.213867 0.026367
vt 0.213867 0.025391
vt 0.209961 0.025391
vt 0.204102 0.026367
vt 0.196289 0.026367
vt 0.189453 0.026367
vt 0.182617 0.026367
vt 0.189453 0.026367
vt 0.196289 0.026367
vt 0.204102 0.026367
vt 0.209961 0.025391
vt 0.213867 0.025391
vt 0.213867 0.026367
vt 0.217773 0.028320
vt 0.213867 0.029297
vt 0.211914 0.029297
vt 0.208008 0.031250
vt 0.208008 0.031250
vt 0.204102 0.034180
vt 0.204102 0.034180
vt 0.196289 0.034180
vt 0.196289 0.034180
vt 0.189453 0.034180
vt 0.189453 0.034180
vt 0.182617 0.034180
vt 0.182617 0.033203
vt 0.189453 0.034180
vt 0.189453 0.034180
vt 0.196289 0.034180
vt 0.196289 0.034180
vt 0.204102 0.034180
vt 0.204102 0.034180
vt 0.208008 0.031250
vt 0.208008 0.031250
vt 0.211914 0.029297
vt 0.210938 0.029297
vt 0.213867 0.029297
vt 0.215820 0.030273
vt 0.213867 0.030273
vt 0.213867 0.032227
vt 0.210938 0.036133
vt 0.204102 0.038086
vt 0.196289 0.038086
vt 0.196289 0.037109
vt 0.196289 0.036133
vt 0.196289 0.035156
vt 0.225586 0.043945
vt 0.247070 0.043945
vt 0.247070 0.043945
vt 0.711914 0.571289
vt 0.503906 0.522461
vt 0.665039 0.423828
vt 0.436523 0.355469
vt 0.625000 0.276367
vt 0.777344 0.295898
vt 0.854492 0.404297
vt 0.847656 0.522461
vt 0.186523 0.129883
vt 0.186523 0.125977
vt 0.186523 0.123047
vt 0.186523 0.118164
vt 0.186523 0.112305
vt 0.186523 0.107422
vt 0.189453 0.086914
vt 0.189453 0.064453
vt 0.189453 0.059570
vt 0.182617 0.059570
vt 0.190430 0.054688
vt 0.193359 0.052734
vt 0.196289 0.052734
vt 0.204102 0.052734
vt 0.219727 0.049805
vt 0.222656 0.046875
vt 0.247070 0.045898
vt 0.247070 0.048828
vt 0.225586 0.053711
vt 0.247070 0.054688
vt 0.225586 0.058594
vt 0.247070 0.059570
vt 0.225586 0.063477
vt 0.247070 0.064453
vt 0.225586 0.064453
vt 0.204102 0.064453
vt 0.204102 0.059570
vt 0.204102 0.054688
vt 0.196289 0.054688
vt 0.189453 0.059570
vt 0.182617 0.064453
vt 0.182617 0.086914
vt 0.194336 0.112305
vt 0.194336 0.118164
vt 0.194336 0.123047
vt 0.194336 0.125977
vt 0.194336 0.129883
vt 0.204102 0.125977
vt 0.204102 0.128906
vt 0.204102 0.123047
vt 0.204102 0.118164
vt 0.204102 0.112305
vt 0.204102 0.107422
vt 0.204102 0.086914
vt 0.196289 0.059570
vt 0.189453 0.064453
vt 0.167969 0.109375
vt 0.165039 0.108398
vt 0.165039 0.114258
vt 0.162109 0.114258
vt 0.164062 0.118164
vt 0.161133 0.118164
vt 0.161133 0.123047
vt 0.164062 0.123047
vt 0.162109 0.126953
vt 0.165039 0.126953
vt 0.163086 0.130859
vt 0.166016 0.130859
vt 0.166992 0.135742
vt 0.164062 0.136719
vt 0.749023 0.047852
vt 0.749023 0.124023
vt 0.824219 0.124023
vt 0.824219 0.047852
vt 0.204102 0.151367
vt 0.204102 0.179688
vt 0.204102 0.186523
vt 0.204102 0.194336
vt 0.196289 0.194336
vt 0.189453 0.194336
vt 0.182617 0.194336
vt 0.189453 0.194336
vt 0.196289 0.194336
vt 0.204102 0.194336
vt 0.204102 0.186523
vt 0.204102 0.179688
vt 0.204102 0.151367
vt 0.095703 0.021484
vt 0.268555 0.021484
vt 0.182617 0.107422
vt 0.095703 0.194336
vt 0.818359 0.086914
vt 0.789062 0.086914
vt 0.750977 0.086914
vt 0.268555 0.021484
vt 0.268555 0.194336
vt 0.175781 0.021484
vt 0.193359 0.194336
vt 0.095703 0.194336
vt 0.095703 0.021484
vt 0.819336 0.582031
vt 0.871094 0.520508
vt 0.912109 0.537109
vt 0.924805 0.408203
vt 0.979492 0.395508
vt 0.976562 0.269531
vt 0.907227 0.294922
vt 0.916016 0.215820
vt 0.836914 0.202148
vt 0.165039 0.108398
vt 0.167969 0.109375
vt 0.165039 0.114258
vt 0.162109 0.114258
vt 0.164062 0.118164
vt 0.161133 0.118164
vt 0.161133 0.123047
vt 0.164062 0.123047
vt 0.162109 0.126953
vt 0.165039 0.126953
vt 0.163086 0.130859
vt 0.166016 0.130859
vt 0.166992 0.135742
vt 0.164062 0.136719
vt 0.095703 0.021484
vt 0.268555 0.021484
vt 0.095703 0.194336
vt 0.268555 0.194336
vt 0.095703 0.021484
vt 0.095703 0.194336
vt 0.268555 0.021484
vt 0.268555 0.194336
vt 0.095703 0.021484
vt 0.095703 0.194336
vt 0.268555 0.194336
vt 0.268555 0.021484
vt 0.095703 0.021484
vt 0.095703 0.194336
vt 0.268555 0.021484
vt 0.268555 0.194336
vt 0.095703 0.021484
vt 0.095703 0.194336
vt 0.268555 0.021484
vt 0.268555 0.194336
vt 0.212891 0.028320
vt 0.208984 0.030273
vt 0.204102 0.033203
vt 0.196289 0.033203
vt 0.189453 0.033203
vt 0.182617 0.032227
vt 0.189453 0.033203
vt 0.196289 0.033203
vt 0.204102 0.033203
vt 0.208984 0.030273
vt 0.212891 0.028320
vt 0.209961 0.027344
vt 0.204102 0.028320
vt 0.196289 0.028320
vt 0.189453 0.028320
vt 0.182617 0.028320
vt 0.189453 0.028320
vt 0.196289 0.028320
vt 0.204102 0.028320
vt 0.209961 0.027344
vt 0.218750 0.043945
vt 0.210938 0.042969
vt 0.211914 0.038086
vt 0.204102 0.041016
vt 0.204102 0.039062
vt 0.196289 0.042969
vt 0.196289 0.039062
vt 0.189453 0.043945
vt 0.189453 0.039062
vt 0.189453 0.043945
vt 0.189453 0.041016
vt 0.189453 0.041016
vt 0.189453 0.039062
vt 0.189453 0.038086
vt 0.189453 0.037109
vt 0.632812 0.882812
vt 0.738281 0.907227
vt 0.632812 0.937500
vt 0.738281 0.907227
vt 0.632812 0.944336
vt 0.730469 0.913086
vt 0.714844 0.912109
vt 0.632812 0.935547
vt 0.691406 0.912109
vt 0.663086 0.913086
vt 0.632812 0.913086
vt 0.663086 0.913086
vt 0.691406 0.912109
vt 0.714844 0.912109
vt 0.730469 0.913086
vt 0.095703 0.021484
vt 0.268555 0.021484
vt 0.268555 0.194336
vt 0.095703 0.194336
vt 0.196289 0.037109
vt 0.204102 0.037109
vt 0.208984 0.035156
vt 0.213867 0.032227
vt 0.216797 0.035156
vt 0.208008 0.048828
vt 0.215820 0.048828
vt 0.209961 0.050781
vt 0.206055 0.049805
vt 0.196289 0.038086
vt 0.204102 0.038086
vt 0.210938 0.036133
vt 0.095703 0.021484
vt 0.095703 0.194336
vt 0.268555 0.194336
vt 0.268555 0.021484
vt 0.095703 0.021484
vt 0.095703 0.194336
vt 0.268555 0.194336
vt 0.268555 0.021484
vt 0.204102 0.036133
vt 0.204102 0.037109
vt 0.208008 0.033203
vt 0.208984 0.035156
vt 0.211914 0.030273
vt 0.095703 0.021484
vt 0.095703 0.194336
vt 0.268555 0.194336
vt 0.268555 0.021484
vt 0.204102 0.035156
vt 0.208008 0.032227
vt 0.095703 0.021484
vt 0.095703 0.194336
vt 0.268555 0.021484
vt 0.268555 0.194336
vt 0.095703 0.021484
vt 0.095703 0.194336
vt 0.268555 0.194336
vt 0.268555 0.021484
vt 0.095703 0.021484
vt 0.095703 0.194336
vt 0.078125 0.053711
vt 0.068359 0.051758
vt 0.068359 0.062500
vt 0.078125 0.063477
vt 0.078125 0.067383
vt 0.068359 0.066406
vt 0.078125 0.063477
vt 0.068359 0.062500
vt 0.078125 0.053711
vt 0.068359 0.051758
vt 0.078125 0.042969
vt 0.068359 0.041992
vt 0.078125 0.038086
vt 0.068359 0.037109
vt 0.068359 0.041992
vt 0.078125 0.042969
vt 0.086914 0.043945
vt 0.086914 0.039062
vt 0.086914 0.043945
vt 0.086914 0.054688
vt 0.181641 0.032227
vt 0.191406 0.050781
vt 0.171875 0.061523
vt 0.191406 0.061523
vt 0.191406 0.073242
vt 0.176758 0.086914
vt 0.191406 0.082031
vt 0.195312 0.077148
vt 0.195312 0.079102
vt 0.191406 0.082031
vt 0.191406 0.073242
vt 0.178711 0.091797
vt 0.178711 0.061523
vt 0.191406 0.061523
vt 0.191406 0.050781
vt 0.178711 0.033203
vt 0.191406 0.042969
vt 0.191406 0.033203
vt 0.191406 0.022461
vt 0.166016 0.023438
vt 0.166016 0.018555
vt 0.191406 0.018555
vt 0.171875 0.021484
vt 0.191406 0.022461
vt 0.191406 0.032227
vt 0.191406 0.041992
vt 0.195312 0.047852
vt 0.195312 0.044922
vt 0.102539 0.060547
vt 0.102539 0.083008
vt 0.086914 0.064453
vt 0.102539 0.087891
vt 0.086914 0.068359
vt 0.103516 0.083984
vt 0.086914 0.064453
vt 0.103516 0.072266
vt 0.124023 0.076172
vt 0.124023 0.061523
vt 0.102539 0.060547
vt 0.102539 0.046875
vt 0.124023 0.044922
vt 0.103516 0.032227
vt 0.102539 0.026367
vt 0.102539 0.031250
vt 0.086914 0.054688
vt 0.026367 0.047852
vt 0.026367 0.057617
vt 0.026367 0.061523
vt 0.026367 0.057617
vt 0.026367 0.047852
vt 0.026367 0.037109
vt 0.026367 0.033203
vt 0.026367 0.037109
vt 0.145508 0.098633
vt 0.145508 0.080078
vt 0.125000 0.091797
vt 0.132812 0.102539
vt 0.120117 0.100586
vt 0.120117 0.106445
vt 0.115234 0.100586
vt 0.116211 0.106445
vt 0.120117 0.100586
vt 0.120117 0.106445
vt 0.122070 0.120117
vt 0.118164 0.120117
vt 0.200195 0.082031
vt 0.191406 0.091797
vt 0.170898 0.101562
vt 0.191406 0.101562
vt 0.191406 0.105469
vt 0.200195 0.105469
vt 0.200195 0.101562
vt 0.219727 0.100586
vt 0.219727 0.091797
vt 0.230469 0.100586
vt 0.230469 0.103516
vt 0.240234 0.100586
vt 0.240234 0.091797
vt 0.264648 0.090820
vt 0.240234 0.082031
vt 0.264648 0.083984
vt 0.240234 0.079102
vt 0.264648 0.081055
vt 0.240234 0.082031
vt 0.264648 0.083984
vt 0.240234 0.091797
vt 0.219727 0.091797
vt 0.240234 0.100586
vt 0.219727 0.100586
vt 0.219727 0.104492
vt 0.200195 0.101562
vt 0.200195 0.091797
vt 0.240234 0.103516
vt 0.264648 0.098633
vt 0.271484 0.090820
vt 0.271484 0.083008
vt 0.271484 0.080078
vt 0.280273 0.083008
vt 0.264648 0.090820
vt 0.264648 0.098633
vt 0.264648 0.101562
vt 0.271484 0.099609
vt 0.280273 0.090820
vt 0.280273 0.083008
vt 0.280273 0.080078
vt 0.284180 0.083984
vt 0.280273 0.090820
vt 0.280273 0.099609
vt 0.271484 0.102539
vt 0.280273 0.099609
vt 0.286133 0.098633
vt 0.286133 0.090820
vt 0.294922 0.097656
vt 0.294922 0.093750
vt 0.308594 0.096680
vt 0.308594 0.090820
vt 0.307617 0.092773
vt 0.308594 0.085938
vt 0.294922 0.084961
vt 0.286133 0.083984
vt 0.286133 0.081055
vt 0.289062 0.084961
vt 0.284180 0.090820
vt 0.284180 0.098633
vt 0.280273 0.101562
vt 0.286133 0.100586
vt 0.293945 0.099609
vt 0.307617 0.097656
vt 0.302734 0.090820
vt 0.307617 0.083984
vt 0.293945 0.082031
vt 0.296875 0.085938
vt 0.296875 0.089844
vt 0.289062 0.090820
vt 0.289062 0.097656
vt 0.296875 0.089844
vt 0.289062 0.084961
vt 0.296875 0.085938
vt 0.302734 0.090820
vt 0.307617 0.083984
vt 0.307617 0.092773
vt 0.308594 0.085938
vt 0.308594 0.090820
vt 0.308594 0.096680
vt 0.294922 0.093750
vt 0.294922 0.084961
vt 0.293945 0.082031
vt 0.284180 0.098633
vt 0.286133 0.100586
vt 0.280273 0.101562
vt 0.280273 0.099609
vt 0.271484 0.090820
vt 0.280273 0.090820
vt 0.280273 0.083008
vt 0.271484 0.083008
vt 0.271484 0.080078
vt 0.280273 0.080078
vt 0.280273 0.083008
vt 0.264648 0.083984
vt 0.264648 0.090820
vt 0.240234 0.091797
vt 0.264648 0.098633
vt 0.240234 0.100586
vt 0.264648 0.101562
vt 0.240234 0.103516
vt 0.230469 0.103516
vt 0.219727 0.100586
vt 0.219727 0.091797
vt 0.240234 0.082031
vt 0.264648 0.081055
vt 0.264648 0.083984
vt 0.264648 0.090820
vt 0.264648 0.098633
vt 0.240234 0.100586
vt 0.240234 0.091797
vt 0.230469 0.100586
vt 0.230469 0.091797
vt 0.219727 0.091797
vt 0.230469 0.082031
vt 0.219727 0.082031
vt 0.230469 0.079102
vt 0.219727 0.079102
vt 0.219727 0.082031
vt 0.240234 0.082031
vt 0.240234 0.079102
vt 0.200195 0.105469
vt 0.191406 0.105469
vt 0.191406 0.101562
vt 0.200195 0.101562
vt 0.191406 0.091797
vt 0.200195 0.091797
vt 0.200195 0.082031
vt 0.191406 0.082031
vt 0.203125 0.079102
vt 0.195312 0.079102
vt 0.200195 0.082031
vt 0.191406 0.082031
vt 0.200195 0.091797
vt 0.191406 0.091797
vt 0.191406 0.101562
vt 0.200195 0.101562
vt 0.219727 0.100586
vt 0.219727 0.104492
vt 0.271484 0.102539
vt 0.280273 0.099609
vt 0.280273 0.090820
vt 0.284180 0.083984
vt 0.286133 0.081055
vt 0.286133 0.083984
vt 0.286133 0.090820
vt 0.286133 0.098633
vt 0.294922 0.097656
vt 0.293945 0.099609
vt 0.307617 0.097656
vt 0.289062 0.097656
vt 0.296875 0.095703
vt 0.284180 0.090820
vt 0.271484 0.099609
vt 0.289062 0.090820
vt 0.200195 0.105469
vt 0.191406 0.105469
vt 0.191406 0.101562
vt 0.200195 0.101562
vt 0.191406 0.091797
vt 0.200195 0.091797
vt 0.200195 0.082031
vt 0.191406 0.082031
vt 0.203125 0.079102
vt 0.195312 0.079102
vt 0.200195 0.082031
vt 0.191406 0.082031
vt 0.200195 0.091797
vt 0.191406 0.091797
vt 0.191406 0.101562
vt 0.200195 0.101562
vt 0.219727 0.100586
vt 0.219727 0.091797
vt 0.219727 0.082031
vt 0.219727 0.079102
vt 0.219727 0.082031
vt 0.219727 0.091797
vt 0.219727 0.100586
vt 0.219727 0.104492
vt 0.230469 0.103516
vt 0.240234 0.100586
vt 0.240234 0.091797
vt 0.240234 0.082031
vt 0.230469 0.079102
vt 0.230469 0.082031
vt 0.230469 0.091797
vt 0.230469 0.100586
vt 0.240234 0.100586
vt 0.240234 0.103516
vt 0.264648 0.101562
vt 0.264648 0.098633
vt 0.264648 0.090820
vt 0.264648 0.083984
vt 0.240234 0.079102
vt 0.240234 0.082031
vt 0.240234 0.091797
vt 0.264648 0.090820
vt 0.264648 0.083984
vt 0.264648 0.081055
vt 0.271484 0.080078
vt 0.271484 0.083008
vt 0.271484 0.090820
vt 0.264648 0.098633
vt 0.271484 0.102539
vt 0.280273 0.099609
vt 0.280273 0.090820
vt 0.280273 0.083008
vt 0.280273 0.080078
vt 0.280273 0.083008
vt 0.280273 0.090820
vt 0.280273 0.099609
vt 0.271484 0.099609
vt 0.280273 0.101562
vt 0.284180 0.098633
vt 0.284180 0.090820
vt 0.284180 0.083984
vt 0.286133 0.081055
vt 0.286133 0.083984
vt 0.286133 0.090820
vt 0.286133 0.098633
vt 0.286133 0.100586
vt 0.289062 0.097656
vt 0.289062 0.090820
vt 0.289062 0.084961
vt 0.293945 0.082031
vt 0.294922 0.084961
vt 0.294922 0.093750
vt 0.294922 0.097656
vt 0.293945 0.099609
vt 0.307617 0.097656
vt 0.308594 0.096680
vt 0.308594 0.090820
vt 0.308594 0.085938
vt 0.307617 0.083984
vt 0.296875 0.085938
vt 0.296875 0.089844
vt 0.296875 0.095703
vt 0.302734 0.090820
vt 0.307617 0.092773
vt 0.078125 0.063477
vt 0.078125 0.053711
vt 0.086914 0.064453
vt 0.086914 0.054688
vt 0.103516 0.072266
vt 0.102539 0.060547
vt 0.124023 0.061523
vt 0.124023 0.076172
vt 0.145508 0.061523
vt 0.145508 0.080078
vt 0.166016 0.061523
vt 0.166016 0.090820
vt 0.086914 0.043945
vt 0.078125 0.042969
vt 0.078125 0.038086
vt 0.086914 0.039062
vt 0.078125 0.042969
vt 0.086914 0.043945
vt 0.078125 0.053711
vt 0.086914 0.054688
vt 0.102539 0.060547
vt 0.102539 0.031250
vt 0.127930 0.051758
vt 0.127930 0.028320
vt 0.124023 0.023438
vt 0.102539 0.026367
vt 0.124023 0.028320
vt 0.103516 0.032227
vt 0.124023 0.044922
vt 0.145508 0.042969
vt 0.178711 0.091797
vt 0.178711 0.061523
vt 0.166016 0.035156
vt 0.145508 0.024414
vt 0.146484 0.019531
vt 0.153320 0.024414
vt 0.153320 0.042969
vt 0.153320 0.061523
vt 0.127930 0.061523
vt 0.127930 0.071289
vt 0.153320 0.081055
vt 0.127930 0.090820
vt 0.153320 0.099609
vt 0.145508 0.104492
vt 0.149414 0.105469
vt 0.166016 0.106445
vt 0.145508 0.103516
vt 0.144531 0.108398
vt 0.132812 0.107422
vt 0.132812 0.102539
vt 0.120117 0.106445
vt 0.120117 0.100586
vt 0.115234 0.100586
vt 0.102539 0.087891
vt 0.102539 0.083008
vt 0.086914 0.064453
vt 0.078125 0.063477
vt 0.068359 0.062500
vt 0.068359 0.051758
vt 0.068359 0.041992
vt 0.068359 0.037109
vt 0.068359 0.041992
vt 0.068359 0.051758
vt 0.068359 0.062500
vt 0.102539 0.046875
vt 0.132812 0.102539
vt 0.144531 0.109375
vt 0.148438 0.109375
vt 0.143555 0.120117
vt 0.132812 0.120117
vt 0.122070 0.120117
vt 0.118164 0.120117
vt 0.116211 0.106445
vt 0.120117 0.100586
vt 0.120117 0.106445
vt 0.122070 0.120117
vt 0.119141 0.127930
vt 0.122070 0.127930
vt 0.132812 0.127930
vt 0.142578 0.127930
vt 0.146484 0.127930
vt 0.147461 0.120117
vt 0.143555 0.120117
vt 0.132812 0.120117
vt 0.132812 0.107422
vt 0.132812 0.135742
vt 0.142578 0.135742
vt 0.191406 0.082031
vt 0.195312 0.079102
vt 0.200195 0.082031
vt 0.200195 0.091797
vt 0.219727 0.091797
vt 0.200195 0.101562
vt 0.191406 0.101562
vt 0.191406 0.105469
vt 0.166016 0.101562
vt 0.145508 0.098633
vt 0.125000 0.091797
vt 0.103516 0.083984
vt 0.086914 0.068359
vt 0.078125 0.067383
vt 0.068359 0.066406
vt 0.026367 0.061523
vt 0.026367 0.057617
vt 0.026367 0.047852
vt 0.026367 0.037109
vt 0.026367 0.033203
vt 0.026367 0.037109
vt 0.026367 0.047852
vt 0.026367 0.057617
vt 0.191406 0.091797
vt 0.200195 0.105469
vt 0.191406 0.101562
vt 0.191406 0.105469
vt 0.200195 0.101562
vt 0.191406 0.101562
vt 0.200195 0.091797
vt 0.191406 0.091797
vt 0.191406 0.082031
vt 0.200195 0.082031
vt 0.195312 0.079102
vt 0.203125 0.079102
vt 0.191406 0.082031
vt 0.200195 0.082031
vt 0.191406 0.091797
vt 0.200195 0.091797
vt 0.200195 0.101562
vt 0.219727 0.100586
vt 0.219727 0.104492
vt 0.230469 0.103516
vt 0.219727 0.100586
vt 0.219727 0.091797
vt 0.219727 0.082031
vt 0.219727 0.079102
vt 0.219727 0.082031
vt 0.219727 0.091797
vt 0.240234 0.100586
vt 0.240234 0.103516
vt 0.240234 0.100586
vt 0.264648 0.101562
vt 0.264648 0.098633
vt 0.271484 0.102539
vt 0.271484 0.099609
vt 0.280273 0.099609
vt 0.280273 0.090820
vt 0.286133 0.098633
vt 0.286133 0.090820
vt 0.294922 0.097656
vt 0.294922 0.093750
vt 0.308594 0.096680
vt 0.308594 0.090820
vt 0.307617 0.092773
vt 0.308594 0.085938
vt 0.294922 0.084961
vt 0.286133 0.083984
vt 0.280273 0.083008
vt 0.271484 0.083008
vt 0.271484 0.080078
vt 0.264648 0.083984
vt 0.264648 0.081055
vt 0.240234 0.082031
vt 0.240234 0.079102
vt 0.230469 0.079102
vt 0.240234 0.082031
vt 0.230469 0.082031
vt 0.230469 0.091797
vt 0.230469 0.100586
vt 0.240234 0.091797
vt 0.240234 0.091797
vt 0.264648 0.090820
vt 0.264648 0.083984
vt 0.280273 0.083008
vt 0.280273 0.090820
vt 0.280273 0.099609
vt 0.284180 0.098633
vt 0.280273 0.101562
vt 0.286133 0.100586
vt 0.293945 0.099609
vt 0.307617 0.097656
vt 0.302734 0.090820
vt 0.307617 0.083984
vt 0.293945 0.082031
vt 0.286133 0.081055
vt 0.280273 0.080078
vt 0.284180 0.083984
vt 0.284180 0.090820
vt 0.289062 0.097656
vt 0.296875 0.095703
vt 0.296875 0.089844
vt 0.289062 0.090820
vt 0.289062 0.084961
vt 0.264648 0.090820
vt 0.271484 0.090820
vt 0.264648 0.098633
vt 0.145508 0.135742
vt 0.142578 0.135742
vt 0.132812 0.135742
vt 0.123047 0.135742
vt 0.120117 0.135742
vt 0.123047 0.135742
vt 0.132812 0.149414
vt 0.141602 0.149414
vt 0.145508 0.149414
vt 0.141602 0.149414
vt 0.132812 0.149414
vt 0.124023 0.149414
vt 0.121094 0.149414
vt 0.124023 0.149414
vt 0.123047 0.162109
vt 0.132812 0.162109
vt 0.125000 0.167969
vt 0.132812 0.167969
vt 0.126953 0.176758
vt 0.132812 0.176758
vt 0.125000 0.186523
vt 0.122070 0.172852
vt 0.120117 0.162109
vt 0.120117 0.155273
vt 0.123047 0.155273
vt 0.132812 0.155273
vt 0.142578 0.155273
vt 0.146484 0.155273
vt 0.142578 0.162109
vt 0.140625 0.167969
vt 0.138672 0.176758
vt 0.141602 0.186523
vt 0.143555 0.172852
vt 0.145508 0.162109
vt 0.142578 0.162109
vt 0.132812 0.162109
vt 0.123047 0.162109
vt 0.125000 0.171875
vt 0.132812 0.171875
vt 0.140625 0.171875
vt 0.240234 0.082031
vt 0.264648 0.081055
vt 0.240234 0.079102
vt 0.230469 0.079102
vt 0.240234 0.082031
vt 0.264648 0.083984
vt 0.264648 0.090820
vt 0.271484 0.090820
vt 0.264648 0.098633
vt 0.240234 0.100586
vt 0.240234 0.103516
vt 0.230469 0.103516
vt 0.240234 0.100586
vt 0.264648 0.101562
vt 0.271484 0.099609
vt 0.280273 0.090820
vt 0.271484 0.083008
vt 0.219727 0.079102
vt 0.219727 0.082031
vt 0.219727 0.091797
vt 0.240234 0.091797
vt 0.264648 0.098633
vt 0.271484 0.102539
vt 0.280273 0.099609
vt 0.286133 0.098633
vt 0.286133 0.090820
vt 0.294922 0.097656
vt 0.294922 0.093750
vt 0.308594 0.096680
vt 0.308594 0.090820
vt 0.307617 0.092773
vt 0.308594 0.085938
vt 0.294922 0.084961
vt 0.286133 0.083984
vt 0.280273 0.083008
vt 0.271484 0.080078
vt 0.264648 0.083984
vt 0.264648 0.090820
vt 0.280273 0.099609
vt 0.280273 0.101562
vt 0.286133 0.100586
vt 0.293945 0.099609
vt 0.307617 0.097656
vt 0.302734 0.090820
vt 0.307617 0.083984
vt 0.293945 0.082031
vt 0.286133 0.081055
vt 0.280273 0.080078
vt 0.280273 0.083008
vt 0.280273 0.090820
vt 0.284180 0.098633
vt 0.289062 0.097656
vt 0.296875 0.095703
vt 0.296875 0.089844
vt 0.289062 0.090820
vt 0.284180 0.090820
vt 0.284180 0.083984
vt 0.289062 0.084961
vt 0.296875 0.085938
vt 0.219727 0.104492
vt 0.219727 0.100586
vt 0.200195 0.101562
vt 0.200195 0.091797
vt 0.191406 0.091797
vt 0.200195 0.082031
vt 0.203125 0.079102
vt 0.219727 0.082031
vt 0.230469 0.082031
vt 0.240234 0.091797
vt 0.230469 0.100586
vt 0.219727 0.100586
vt 0.200195 0.105469
vt 0.191406 0.101562
vt 0.170898 0.101562
vt 0.176758 0.086914
vt 0.191406 0.082031
vt 0.230469 0.091797
vt 0.171875 0.061523
vt 0.171875 0.035156
vt 0.171875 0.021484
vt 0.166016 0.018555
vt 0.166016 0.023438
vt 0.178711 0.033203
vt 0.191406 0.050781
vt 0.191406 0.061523
vt 0.191406 0.073242
vt 0.195312 0.077148
vt 0.191406 0.073242
vt 0.191406 0.061523
vt 0.191406 0.050781
vt 0.181641 0.032227
vt 0.191406 0.041992
vt 0.191406 0.032227
vt 0.191406 0.022461
vt 0.191406 0.018555
vt 0.191406 0.022461
vt 0.191406 0.033203
vt 0.191406 0.042969
vt 0.195312 0.047852
vt 0.195312 0.044922
vt 0.123047 0.135742
vt 0.132812 0.135742
vt 0.122070 0.127930
vt 0.132812 0.127930
vt 0.132812 0.120117
vt 0.142578 0.127930
vt 0.142578 0.135742
vt 0.146484 0.127930
vt 0.143555 0.120117
vt 0.144531 0.108398
vt 0.148438 0.109375
vt 0.147461 0.120117
vt 0.143555 0.120117
vt 0.142578 0.162109
vt 0.146484 0.155273
vt 0.142578 0.155273
vt 0.141602 0.149414
vt 0.132812 0.155273
vt 0.132812 0.149414
vt 0.123047 0.155273
vt 0.124023 0.149414
vt 0.120117 0.155273
vt 0.121094 0.149414
vt 0.124023 0.149414
vt 0.120117 0.135742
vt 0.145508 0.135742
vt 0.142578 0.135742
vt 0.132812 0.135742
vt 0.132812 0.120117
vt 0.132812 0.107422
vt 0.132812 0.102539
vt 0.145508 0.061523
vt 0.145508 0.042969
vt 0.124023 0.028320
vt 0.124023 0.023438
vt 0.127930 0.028320
vt 0.127930 0.051758
vt 0.127930 0.061523
vt 0.127930 0.071289
vt 0.127930 0.090820
vt 0.145508 0.104492
vt 0.144531 0.109375
vt 0.149414 0.105469
vt 0.145508 0.103516
vt 0.132812 0.107422
vt 0.122070 0.120117
vt 0.119141 0.127930
vt 0.123047 0.135742
vt 0.132812 0.149414
vt 0.123047 0.162109
vt 0.120117 0.162109
vt 0.122070 0.172852
vt 0.123047 0.162109
vt 0.132812 0.162109
vt 0.140625 0.171875
vt 0.132812 0.171875
vt 0.125000 0.171875
vt 0.126953 0.185547
vt 0.138672 0.176758
vt 0.141602 0.186523
vt 0.132812 0.176758
vt 0.133789 0.186523
vt 0.125000 0.186523
vt 0.132812 0.185547
vt 0.139648 0.185547
vt 0.143555 0.172852
vt 0.140625 0.167969
vt 0.132812 0.167969
vt 0.126953 0.176758
vt 0.125000 0.167969
vt 0.132812 0.162109
vt 0.142578 0.162109
vt 0.145508 0.162109
vt 0.141602 0.149414
vt 0.145508 0.149414
vt 0.166016 0.101562
vt 0.166016 0.090820
vt 0.166016 0.061523
vt 0.166016 0.035156
vt 0.145508 0.024414
vt 0.146484 0.019531
vt 0.153320 0.024414
vt 0.153320 0.042969
vt 0.153320 0.061523
vt 0.153320 0.081055
vt 0.153320 0.099609
vt 0.166016 0.106445
vt 0.191406 0.101562
vt 0.171875 0.035156
vt 0.200195 0.091797
vt 0.200195 0.082031
vt 0.219727 0.082031
vt 0.203125 0.079102
vt 0.219727 0.079102
vt 0.219727 0.082031
vt 0.230469 0.079102
vt 0.230469 0.082031
vt 0.230469 0.091797
vt 0.191406 0.091797
vt 0.296875 0.095703
vt 0.095703 0.021484
vt 0.268555 0.021484
vt 0.095703 0.194336
vt 0.268555 0.194336
vt 0.296875 0.085938
vt 0.139648 0.185547
vt 0.133789 0.186523
vt 0.132812 0.185547
vt 0.126953 0.185547
vt 0.286133 0.100586
vt 0.289062 0.097656
vt 0.284180 0.098633
vt 0.284180 0.090820
vt 0.280273 0.090820
vt 0.284180 0.083984
vt 0.280273 0.083008
vt 0.280273 0.080078
vt 0.271484 0.080078
vt 0.280273 0.083008
vt 0.286133 0.081055
vt 0.289062 0.084961
vt 0.280273 0.090820
vt 0.286133 0.083984
vt 0.286133 0.090820
vt 0.286133 0.098633
vt 0.294922 0.097656
vt 0.293945 0.099609
vt 0.307617 0.097656
vt 0.308594 0.096680
vt 0.307617 0.092773
vt 0.302734 0.090820
vt 0.307617 0.083984
vt 0.308594 0.085938
vt 0.294922 0.084961
vt 0.293945 0.082031
vt 0.294922 0.093750
vt 0.308594 0.090820
vt 0.200195 0.105469
vt 0.191406 0.101562
vt 0.191406 0.105469
vt 0.200195 0.101562
vt 0.191406 0.101562
vt 0.200195 0.091797
vt 0.191406 0.091797
vt 0.191406 0.082031
vt 0.200195 0.082031
vt 0.195312 0.079102
vt 0.203125 0.079102
vt 0.191406 0.082031
vt 0.200195 0.082031
vt 0.191406 0.091797
vt 0.200195 0.091797
vt 0.200195 0.101562
vt 0.219727 0.100586
vt 0.219727 0.104492
vt 0.230469 0.103516
vt 0.219727 0.100586
vt 0.219727 0.091797
vt 0.219727 0.082031
vt 0.219727 0.079102
vt 0.219727 0.082031
vt 0.219727 0.091797
vt 0.240234 0.100586
vt 0.240234 0.103516
vt 0.240234 0.100586
vt 0.264648 0.101562
vt 0.264648 0.098633
vt 0.271484 0.102539
vt 0.271484 0.099609
vt 0.280273 0.099609
vt 0.271484 0.090820
vt 0.264648 0.090820
vt 0.240234 0.091797
vt 0.230469 0.100586
vt 0.230469 0.091797
vt 0.230469 0.082031
vt 0.230469 0.079102
vt 0.240234 0.082031
vt 0.240234 0.091797
vt 0.264648 0.090820
vt 0.264648 0.083984
vt 0.240234 0.079102
vt 0.240234 0.082031
vt 0.264648 0.083984
vt 0.271484 0.083008
vt 0.296875 0.095703
vt 0.296875 0.089844
vt 0.289062 0.090820
vt 0.296875 0.085938
vt 0.264648 0.081055
vt 0.280273 0.099609
vt 0.280273 0.101562
vt 0.264648 0.098633
vt 0.183594 0.064453
vt 0.193359 0.064453
vt 0.193359 0.074219
vt 0.183594 0.074219
vt 0.192383 0.085938
vt 0.183594 0.085938
vt 0.192383 0.085938
vt 0.193359 0.074219
vt 0.193359 0.064453
vt 0.204102 0.064453
vt 0.204102 0.074219
vt 0.204102 0.085938
vt 0.204102 0.107422
vt 0.193359 0.107422
vt 0.183594 0.107422
vt 0.193359 0.107422
vt 0.204102 0.107422
vt 0.204102 0.085938
vt 0.204102 0.074219
vt 0.204102 0.064453
vt 0.247070 0.053711
vt 0.247070 0.064453
vt 0.224609 0.064453
vt 0.224609 0.051758
vt 0.213867 0.064453
vt 0.213867 0.051758
vt 0.204102 0.050781
vt 0.213867 0.041992
vt 0.204102 0.041992
vt 0.204102 0.021484
vt 0.213867 0.021484
vt 0.224609 0.021484
vt 0.224609 0.041992
vt 0.247070 0.032227
vt 0.247070 0.041992
vt 0.213867 0.051758
vt 0.224609 0.051758
vt 0.224609 0.041992
vt 0.213867 0.041992
vt 0.247070 0.064453
vt 0.247070 0.053711
vt 0.224609 0.064453
vt 0.213867 0.064453
vt 0.204102 0.050781
vt 0.204102 0.041992
vt 0.204102 0.021484
vt 0.213867 0.021484
vt 0.224609 0.021484
vt 0.247070 0.032227
vt 0.247070 0.041992
vt 0.247070 0.021484
vt 0.198242 0.172852
vt 0.188477 0.170898
vt 0.201172 0.184570
vt 0.185547 0.183594
vt 0.183594 0.194336
vt 0.204102 0.194336
vt 0.198242 0.172852
vt 0.201172 0.184570
vt 0.204102 0.194336
vt 0.095703 0.021484
vt 0.268555 0.021484
vt 0.268555 0.194336
vt 0.095703 0.194336
vt 0.095703 0.021484
vt 0.268555 0.021484
vt 0.095703 0.194336
vt 0.268555 0.194336
vt 0.095703 0.021484
vt 0.268555 0.021484
vt 0.095703 0.194336
vt 0.268555 0.194336
vt 0.095703 0.021484
vt 0.268555 0.021484
vt 0.268555 0.194336
vt 0.095703 0.194336
vt 0.095703 0.021484
vt 0.268555 0.021484
vt 0.268555 0.194336
vt 0.095703 0.194336
vt 0.268555 0.021484
vt 0.268555 0.194336
vt 0.095703 0.194336
vt 0.095703 0.021484
vt 0.268555 0.021484
vt 0.268555 0.194336
vt 0.632812 0.888672
vt 0.669922 0.888672
vt 0.632812 0.860352
vt 0.669922 0.888672
vt 0.671875 0.859375
vt 0.704102 0.886719
vt 0.705078 0.857422
vt 0.724609 0.855469
vt 0.727539 0.885742
vt 0.731445 0.854492
vt 0.737305 0.883789
vt 0.734375 0.852539
vt 0.745117 0.882812
vt 0.739258 0.884766
vt 0.724609 0.886719
vt 0.701172 0.887695
vt 0.669922 0.888672
vt 0.632812 0.888672
vt 0.669922 0.888672
vt 0.701172 0.887695
vt 0.724609 0.886719
vt 0.739258 0.884766
vt 0.745117 0.882812
vt 0.734375 0.852539
vt 0.737305 0.883789
vt 0.731445 0.854492
vt 0.727539 0.885742
vt 0.724609 0.855469
vt 0.704102 0.886719
vt 0.705078 0.857422
vt 0.671875 0.859375
vt 0.632812 0.838867
vt 0.632812 0.832031
vt 0.632812 0.837891
vt 0.749023 0.047852
vt 0.749023 0.124023
vt 0.824219 0.124023
vt 0.824219 0.047852
vt 0.189453 0.050781
vt 0.186523 0.051758
vt 0.189453 0.049805
vt 0.184570 0.049805
vt 0.818359 0.086914
vt 0.750977 0.086914
vt 0.824219 0.124023
vt 0.824219 0.047852
vt 0.787109 0.047852
vt 0.787109 0.124023
vt 0.749023 0.047852
vt 0.749023 0.124023
vt 0.818359 0.086914
vt 0.785156 0.086914
vt 0.750977 0.086914
vt 0.791992 0.086914
vt 0.818359 0.086914
vt 0.787109 0.154297
vt 0.750977 0.086914
vt 0.787109 0.154297
vt 0.818359 0.086914
vt 0.791992 0.086914
vt 0.750977 0.086914
vt 0.189453 0.046875
vt 0.189453 0.045898
vt 0.189453 0.044922
vt 0.185547 0.043945
vt 0.182617 0.043945
vt 0.185547 0.043945
vt 0.182617 0.043945
vt 0.189453 0.043945
vt 0.189453 0.041016
vt 0.189453 0.039062
vt 0.182617 0.039062
vt 0.189453 0.039062
vt 0.189453 0.039062
vt 0.189453 0.039062
vt 0.182617 0.039062
vt 0.189453 0.039062
vt 0.182617 0.039062
vt 0.182617 0.039062
vt 0.189453 0.039062
vt 0.182617 0.039062
vt 0.189453 0.039062
vt 0.189453 0.039062
vt 0.189453 0.040039
vt 0.095703 0.021484
vt 0.095703 0.194336
vt 0.202148 0.194336
vt 0.202148 0.021484
vt 0.268555 0.021484
vt 0.268555 0.194336
vt 0.095703 0.194336
vt 0.095703 0.021484
vt 0.202148 0.194336
vt 0.202148 0.021484
vt 0.268555 0.021484
vt 0.268555 0.194336
vt 0.749023 0.124023
vt 0.749023 0.047852
vt 0.799805 0.047852
vt 0.799805 0.124023
vt 0.824219 0.124023
vt 0.824219 0.047852
vt 0.749023 0.047852
vt 0.824219 0.047852
vt 0.824219 0.124023
vt 0.749023 0.124023
vt 0.750977 0.086914
vt 0.818359 0.086914
vt 0.219727 0.049805
vt 0.222656 0.046875
vt 0.247070 0.045898
vt 0.247070 0.048828
vt 0.225586 0.053711
vt 0.247070 0.054688
vt 0.225586 0.058594
vt 0.247070 0.059570
vt 0.225586 0.063477
vt 0.247070 0.064453
vt 0.225586 0.064453
vt 0.818359 0.086914
vt 0.785156 0.086914
vt 0.750977 0.086914
vt 0.824219 0.047852
vt 0.824219 0.124023
vt 0.787109 0.047852
vt 0.787109 0.124023
vt 0.749023 0.047852
vt 0.749023 0.124023
vt 0.750977 0.086914
vt 0.796875 0.086914
vt 0.789062 0.154297
vt 0.818359 0.086914
vt 0.785156 0.086914
vt 0.818359 0.086914
vt 0.750977 0.086914
vt 0.749023 0.124023
vt 0.749023 0.047852
vt 0.784180 0.047852
vt 0.786133 0.124023
vt 0.824219 0.047852
vt 0.824219 0.124023
vt 0.824219 0.124023
vt 0.824219 0.047852
vt 0.786133 0.124023
vt 0.784180 0.047852
vt 0.749023 0.124023
vt 0.749023 0.047852
vt 0.749023 0.047852
vt 0.749023 0.124023
vt 0.799805 0.047852
vt 0.799805 0.124023
vt 0.824219 0.124023
vt 0.824219 0.047852
vt 0.750977 0.086914
vt 0.789062 0.154297
vt 0.796875 0.086914
vt 0.818359 0.086914
vt 0.750977 0.086914
vt 0.785156 0.086914
vt 0.818359 0.086914
vt 0.242188 0.263672
vt 0.106445 0.263672
vt 0.241211 0.321289
vt 0.241211 0.321289
vt 0.106445 0.263672
vt 0.242188 0.263672
vt 0.141602 0.263672
vt 0.106445 0.263672
vt 0.106445 0.326172
vt 0.141602 0.326172
vt 0.106445 0.399414
vt 0.141602 0.399414
vt 0.141602 0.326172
vt 0.106445 0.326172
vt 0.141602 0.263672
vt 0.106445 0.263672
vt 0.174805 0.263672
vt 0.174805 0.326172
vt 0.242188 0.263672
vt 0.242188 0.326172
vt 0.174805 0.399414
vt 0.242188 0.399414
vt 0.242188 0.326172
vt 0.174805 0.326172
vt 0.242188 0.263672
vt 0.174805 0.263672
vt 0.106445 0.399414
vt 0.242188 0.399414
vt 0.242188 0.339844
vt 0.106445 0.339844
vt 0.106445 0.263672
vt 0.242188 0.263672
vt 0.815430 0.187500
vt 0.813477 0.192383
vt 0.820312 0.186523
vt 0.812500 0.183594
vt 0.828125 0.179688
vt 0.824219 0.176758
vt 0.837891 0.162109
vt 0.817383 0.160156
vt 0.821289 0.144531
vt 0.844727 0.145508
vt 0.826172 0.125977
vt 0.852539 0.125977
vt 0.831055 0.102539
vt 0.860352 0.102539
vt 0.834961 0.076172
vt 0.868164 0.076172
vt 0.873047 0.050781
vt 0.837891 0.050781
vt 0.876953 0.026367
vt 0.839844 0.026367
vt 0.797852 0.050781
vt 0.797852 0.026367
vt 0.839844 0.026367
vt 0.837891 0.050781
vt 0.876953 0.026367
vt 0.873047 0.050781
vt 0.884766 0.026367
vt 0.883789 0.050781
vt 0.875977 0.026367
vt 0.875000 0.050781
vt 0.838867 0.026367
vt 0.839844 0.050781
vt 0.797852 0.026367
vt 0.797852 0.050781
vt 0.839844 0.050781
vt 0.838867 0.026367
vt 0.875000 0.050781
vt 0.875977 0.026367
vt 0.883789 0.050781
vt 0.884766 0.026367
vt 0.385742 0.191406
vt 0.372070 0.197266
vt 0.383789 0.186523
vt 0.388672 0.172852
vt 0.385742 0.169922
vt 0.382812 0.155273
vt 0.384766 0.157227
vt 0.372070 0.150391
vt 0.374023 0.151367
vt 0.357422 0.147461
vt 0.357422 0.147461
vt 0.374023 0.151367
vt 0.372070 0.150391
vt 0.384766 0.157227
vt 0.382812 0.155273
vt 0.388672 0.172852
vt 0.385742 0.169922
vt 0.383789 0.186523
vt 0.385742 0.191406
vt 0.372070 0.197266
vt 0.373047 0.204102
vt 0.357422 0.202148
vt 0.357422 0.208984
vt 0.373047 0.204102
vt 0.788086 0.106445
vt 0.787109 0.108398
vt 0.792969 0.106445
vt 0.787109 0.104492
vt 0.791016 0.102539
vt 0.786133 0.101562
vt 0.784180 0.103516
vt 0.779297 0.102539
vt 0.779297 0.100586
vt 0.786133 0.101562
vt 0.784180 0.103516
vt 0.787109 0.104492
vt 0.791016 0.102539
vt 0.792969 0.106445
vt 0.788086 0.106445
vt 0.787109 0.108398
vt 0.791016 0.109375
vt 0.784180 0.109375
vt 0.786133 0.112305
vt 0.779297 0.110352
vt 0.779297 0.113281
vt 0.786133 0.112305
vt 0.784180 0.109375
vt 0.791016 0.109375
vt 0.796875 0.105469
vt 0.794922 0.100586
vt 0.789062 0.098633
vt 0.779297 0.097656
vt 0.789062 0.098633
vt 0.794922 0.100586
vt 0.796875 0.105469
vt 0.795898 0.110352
vt 0.789062 0.113281
vt 0.779297 0.114258
vt 0.789062 0.113281
vt 0.795898 0.110352
vt 0.795898 0.108398
vt 0.797852 0.102539
vt 0.795898 0.098633
vt 0.789062 0.096680
vt 0.779297 0.095703
vt 0.789062 0.096680
vt 0.795898 0.098633
vt 0.797852 0.102539
vt 0.795898 0.108398
vt 0.789062 0.112305
vt 0.779297 0.113281
vt 0.789062 0.112305
vt 0.115234 0.366211
vt 0.124023 0.366211
vt 0.124023 0.382812
vt 0.115234 0.382812
vt 0.124023 0.399414
vt 0.115234 0.399414
vt 0.110352 0.399414
vt 0.110352 0.381836
vt 0.110352 0.365234
vt 0.106445 0.399414
vt 0.106445 0.381836
vt 0.106445 0.364258
vt 0.109375 0.343750
vt 0.117188 0.347656
vt 0.124023 0.350586
vt 0.124023 0.357422
vt 0.115234 0.320312
vt 0.111328 0.320312
vt 0.111328 0.312500
vt 0.115234 0.312500
vt 0.112305 0.301758
vt 0.115234 0.301758
vt 0.113281 0.341797
vt 0.108398 0.320312
vt 0.109375 0.312500
vt 0.110352 0.301758
vt 0.114258 0.272461
vt 0.120117 0.302734
vt 0.121094 0.313477
vt 0.122070 0.320312
vt 0.124023 0.334961
vt 0.119141 0.338867
vt 0.242188 0.285156
vt 0.184570 0.288086
vt 0.188477 0.263672
vt 0.132812 0.291016
vt 0.124023 0.263672
vt 0.108398 0.263672
vt 0.106445 0.312500
vt 0.242188 0.399414
vt 0.106445 0.399414
vt 0.106445 0.333984
vt 0.242188 0.333984
vt 0.106445 0.263672
vt 0.242188 0.263672
vt 0.106445 0.263672
vt 0.242188 0.263672
vt 0.242188 0.333984
vt 0.106445 0.320312
vt 0.106445 0.372070
vt 0.242188 0.399414
vt 0.106445 0.399414
vt 0.242188 0.399414
vt 0.106445 0.399414
vt 0.106445 0.339844
vt 0.242188 0.339844
vt 0.106445 0.263672
vt 0.242188 0.263672
vt 0.242188 0.399414
vt 0.106445 0.399414
vt 0.242188 0.339844
vt 0.106445 0.339844
vt 0.106445 0.263672
vt 0.242188 0.263672
vt 0.242188 0.399414
vt 0.106445 0.399414
vt 0.242188 0.339844
vt 0.106445 0.339844
vt 0.106445 0.263672
vt 0.242188 0.299805
vt 0.221680 0.299805
vt 0.226562 0.263672
vt 0.173828 0.299805
vt 0.157227 0.263672
vt 0.106445 0.298828
vt 0.242188 0.378906
vt 0.242188 0.399414
vt 0.106445 0.399414
vt 0.111328 0.338867
vt 0.106445 0.339844
vt 0.106445 0.263672
vt 0.242188 0.263672
vt 0.242188 0.331055
vt 0.797852 0.160156
vt 0.811523 0.173828
vt 0.797852 0.173828
vt 0.811523 0.173828
vt 0.172852 0.331055
vt 0.172852 0.331055
vt 0.180664 0.331055
vt 0.180664 0.331055
vt 0.191406 0.331055
vt 0.191406 0.331055
vt 0.180664 0.331055
vt 0.191406 0.331055
vt 0.180664 0.331055
vt 0.191406 0.331055
vt 0.180664 0.348633
vt 0.191406 0.348633
vt 0.180664 0.365234
vt 0.191406 0.365234
vt 0.180664 0.365234
vt 0.191406 0.365234
vt 0.180664 0.365234
vt 0.191406 0.365234
vt 0.180664 0.365234
vt 0.191406 0.365234
vt 0.180664 0.365234
vt 0.191406 0.365234
vt 0.180664 0.365234
vt 0.191406 0.365234
vt 0.813477 0.192383
vt 0.815430 0.187500
vt 0.820312 0.186523
vt 0.812500 0.183594
vt 0.828125 0.179688
vt 0.824219 0.176758
vt 0.837891 0.162109
vt 0.817383 0.160156
vt 0.821289 0.144531
vt 0.844727 0.145508
vt 0.826172 0.125977
vt 0.852539 0.125977
vt 0.831055 0.102539
vt 0.860352 0.102539
vt 0.834961 0.076172
vt 0.868164 0.076172
vt 0.797852 0.076172
vt 0.797852 0.102539
vt 0.797852 0.125977
vt 0.797852 0.144531
vt 0.806641 0.181641
vt 0.797852 0.180664
vt 0.806641 0.181641
vt 0.191406 0.331055
vt 0.191406 0.331055
vt 0.191406 0.312500
vt 0.191406 0.312500
vt 0.191406 0.308594
vt 0.191406 0.312500
vt 0.191406 0.299805
vt 0.191406 0.296875
vt 0.191406 0.312500
vt 0.191406 0.296875
vt 0.191406 0.312500
vt 0.191406 0.296875
vt 0.191406 0.312500
vt 0.191406 0.331055
vt 0.191406 0.331055
vt 0.191406 0.331055
vt 0.191406 0.331055
vt 0.242188 0.399414
vt 0.242188 0.378906
vt 0.106445 0.399414
vt 0.111328 0.338867
vt 0.106445 0.339844
vt 0.106445 0.263672
vt 0.242188 0.263672
vt 0.242188 0.331055
vt 0.221680 0.299805
vt 0.242188 0.299805
vt 0.226562 0.263672
vt 0.173828 0.299805
vt 0.157227 0.263672
vt 0.106445 0.298828
vt 0.106445 0.399414
vt 0.242188 0.399414
vt 0.242188 0.339844
vt 0.106445 0.339844
vt 0.242188 0.263672
vt 0.106445 0.263672
vt 0.242188 0.263672
vt 0.242188 0.339844
vt 0.242188 0.399414
vt 0.106445 0.399414
vt 0.242188 0.399414
vt 0.242188 0.339844
vt 0.106445 0.339844
vt 0.106445 0.263672
vt 0.106445 0.399414
vt 0.242188 0.399414
vt 0.106445 0.339844
vt 0.242188 0.339844
vt 0.106445 0.263672
vt 0.242188 0.263672
vt 0.242188 0.263672
vt 0.106445 0.263672
vt 0.242188 0.333984
vt 0.106445 0.320312
vt 0.106445 0.372070
vt 0.242188 0.399414
vt 0.106445 0.399414
vt 0.106445 0.399414
vt 0.242188 0.399414
vt 0.106445 0.333984
vt 0.242188 0.333984
vt 0.106445 0.263672
vt 0.242188 0.263672
vt 0.184570 0.288086
vt 0.242188 0.285156
vt 0.188477 0.263672
vt 0.132812 0.291016
vt 0.124023 0.263672
vt 0.108398 0.263672
vt 0.106445 0.312500
vt 0.109375 0.343750
vt 0.113281 0.341797
vt 0.108398 0.320312
vt 0.111328 0.320312
vt 0.109375 0.312500
vt 0.111328 0.312500
vt 0.110352 0.301758
vt 0.112305 0.301758
vt 0.114258 0.272461
vt 0.115234 0.301758
vt 0.120117 0.302734
vt 0.115234 0.312500
vt 0.121094 0.313477
vt 0.122070 0.320312
vt 0.115234 0.320312
vt 0.124023 0.334961
vt 0.119141 0.338867
vt 0.106445 0.399414
vt 0.110352 0.399414
vt 0.106445 0.381836
vt 0.110352 0.381836
vt 0.106445 0.364258
vt 0.110352 0.365234
vt 0.117188 0.347656
vt 0.115234 0.366211
vt 0.124023 0.350586
vt 0.124023 0.366211
vt 0.124023 0.357422
vt 0.124023 0.382812
vt 0.115234 0.382812
vt 0.124023 0.399414
vt 0.115234 0.399414
vt 0.035156 0.885742
vt 0.070312 0.885742
vt 0.035156 0.901367
vt 0.070312 0.901367
vt 0.035156 0.911133
vt 0.070312 0.911133
vt 0.035156 0.920898
vt 0.070312 0.920898
vt 0.035156 0.885742
vt 0.070312 0.885742
vt 0.070312 0.901367
vt 0.035156 0.901367
vt 0.035156 0.911133
vt 0.070312 0.911133
vt 0.035156 0.920898
vt 0.070312 0.920898
vt 0.035156 0.885742
vt 0.070312 0.885742
vt 0.070312 0.920898
vt 0.035156 0.920898
vt 0.035156 0.885742
vt 0.070312 0.885742
vt 0.070312 0.920898
vt 0.035156 0.920898
vt 0.035156 0.885742
vt 0.070312 0.885742
vt 0.070312 0.920898
vt 0.035156 0.920898
vt 0.035156 0.885742
vt 0.070312 0.885742
vt 0.035156 0.920898
vt 0.070312 0.920898
vt 0.035156 0.885742
vt 0.070312 0.885742
vt 0.035156 0.901367
vt 0.070312 0.901367
vt 0.070312 0.911133
vt 0.035156 0.911133
vt 0.070312 0.920898
vt 0.035156 0.920898
vt 0.035156 0.885742
vt 0.070312 0.885742
vt 0.035156 0.920898
vt 0.070312 0.920898
vt 0.035156 0.885742
vt 0.070312 0.885742
vt 0.035156 0.920898
vt 0.070312 0.920898
vt 0.035156 0.885742
vt 0.070312 0.885742
vt 0.070312 0.920898
vt 0.035156 0.920898
vt 0.035156 0.885742
vt 0.070312 0.885742
vt 0.035156 0.901367
vt 0.070312 0.901367
vt 0.070312 0.911133
vt 0.035156 0.911133
vt 0.070312 0.920898
vt 0.035156 0.920898
vt 0.035156 0.885742
vt 0.070312 0.885742
vt 0.035156 0.901367
vt 0.070312 0.901367
vt 0.070312 0.911133
vt 0.035156 0.911133
vt 0.070312 0.920898
vt 0.035156 0.920898
vt 0.035156 0.885742
vt 0.070312 0.885742
vt 0.070312 0.901367
vt 0.035156 0.901367
vt 0.070312 0.911133
vt 0.035156 0.911133
vt 0.070312 0.920898
vt 0.035156 0.920898
vt 0.035156 0.885742
vt 0.070312 0.885742
vt 0.070312 0.920898
vt 0.035156 0.920898
vt 0.035156 0.885742
vt 0.070312 0.885742
vt 0.070312 0.901367
vt 0.035156 0.901367
vt 0.035156 0.911133
vt 0.070312 0.911133
vt 0.035156 0.920898
vt 0.070312 0.920898
vt 0.035156 0.885742
vt 0.070312 0.885742
vt 0.070312 0.901367
vt 0.035156 0.901367
vt 0.035156 0.911133
vt 0.070312 0.911133
vt 0.035156 0.920898
vt 0.070312 0.920898
vt 0.161133 0.381836
vt 0.161133 0.365234
vt 0.165039 0.381836
vt 0.165039 0.365234
vt 0.170898 0.381836
vt 0.170898 0.365234
vt 0.172852 0.365234
vt 0.172852 0.381836
vt 0.174805 0.365234
vt 0.174805 0.381836
vt 0.179688 0.365234
vt 0.179688 0.381836
vt 0.185547 0.365234
vt 0.185547 0.381836
vt 0.165039 0.277344
vt 0.170898 0.277344
vt 0.165039 0.296875
vt 0.170898 0.296875
vt 0.165039 0.314453
vt 0.170898 0.314453
vt 0.165039 0.331055
vt 0.170898 0.331055
vt 0.165039 0.350586
vt 0.170898 0.350586
vt 0.172852 0.350586
vt 0.172852 0.331055
vt 0.174805 0.350586
vt 0.174805 0.331055
vt 0.179688 0.350586
vt 0.179688 0.331055
vt 0.185547 0.350586
vt 0.185547 0.331055
vt 0.179688 0.314453
vt 0.185547 0.314453
vt 0.179688 0.296875
vt 0.185547 0.296875
vt 0.185547 0.277344
vt 0.179688 0.277344
vt 0.174805 0.296875
vt 0.174805 0.277344
vt 0.172852 0.314453
vt 0.174805 0.314453
vt 0.165039 0.399414
vt 0.170898 0.399414
vt 0.165039 0.381836
vt 0.170898 0.381836
vt 0.165039 0.365234
vt 0.170898 0.365234
vt 0.165039 0.350586
vt 0.170898 0.350586
vt 0.170898 0.331055
vt 0.165039 0.331055
vt 0.170898 0.314453
vt 0.165039 0.314453
vt 0.170898 0.296875
vt 0.165039 0.296875
vt 0.170898 0.277344
vt 0.165039 0.277344
vt 0.070312 0.885742
vt 0.035156 0.885742
vt 0.070312 0.901367
vt 0.035156 0.901367
vt 0.035156 0.911133
vt 0.070312 0.911133
vt 0.035156 0.920898
vt 0.070312 0.920898
vt 0.070312 0.885742
vt 0.035156 0.885742
vt 0.035156 0.901367
vt 0.070312 0.901367
vt 0.035156 0.911133
vt 0.070312 0.911133
vt 0.035156 0.920898
vt 0.070312 0.920898
vt 0.070312 0.885742
vt 0.035156 0.885742
vt 0.035156 0.901367
vt 0.070312 0.901367
vt 0.035156 0.911133
vt 0.070312 0.911133
vt 0.035156 0.920898
vt 0.070312 0.920898
vt 0.070312 0.885742
vt 0.035156 0.885742
vt 0.035156 0.901367
vt 0.070312 0.901367
vt 0.035156 0.911133
vt 0.070312 0.911133
vt 0.070312 0.920898
vt 0.035156 0.920898
vt 0.070312 0.885742
vt 0.035156 0.885742
vt 0.035156 0.901367
vt 0.070312 0.901367
vt 0.070312 0.911133
vt 0.035156 0.911133
vt 0.070312 0.920898
vt 0.035156 0.920898
vt 0.070312 0.885742
vt 0.035156 0.885742
vt 0.035156 0.901367
vt 0.070312 0.901367
vt 0.070312 0.911133
vt 0.035156 0.911133
vt 0.070312 0.920898
vt 0.035156 0.920898
vt 0.070312 0.885742
vt 0.035156 0.885742
vt 0.035156 0.901367
vt 0.070312 0.901367
vt 0.070312 0.911133
vt 0.035156 0.911133
vt 0.070312 0.920898
vt 0.035156 0.920898
vt 0.035156 0.885742
vt 0.035156 0.920898
vt 0.070312 0.920898
vt 0.070312 0.885742
vt 0.035156 0.885742
vt 0.035156 0.920898
vt 0.070312 0.920898
vt 0.070312 0.885742
vt 0.035156 0.885742
vt 0.035156 0.920898
vt 0.070312 0.920898
vt 0.070312 0.885742
vt 0.035156 0.885742
vt 0.035156 0.920898
vt 0.070312 0.885742
vt 0.070312 0.920898
vt 0.035156 0.885742
vt 0.035156 0.920898
vt 0.070312 0.885742
vt 0.070312 0.920898
vt 0.035156 0.885742
vt 0.035156 0.920898
vt 0.070312 0.885742
vt 0.070312 0.920898
vt 0.035156 0.885742
vt 0.035156 0.920898
vt 0.070312 0.885742
vt 0.070312 0.920898
vt 0.035156 0.885742
vt 0.035156 0.920898
vt 0.070312 0.885742
vt 0.070312 0.920898
vt 0.070312 0.885742
vt 0.035156 0.885742
vt 0.070312 0.901367
vt 0.035156 0.901367
vt 0.035156 0.911133
vt 0.070312 0.911133
vt 0.035156 0.920898
vt 0.070312 0.920898
vt 0.180664 0.365234
vt 0.191406 0.365234
vt 0.191406 0.365234
vt 0.180664 0.365234
vt 0.191406 0.365234
vt 0.180664 0.365234
vt 0.191406 0.365234
vt 0.180664 0.365234
vt 0.191406 0.365234
vt 0.180664 0.365234
vt 0.191406 0.365234
vt 0.180664 0.365234
vt 0.191406 0.348633
vt 0.180664 0.348633
vt 0.180664 0.331055
vt 0.180664 0.331055
vt 0.180664 0.331055
vt 0.180664 0.331055
vt 0.180664 0.331055
vt 0.180664 0.331055
vt 0.172852 0.331055
vt 0.172852 0.331055
vt 0.180664 0.331055
vt 0.180664 0.331055
vt 0.191406 0.331055
vt 0.191406 0.331055
vt 0.191406 0.312500
vt 0.191406 0.312500
vt 0.191406 0.308594
vt 0.191406 0.312500
vt 0.191406 0.299805
vt 0.191406 0.296875
vt 0.191406 0.312500
vt 0.191406 0.296875
vt 0.191406 0.312500
vt 0.191406 0.296875
vt 0.191406 0.312500
vt 0.172852 0.331055
vt 0.172852 0.331055
vt 0.172852 0.348633
vt 0.172852 0.365234
vt 0.172852 0.365234
vt 0.172852 0.365234
vt 0.172852 0.365234
vt 0.172852 0.365234
vt 0.172852 0.365234
vt 0.626953 0.155273
vt 0.630859 0.106445
vt 0.592773 0.106445
vt 0.590820 0.155273
vt 0.544922 0.106445
vt 0.544922 0.155273
vt 0.590820 0.155273
vt 0.592773 0.106445
vt 0.626953 0.155273
vt 0.630859 0.106445
vt 0.641602 0.106445
vt 0.636719 0.155273
vt 0.632812 0.208008
vt 0.623047 0.208008
vt 0.587891 0.208008
vt 0.544922 0.208008
vt 0.587891 0.208008
vt 0.623047 0.208008
vt 0.632812 0.208008
vt 0.636719 0.155273
vt 0.641602 0.106445
vt 0.616211 0.253906
vt 0.623047 0.208008
vt 0.626953 0.155273
vt 0.630859 0.106445
vt 0.633789 0.055664
vt 0.644531 0.055664
vt 0.633789 0.055664
vt 0.595703 0.055664
vt 0.544922 0.055664
vt 0.595703 0.055664
vt 0.633789 0.055664
vt 0.644531 0.055664
vt 0.633789 0.055664
vt 0.630859 0.106445
vt 0.626953 0.155273
vt 0.623047 0.208008
vt 0.616211 0.253906
vt 0.625977 0.253906
vt 0.617188 0.253906
vt 0.584961 0.253906
vt 0.544922 0.253906
vt 0.584961 0.253906
vt 0.617188 0.253906
vt 0.625977 0.253906
vt 0.206055 0.279297
vt 0.191406 0.279297
vt 0.206055 0.263672
vt 0.191406 0.263672
vt 0.206055 0.263672
vt 0.191406 0.263672
vt 0.191406 0.263672
vt 0.206055 0.263672
vt 0.191406 0.263672
vt 0.206055 0.263672
vt 0.191406 0.263672
vt 0.206055 0.263672
vt 0.191406 0.279297
vt 0.206055 0.279297
vt 0.206055 0.263672
vt 0.191406 0.263672
vt 0.206055 0.263672
vt 0.191406 0.263672
vt 0.191406 0.263672
vt 0.206055 0.263672
vt 0.191406 0.263672
vt 0.206055 0.263672
vt 0.191406 0.263672
vt 0.206055 0.263672
vt 0.206055 0.296875
vt 0.224609 0.296875
vt 0.224609 0.279297
vt 0.224609 0.263672
vt 0.224609 0.263672
vt 0.224609 0.263672
vt 0.224609 0.263672
vt 0.224609 0.263672
vt 0.224609 0.263672
vt 0.206055 0.263672
vt 0.191406 0.263672
vt 0.191406 0.263672
vt 0.190430 0.263672
vt 0.190430 0.263672
vt 0.190430 0.263672
vt 0.189453 0.279297
vt 0.106445 0.333984
vt 0.106445 0.399414
vt 0.242188 0.298828
vt 0.106445 0.263672
vt 0.224609 0.296875
vt 0.206055 0.296875
vt 0.224609 0.279297
vt 0.224609 0.263672
vt 0.224609 0.263672
vt 0.224609 0.263672
vt 0.224609 0.263672
vt 0.224609 0.263672
vt 0.224609 0.263672
vt 0.206055 0.263672
vt 0.191406 0.263672
vt 0.191406 0.263672
vt 0.190430 0.263672
vt 0.190430 0.263672
vt 0.190430 0.263672
vt 0.189453 0.279297
vt 0.242188 0.298828
vt 0.106445 0.399414
vt 0.106445 0.333984
vt 0.106445 0.263672
vt 0.106445 0.399414
vt 0.242188 0.399414
vt 0.106445 0.333984
vt 0.242188 0.333984
vt 0.242188 0.263672
vt 0.106445 0.263672
vt 0.242188 0.399414
vt 0.106445 0.399414
vt 0.106445 0.333984
vt 0.242188 0.333984
vt 0.242188 0.263672
vt 0.106445 0.263672
vt 0.106445 0.263672
vt 0.242188 0.263672
vt 0.106445 0.399414
vt 0.242188 0.399414
vt 0.185547 0.399414
vt 0.179688 0.399414
vt 0.174805 0.399414
vt 0.170898 0.399414
vt 0.165039 0.399414
vt 0.161133 0.399414
vt 0.161133 0.350586
vt 0.161133 0.331055
vt 0.161133 0.314453
vt 0.161133 0.296875
vt 0.161133 0.277344
vt 0.161133 0.263672
vt 0.165039 0.263672
vt 0.170898 0.263672
vt 0.174805 0.263672
vt 0.179688 0.263672
vt 0.185547 0.263672
vt 0.106445 0.263672
vt 0.242188 0.263672
vt 0.242188 0.399414
vt 0.106445 0.399414
vt 0.106445 0.263672
vt 0.242188 0.263672
vt 0.242188 0.399414
vt 0.106445 0.399414
vt 0.106445 0.263672
vt 0.242188 0.263672
vt 0.106445 0.399414
vt 0.242188 0.399414
vt 0.106445 0.263672
vt 0.242188 0.263672
vt 0.106445 0.399414
vt 0.242188 0.399414
vt 0.106445 0.263672
vt 0.242188 0.263672
vt 0.106445 0.399414
vt 0.242188 0.399414
vt 0.106445 0.263672
vt 0.242188 0.263672
vt 0.242188 0.399414
vt 0.106445 0.399414
vt 0.106445 0.263672
vt 0.242188 0.263672
vt 0.242188 0.399414
vt 0.106445 0.399414
vt 0.575195 0.187500
vt 0.552734 0.201172
vt 0.557617 0.165039
vt 0.530273 0.187500
vt 0.547852 0.161133
vt 0.521484 0.149414
vt 0.543945 0.150391
vt 0.547852 0.140625
vt 0.530273 0.114258
vt 0.557617 0.137695
vt 0.552734 0.100586
vt 0.575195 0.114258
vt 0.567383 0.140625
vt 0.583984 0.149414
vt 0.570312 0.150391
vt 0.567383 0.161133
vt 0.179688 0.277344
vt 0.179688 0.263672
vt 0.174805 0.263672
vt 0.174805 0.277344
vt 0.170898 0.263672
vt 0.165039 0.263672
vt 0.161133 0.263672
vt 0.161133 0.277344
vt 0.161133 0.296875
vt 0.161133 0.314453
vt 0.161133 0.331055
vt 0.161133 0.350586
vt 0.161133 0.365234
vt 0.161133 0.381836
vt 0.161133 0.399414
vt 0.106445 0.263672
vt 0.106445 0.399414
vt 0.242188 0.263672
vt 0.242188 0.399414
vt 0.106445 0.263672
vt 0.106445 0.399414
vt 0.242188 0.263672
vt 0.242188 0.399414
vt 0.106445 0.263672
vt 0.106445 0.399414
vt 0.242188 0.399414
vt 0.242188 0.263672
vt 0.106445 0.263672
vt 0.106445 0.399414
vt 0.242188 0.399414
vt 0.242188 0.263672
vt 0.575195 0.187500
vt 0.567383 0.161133
vt 0.557617 0.165039
vt 0.552734 0.201172
vt 0.530273 0.187500
vt 0.547852 0.161133
vt 0.521484 0.149414
vt 0.543945 0.150391
vt 0.547852 0.140625
vt 0.530273 0.114258
vt 0.557617 0.137695
vt 0.552734 0.100586
vt 0.575195 0.114258
vt 0.567383 0.140625
vt 0.583984 0.149414
vt 0.570312 0.150391
vt 0.106445 0.263672
vt 0.106445 0.399414
vt 0.242188 0.263672
vt 0.242188 0.399414
vt 0.106445 0.263672
vt 0.106445 0.399414
vt 0.242188 0.399414
vt 0.242188 0.263672
vt 0.106445 0.263672
vt 0.106445 0.399414
vt 0.242188 0.399414
vt 0.242188 0.263672
vt 0.174805 0.399414
vt 0.179688 0.399414
vt 0.179688 0.381836
vt 0.174805 0.381836
vt 0.179688 0.365234
vt 0.174805 0.365234
vt 0.179688 0.350586
vt 0.174805 0.350586
vt 0.174805 0.331055
vt 0.179688 0.331055
vt 0.174805 0.314453
vt 0.179688 0.314453
vt 0.174805 0.296875
vt 0.179688 0.296875
vt 0.172852 0.314453
vt 0.172852 0.331055
vt 0.172852 0.350586
vt 0.172852 0.365234
vt 0.172852 0.381836
vt 0.106445 0.263672
vt 0.106445 0.399414
vt 0.242188 0.263672
vt 0.242188 0.399414
vt 0.185547 0.399414
vt 0.185547 0.381836
vt 0.185547 0.365234
vt 0.185547 0.350586
vt 0.185547 0.331055
vt 0.185547 0.314453
vt 0.185547 0.296875
vt 0.185547 0.277344
vt 0.185547 0.263672
vn -0.9158 -0.2904 -0.2775
vn -0.9620 0.2675 0.0543
vn -0.8821 -0.2067 -0.4233
vn -0.9678 0.2365 -0.0866
vn -0.9108 -0.0764 -0.4058
vn -0.9246 0.3713 -0.0848
vn -0.8798 0.4734 -0.0433
vn -0.7330 0.6109 -0.2992
vn -0.6126 0.4548 -0.6465
vn -0.9048 0.3006 -0.3017
vn -0.8651 0.2459 -0.4371
vn -0.5400 0.2947 -0.7883
vn -0.8229 0.4119 -0.3913
vn -0.5078 0.5110 -0.6936
vn -0.7428 0.6126 -0.2702
vn -0.4380 0.7887 -0.4315
vn -0.7246 0.6883 0.0354
vn -0.4231 0.9043 -0.0576
vn -0.6144 0.3985 0.6810
vn -0.3590 0.6314 0.6873
vn 0.2063 0.9732 -0.1016
vn 0.2058 0.4331 0.8776
vn 0.7406 0.3842 0.5513
vn 0.7391 0.6428 -0.2015
vn 0.8648 0.0660 0.4977
vn 0.9335 0.3165 -0.1688
vn 0.8332 -0.2624 0.4868
vn 0.9703 0.0302 -0.2402
vn 0.8467 0.2563 -0.4663
vn 0.8045 0.0461 -0.5921
vn 0.9403 -0.1455 -0.3076
vn 0.7607 -0.1190 -0.6381
vn 0.8969 -0.2985 -0.3262
vn 0.8495 -0.0934 -0.5193
vn 0.9157 -0.2025 -0.3472
vn 0.9826 0.1604 0.0942
vn 0.5567 -0.6016 0.5729
vn 0.5332 -0.5257 0.6628
vn 0.8196 -0.4362 0.3714
vn 0.9607 0.0598 -0.2712
vn 0.9687 -0.1662 -0.1845
vn 0.9279 -0.1897 -0.3209
vn 0.5882 -0.5359 -0.6057
vn 0.6160 -0.6340 -0.4676
vn 0.6721 -0.4319 -0.6015
vn 0.9474 -0.0501 -0.3162
vn 0.8309 0.2596 -0.4922
vn -0.7282 0.0879 0.6798
vn -0.8935 0.4490 -0.0104
vn -0.9570 0.2807 -0.0731
vn -0.9877 0.1251 -0.0940
vn -0.9684 0.2213 -0.1151
vn -0.7718 0.5550 0.3103
vn -0.6090 -0.3399 0.7167
vn -0.5354 -0.2852 0.7950
vn -0.8160 -0.0690 0.5739
vn -0.2245 -0.5632 -0.7952
vn -0.2394 -0.6890 -0.6841
vn -0.2478 -0.8027 -0.5425
vn -0.7025 -0.6301 0.3309
vn -0.1595 -0.9134 0.3745
vn 0.0252 -0.3932 0.9191
vn 0.4263 -0.8839 0.1921
vn 0.0395 0.6106 -0.7909
vn -0.0526 0.2899 -0.9556
vn -0.0614 0.2590 -0.9639
vn 0.0137 0.5267 -0.8499
vn 0.1294 0.8530 -0.5055
vn 0.6165 0.5519 -0.5616
vn 0.4997 0.2848 -0.8180
vn 0.4144 0.0806 -0.9065
vn 0.5779 0.1875 -0.7943
vn 0.8054 -0.4460 0.3904
vn 0.7353 0.0031 0.6778
vn 0.2327 0.6236 0.7463
vn 0.0812 -0.1753 0.9812
vn -0.0086 -0.5118 0.8590
vn 0.0258 -0.3936 0.9189
vn 0.0253 -0.3933 0.9191
vn 0.0261 -0.3911 0.9200
vn -0.4859 0.2778 0.8287
vn -0.8033 -0.0855 0.5894
vn -0.0360 0.9896 0.1395
vn 0.0044 0.9912 0.1322
vn 0.0483 0.9890 0.1399
vn -0.0320 0.9908 0.1313
vn 0.0199 0.9907 0.1347
vn -0.0209 0.9916 0.1279
vn 0.0099 0.9917 0.1284
vn 0.0072 0.9891 0.1469
vn -0.0191 0.9848 0.1728
vn 0.0075 0.9827 0.1852
vn -0.0034 0.9897 0.1429
vn 0.0087 0.9959 0.0898
vn -0.2700 -0.8146 0.5133
vn 0.0188 -0.9865 -0.1628
vn 0.0000 -0.9864 -0.1644
vn -0.0368 -0.8261 0.5623
vn -0.0079 -0.9868 -0.1618
vn 0.1822 -0.8237 0.5369
vn -0.0285 -0.9855 -0.1671
vn 0.3949 -0.8111 0.4314
vn -0.0675 -0.9816 -0.1787
vn 0.5630 -0.7817 0.2683
vn -0.0183 -0.9889 -0.1472
vn 0.6849 -0.7266 0.0541
vn -0.0061 -0.9910 -0.1335
vn 0.7067 -0.6847 -0.1782
vn 0.0466 -0.9846 -0.1684
vn 0.6508 -0.6396 -0.4090
vn -0.0143 -0.9948 -0.1004
vn 0.4776 -0.6488 -0.5925
vn -0.0156 -0.9924 -0.1224
vn 0.2874 -0.5994 -0.7471
vn 0.0014 -0.9888 -0.1491
vn 0.0467 -0.5862 -0.8089
vn -0.0071 -0.9883 -0.1526
vn -0.2046 -0.6045 -0.7699
vn 0.0458 -0.9945 -0.0938
vn -0.4171 -0.6355 -0.6498
vn -0.0239 -0.9906 -0.1344
vn -0.6125 -0.6243 -0.4848
vn -0.0130 -0.9892 -0.1463
vn -0.6864 -0.6807 -0.2559
vn -0.0060 -0.9911 -0.1333
vn -0.6923 -0.7212 -0.0244
vn 0.0400 -0.9857 -0.1640
vn -0.6054 -0.7748 0.1820
vn 0.0424 -0.9825 -0.1813
vn -0.4647 -0.7940 0.3919
vn -0.4286 0.6104 0.6661
vn -0.2018 0.5762 0.7920
vn 0.0412 0.5734 0.8182
vn 0.2823 0.5888 0.7574
vn 0.4880 0.6111 0.6231
vn 0.6283 0.6692 0.3969
vn 0.7272 0.6640 0.1738
vn 0.7033 0.7084 -0.0588
vn 0.5997 0.7483 -0.2836
vn 0.4121 0.7963 -0.4428
vn 0.1951 0.8268 -0.5276
vn -0.0426 0.7920 -0.6090
vn -0.2760 0.7980 -0.5358
vn -0.4680 0.8022 -0.3706
vn -0.6274 0.7505 -0.2076
vn -0.7091 0.7048 0.0193
vn -0.7257 0.6439 0.2425
vn -0.5962 0.6450 0.4780
vn 0.0107 0.9917 0.1284
vn -0.0099 0.9867 0.1620
vn 0.0009 0.9860 0.1667
vn 0.0000 0.9864 0.1644
vn 0.0015 0.9852 0.1716
vn -0.0003 0.9902 0.1396
vn -0.1221 -0.6440 0.7552
vn 0.0012 -0.3371 0.9415
vn -0.2962 -0.4718 0.8305
vn -0.2451 -0.8406 0.4830
vn -0.5030 -0.6072 0.6151
vn -0.3029 -0.9252 0.2285
vn -0.6427 -0.6859 0.3413
vn -0.3286 -0.9445 -0.0057
vn -0.7091 -0.7025 0.0606
vn -0.3879 -0.8911 -0.2356
vn -0.7736 -0.5913 -0.2277
vn -0.6405 -0.5682 -0.5166
vn -0.3008 -0.8257 -0.4772
vn -0.5085 -0.4093 -0.7575
vn -0.2257 -0.6788 -0.6987
vn -0.2741 -0.2540 -0.9276
vn -0.1221 -0.4403 -0.8895
vn 0.0006 -0.0833 -0.9965
vn -0.0000 -0.6412 0.7674
vn 0.0019 -0.8606 0.5093
vn 0.0006 -0.9739 0.2270
vn 0.0249 -0.9996 -0.0129
vn -0.0198 -0.9684 -0.2484
vn 0.0007 -0.8682 -0.4963
vn 0.0015 -0.6925 -0.7214
vn 0.0000 -0.4082 -0.9129
vn 0.1289 -0.6422 0.7556
vn 0.2493 -0.8383 0.4848
vn 0.3071 -0.9234 0.2301
vn 0.3870 -0.9220 -0.0062
vn 0.3303 -0.9140 -0.2356
vn 0.3051 -0.8236 -0.4780
vn 0.2287 -0.6764 -0.7001
vn 0.1265 -0.4395 -0.8893
vn 0.2979 -0.4811 0.8245
vn 0.5013 -0.6115 0.6122
vn 0.6384 -0.6910 0.3392
vn 0.7722 -0.6321 0.0653
vn 0.7081 -0.6661 -0.2345
vn 0.6363 -0.5736 -0.5160
vn 0.5068 -0.4147 -0.7558
vn 0.2736 -0.2662 -0.9243
vn 0.3926 -0.3163 0.8636
vn 0.6410 -0.4367 0.6312
vn 0.7985 -0.4953 0.3421
vn 0.8721 -0.4825 0.0811
vn 0.8813 -0.4458 -0.1564
vn 0.8017 -0.3800 -0.4614
vn 0.6363 -0.2488 -0.7302
vn 0.4054 -0.0446 -0.9130
vn -0.3937 -0.2923 0.8715
vn -0.6449 -0.4278 0.6333
vn -0.8070 -0.4761 0.3495
vn -0.8788 -0.4752 0.0442
vn -0.8762 -0.4294 -0.2187
vn -0.8099 -0.3598 -0.4632
vn -0.6403 -0.2398 -0.7297
vn -0.4061 -0.0182 -0.9136
vn -0.0341 0.9896 0.1394
vn 0.0043 0.9911 0.1328
vn 0.0482 0.9889 0.1405
vn 0.0197 0.9907 0.1343
vn -0.0234 0.9917 0.1263
vn 0.0096 0.9917 0.1280
vn 0.0065 0.9893 0.1460
vn -0.0192 0.9848 0.1727
vn 0.0077 0.9826 0.1857
vn 0.0087 0.9959 0.0900
vn -0.2651 -0.8149 0.5154
vn 0.0192 -0.9863 -0.1640
vn -0.0389 -0.8262 0.5620
vn -0.0077 -0.9868 -0.1619
vn 0.1797 -0.8236 0.5380
vn -0.0282 -0.9855 -0.1672
vn 0.3926 -0.8121 0.4317
vn -0.0676 -0.9816 -0.1788
vn 0.5665 -0.7800 0.2659
vn -0.0177 -0.9889 -0.1478
vn 0.6812 -0.7292 0.0655
vn 0.7053 -0.6845 -0.1845
vn 0.0465 -0.9846 -0.1683
vn 0.6486 -0.6372 -0.4163
vn -0.0141 -0.9949 -0.0999
vn 0.4818 -0.6507 -0.5870
vn -0.0153 -0.9924 -0.1220
vn 0.2816 -0.5986 -0.7499
vn 0.0454 -0.5862 -0.8089
vn -0.0077 -0.9881 -0.1538
vn -0.2047 -0.6035 -0.7707
vn 0.0448 -0.9945 -0.0945
vn -0.4175 -0.6348 -0.6502
vn -0.0323 -0.9899 -0.1383
vn -0.6189 -0.6198 -0.4825
vn -0.6832 -0.6795 -0.2676
vn -0.6895 -0.7240 -0.0203
vn -0.6008 -0.7772 0.1872
vn 0.0454 -0.9820 -0.1834
vn -0.4687 -0.7945 0.3860
vn -0.4255 0.6122 0.6665
vn -0.2008 0.5756 0.7927
vn 0.0402 0.5735 0.8182
vn 0.2764 0.5879 0.7602
vn 0.4923 0.6129 0.6180
vn 0.6265 0.6667 0.4037
vn 0.7261 0.6636 0.1801
vn 0.6997 0.7110 -0.0698
vn 0.6026 0.7467 -0.2816
vn 0.4101 0.7973 -0.4428
vn 0.1924 0.8266 -0.5289
vn -0.0448 0.7921 -0.6087
vn -0.2712 0.7982 -0.5379
vn -0.4720 0.8025 -0.3650
vn -0.6267 0.7486 -0.2164
vn -0.7087 0.7054 0.0126
vn -0.7226 0.6427 0.2545
vn -0.5969 0.6461 0.4757
vn 0.0137 0.9918 0.1271
vn -0.0098 0.9868 0.1619
vn 0.0009 0.9860 0.1666
vn 0.0015 0.9851 0.1717
vn -0.0003 0.9902 0.1398
vn -0.1274 -0.6403 0.7575
vn -0.0000 -0.3388 0.9409
vn -0.2985 -0.4767 0.8269
vn -0.2520 -0.8364 0.4867
vn -0.4941 -0.6171 0.6124
vn -0.3049 -0.9238 0.2316
vn -0.6365 -0.6900 0.3448
vn -0.6344 -0.5711 -0.5210
vn -0.3028 -0.8235 -0.4797
vn -0.4998 -0.4198 -0.7577
vn -0.2315 -0.6744 -0.7011
vn -0.2746 -0.2618 -0.9252
vn -0.1253 -0.4378 -0.8903
vn 0.0000 -0.0857 -0.9963
vn -0.0000 -0.8604 0.5096
vn -0.0000 -0.9741 0.2262
vn 0.0236 -0.9996 -0.0124
vn -0.0208 -0.9683 -0.2490
vn 0.0000 -0.8685 -0.4956
vn 0.0000 -0.6922 -0.7217
vn 0.1274 -0.6403 0.7575
vn 0.2520 -0.8364 0.4867
vn 0.3091 -0.9226 0.2307
vn 0.3857 -0.9226 -0.0006
vn 0.3285 -0.9132 -0.2411
vn 0.3071 -0.8226 -0.4786
vn 0.2315 -0.6744 -0.7011
vn 0.1253 -0.4378 -0.8903
vn 0.2985 -0.4767 0.8269
vn 0.4985 -0.6175 0.6084
vn 0.6329 -0.6945 0.3422
vn 0.7707 -0.6327 0.0763
vn 0.7065 -0.6639 -0.2451
vn 0.6308 -0.5761 -0.5198
vn 0.5040 -0.4213 -0.7540
vn 0.2746 -0.2618 -0.9252
vn 0.3874 -0.3242 0.8630
vn 0.6345 -0.4585 0.6223
vn 0.7951 -0.4946 0.3509
vn 0.8705 -0.4832 0.0934
vn 0.8806 -0.4445 -0.1645
vn 0.7982 -0.3772 -0.4698
vn 0.6297 -0.2720 -0.7276
vn 0.4003 -0.0524 -0.9149
vn -0.3874 -0.3242 0.8630
vn -0.6332 -0.4474 0.6316
vn -0.6286 -0.2591 -0.7333
vn -0.4003 -0.0524 -0.9149
vn 0.9105 -0.3679 -0.1889
vn 0.0000 0.9377 -0.3475
vn 0.6133 -0.5953 0.5191
vn -0.4255 0.4692 0.7738
vn -0.5572 0.4831 0.6754
vn 0.5703 0.7749 -0.2726
vn 0.5445 -0.3976 -0.7385
vn 0.4478 -0.7939 0.4113
vn 0.3771 0.1928 0.9059
vn 0.2572 0.8093 -0.5281
vn 0.5462 0.6456 0.5337
vn 0.3142 0.6268 -0.7131
vn 0.5867 0.5952 -0.5491
vn 0.1733 0.5846 0.7926
vn 0.6237 0.6616 -0.4163
vn -0.4633 0.4031 0.7892
vn -0.2017 0.9624 0.1821
vn 0.6876 0.5972 -0.4130
vn -0.5802 0.8137 0.0363
vn 0.6347 0.6918 -0.3443
vn 0.4992 -0.7138 -0.4912
vn 0.3898 -0.7817 -0.4869
vn 0.3606 -0.5633 -0.7435
vn 0.0003 -0.4402 -0.8979
vn -0.2391 -0.4027 -0.8835
vn -0.1629 -0.3325 -0.9289
vn -0.0360 -0.9848 0.1701
vn -0.3363 -0.8728 0.3538
vn -0.4215 -0.8165 0.3947
vn -0.4517 -0.8020 0.3910
vn -0.7555 -0.5504 0.3554
vn -0.6357 -0.7712 0.0330
vn -0.9386 -0.1043 -0.3288
vn 0.7551 0.2361 -0.6117
vn -0.7638 -0.2621 0.5899
vn -0.8343 0.0577 0.5483
vn -0.9732 0.1804 -0.1426
vn -0.9800 -0.1153 -0.1621
vn -0.8983 0.0796 -0.4321
vn -0.8392 -0.1431 -0.5246
vn -0.9335 -0.2964 -0.2017
vn -0.7791 -0.3085 -0.5458
vn -0.8733 -0.4445 -0.1993
vn -0.8630 -0.2724 -0.4255
vn -0.9045 -0.3557 -0.2352
vn -0.9870 0.0687 0.1455
vn -0.4448 -0.5499 0.7069
vn -0.4253 -0.4568 0.7813
vn -0.7372 -0.4508 0.5034
vn -0.9761 -0.0912 -0.1975
vn -0.9516 -0.2981 -0.0752
vn -0.9167 -0.3408 -0.2085
vn -0.6518 -0.5999 -0.4640
vn 0.2412 -0.6656 -0.7063
vn -0.5563 -0.6927 -0.4590
vn 0.2772 -0.7673 -0.5782
vn -0.5637 -0.7679 -0.3043
vn 0.3075 -0.8534 -0.4208
vn -0.3049 -0.8779 0.3693
vn 0.2896 -0.8127 0.5056
vn 0.0785 -0.2291 0.9702
vn 0.7908 -0.4850 0.3732
vn 0.9251 -0.2341 -0.2991
vn 0.8727 -0.1805 -0.4536
vn 0.8880 -0.0486 -0.4573
vn -0.1605 0.4573 -0.8747
vn -0.8852 0.0798 -0.4582
vn -0.6444 -0.0155 -0.7646
vn -0.0409 0.1246 -0.9914
vn -0.4762 -0.1222 -0.8708
vn -0.0298 0.0936 -0.9952
vn -0.5797 0.0842 -0.8105
vn -0.1282 0.3677 -0.9211
vn -0.7116 0.3767 -0.5930
vn -0.2609 0.7339 -0.6271
vn -0.8216 0.5154 -0.2436
vn -0.3267 0.9133 -0.2430
vn 0.3085 0.9205 -0.2396
vn 0.3135 0.7445 -0.5894
vn 0.6377 0.7581 -0.1364
vn 0.6456 0.6337 -0.4262
vn 0.3990 0.4350 -0.8072
vn 0.7421 0.4239 -0.5191
vn 0.4505 0.2101 -0.8677
vn 0.8009 0.2580 -0.5404
vn 0.5119 0.3992 -0.7607
vn 0.8423 0.3389 -0.4192
vn 0.8129 0.5501 -0.1916
vn 0.6348 0.6253 -0.4539
vn 0.9262 0.3192 -0.2009
vn 0.8680 0.4468 -0.2168
vn 0.8420 0.1037 0.5295
vn 0.9247 0.3743 -0.0686
vn 0.4988 0.4666 0.7304
vn 0.7177 0.6795 0.1523
vn -0.2585 0.7143 0.6504
vn 0.0015 -0.0109 0.9999
vn 0.6882 -0.1438 0.7112
vn 0.1231 -0.3516 0.9280
vn 0.0786 -0.2293 0.9702
vn 0.6134 -0.0847 0.7852
vn 0.0785 -0.2288 0.9703
vn 0.8518 0.1190 0.5102
vn 0.7525 0.2818 0.5953
vn 0.0784 -0.2270 0.9707
vn 0.6044 0.5728 0.5537
vn 0.3235 0.7749 0.5431
vn -0.2015 0.5536 0.8080
vn -0.7456 0.3918 0.5390
vn -0.6864 0.0419 0.7261
vn -0.7192 -0.4559 0.5243
vn -0.9526 -0.2060 -0.2239
vn 0.8312 0.5339 -0.1553
vn 0.9107 0.3644 -0.1945
vn 0.9582 0.2119 -0.1921
vn 0.9263 0.3002 -0.2276
vn -0.0265 0.2347 0.9717
vn 0.0010 0.0050 1.0000
vn 0.1705 0.2081 0.9631
vn -0.0067 0.5251 0.8510
vn 0.3166 0.4477 0.8363
vn -0.0020 0.7937 0.6083
vn 0.4341 0.6779 0.5933
vn 0.0006 0.9521 0.3056
vn 0.4885 0.8197 0.2991
vn 0.0021 0.9992 -0.0403
vn 0.4968 0.8655 -0.0634
vn 0.0074 0.9247 -0.3807
vn 0.4407 0.8069 -0.3934
vn 0.0148 0.7426 -0.6696
vn 0.3381 0.6490 -0.6815
vn 0.0284 0.5071 -0.8614
vn 0.2136 0.4443 -0.8701
vn 0.0012 0.2651 -0.9642
vn -0.2223 0.1818 0.9579
vn -0.3453 0.4235 0.8375
vn -0.4498 0.6652 0.5959
vn -0.4968 0.8188 0.2876
vn -0.4916 0.8691 -0.0548
vn -0.4307 0.8108 -0.3964
vn -0.3187 0.6613 -0.6790
vn -0.1611 0.4672 -0.8694
vn -0.2742 0.0950 0.9570
vn -0.5081 0.2131 0.8345
vn -0.7180 0.3458 0.6041
vn -0.8619 0.4349 0.2607
vn -0.8457 0.5242 -0.0998
vn -0.7351 0.5230 -0.4314
vn -0.5462 0.4543 -0.7037
vn -0.3132 0.3481 -0.8836
vn -0.3816 0.0383 0.9235
vn -0.6718 0.1147 0.7318
vn -0.8605 0.1984 0.4693
vn -0.9458 0.2564 0.1995
vn -0.9535 0.2934 -0.0693
vn -0.8601 0.3271 -0.3915
vn -0.6627 0.3274 -0.6735
vn -0.3883 0.2658 -0.8824
vn 0.2959 0.1036 0.9496
vn 0.3857 0.0168 0.9225
vn 0.5507 0.2419 0.7989
vn 0.6674 0.1126 0.7361
vn 0.7347 0.3797 0.5621
vn 0.8605 0.1984 0.4693
vn 0.8448 0.4754 0.2456
vn 0.9534 0.2638 0.1466
vn 0.8588 0.4942 -0.1348
vn 0.9467 0.2968 -0.1252
vn 0.8601 0.3271 -0.3915
vn 0.7117 0.5130 -0.4799
vn 0.6586 0.3266 -0.6779
vn 0.5126 0.4217 -0.7479
vn 0.3930 0.2431 -0.8868
vn 0.3064 0.3040 -0.9021
vn 0.2740 0.5864 0.7623
vn 0.0056 0.9867 0.1626
vn 0.0024 0.9773 0.2117
vn 0.0396 0.5793 0.8142
vn -0.0309 0.9752 0.2191
vn -0.2074 0.5991 0.7733
vn 0.0193 0.9936 0.1114
vn -0.3881 0.6677 0.6353
vn 0.0694 0.9926 0.1001
vn -0.5674 0.6708 0.4777
vn 0.0391 0.9909 0.1286
vn -0.6501 0.7098 0.2714
vn 0.1364 0.9780 0.1577
vn -0.6590 0.7516 0.0282
vn 0.0310 0.9895 0.1411
vn -0.6451 0.7252 -0.2405
vn -0.0614 0.9950 0.0788
vn -0.4920 0.7620 -0.4211
vn -0.0422 0.9988 0.0232
vn -0.2833 0.7839 -0.5525
vn -0.0126 0.9913 0.1313
vn -0.0427 0.7976 -0.6017
vn 0.0214 0.9966 0.0793
vn 0.2298 0.7593 -0.6088
vn 0.0663 0.9964 0.0526
vn 0.4294 0.7776 -0.4593
vn 0.0658 0.9923 0.1047
vn 0.5686 0.7737 -0.2794
vn -0.1078 0.9840 0.1415
vn 0.6303 0.7736 -0.0654
vn -0.0845 0.9875 0.1329
vn 0.6812 0.7080 0.1863
vn -0.0486 0.9908 0.1266
vn 0.6012 0.6915 0.4004
vn -0.0559 0.9964 0.0638
vn 0.4782 0.6543 0.5858
vn 0.3886 -0.8137 0.4323
vn 0.1791 -0.8229 0.5392
vn -0.0418 -0.7798 0.6246
vn -0.2690 -0.7963 0.5418
vn -0.4713 -0.8001 0.3711
vn -0.5920 -0.7863 0.1766
vn -0.6883 -0.7250 -0.0250
vn -0.6855 -0.6786 -0.2637
vn -0.6321 -0.5990 -0.4915
vn -0.4682 -0.5567 -0.6862
vn -0.2164 -0.5857 -0.7811
vn 0.0447 -0.6394 -0.7676
vn 0.2945 -0.6012 -0.7428
vn 0.5122 -0.5766 -0.6366
vn 0.6656 -0.6084 -0.4323
vn 0.7146 -0.6745 -0.1852
vn 0.6902 -0.7207 0.0651
vn 0.5609 -0.7844 0.2646
vn -0.0572 -0.9837 -0.1706
vn -0.0250 -0.9838 -0.1774
vn -0.0098 -0.9860 -0.1663
vn 0.0097 -0.9925 -0.1222
vn 0.0158 -0.9793 -0.2018
vn 0.0389 -0.9827 -0.1813
vn 0.0396 -0.9866 -0.1582
vn -0.0084 -0.9908 -0.1353
vn -0.0261 -0.9895 -0.1421
vn -0.0209 -0.9842 -0.1760
vn -0.0040 -0.9892 -0.1463
vn 0.0093 -0.9951 -0.0985
vn 0.0103 -0.9830 -0.1833
vn 0.0376 -0.9822 -0.1840
vn 0.0438 -0.9864 -0.1584
vn 0.0049 -0.9906 -0.1366
vn -0.0165 -0.9898 -0.1413
vn 0.1794 0.2068 0.9618
vn 0.0026 0.0053 1.0000
vn 0.2919 0.1126 0.9498
vn 0.3159 0.4458 0.8375
vn 0.5502 0.2424 0.7991
vn 0.4356 0.6753 0.5951
vn 0.7463 0.3706 0.5529
vn 0.4964 0.8150 0.2989
vn 0.8439 0.4745 0.2502
vn 0.5046 0.8610 -0.0642
vn 0.8562 0.4978 -0.1379
vn 0.4479 0.8000 -0.3992
vn 0.7191 0.5064 -0.4758
vn 0.3391 0.6512 -0.6790
vn 0.5161 0.4228 -0.7449
vn 0.2166 0.4405 -0.8712
vn 0.2999 0.3082 -0.9028
vn 0.0023 0.2655 -0.9641
vn -0.2252 0.1797 0.9576
vn -0.0233 0.2370 0.9712
vn -0.3451 0.4270 0.8358
vn -0.0042 0.5255 0.8508
vn -0.4505 0.6605 0.6007
vn 0.0004 0.7919 0.6107
vn -0.5020 0.8136 0.2934
vn 0.0038 0.9522 0.3056
vn -0.4932 0.8677 -0.0615
vn 0.0043 0.9991 -0.0417
vn -0.4282 0.8095 -0.4017
vn -0.3244 0.6607 -0.6770
vn 0.0182 0.7419 -0.6703
vn -0.1669 0.4652 -0.8693
vn 0.0321 0.5079 -0.8608
vn -0.2790 0.0867 0.9564
vn -0.5118 0.2106 0.8329
vn -0.8575 0.4389 0.2684
vn -0.8450 0.5245 -0.1044
vn -0.7350 0.5196 -0.4355
vn -0.3208 0.3443 -0.8824
vn -0.8535 0.2038 0.4795
vn -0.9354 0.2788 0.2177
vn -0.9444 0.3198 -0.0759
vn -0.8533 0.3351 -0.3996
vn 0.3790 0.0286 0.9250
vn 0.6834 0.0992 0.7233
vn 0.8535 0.2038 0.4795
vn 0.9443 0.2874 0.1600
vn 0.9364 0.3231 -0.1370
vn 0.8533 0.3351 -0.3996
vn 0.6749 0.3099 -0.6696
vn 0.3859 0.2569 -0.8861
vn 0.2815 0.5874 0.7588
vn 0.0058 0.9867 0.1625
vn 0.0411 0.5793 0.8141
vn -0.0273 0.9767 0.2130
vn -0.2060 0.6028 0.7708
vn 0.0233 0.9941 0.1061
vn -0.3917 0.6654 0.6354
vn 0.0627 0.9928 0.1024
vn -0.5650 0.6703 0.4811
vn 0.0391 0.9909 0.1290
vn -0.6480 0.7167 0.2579
vn 0.1688 0.9717 0.1652
vn -0.6497 0.7589 0.0432
vn 0.0511 0.9869 0.1528
vn -0.6457 0.7281 -0.2303
vn -0.0582 0.9951 0.0803
vn -0.4862 0.7632 -0.4255
vn -0.0406 0.9988 0.0273
vn -0.2887 0.7854 -0.5476
vn -0.0399 0.7975 -0.6020
vn 0.0222 0.9966 0.0795
vn 0.2343 0.7596 -0.6067
vn 0.0675 0.9963 0.0533
vn 0.4307 0.7776 -0.4580
vn 0.0590 0.9925 0.1071
vn 0.5549 0.7827 -0.2821
vn -0.1431 0.9791 0.1445
vn 0.6226 0.7810 -0.0492
vn -0.1046 0.9858 0.1315
vn 0.6827 0.7084 0.1791
vn -0.0446 0.9906 0.1296
vn 0.6067 0.6916 0.3919
vn -0.0528 0.9964 0.0656
vn 0.4735 0.6522 0.5920
vn 0.3945 -0.8103 0.4334
vn 0.1823 -0.8232 0.5377
vn -0.0391 -0.7797 0.6249
vn -0.2756 -0.7955 0.5396
vn -0.4665 -0.7988 0.3799
vn -0.5996 -0.7819 0.1707
vn -0.6938 -0.7196 -0.0287
vn -0.6907 -0.6790 -0.2487
vn -0.6219 -0.6066 -0.4952
vn -0.4679 -0.5584 -0.6851
vn -0.2171 -0.5879 -0.7793
vn 0.0467 -0.6401 -0.7669
vn 0.3024 -0.6024 -0.7387
vn 0.5067 -0.5742 -0.6430
vn 0.6636 -0.6178 -0.4218
vn 0.7135 -0.6783 -0.1757
vn 0.6962 -0.7161 0.0504
vn 0.5642 -0.7806 0.2688
vn -0.0491 -0.9846 -0.1680
vn -0.0254 -0.9839 -0.1771
vn -0.0101 -0.9861 -0.1661
vn 0.0152 -0.9797 -0.2001
vn 0.0356 -0.9832 -0.1792
vn 0.0322 -0.9877 -0.1532
vn -0.0104 -0.9908 -0.1348
vn -0.0214 -0.9897 -0.1413
vn -0.0207 -0.9843 -0.1753
vn -0.0031 -0.9895 -0.1444
vn 0.0106 -0.9830 -0.1831
vn 0.0346 -0.9827 -0.1817
vn 0.0371 -0.9874 -0.1540
vn 0.0061 -0.9906 -0.1365
vn -0.0094 -0.9901 -0.1402
vn -0.5704 0.7748 -0.2727
vn 0.5539 0.4792 0.6809
vn -0.3771 0.1928 0.9059
vn -0.2572 0.8093 -0.5281
vn -0.5461 0.6456 0.5337
vn -0.3142 0.6268 -0.7131
vn -0.5869 0.5957 -0.5483
vn -0.1733 0.5846 0.7926
vn -0.6230 0.6626 -0.4156
vn 0.4633 0.4031 0.7892
vn 0.2017 0.9624 0.1821
vn -0.6876 0.5972 -0.4130
vn 0.5802 0.8137 0.0363
vn -0.6347 0.6918 -0.3443
vn -0.4992 -0.7138 -0.4912
vn -0.3899 -0.7812 -0.4875
vn -0.3614 -0.5614 -0.7445
vn -0.0005 -0.4403 -0.8979
vn 0.2391 -0.4027 -0.8835
vn 0.1629 -0.3325 -0.9289
vn -0.5446 -0.3976 -0.7385
vn -0.4555 -0.7924 0.4057
vn 0.0360 -0.9848 0.1701
vn 0.3363 -0.8728 0.3538
vn 0.4216 -0.8165 0.3945
vn 0.4515 -0.8021 0.3908
vn 0.7555 -0.5504 0.3554
vn 0.6357 -0.7712 0.0330
vn 0.9386 -0.1043 -0.3288
vn -0.7551 0.2361 -0.6117
vn -0.6380 -0.5911 0.4935
vn -0.9098 -0.3596 -0.2071
vn 0.4118 0.4729 0.7790
vn -0.1413 0.6124 -0.7779
vn 0.2683 -0.7140 -0.6467
vn -0.4597 -0.8096 -0.3649
vn -0.9594 -0.2507 -0.1290
vn -0.9153 -0.3376 0.2195
vn -0.9048 0.3300 0.2691
vn -0.9252 0.2461 0.2889
vn -0.5405 0.8324 0.1227
vn -0.5088 0.8397 0.1897
vn 0.2907 0.9434 -0.1598
vn 0.2500 0.9357 -0.2488
vn 0.8654 0.3175 -0.3875
vn 0.8346 0.3099 -0.4553
vn 0.8009 -0.4099 -0.4365
vn 0.8275 -0.3228 -0.4594
vn 0.4205 -0.8380 -0.3478
vn -0.3642 -0.9313 0.0009
vn -0.8495 -0.4377 0.2947
vn -0.9344 0.2202 0.2799
vn -0.7064 0.7005 0.1016
vn 0.1508 0.9487 -0.2780
vn 0.8191 0.2683 -0.5071
vn 0.8100 -0.3477 -0.4723
vn 0.3013 -0.9314 -0.2041
vn -0.3725 -0.9121 0.1712
vn -0.5966 -0.4757 0.6463
vn -0.5021 -0.1055 0.8584
vn -0.4228 0.6633 0.6174
vn 0.3915 0.9201 -0.0162
vn 0.6300 0.0730 0.7732
vn 0.9270 -0.3444 0.1488
vn 0.4529 -0.7754 0.4401
vn -0.0590 -0.9273 0.3697
vn -0.3474 0.4419 0.8271
vn 0.5000 0.3200 0.8047
vn 0.4996 0.5828 0.6409
vn -0.3344 0.6458 0.6864
vn 0.4799 0.6339 0.6065
vn -0.3412 0.6788 0.6503
vn -0.8520 0.2253 0.4725
vn -0.8785 0.3484 0.3269
vn -0.7784 0.5858 -0.2258
vn -0.1697 0.4977 -0.8506
vn 0.5591 0.0901 -0.8242
vn 0.8684 -0.3018 -0.3934
vn 0.8680 -0.4247 -0.2572
vn 0.9768 0.1880 0.1021
vn 0.9777 0.1557 0.1410
vn 0.9721 0.0784 0.2212
vn 0.8388 -0.4980 0.2200
vn 0.2522 -0.3549 0.9003
vn 0.3808 -0.3180 0.8683
vn 0.2958 -0.2150 0.9308
vn 0.5201 -0.8412 0.1478
vn 0.2028 -0.4768 0.8553
vn -0.2202 -0.9753 -0.0187
vn 0.4490 -0.6742 0.5864
vn 0.1060 -0.9908 -0.0844
vn 0.8886 -0.3970 0.2297
vn 0.5723 -0.7770 -0.2621
vn 0.8206 -0.5567 -0.1290
vn 0.3871 -0.9162 0.1034
vn 0.3552 -0.8869 -0.2954
vn 0.4046 -0.9096 0.0950
vn 0.0000 -0.9980 -0.0626
vn 0.0000 -0.8434 -0.5372
vn -0.3527 -0.8887 -0.2930
vn -0.3887 -0.5519 -0.7378
vn -0.6109 -0.4786 -0.6307
vn -0.3705 -0.9224 0.1088
vn -0.8801 -0.4516 -0.1468
vn -0.3690 -0.7420 -0.5597
vn -0.9586 -0.1958 -0.2065
vn -0.0731 0.4525 0.8887
vn -0.7941 0.3606 0.4893
vn -0.8175 0.4282 0.3852
vn -0.8216 0.4129 0.3930
vn -0.9812 0.0664 -0.1811
vn -0.4428 -0.3248 -0.8357
vn 0.4578 -0.4425 -0.7711
vn 0.9154 -0.2407 -0.3227
vn 0.9086 -0.2330 -0.3467
vn 0.7770 -0.3627 -0.5145
vn 0.2345 -0.6861 -0.6887
vn -0.5480 -0.4406 -0.7111
vn -0.9906 0.1162 -0.0728
vn 0.4588 -0.5080 -0.7290
vn -0.9042 0.0316 0.4260
vn -0.5527 -0.4499 0.7015
vn -0.1020 -0.3329 0.9374
vn -0.3309 0.3617 0.8716
vn 0.4758 0.5479 0.6880
vn -0.3111 -0.2756 0.9095
vn -0.0996 0.5553 -0.8256
vn -0.8688 -0.4943 -0.0281
vn -0.9434 0.1480 0.2967
vn -0.3859 0.6737 0.6303
vn -0.9331 0.1161 0.3403
vn -0.3935 0.6232 0.6759
vn 0.4227 0.7371 0.5273
vn 0.4162 0.7686 0.4857
vn 0.9127 0.3333 0.2363
vn 0.9229 -0.1975 -0.3306
vn 0.9435 0.3280 0.0465
vn 0.8975 0.4323 0.0872
vn 0.4657 0.8849 0.0017
vn 0.6577 0.6052 -0.4485
vn -0.3765 0.8899 -0.2576
vn -0.0964 0.1970 -0.9757
vn -0.8140 0.0744 -0.5761
vn -0.9535 0.2258 -0.1998
vn -0.9058 -0.3926 -0.1594
vn -0.8399 -0.5010 -0.2086
vn -0.3469 -0.7855 -0.5125
vn 0.4310 -0.8077 -0.4022
vn 0.8503 0.5014 0.1599
vn 0.8461 0.5120 0.1483
vn 0.8566 0.4454 0.2605
vn 0.4804 0.3866 0.7872
vn 0.8725 -0.2740 -0.4045
vn -0.3486 -0.9369 0.0275
vn 0.2299 -0.9732 0.0087
vn 0.2968 -0.7758 -0.5569
vn -0.1658 -0.9856 0.0336
vn -0.3460 -0.7496 -0.5643
vn -0.7703 -0.5786 -0.2681
vn -0.8664 -0.4169 -0.2750
vn -0.9411 -0.3200 -0.1091
vn -0.9424 -0.3239 -0.0836
vn -0.5063 -0.5394 -0.6729
vn 0.3469 -0.3747 -0.8598
vn 0.9100 0.0995 -0.4025
vn 0.9404 0.1523 -0.3042
vn 0.4135 -0.4877 -0.7688
vn -0.5722 -0.6061 -0.5524
vn 0.7598 -0.2510 0.5997
vn 0.8935 -0.4286 0.1337
vn 0.9467 0.3213 0.0247
vn 0.6023 0.1068 0.7911
vn 0.6436 0.7562 -0.1178
vn 0.3771 0.8063 0.4558
vn -0.2871 0.9041 -0.3166
vn -0.5046 0.8629 -0.0269
vn -0.9281 0.1454 -0.3429
vn -0.5656 0.1339 0.8137
vn -0.8470 -0.3815 0.3702
vn -0.8534 -0.4619 -0.2417
vn -0.3490 -0.7074 0.6147
vn -0.2577 -0.9644 -0.0596
vn 0.3464 -0.8542 0.3877
vn 0.4405 -0.8922 0.0996
vn -0.0093 0.1366 -0.9906
vn 0.2031 -0.1765 -0.9631
vn -0.0079 -0.2616 -0.9652
vn 0.3262 -0.4349 -0.8393
vn -0.0064 -0.5756 -0.8177
vn -0.3391 -0.4358 -0.8337
vn -0.2192 -0.1771 -0.9595
vn -0.0044 0.9451 -0.3266
vn -0.0066 0.7765 -0.6301
vn -0.4466 0.8038 -0.3930
vn -0.3391 0.6462 -0.6836
vn -0.7594 0.4865 -0.4320
vn -0.5702 0.4095 -0.7121
vn -0.8398 0.0751 -0.5376
vn -0.6036 0.1095 -0.7897
vn -0.5691 -0.2001 -0.7975
vn -0.7591 -0.3512 -0.5482
vn -0.4468 -0.6662 -0.5971
vn -0.0040 -0.8207 -0.5713
vn 0.4377 -0.6652 -0.6050
vn 0.7501 -0.3498 -0.5612
vn 0.5552 -0.1985 -0.8076
vn 0.3295 -0.0345 -0.9435
vn 0.3457 0.0330 0.9377
vn 0.6029 -0.1096 0.7902
vn 0.5687 0.1998 0.7979
vn 0.2192 0.1766 0.9596
vn 0.3388 0.4344 0.8345
vn 0.0076 0.2614 0.9652
vn 0.0054 0.5750 0.8181
vn -0.3258 0.4341 0.8399
vn -0.2031 0.1765 0.9631
vn -0.5556 0.1981 0.8075
vn -0.3295 0.0344 0.9435
vn -0.5897 -0.1097 0.8001
vn -0.3337 -0.1278 0.9340
vn -0.3294 -0.2875 0.8994
vn -0.5557 -0.4102 0.7232
vn -0.2017 -0.4323 0.8789
vn -0.3255 -0.6469 0.6896
vn 0.0081 -0.5144 0.8575
vn 0.0058 -0.7760 0.6307
vn 0.3396 -0.6454 0.6842
vn 0.2187 -0.4316 0.8752
vn 0.5694 -0.4101 0.7125
vn 0.3459 -0.2868 0.8934
vn 0.3496 -0.1270 0.9282
vn 0.0090 -0.1364 0.9906
vn 0.3339 0.1278 -0.9339
vn 0.3295 0.2887 -0.8989
vn 0.5892 0.1101 -0.8004
vn 0.5551 0.4101 -0.7236
vn 0.8298 0.0757 -0.5529
vn 0.7500 0.4890 -0.4454
vn 0.9775 -0.0099 -0.2107
vn 0.8543 0.5072 -0.1137
vn 0.9810 0.0116 0.1938
vn 0.8096 0.5342 0.2433
vn 0.7588 0.3504 0.5490
vn 0.8392 -0.0749 0.5387
vn 0.7586 -0.4869 0.4329
vn 0.4462 -0.8043 0.3924
vn 0.0044 -0.9460 0.3243
vn -0.4378 -0.8050 0.4003
vn -0.7510 -0.4885 0.4442
vn -0.8306 -0.0761 0.5517
vn -0.7507 0.3489 0.5610
vn -0.4373 0.6658 0.6046
vn 0.0034 0.8217 0.5699
vn 0.4459 0.6667 0.5973
vn 0.4186 0.8599 0.2921
vn -0.0536 0.9597 0.2759
vn -0.4967 0.8164 0.2946
vn -0.8547 0.4570 0.2464
vn -0.9777 -0.0664 0.1991
vn -0.8076 -0.5810 0.1012
vn -0.4162 -0.9076 0.0546
vn 0.0563 -0.9984 0.0034
vn 0.4992 -0.8648 0.0529
vn 0.8572 -0.5055 0.0984
vn 0.8067 -0.5322 -0.2570
vn 0.4165 -0.8585 -0.2991
vn -0.0559 -0.9604 -0.2728
vn -0.5004 -0.8171 -0.2863
vn -0.8578 -0.4590 -0.2312
vn -0.9812 0.0640 -0.1823
vn -0.8101 0.5797 -0.0883
vn -0.4199 0.9063 -0.0474
vn 0.0532 0.9986 -0.0035
vn 0.4961 0.8661 -0.0617
vn 0.4363 0.8057 -0.4006
vn 0.3248 0.6469 -0.6900
vn 0.2013 0.4329 -0.8787
vn -0.0076 0.5151 -0.8571
vn -0.2186 0.4322 -0.8749
vn -0.3467 0.2860 -0.8933
vn -0.3498 0.1270 -0.9282
vn -0.3458 -0.0331 -0.9377
vn 0.0000 -0.5512 -0.8344
vn 0.3883 -0.5519 -0.7380
vn 0.6108 -0.4786 -0.6307
vn -0.2870 -0.2102 0.9346
vn -0.0000 0.0889 0.9960
vn -0.1630 0.1460 0.9758
vn -0.1882 -0.4670 0.8640
vn -0.7352 0.1471 0.6617
vn -0.4893 -0.6183 0.6150
vn -0.9659 -0.1777 0.1882
vn -0.9982 -0.0308 -0.0512
vn -0.7983 -0.2477 -0.5489
vn -0.3491 -0.4206 -0.8374
vn 0.0000 -0.4405 -0.8978
vn 0.3489 -0.4206 -0.8375
vn 0.7984 -0.2478 -0.5488
vn 0.9982 -0.0309 -0.0509
vn 0.7354 0.1476 0.6613
vn 0.1624 0.1460 0.9759
vn 0.0000 -0.0462 0.9989
vn -0.4853 -0.4498 0.7498
vn -0.3991 -0.9120 0.0942
vn 0.0000 -0.9313 0.3644
vn 0.5719 -0.6812 0.4570
vn 0.5193 -0.4457 0.7291
vn -0.0000 -0.6080 0.7939
vn -0.5316 -0.7192 0.4474
vn -0.3981 0.9037 -0.1576
vn -0.9389 0.2129 -0.2704
vn -0.8801 -0.4158 -0.2292
vn -0.4169 -0.8914 -0.1777
vn 0.4317 -0.9019 -0.0147
vn 0.9668 -0.2543 0.0247
vn 0.9110 0.4116 0.0257
vn 0.4830 0.8729 -0.0687
vn 0.9834 0.1760 0.0448
vn 0.9822 0.1802 0.0527
vn 0.9809 0.1941 0.0123
vn 0.9797 0.1897 -0.0655
vn 0.9541 0.2010 -0.2218
vn 0.9177 0.1929 -0.3474
vn 0.8321 0.2233 -0.5077
vn 0.7595 0.2301 -0.6084
vn 0.5614 0.2634 -0.7845
vn 0.3970 0.2716 -0.8767
vn 0.0005 0.2876 -0.9578
vn 0.0005 0.2822 -0.9594
vn -0.3964 0.2717 -0.8770
vn -0.5611 0.2641 -0.7845
vn -0.7595 0.2301 -0.6084
vn -0.8321 0.2233 -0.5077
vn -0.9177 0.1929 -0.3474
vn -0.9541 0.2011 -0.2218
vn -0.9797 0.1897 -0.0655
vn -0.9809 0.1941 0.0123
vn -0.9822 0.1802 0.0527
vn -0.9834 0.1760 0.0448
vn -0.0005 0.9904 0.1383
vn 0.0000 0.9904 0.1384
vn -0.0020 0.9905 0.1374
vn -0.0023 0.9905 0.1371
vn -0.0025 0.9907 0.1358
vn -0.0028 0.9907 0.1358
vn -0.0025 0.9908 0.1352
vn -0.0019 0.9907 0.1363
vn -0.0016 0.9911 0.1333
vn -0.0014 0.9909 0.1345
vn 0.0000 0.9907 0.1358
vn 0.0000 0.9899 0.1414
vn 0.0014 0.9909 0.1347
vn 0.0016 0.9911 0.1333
vn 0.0025 0.9908 0.1351
vn 0.0019 0.9907 0.1363
vn 0.0025 0.9907 0.1358
vn 0.0028 0.9907 0.1358
vn 0.0023 0.9905 0.1371
vn 0.0017 0.9905 0.1375
vn 0.0005 0.9904 0.1383
vn 0.9746 -0.2176 -0.0530
vn 0.9729 -0.2228 -0.0616
vn 0.9716 -0.2349 -0.0283
vn 0.9728 -0.2262 0.0502
vn 0.9477 -0.2343 0.2166
vn 0.9065 -0.2215 0.3594
vn 0.8136 -0.2484 0.5256
vn 0.7401 -0.2481 0.6251
vn 0.5355 -0.2747 0.7986
vn 0.3661 -0.2773 0.8883
vn -0.0004 -0.2879 0.9577
vn -0.0003 -0.2826 0.9592
vn -0.3666 -0.2773 0.8881
vn -0.5357 -0.2747 0.7985
vn -0.7401 -0.2481 0.6251
vn -0.8136 -0.2484 0.5256
vn -0.9065 -0.2215 0.3594
vn -0.9477 -0.2343 0.2166
vn -0.9728 -0.2262 0.0502
vn -0.9716 -0.2349 -0.0283
vn -0.9729 -0.2227 -0.0616
vn -0.9746 -0.2176 -0.0530
vn -0.9895 -0.0199 0.1429
vn -0.8204 -0.0812 0.5660
vn -0.3619 0.8791 0.3103
vn -0.0004 0.8402 0.5423
vn 0.4334 0.8355 0.3378
vn 0.3533 0.9153 0.1936
vn -0.3533 0.9160 0.1902
vn 0.3603 -0.9045 -0.2281
vn -0.4340 -0.8675 -0.2432
vn -0.0002 -0.8376 -0.5462
vn 0.8276 0.0822 -0.5552
vn -0.0003 0.1439 -0.9896
vn -0.0002 0.9589 -0.2836
vn -0.8279 0.0822 -0.5548
vn -0.3534 -0.9320 -0.0808
vn 0.3535 -0.9317 -0.0837
vn 0.9895 -0.0199 0.1429
vn 0.3593 0.9325 0.0353
vn -0.4328 0.9014 0.0114
vn 0.8199 -0.0811 0.5667
vn -0.0010 -0.1434 0.9897
vn -0.0005 -0.9602 0.2792
vn 0.4358 -0.8968 0.0765
vn -0.3639 -0.9307 0.0357
vn 0.9745 -0.2202 -0.0441
vn 0.9877 -0.1555 0.0186
vn 0.9837 -0.1527 0.0947
vn 0.9680 -0.1177 0.2217
vn 0.9155 -0.1502 0.3732
vn 0.8687 -0.1633 0.4676
vn 0.7617 -0.2136 0.6117
vn 0.6854 -0.2401 0.6875
vn 0.4691 -0.2912 0.8338
vn 0.3210 -0.3122 0.8941
vn -0.0003 -0.3297 0.9441
vn -0.3214 -0.3122 0.8940
vn -0.4693 -0.2911 0.8337
vn -0.6854 -0.2401 0.6875
vn -0.7617 -0.2136 0.6117
vn -0.8687 -0.1633 0.4676
vn -0.9155 -0.1502 0.3732
vn -0.9680 -0.1177 0.2217
vn -0.9837 -0.1527 0.0947
vn -0.9877 -0.1555 0.0186
vn -0.9745 -0.2202 -0.0441
vn 0.0005 -0.9905 -0.1372
vn 0.0000 -0.9906 -0.1371
vn 0.0004 -0.9905 -0.1372
vn 0.0010 -0.9906 -0.1371
vn -0.0006 -0.9906 -0.1366
vn -0.0011 -0.9906 -0.1365
vn -0.0024 -0.9907 -0.1357
vn -0.0026 -0.9907 -0.1357
vn -0.0012 -0.9908 -0.1355
vn 0.0010 -0.9906 -0.1370
vn 0.0000 -0.9905 -0.1377
vn 0.0000 -0.9901 -0.1402
vn -0.0009 -0.9906 -0.1370
vn 0.0013 -0.9908 -0.1355
vn 0.0026 -0.9907 -0.1357
vn 0.0024 -0.9907 -0.1357
vn 0.0011 -0.9906 -0.1365
vn 0.0003 -0.9906 -0.1367
vn -0.0004 -0.9905 -0.1372
vn -0.0010 -0.9906 -0.1371
vn -0.0001 -0.9905 -0.1372
vn 0.9831 0.1790 0.0376
vn 0.9919 0.1264 -0.0150
vn 0.9874 0.1290 -0.0917
vn 0.9720 0.1057 -0.2100
vn 0.9237 0.1404 -0.3564
vn 0.8834 0.1545 -0.4424
vn 0.7815 0.2057 -0.5890
vn 0.7052 0.2337 -0.6693
vn 0.4910 0.2872 -0.8224
vn 0.3454 0.3094 -0.8860
vn 0.0005 0.3297 -0.9441
vn 0.0004 0.3297 -0.9441
vn -0.3448 0.3095 -0.8862
vn -0.4908 0.2872 -0.8226
vn -0.7052 0.2337 -0.6693
vn -0.7815 0.2057 -0.5890
vn -0.8834 0.1545 -0.4424
vn -0.9237 0.1404 -0.3564
vn -0.9720 0.1057 -0.2100
vn -0.9874 0.1290 -0.0917
vn -0.9919 0.1263 -0.0150
vn -0.9831 0.1790 0.0376
vn 0.3342 0.1313 -0.9333
vn -0.0084 0.1377 -0.9904
vn 0.3311 0.2874 -0.8988
vn 0.5896 0.1117 -0.7999
vn 0.5565 0.4101 -0.7226
vn 0.8305 0.0763 -0.5518
vn 0.7505 0.4880 -0.4457
vn 0.9777 -0.0097 -0.2097
vn 0.8548 0.5068 -0.1121
vn 0.9812 0.0115 0.1929
vn 0.8104 0.5334 0.2423
vn 0.7602 0.3506 0.5469
vn 0.8408 -0.0743 0.5362
vn 0.5696 0.2003 0.7971
vn 0.6036 -0.1098 0.7897
vn 0.5689 -0.4118 0.7119
vn 0.7595 -0.4870 0.4313
vn 0.3390 -0.6467 0.6833
vn 0.4466 -0.8034 0.3939
vn 0.0071 -0.7763 0.6304
vn 0.0043 -0.9450 0.3271
vn -0.4369 -0.8050 0.4014
vn -0.3251 -0.6481 0.6887
vn -0.7499 -0.4896 0.4448
vn -0.5559 -0.4116 0.7222
vn -0.8303 -0.0770 0.5520
vn -0.5880 -0.1120 0.8010
vn -0.5559 0.1992 0.8070
vn -0.7503 0.3496 0.5612
vn -0.3251 0.4352 0.8396
vn -0.4373 0.6657 0.6046
vn 0.0063 0.5758 0.8176
vn 0.0042 0.8136 0.5815
vn 0.4464 0.6669 0.5966
vn 0.3387 0.4361 0.8338
vn 0.4318 0.8522 0.2954
vn -0.0588 0.9551 0.2903
vn -0.5039 0.8099 0.3003
vn -0.8543 0.4571 0.2476
vn -0.9774 -0.0663 0.2006
vn -0.8063 -0.5825 0.1029
vn -0.4159 -0.9078 0.0543
vn 0.0562 -0.9984 0.0026
vn 0.5003 -0.8642 0.0541
vn 0.8581 -0.5039 0.0992
vn 0.8073 -0.5320 -0.2554
vn 0.4162 -0.8584 -0.2998
vn -0.0559 -0.9598 -0.2750
vn -0.4991 -0.8182 -0.2852
vn -0.8576 -0.4589 -0.2323
vn -0.9809 0.0643 -0.1838
vn -0.8103 0.5795 -0.0872
vn -0.4310 0.9008 -0.0533
vn 0.0605 0.9980 -0.0203
vn 0.5044 0.8607 -0.0682
vn 0.4369 0.8058 -0.3999
vn 0.3254 0.6478 -0.6888
vn 0.2042 0.4319 -0.8785
vn 0.3296 -0.0319 -0.9436
vn 0.5559 -0.1988 -0.8071
vn 0.7507 -0.3487 -0.5611
vn 0.4368 -0.6658 -0.6049
vn -0.0040 -0.8211 -0.5708
vn -0.4461 -0.6661 -0.5978
vn -0.7588 -0.3501 -0.5492
vn -0.8395 0.0745 -0.5382
vn -0.7586 0.4859 -0.4341
vn -0.4460 0.8034 -0.3944
vn -0.0035 0.9408 -0.3390
vn -0.0062 0.7764 -0.6302
vn -0.0092 0.5160 -0.8565
vn -0.3392 0.6456 -0.6842
vn -0.5689 0.4108 -0.7125
vn -0.6034 0.1095 -0.7899
vn -0.5692 -0.2013 -0.7972
vn -0.3388 -0.4372 -0.8331
vn -0.0068 -0.5757 -0.8176
vn 0.3253 -0.4354 -0.8394
vn 0.2035 -0.1765 -0.9630
vn -0.2195 0.4334 -0.8741
vn -0.3456 0.2891 -0.8927
vn -0.3498 0.1271 -0.9281
vn -0.2198 -0.1776 -0.9592
vn -0.3460 -0.0334 -0.9376
vn 0.0077 0.2625 0.9649
vn -0.2031 0.1769 0.9630
vn -0.3296 0.0309 0.9436
vn -0.3334 -0.1312 0.9336
vn -0.3303 -0.2861 0.8995
vn -0.2034 -0.4320 0.8787
vn 0.0098 -0.5160 0.8566
vn 0.2184 -0.4339 0.8741
vn 0.3448 -0.2887 0.8932
vn 0.3496 -0.1278 0.9281
vn 0.0080 -0.1377 0.9904
vn -0.0075 -0.2635 -0.9646
vn 0.3233 -0.6176 -0.7170
vn 0.3073 -0.9178 -0.2515
vn -0.1224 -0.9455 -0.3017
vn -0.0902 -0.9958 -0.0168
vn 0.2301 0.9652 0.1245
vn 0.2399 0.8155 0.5267
vn 0.4900 0.8342 0.2531
vn 0.1954 0.9221 0.3339
vn -0.2740 -0.7193 0.6384
vn 0.3158 -0.8704 -0.3777
vn 0.7913 -0.2433 0.5610
vn 0.4897 -0.8641 -0.1164
vn 0.8268 0.1586 0.5396
vn 0.5778 -0.8138 0.0621
vn 0.8400 0.3951 0.3718
vn 0.1856 -0.9183 0.3496
vn -0.4577 -0.8887 0.0288
vn -0.7361 -0.5974 -0.3184
vn -0.6622 -0.5785 -0.4763
vn -0.5777 -0.6551 -0.4869
vn -0.9812 0.0985 0.1659
vn -0.8923 0.4182 0.1702
vn -0.7926 0.6008 0.1037
vn 0.3600 0.8647 0.3503
vn 0.2805 -0.7680 0.5758
vn 0.7277 0.4745 0.4952
vn 0.3770 -0.8056 0.4571
vn 0.6040 0.3170 0.7312
vn 0.4352 -0.7664 0.4725
vn 0.4469 0.1386 0.8838
vn -0.7466 -0.2549 0.6145
vn -0.2223 0.8344 0.5044
vn 0.0075 0.9855 0.1696
vn 0.1584 0.9776 -0.1389
vn 0.3109 0.8951 -0.3194
vn -0.9583 0.2343 0.1634
vn -0.6552 -0.3470 0.6711
vn -0.8948 -0.0725 -0.4405
vn -0.7026 -0.3090 -0.6410
vn 0.3445 0.3739 -0.8611
vn 0.1932 0.6571 -0.7286
vn 0.8926 0.4493 -0.0379
vn 0.5924 0.7716 0.2318
vn 0.5602 0.1127 0.8206
vn 0.1810 0.1195 0.9762
vn -0.4595 -0.6274 0.6287
vn -0.2527 -0.6352 0.7298
vn -0.4927 -0.5483 -0.6758
vn -0.9077 0.2987 0.2946
vn -0.2474 0.6402 -0.7273
vn -0.0420 0.9930 0.1104
vn -0.0370 0.4578 0.8883
vn -0.4457 0.2691 -0.8538
vn -0.3577 0.3867 -0.8500
vn -0.7404 0.3562 0.5700
vn -0.1890 -0.8239 0.5342
vn 0.1967 -0.8232 0.5325
vn 0.4983 -0.5763 -0.6477
vn 0.6077 -0.6690 -0.4280
vn -0.2462 0.5121 -0.8229
vn 0.1236 -0.3174 -0.9402
vn -0.6823 -0.6432 0.3475
vn 0.0486 -0.7138 -0.6987
vn -0.3239 -0.9411 0.0970
vn -0.7044 -0.6793 -0.2056
vn -0.6174 0.2872 -0.7324
vn -0.5809 0.4955 -0.6458
vn -0.7033 0.5219 -0.4827
vn -0.8335 0.4991 -0.2370
vn -0.5827 -0.6835 -0.4397
vn -0.6167 -0.6858 -0.3864
vn -0.7171 -0.6427 -0.2697
vn 0.2676 0.8891 0.3714
vn 0.3783 0.9073 0.1834
vn 0.5908 0.6541 0.4723
vn 0.6155 0.7515 0.2374
vn 0.7326 0.6803 -0.0234
vn 0.3139 0.6476 0.6943
vn 0.9510 0.0981 -0.2934
vn 0.9868 -0.0493 -0.1543
vn 0.2352 0.8804 0.4117
vn -0.0365 0.6760 -0.7360
vn -0.2547 -0.6938 -0.6736
vn -0.1135 -0.2853 -0.9517
vn 0.4990 0.3438 -0.7955
vn 0.2427 0.8181 -0.5214
vn -0.6693 -0.2306 -0.7063
vn 0.5780 0.5166 -0.6317
vn -0.6673 -0.0702 -0.7415
vn 0.7493 0.2265 -0.6223
vn 0.7227 -0.3258 -0.6095
vn 0.9923 0.0586 0.1094
vn 0.8003 0.4195 0.4284
vn 0.5893 0.5351 0.6053
vn 0.0871 -0.6258 0.7751
vn -0.1294 -0.4497 0.8837
vn -0.0410 -0.8421 0.5378
vn 0.1155 0.8174 0.5644
vn -0.0805 0.5334 0.8420
vn 0.2555 0.4956 0.8301
vn 0.6186 0.6505 -0.4406
vn -0.0621 -0.5478 -0.8343
vn -0.7051 -0.4895 0.5130
vn 0.4117 0.2731 0.8694
vn 0.8908 0.4499 -0.0640
vn 0.0202 -0.1166 -0.9930
vn -0.8504 -0.1710 0.4976
vn 0.5598 -0.2242 0.7977
vn 0.9973 0.0153 -0.0713
vn 0.1981 -0.8273 -0.5257
vn -0.1752 -0.5888 0.7891
vn 0.4287 0.7047 -0.5653
vn 0.9457 -0.0534 -0.3206
vn 0.1614 0.4540 -0.8763
vn 0.8907 -0.4528 -0.0406
vn -0.0133 0.1163 -0.9931
vn 0.2722 -0.8624 -0.4267
vn -0.7733 -0.0188 -0.6338
vn -0.8181 -0.5340 0.2134
vn -0.6171 -0.1183 0.7779
vn -0.7605 -0.5878 0.2759
vn -0.4898 0.6453 -0.5862
vn -0.7275 0.4237 -0.5397
vn -0.7436 0.6009 0.2932
vn -0.8994 0.4352 -0.0404
vn -0.6635 0.6571 0.3578
vn -0.0028 0.8982 0.4396
vn -0.0112 0.7285 0.6850
vn -0.4375 0.4066 0.8021
vn -0.0197 -0.0165 0.9997
vn 0.2190 -0.0668 0.9734
vn 0.4229 -0.1685 0.8904
vn 0.0069 -0.1045 0.9945
vn -0.0029 -0.7687 0.6396
vn -0.0012 0.4528 0.8916
vn -0.7930 0.3533 0.4962
vn -0.0012 0.6678 0.7443
vn -0.0017 0.8875 0.4607
vn 0.7911 0.3548 0.4982
vn 0.9124 -0.3962 0.1030
vn 0.9928 -0.1086 -0.0507
vn 0.7918 0.5873 0.1677
vn 0.8670 0.4975 -0.0276
vn -0.0031 0.9939 0.1100
vn -0.0026 0.9996 0.0287
vn -0.8686 0.4947 -0.0273
vn -0.8570 0.5146 0.0269
vn -0.9662 -0.2337 -0.1088
vn -0.9927 -0.1091 -0.0512
vn -0.7937 0.5851 0.1662
vn -0.3430 0.5457 0.7646
vn -0.4102 0.4903 0.7690
vn -0.5980 -0.3006 0.7430
vn -0.5962 0.5239 0.6083
vn -0.5286 0.5641 0.6343
vn -0.4138 0.1372 0.9000
vn -0.1817 -0.3422 0.9219
vn -0.5119 0.0202 0.8588
vn -0.3647 0.5404 0.7583
vn -0.4283 0.1543 0.8904
vn 0.5977 -0.3007 0.7432
vn 0.4105 0.4902 0.7689
vn 0.3427 0.5454 0.7649
vn 0.5281 0.5640 0.6348
vn 0.5962 0.5239 0.6083
vn 0.4138 0.1372 0.9000
vn 0.1817 -0.3422 0.9219
vn 0.4283 0.1543 0.8904
vn 0.3647 0.5404 0.7583
vn 0.5119 0.0202 0.8588
vn 0.6154 -0.3017 0.7282
vn 0.5623 -0.2722 0.7808
vn 0.1549 -0.7754 -0.6122
vn 0.2575 -0.9347 -0.2451
vn -0.0003 -0.9672 -0.2542
vn -0.0002 -0.5939 -0.8045
vn -0.1557 -0.7751 -0.6124
vn -0.2578 -0.9346 -0.2451
vn -0.2773 -0.9178 -0.2840
vn -0.0004 -0.9449 -0.3275
vn -0.3995 -0.8716 -0.2840
vn -0.0005 -0.9309 -0.3652
vn -0.4622 -0.8702 -0.1707
vn -0.0007 -0.9898 -0.1423
vn -0.5360 -0.7516 0.3844
vn -0.0013 -0.8797 0.4755
vn 0.5348 -0.7522 0.3850
vn 0.4616 -0.8705 -0.1709
vn 0.3991 -0.8718 -0.2841
vn 0.2770 -0.9179 -0.2841
vn -0.9374 0.3322 0.1041
vn -0.3160 0.9212 0.2271
vn -0.7972 0.2155 0.5640
vn -0.7429 0.5623 -0.3632
vn -0.8386 -0.1640 -0.5195
vn -0.8886 -0.4575 0.0336
vn -0.5286 -0.7739 0.3488
vn -0.9191 -0.3508 0.1797
vn -0.4600 0.8869 -0.0431
vn -0.5686 0.7620 0.3100
vn -0.3693 0.9267 -0.0699
vn -0.2815 0.5534 -0.7839
vn -0.3318 -0.2852 -0.8992
vn 0.3487 -0.9057 -0.2413
vn 0.8212 -0.2084 -0.5312
vn 0.1847 -0.7338 -0.6537
vn 0.1945 -0.2178 -0.9564
vn 0.3759 0.4707 -0.7982
vn 0.7360 0.6020 -0.3096
vn 0.2691 0.7610 -0.5904
vn -0.5949 0.5629 0.5738
vn -0.6304 0.6828 0.3692
vn -0.3972 0.8563 0.3302
vn -0.6014 0.7625 0.2387
vn -0.5598 0.3983 0.7267
vn -0.6522 0.2449 0.7174
vn -0.7823 0.5776 0.2330
vn -0.5833 0.4064 0.7033
vn -0.5519 0.5623 0.6158
vn -0.4901 0.5118 0.7056
vn -0.5827 0.5593 0.5896
vn -0.5413 0.6125 0.5760
vn -0.6013 0.5388 0.5901
vn -0.4518 0.6731 0.5856
vn -0.3556 0.7904 0.4988
vn -0.3648 0.8123 0.4551
vn -0.2757 0.8788 0.3894
vn -0.5872 -0.3396 -0.7348
vn -0.7076 -0.0672 -0.7034
vn 0.0887 -0.7532 -0.6517
vn -0.2573 0.0240 -0.9660
vn 0.0002 -0.8408 -0.5413
vn -0.0001 0.0453 -0.9990
vn 0.2568 0.0242 -0.9662
vn -0.0893 -0.7518 -0.6533
vn 0.7075 -0.0671 -0.7036
vn 0.5872 -0.3392 -0.7349
vn 0.3314 -0.2850 -0.8994
vn 0.1962 -0.0389 -0.9798
vn -0.0001 -0.0323 -0.9995
vn -0.1964 -0.0388 -0.9797
vn -0.3492 -0.9054 -0.2415
vn -0.8213 -0.2079 -0.5312
vn -0.2691 0.7610 -0.5904
vn -0.7360 0.6020 -0.3096
vn -0.3756 0.4709 -0.7982
vn -0.1943 -0.2175 -0.9565
vn -0.1847 -0.7336 -0.6541
vn 0.7003 -0.0028 -0.7138
vn 0.1665 -0.1167 -0.9791
vn 0.6856 -0.0766 -0.7239
vn 0.1270 -0.1477 -0.9808
vn 0.6943 -0.0018 -0.7197
vn 0.1184 -0.1815 -0.9762
vn 0.7231 0.0595 -0.6882
vn 0.1318 -0.2093 -0.9689
vn 0.7310 0.0684 -0.6790
vn 0.1194 -0.2177 -0.9687
vn 0.5317 0.4480 -0.7187
vn 0.2811 0.5535 -0.7840
vn 0.4312 0.8946 -0.1172
vn 0.4604 0.8867 -0.0430
vn 0.7124 0.6864 0.1460
vn 0.5693 0.7617 0.3093
vn 0.8458 0.4908 0.2091
vn 0.6067 0.6064 0.5140
vn 0.8116 0.5405 0.2215
vn 0.4092 0.7790 0.4751
vn 0.7506 0.6409 0.1606
vn 0.4132 0.8286 0.3777
vn 0.7868 0.5723 0.2314
vn 0.4431 0.7347 0.5136
vn 0.7588 0.5506 0.3478
vn 0.3763 0.6711 0.6387
vn 0.0758 0.6945 0.7155
vn -0.0284 0.5344 0.8448
vn -0.2326 0.5065 0.8303
vn -0.2678 0.3136 0.9110
vn -0.4907 0.3037 0.8167
vn -0.5226 0.1064 0.8459
vn -0.6666 0.1200 0.7357
vn -0.4257 -0.1682 0.8891
vn 0.0052 0.2233 0.9747
vn 0.0013 0.4849 0.8745
vn -0.0934 0.7054 0.7026
vn 0.1231 0.8546 0.5045
vn 0.2423 0.7435 0.6233
vn -0.0003 0.6541 0.7564
vn 0.0938 0.7054 0.7026
vn 0.2332 0.5067 0.8300
vn -0.0758 0.6945 0.7155
vn 0.0284 0.5344 0.8448
vn -0.3758 0.6713 0.6389
vn -0.4426 0.7352 0.5134
vn -0.7581 0.5527 0.3461
vn -0.7865 0.5730 0.2302
vn -0.9460 0.3213 0.0426
vn -0.9528 0.3032 -0.0172
vn -0.9998 -0.0091 -0.0171
vn -0.9902 0.0859 -0.1098
vn -0.9916 -0.0534 -0.1178
vn -0.9875 -0.0933 0.1272
vn -0.9741 -0.0018 0.2262
vn -0.9279 0.0359 0.3711
vn -0.8339 0.1753 0.5234
vn -0.8455 0.1996 0.4953
vn -0.6819 0.3659 0.6334
vn -0.7204 0.0147 0.6934
vn -0.8151 0.5455 0.1950
vn -0.9239 -0.2111 0.3191
vn -0.9755 -0.2194 0.0129
vn -0.6163 -0.7789 0.1157
vn -0.0015 -0.6197 0.7848
vn -0.4601 0.1687 0.8717
vn -0.0006 0.1749 0.9846
vn -0.4465 0.2126 0.8692
vn -0.0005 0.2432 0.9700
vn -0.4461 0.2476 0.8601
vn -0.0005 0.2843 0.9587
vn -0.3729 -0.5688 0.7330
vn -0.0003 -0.4628 0.8864
vn 0.3720 -0.5692 0.7332
vn 0.4453 0.2477 0.8604
vn 0.6603 -0.3711 0.6529
vn 0.7178 0.1407 0.6819
vn 0.7377 -0.5861 0.3353
vn 0.9084 -0.0107 0.4179
vn 0.7368 -0.6594 0.1493
vn 0.9705 -0.1272 0.2046
vn 0.9867 -0.1610 0.0214
vn 0.9890 -0.1481 0.0059
vn 0.9820 -0.1608 -0.0996
vn 0.9812 -0.1470 -0.1249
vn 0.9807 -0.1424 -0.1340
vn 0.9796 -0.1434 -0.1409
vn 0.9632 -0.1246 -0.2383
vn 0.9655 -0.0936 -0.2430
vn 0.9190 -0.3504 0.1806
vn 0.9937 -0.0722 -0.0860
vn 0.9915 -0.0541 -0.1180
vn 0.9372 0.3326 0.1048
vn 0.9780 -0.1084 -0.1783
vn 0.9686 -0.1053 -0.2251
vn 0.5421 -0.4256 -0.7246
vn 0.9100 -0.4051 -0.0886
vn 0.4414 -0.6620 -0.6058
vn 0.5695 -0.7998 -0.1898
vn 0.9304 -0.3602 0.0684
vn 0.6639 -0.7362 -0.1309
vn 0.9439 -0.2201 0.2463
vn 0.7701 -0.6375 -0.0214
vn 0.9069 -0.0541 0.4179
vn 0.8826 -0.4282 0.1939
vn 0.6530 0.1665 0.7388
vn 0.6587 -0.1009 0.7456
vn -0.0007 0.2696 0.9630
vn -0.0014 -0.2646 0.9644
vn -0.6596 -0.1016 0.7447
vn -0.6535 0.1661 0.7385
vn -0.8823 -0.4290 0.1937
vn -0.9071 -0.0540 0.4174
vn -0.7699 -0.6378 -0.0219
vn -0.9440 -0.2199 0.2458
vn -0.6639 -0.7362 -0.1309
vn -0.9304 -0.3602 0.0684
vn -0.5694 -0.7999 -0.1896
vn -0.9097 -0.4056 -0.0885
vn -0.4414 -0.6616 -0.6062
vn -0.5415 -0.4257 -0.7249
vn -0.9684 -0.1057 -0.2257
vn -0.9780 -0.1078 -0.1783
vn -0.9630 -0.1252 -0.2387
vn -0.9654 -0.0935 -0.2436
vn -0.9936 -0.0735 -0.0860
vn -0.9925 -0.1172 -0.0343
vn -0.9796 -0.1445 -0.1395
vn -0.9805 -0.1442 -0.1335
vn -0.9861 -0.1389 -0.0915
vn -0.9931 -0.1168 0.0112
vn -0.9912 -0.1326 -0.0031
vn -0.9806 -0.1189 0.1559
vn -0.9430 -0.0362 0.3308
vn -0.8634 0.0943 0.4956
vn -0.6018 0.2796 0.7481
vn -0.0007 0.3697 0.9291
vn 0.6014 0.2791 0.7486
vn 0.8633 0.0938 0.4959
vn 0.9430 -0.0362 0.3308
vn 0.9807 -0.1184 0.1554
vn 0.9911 -0.1329 -0.0033
vn 0.9930 -0.1179 0.0110
vn 0.9861 -0.1389 -0.0915
vn 0.9843 -0.1611 -0.0723
vn 0.9988 -0.0496 -0.0051
vn 0.4874 0.8686 0.0891
vn 0.9898 0.0130 0.1420
vn 0.4334 0.8808 0.1905
vn 0.9180 0.0299 0.3954
vn 0.0668 0.9932 0.0949
vn 0.7415 0.1094 0.6620
vn 0.1041 0.9819 0.1583
vn 0.4386 0.1537 0.8854
vn -0.0002 0.9171 0.3986
vn -0.0006 0.2665 0.9638
vn -0.4393 0.1537 0.8851
vn -0.1041 0.9819 0.1584
vn -0.7411 0.1091 0.6625
vn -0.0667 0.9932 0.0953
vn -0.9180 0.0286 0.3956
vn -0.4344 0.8803 0.1904
vn -0.9899 0.0126 0.1411
vn -0.4880 0.8683 0.0890
vn -0.9988 -0.0496 -0.0051
vn -0.9867 -0.1610 0.0214
vn -0.9843 -0.1611 -0.0723
vn -0.9820 -0.1608 -0.0996
vn -0.9812 -0.1485 -0.1233
vn -0.9899 -0.1409 -0.0147
vn -0.9750 -0.0626 0.2131
vn -0.8952 0.0578 0.4418
vn -0.7160 0.1591 0.6797
vn -0.7131 0.1428 0.6863
vn -0.7177 0.1411 0.6819
vn -0.6605 -0.3701 0.6533
vn -0.7002 -0.0026 -0.7139
vn 0.3163 0.9211 0.2268
vn 0.7973 0.2157 0.5637
vn 0.5285 -0.7739 0.3489
vn 0.8886 -0.4575 0.0336
vn 0.8387 -0.1628 -0.5197
vn 0.7426 0.5627 -0.3633
vn -0.0001 -0.0876 -0.9962
vn -0.0000 -0.1375 -0.9905
vn 0.0000 -0.2067 -0.9784
vn 0.0000 -0.2410 -0.9705
vn 0.0000 -0.2252 -0.9743
vn -0.0014 0.6868 -0.7269
vn 0.3674 0.9274 -0.0699
vn 0.3977 0.8084 0.4340
vn 0.4072 0.6245 0.6665
vn -0.0011 0.6431 0.7658
vn -0.2432 0.7434 0.6231
vn -0.1231 0.8546 0.5045
vn -0.4132 0.8286 0.3777
vn -0.7506 0.6409 0.1606
vn -0.9577 0.2463 -0.1489
vn -0.9629 0.0211 -0.2689
vn -0.6856 -0.0766 -0.7239
vn -0.6943 -0.0018 -0.7197
vn -0.9382 0.3322 -0.0971
vn -0.7231 0.0595 -0.6882
vn -0.9366 0.3478 -0.0417
vn -0.7310 0.0684 -0.6790
vn -0.7997 0.5915 -0.1030
vn -0.5317 0.4480 -0.7187
vn -0.4310 0.8946 -0.1180
vn -0.7122 0.6867 0.1455
vn -0.8457 0.4908 0.2096
vn -0.8116 0.5405 0.2215
vn -0.4092 0.7790 0.4751
vn -0.4086 0.6241 0.6660
vn -0.0016 0.8254 0.5646
vn -0.0024 0.9988 0.0489
vn -0.1194 -0.2177 -0.9687
vn -0.1320 -0.2097 -0.9688
vn -0.1184 -0.1816 -0.9762
vn -0.1271 -0.1477 -0.9808
vn -0.1668 -0.1166 -0.9791
vn -0.6067 0.6064 0.5140
vn -0.3996 0.8077 0.4336
vn -0.5623 -0.2722 0.7808
vn -0.6154 -0.3017 0.7282
vn 0.6301 0.6829 0.3696
vn 0.5949 0.5629 0.5738
vn 0.3972 0.8563 0.3302
vn 0.6014 0.7625 0.2387
vn 0.5588 0.3993 0.7269
vn 0.6511 0.2459 0.7181
vn 0.6611 0.6585 0.3597
vn 0.7813 0.5792 0.2328
vn 0.5916 0.4078 0.6955
vn 0.4191 0.4105 0.8098
vn 0.4901 0.5118 0.7056
vn 0.5519 0.5623 0.6158
vn 0.5827 0.5593 0.5896
vn 0.5410 0.6128 0.5760
vn 0.6013 0.5388 0.5901
vn 0.4513 0.6740 0.5848
vn 0.3553 0.7913 0.4976
vn 0.3652 0.8130 0.4536
vn 0.2764 0.8790 0.3886
vn -0.2547 0.9050 -0.3406
vn -0.3554 0.9044 -0.2362
vn 0.2550 0.9050 -0.3404
vn 0.3554 0.9044 -0.2363
vn 0.3260 0.9413 -0.0878
vn 0.1785 0.9832 0.0375
vn 0.4545 -0.1056 0.8845
vn -0.9802 -0.1982 0.0014
vn -0.9402 -0.2981 0.1648
vn -0.8975 -0.2532 0.3610
vn -0.7690 -0.1263 0.6267
vn -0.5591 0.1040 0.8225
vn -0.0007 0.1098 0.9940
vn 0.5587 0.1040 0.8228
vn 0.7690 -0.1263 0.6267
vn 0.8979 -0.2519 0.3609
vn 0.9403 -0.2975 0.1652
vn 0.9802 -0.1982 0.0014
vn 0.9843 -0.0621 0.1652
vn 0.9279 0.0098 0.3727
vn 0.8144 0.1411 0.5630
vn 0.5499 0.3347 0.7653
vn -0.0007 0.4326 0.9016
vn -0.5504 0.3346 0.7649
vn -0.8144 0.1411 0.5630
vn -0.9279 0.0098 0.3727
vn -0.9843 -0.0615 0.1656
vn 0.9877 -0.0935 0.1256
vn 0.9279 0.0359 0.3711
vn 0.9743 -0.0016 0.2254
vn 0.8339 0.1753 0.5234
vn 0.8455 0.1996 0.4953
vn 0.6816 0.3658 0.6337
vn 0.7200 0.0146 0.6939
vn 0.8141 0.5468 0.1953
vn 0.9239 -0.2126 0.3182
vn 0.9756 -0.2191 0.0122
vn 0.6148 -0.7803 0.1147
vn 0.4593 0.1686 0.8721
vn 0.4456 0.2129 0.8695
vn 0.0003 -0.0587 0.9983
vn -0.8289 -0.4887 0.2722
vn 0.0004 -0.7907 0.6123
vn 0.8290 -0.4886 0.2720
vn 0.0003 -0.9829 -0.1842
vn 0.7993 -0.5552 -0.2299
vn 0.7702 -0.4793 -0.4207
vn 0.0005 -0.7474 -0.6643
vn 0.6059 -0.3991 -0.6882
vn 0.4206 -0.3720 -0.8275
vn 0.0010 -0.3242 -0.9460
vn -0.4202 -0.3727 -0.8274
vn -0.6056 -0.4000 -0.6879
vn -0.7697 -0.4800 -0.4208
vn -0.7986 -0.5562 -0.2298
vn 0.2694 -0.9619 0.0471
vn 0.1865 -0.9822 -0.0235
vn 0.7129 0.1422 0.6867
vn 0.9031 0.0005 0.4294
vn 0.9738 -0.1005 0.2039
vn 0.9900 -0.1405 -0.0161
vn 0.9925 -0.1168 -0.0353
vn 0.9998 -0.0097 -0.0179
vn 0.9903 0.0848 -0.1100
vn 0.9528 0.3033 -0.0172
vn 0.9461 0.3207 0.0442
vn 0.7158 0.1596 0.6798
vn 0.8952 0.0578 0.4418
vn 0.9750 -0.0626 0.2131
vn -0.1867 -0.9821 -0.0234
vn -0.7375 -0.6587 0.1490
vn -0.2682 -0.9622 0.0464
vn -0.7386 -0.5845 0.3358
vn -0.9085 -0.0082 0.4177
vn -0.9031 0.0003 0.4294
vn -0.9705 -0.1272 0.2046
vn -0.9738 -0.1005 0.2039
vn -0.9890 -0.1481 0.0059
vn -0.2585 -0.9499 0.1757
vn -0.1927 -0.9372 0.2909
vn -0.0002 -0.9406 0.3395
vn 0.1930 -0.9367 0.2922
vn 0.8244 0.4690 -0.3169
vn 0.7256 0.4769 0.4961
vn 0.1789 0.9822 0.0567
vn 0.2298 0.7175 -0.6576
vn -0.2154 0.8833 -0.4165
vn -0.4784 0.8671 -0.1386
vn -0.8538 0.5085 -0.1117
vn -0.9569 0.2718 -0.1025
vn -0.9132 -0.4060 0.0336
vn -0.8186 -0.4833 -0.3104
vn -0.4355 -0.9001 -0.0089
vn -0.2362 -0.8715 -0.4298
vn 0.3889 -0.9206 -0.0345
vn 0.5789 -0.7557 -0.3064
vn 0.9770 -0.1819 0.1110
vn 0.9537 -0.2919 -0.0723
vn 0.7526 -0.6385 -0.1607
vn 0.0146 -0.9756 -0.2192
vn -0.6702 -0.6861 -0.2829
vn -0.9899 -0.0878 -0.1116
vn -0.9109 0.0105 0.4124
vn -0.8041 -0.3200 0.5011
vn -0.9145 -0.0084 0.4044
vn 0.7018 -0.0294 -0.7118
vn -0.8275 0.5603 0.0362
vn -0.9040 -0.0285 0.4265
vn -0.4701 0.0702 0.8798
vn 0.0349 0.6485 0.7604
vn 0.0984 -0.6878 0.7192
vn 0.8014 -0.1241 0.5850
vn 0.8351 0.4187 0.3568
vn 0.9858 0.1617 -0.0460
vn 0.9978 0.0640 -0.0148
vn 0.9644 0.0976 0.2456
vn 0.8789 -0.2000 0.4331
vn 0.9989 -0.0440 -0.0172
vn 0.7538 0.3816 0.5350
vn 0.9809 -0.0072 0.1943
vn 0.7615 -0.5922 0.2633
vn 0.7821 -0.6206 0.0570
vn 0.0851 -0.9880 0.1287
vn 0.0308 -0.9734 0.2272
vn -0.6650 -0.6547 0.3593
vn -0.1589 -0.8830 0.4416
vn 0.8652 0.1142 0.4882
vn -0.3999 0.0633 0.9144
vn 0.0879 -0.4321 0.8975
vn 0.0268 0.8783 0.4774
vn -0.9426 -0.1139 -0.3140
vn -0.6625 0.6454 -0.3802
vn -0.6897 0.5115 -0.5126
vn -0.2259 0.5811 -0.7819
vn -0.0635 0.7003 -0.7110
vn 0.5744 0.4897 -0.6560
vn 0.4856 0.4516 -0.7485
vn 0.9025 0.1879 -0.3874
vn 0.9651 0.1769 -0.1933
vn 0.9861 0.0492 -0.1589
vn 0.9632 0.0314 -0.2671
vn 0.9347 -0.1628 -0.3160
vn 0.9832 -0.0851 -0.1617
vn 0.6755 -0.5894 -0.4431
vn -0.0125 -0.9049 -0.4253
vn -0.6982 -0.6218 -0.3548
vn 0.8874 0.0384 -0.4594
vn 0.8445 0.2983 0.4447
vn 0.2425 0.7598 0.6032
vn -0.6109 0.7169 0.3359
vn -0.9748 0.1080 -0.1955
vn -0.6923 -0.4885 -0.5311
vn 0.0092 -0.8151 -0.5793
vn 0.5942 -0.7183 -0.3619
vn 0.9400 -0.3408 0.0142
vn 0.7214 0.6691 -0.1784
vn 0.9750 0.1871 -0.1201
vn 0.7972 0.5390 -0.2718
vn 0.3351 0.9297 -0.1528
vn 0.1765 0.7967 -0.5780
vn -0.0937 0.7250 -0.6823
vn -0.4434 0.6264 -0.6411
vn -0.5795 0.3046 -0.7559
vn -0.2487 0.9526 0.1751
vn 0.6742 -0.7384 0.0159
vn -0.8381 -0.1760 -0.5163
vn -0.2603 0.1773 -0.9491
vn 0.1905 -0.2776 -0.9416
vn 0.9741 0.0297 -0.2240
vn -0.7517 0.6275 0.2030
vn -0.0617 0.8882 -0.4552
vn -0.1003 0.9931 -0.0612
vn -0.0677 0.9896 -0.1271
vn 0.3654 0.8160 0.4480
vn 0.2124 0.8951 0.3920
vn 0.5466 0.1473 0.8243
vn 0.3249 0.7073 0.6278
vn -0.1107 0.9932 -0.0351
vn 0.1811 0.8175 0.5467
vn 0.3520 0.1348 0.9262
vn 0.3338 0.1371 0.9326
vn 0.2876 -0.6341 0.7178
vn 0.3188 -0.6035 0.7309
vn 0.1103 -0.9781 0.1766
vn 0.1530 -0.9800 0.1271
vn -0.1977 -0.8858 -0.4199
vn -0.0688 -0.8394 -0.5391
vn -0.3645 -0.1383 -0.9209
vn -0.6830 -0.1444 -0.7160
vn -0.3208 0.7278 -0.6061
vn -0.4885 0.7540 -0.4392
vn -0.1705 0.9835 -0.0604
vn 0.2944 0.1013 -0.9503
vn 0.3008 -0.0983 -0.9486
vn -0.0416 0.9976 -0.0548
vn 0.2141 0.8023 0.5571
vn 0.3414 0.1390 0.9296
vn 0.3396 -0.5802 0.7403
vn 0.1612 -0.9772 0.1381
vn -0.0610 -0.8298 -0.5548
vn -0.2088 -0.1294 -0.9694
vn -0.1740 0.6782 -0.7140
vn 0.0098 0.9943 -0.1061
vn 0.2395 0.7861 0.5698
vn 0.3378 0.1410 0.9306
vn 0.2682 -0.7029 0.6587
vn 0.0807 -0.9902 0.1144
vn -0.1510 -0.8406 -0.5202
vn -0.1971 -0.1274 -0.9721
vn -0.1647 0.6696 -0.7242
vn 0.0200 0.9954 -0.0932
vn 0.1513 0.8764 0.4572
vn 0.1457 0.7926 0.5921
vn 0.3210 0.1429 0.9362
vn 0.0921 0.8192 0.5661
vn 0.3134 0.1499 0.9377
vn -0.2652 0.8051 0.5305
vn -0.3255 0.1251 0.9372
vn -0.9766 -0.0146 0.2148
vn -0.1692 -0.6502 0.7407
vn 0.2022 -0.6225 0.7561
vn 0.2472 -0.5874 0.7706
vn 0.0290 -0.9792 0.2008
vn -0.3554 -0.8286 -0.4326
vn -0.3155 -0.1290 -0.9401
vn -0.2543 0.6769 -0.6907
vn -0.0600 0.9916 -0.1146
vn -0.1097 0.9933 -0.0353
vn -0.1590 0.9872 0.0103
vn -0.5246 0.8421 -0.1256
vn -0.9026 -0.0912 -0.4207
vn -0.4203 -0.9034 0.0849
vn -0.0162 -0.9678 0.2510
vn -0.6039 -0.6993 -0.3823
vn -0.7339 -0.1151 -0.6695
vn -0.5196 -0.1252 -0.8452
vn -0.4531 0.6655 -0.5931
vn 0.8174 -0.0009 -0.5761
vn 0.6500 -0.7338 -0.1978
vn 0.6291 -0.6255 -0.4614
vn 0.6092 -0.0320 -0.7923
vn 0.1828 -0.9152 -0.3592
vn 0.0006 -0.0917 -0.9958
vn -0.5497 -0.7930 -0.2626
vn -0.8548 -0.0823 -0.5124
vn -0.6122 0.6665 -0.4255
vn -0.9933 -0.0366 0.1093
vn -0.6483 -0.7553 0.0960
vn -0.0495 -0.9987 0.0090
vn 0.5834 0.7958 -0.1625
vn -0.1348 0.9751 -0.1760
vn -0.0683 0.9914 -0.1113
vn -0.7017 0.6938 0.1623
vn -0.5435 0.0696 0.8365
vn -0.9635 -0.0250 0.2666
vn -0.6227 -0.7073 0.3347
vn -0.3836 -0.5270 0.7584
vn 0.0022 -0.9200 0.3919
vn 0.0651 -0.9893 0.1308
vn 0.4412 -0.1878 0.8776
vn -0.2115 -0.8647 -0.4556
vn -0.5776 0.0573 0.8143
vn -0.3646 -0.1385 -0.9208
vn -0.3391 0.6948 -0.6342
vn -0.3149 0.7324 -0.6037
vn -0.0143 0.9866 -0.1624
vn -0.0330 0.9977 -0.0590
vn -0.1083 0.9936 -0.0329
vn -0.4856 0.7559 -0.4390
vn -0.6579 -0.1044 -0.7458
vn -0.1916 -0.8878 -0.4185
vn 0.1276 -0.9897 0.0655
vn 0.1417 -0.6277 0.7655
vn 0.1792 0.1324 0.9749
vn 0.0363 0.8118 0.5828
vn 0.1875 0.8196 0.5414
vn 0.3543 0.1338 0.9255
vn 0.3246 0.7099 0.6250
vn 0.4878 0.1326 0.8628
vn 0.5642 0.1239 0.8163
vn 0.4120 -0.5027 0.7600
vn 0.3232 -0.7510 0.5758
vn 0.0492 -0.9821 0.1821
vn -0.0401 -0.9835 0.1766
vn -0.4305 -0.8530 -0.2951
vn 0.2968 -0.6345 0.7137
vn 0.1209 -0.9778 0.1712
vn -0.0888 0.9906 -0.1043
vn 0.3671 0.0768 -0.9270
vn -0.1188 -0.3475 -0.9301
vn 0.8563 0.1226 -0.5017
vn -0.0177 -0.9705 0.2405
vn 0.4537 -0.6301 0.6303
vn 0.7308 0.0886 0.6768
vn 0.3491 0.8165 0.4599
vn 0.2107 0.8955 0.3920
vn -0.1771 0.9826 -0.0561
vn -0.1248 0.9812 0.1473
vn 0.3804 0.4521 0.8068
vn 0.8460 0.1203 0.5195
vn 0.6937 -0.7200 0.0195
vn -0.0075 -0.9979 0.0641
vn -0.6768 -0.7237 0.1346
vn -0.9921 -0.0425 0.1177
vn -0.7530 0.6571 -0.0345
vn -0.7236 0.6850 -0.0845
vn -0.1678 0.9580 -0.2324
vn 0.0660 0.8300 -0.5538
vn 0.5357 0.7557 -0.3767
vn 0.5257 0.6040 -0.5991
vn 0.9921 0.0563 -0.1120
vn -0.4567 0.6510 0.6064
vn 0.9434 0.0296 -0.3303
vn -0.1046 0.9801 -0.1689
vn 0.3288 0.4048 -0.8533
vn -0.1450 0.0209 -0.9892
vn -0.3118 -0.7484 -0.5854
vn -0.1749 -0.9398 0.2935
vn 0.4284 -0.5859 0.6879
vn 0.6695 0.2090 0.7128
vn 0.3014 0.8546 0.4229
vn 0.2592 0.8424 0.4724
vn 0.5731 0.1009 0.8132
vn 0.3129 -0.7528 0.5791
vn -0.0389 -0.9846 0.1704
vn -0.3983 -0.8674 -0.2983
vn -0.7023 -0.1980 -0.6838
vn -0.5730 0.6304 -0.5238
vn -0.1953 0.9799 -0.0407
vn -0.1016 0.9942 -0.0339
vn -0.2680 0.7920 -0.5485
vn -0.4681 -0.0856 -0.8795
vn -0.1920 -0.8522 -0.4868
vn 0.0541 -0.9820 0.1807
vn 0.4407 -0.4978 0.7470
vn 0.5201 0.1345 0.8435
vn 0.3540 0.7074 0.6117
vn 0.2060 0.8159 0.5403
vn -0.0165 0.9981 -0.0592
vn -0.0031 0.9866 -0.1634
vn -0.6251 0.7646 -0.1569
vn -0.8147 -0.3654 -0.4502
vn -0.2758 -0.9044 0.3256
vn 0.1215 -0.9861 0.1133
vn 0.3144 -0.6280 0.7119
vn 0.3779 0.1354 0.9159
vn 0.1926 0.1350 0.9719
vn 0.1664 -0.6065 0.7774
vn 0.1650 -0.9786 0.1227
vn 0.0013 -0.9129 0.4082
vn -0.4881 -0.4532 0.7459
vn -0.4605 0.1182 0.8797
vn 0.0640 0.7977 0.5996
vn -0.1232 0.9782 0.1671
vn 0.5603 0.6609 0.4993
vn 0.5797 0.1350 0.8036
vn 0.6433 -0.4334 0.6312
vn 0.0660 -0.9892 0.1308
vn -0.5782 -0.7641 0.2862
vn -0.9510 -0.0474 0.3056
vn -0.7170 0.6758 0.1710
vn -0.4464 0.6328 0.6327
vn -0.0683 0.9915 -0.1106
vn 0.6011 0.7817 -0.1661
vn 0.9919 0.0567 -0.1137
vn 0.7091 -0.7049 0.0150
vn -0.0117 -0.9978 0.0655
vn -0.6918 -0.7092 0.1357
vn -0.9919 -0.0454 0.1188
vn -0.7677 0.6401 -0.0295
vn -0.1377 0.9750 -0.1743
vn 0.5588 0.7420 -0.3704
vn 0.9481 0.0313 -0.3163
vn 0.6689 -0.7172 -0.1955
vn -0.0561 -0.9984 0.0083
vn -0.6609 -0.7442 0.0968
vn -0.9931 -0.0396 0.1104
vn -0.7388 0.6691 -0.0805
vn -0.1736 0.9571 -0.2321
vn 0.0775 0.8296 -0.5530
vn -0.6279 0.6533 -0.4231
vn -0.8612 -0.0850 -0.5010
vn -0.5614 -0.7855 -0.2605
vn 0.1943 -0.9140 -0.3562
vn 0.6564 -0.6050 -0.4507
vn 0.8361 0.0021 -0.5485
vn 0.5589 0.5868 -0.5859
vn 0.6390 -0.0307 -0.7686
vn 0.0087 -0.0943 -0.9955
vn -0.3259 0.8293 -0.4539
vn -0.8727 0.4058 -0.2714
vn -0.4557 0.4690 -0.7565
vn -0.8316 0.0091 -0.5553
vn -0.8876 0.1599 -0.4320
vn -0.9438 -0.0111 -0.3304
vn -0.9747 -0.0047 -0.2233
vn -0.9616 0.1270 -0.2434
vn -0.9845 -0.0054 -0.1755
vn -0.9769 0.1284 -0.1709
vn -0.9969 -0.0041 -0.0785
vn -0.9903 0.1193 -0.0709
vn -0.7000 -0.6539 -0.2872
vn -0.9250 -0.3288 -0.1903
vn -0.3768 -0.9189 -0.1168
vn 0.0711 -0.9509 -0.3011
vn 0.4749 -0.8780 -0.0603
vn 0.7355 -0.6079 -0.2992
vn 0.9211 -0.3872 0.0415
vn 0.9980 -0.0176 -0.0606
vn 0.9666 -0.0174 -0.2556
vn 0.7647 -0.5346 -0.3599
vn 0.9807 0.1288 0.1470
vn 0.7846 -0.6196 0.0214
vn 0.0351 -0.9805 -0.1934
vn 0.1091 -0.8569 -0.5038
vn -0.6828 -0.6677 -0.2967
vn -0.5988 -0.5907 -0.5408
vn -0.9613 -0.1398 -0.2373
vn -0.9786 -0.1381 -0.1527
vn -0.9916 0.0978 -0.0851
vn -0.9976 -0.0055 -0.0684
vn -0.9898 -0.1310 -0.0555
vn -0.7027 -0.6963 -0.1462
vn -0.0079 -0.9990 -0.0435
vn 0.6814 -0.6419 0.3517
vn 0.8942 0.0773 0.4408
vn 0.9231 0.0105 0.3845
vn 0.9795 -0.0139 0.2009
vn 0.9726 -0.1643 0.1645
vn 0.8775 -0.0425 0.4778
vn 0.3231 0.9401 -0.1090
vn 0.5600 0.8268 -0.0531
vn -0.6388 0.7571 -0.1372
vn 0.3701 0.8260 0.4251
vn 0.0896 0.9948 -0.0475
vn -0.0945 0.9725 0.2131
vn -0.0775 0.7174 0.6923
vn -0.2715 0.9624 0.0047
vn -0.3938 0.9145 -0.0934
vn 0.0823 0.7909 -0.6065
vn -0.1958 0.8345 -0.5150
vn 0.4370 0.7148 -0.5460
vn 0.2337 0.6682 -0.7063
vn 0.6300 0.7271 -0.2727
vn 0.6910 0.5989 -0.4047
vn 0.8571 0.5148 0.0176
vn 0.9592 0.2586 -0.1140
vn 0.7977 -0.4696 -0.3783
vn 0.2096 -0.8438 -0.4940
vn -0.6071 -0.7390 -0.2919
vn -0.9751 -0.1677 0.1452
vn -0.7313 0.5594 0.3902
vn -0.0394 0.9982 0.0459
vn -0.8974 -0.1973 -0.3948
vn -0.9746 0.2240 0.0052
vn 0.3561 -0.6646 0.6569
vn 0.3559 0.1651 0.9198
vn -0.0715 0.5103 0.8570
vn -0.2555 0.9623 0.0933
vn -0.0596 0.7594 -0.6479
vn 0.3055 0.2847 -0.9086
vn 0.6024 0.4141 -0.6824
vn 0.1652 0.9487 0.2696
vn -0.5246 -0.8380 -0.1502
vn 0.8790 -0.0701 -0.4716
vn 0.2450 0.1824 -0.9522
vn 0.1245 0.8217 -0.5561
vn 0.1182 0.9904 0.0716
vn 0.0949 0.7390 0.6670
vn 0.1967 0.0506 0.9792
vn 0.1667 0.0504 0.9847
vn 0.8215 -0.0955 0.5622
vn 0.9873 -0.1466 0.0617
vn 0.1648 -0.9771 -0.1349
vn 0.9750 -0.2221 -0.0005
vn 0.0762 -0.6522 0.7543
vn -0.8093 -0.2345 0.5386
vn -0.0703 -0.7558 0.6510
vn -0.4279 -0.6931 0.5801
vn -0.7638 0.0827 0.6401
vn -0.6036 0.0295 0.7967
vn -0.4490 0.7420 0.4978
vn -0.7128 0.6853 0.1491
vn -0.0030 0.9998 0.0172
vn -0.7200 0.6872 -0.0971
vn -0.7582 0.6298 -0.1688
vn -0.8172 0.5048 -0.2781
vn -0.5682 0.5076 -0.6477
vn 0.0506 0.7736 -0.6316
vn 0.1940 0.9398 -0.2812
vn 0.5072 0.8605 -0.0485
vn 0.6413 0.7026 0.3084
vn 0.9475 0.1202 -0.2962
vn 0.6361 -0.4540 -0.6238
vn -0.0695 -0.7829 -0.6183
vn -0.6310 -0.7006 -0.3331
vn -0.9328 -0.3467 0.0983
vn -0.7869 0.2701 0.5549
vn -0.1746 0.7214 0.6702
vn -0.9817 0.0984 0.1633
vn 0.0977 0.9946 -0.0342
vn 0.7790 0.6049 0.1648
vn -0.1050 0.5740 0.8121
vn -0.3874 0.7860 0.4818
vn -0.8762 0.3239 0.3568
vn -0.7179 0.0937 0.6899
vn -0.9773 0.0054 0.2119
vn -0.8777 -0.2999 0.3737
vn -0.4200 -0.6766 0.6048
vn -0.0793 -0.5268 0.8463
vn 0.1846 -0.9725 0.1418
vn 0.7822 -0.4783 0.3993
vn 0.2941 -0.6908 -0.6606
vn -0.4577 -0.0173 -0.8889
vn -0.0757 -0.0298 -0.9967
vn 0.1210 0.5743 -0.8097
vn 0.4744 0.8204 -0.3191
vn 0.1200 0.9908 0.0625
vn 0.0258 0.9977 0.0632
vn -0.3518 0.7736 0.5270
vn -0.6256 -0.0182 0.7800
vn -0.2887 -0.8241 0.4874
vn 0.1007 -0.9912 0.0855
vn 0.4777 -0.8059 -0.3498
vn 0.7582 0.0382 -0.6509
vn 0.3515 0.7098 -0.6104
vn -0.0090 0.9967 -0.0807
vn -0.2853 0.7824 0.5535
vn -0.1052 0.9940 0.0308
vn -0.1345 0.6616 0.7377
vn 0.0282 0.9638 0.2651
vn 0.4915 0.5394 0.6837
vn 0.6006 0.7741 0.2001
vn 0.9271 0.0163 0.3744
vn 0.7175 0.6920 0.0803
vn 0.9829 0.0142 0.1833
vn 0.6864 0.7264 0.0327
vn 0.9842 0.0205 0.1760
vn 0.5997 0.7340 -0.3187
vn 0.8944 0.0227 -0.4467
vn 0.0614 -0.0000 -0.9981
vn 0.6356 -0.7154 -0.2902
vn 0.7091 -0.7009 0.0768
vn 0.7349 -0.6676 0.1192
vn 0.6210 -0.7443 0.2458
vn 0.4988 -0.4878 0.7165
vn 0.0332 -0.9436 0.3295
vn -0.1373 -0.6138 0.7774
vn -0.1141 -0.9907 0.0743
vn -0.2930 -0.7544 0.5874
vn -0.0224 -0.9987 -0.0460
vn 0.0099 -0.9959 0.0895
vn 0.2904 -0.7871 -0.5442
vn -0.4390 -0.5982 0.6704
vn -0.5720 0.0145 0.8202
vn -0.4380 0.6183 0.6525
vn -0.4359 0.0171 0.8998
vn 0.5327 -0.1164 -0.8383
vn 0.9659 -0.0058 0.2587
vn 0.0372 -0.9799 -0.1962
vn -0.5653 -0.2896 0.7724
vn -0.8937 0.0087 0.4485
vn -0.5544 0.3292 0.7644
vn -0.6483 0.7491 -0.1364
vn -0.0023 0.9999 -0.0167
vn 0.0771 0.9940 -0.0774
vn 0.1163 0.9844 -0.1321
vn -0.1089 0.8703 -0.4803
vn -0.5865 -0.0026 -0.8099
vn -0.1018 -0.8872 -0.4500
vn 0.1331 -0.9882 -0.0762
vn 0.0855 -0.9960 -0.0247
vn 0.0012 -0.9993 0.0375
vn -0.6536 -0.7505 -0.0981
vn -0.9842 -0.0034 -0.1771
vn -0.5881 0.7331 -0.3416
vn -0.5630 0.6005 -0.5678
vn -0.7963 -0.0051 -0.6049
vn -0.9262 -0.0048 -0.3769
vn -0.5990 -0.7402 -0.3054
vn -0.2474 0.0252 0.9686
vn 0.3364 0.0254 0.9414
vn 0.0605 0.9728 -0.2236
vn -0.1112 0.0058 0.9938
vn 0.3721 0.5103 0.7753
vn 0.5425 0.8372 0.0694
vn 0.4070 0.6049 -0.6844
vn -0.0583 0.1342 -0.9892
vn 0.1189 -0.5446 -0.8302
vn -0.9066 -0.4192 -0.0488
vn -0.5546 -0.3058 0.7739
vn -0.1211 0.0041 0.9926
vn 0.4246 0.4657 0.7765
vn 0.7110 0.7028 0.0236
vn 0.3836 0.5224 -0.7615
vn -0.0662 0.1314 -0.9891
vn -0.5026 -0.1998 -0.8411
vn -0.6410 0.0455 -0.7662
vn -0.9939 0.1095 -0.0139
vn -0.6910 -0.1147 -0.7137
vn -0.9779 -0.2059 -0.0363
vn -0.7078 -0.4013 -0.5814
vn -0.7808 -0.6220 -0.0587
vn -0.0821 -0.5345 -0.8412
vn 0.0980 -0.0480 -0.9940
vn 0.0282 0.0474 -0.9985
vn 0.0581 0.1367 -0.9889
vn 0.7511 0.4209 -0.5086
vn 0.8653 0.4881 0.1140
vn 0.7185 0.2918 0.6314
vn 0.0140 0.0155 0.9998
vn -0.6857 -0.0427 0.7267
vn -0.7292 -0.2019 0.6538
vn -0.7380 -0.4684 0.4858
vn -0.2163 -0.6036 0.7674
vn 0.0658 -0.1722 0.9829
vn -0.0120 -0.0723 0.9973
vn 0.5945 0.0307 0.8035
vn 0.9864 0.1609 0.0320
vn 0.6120 0.1290 -0.7803
vn 0.7989 0.0383 -0.6003
vn 0.9974 0.0678 0.0260
vn 0.7814 -0.0384 0.6228
vn 0.2843 -0.8273 -0.4846
vn -0.0861 -0.9959 0.0291
vn -0.0464 -0.9956 0.0812
vn 0.0187 -0.9961 0.0861
vn -0.2799 -0.7176 0.6378
vn -0.3165 -0.6910 0.6499
vn -0.4026 0.0260 0.9150
vn -0.4086 0.0262 0.9123
vn -0.3100 0.7299 0.6092
vn -0.2739 0.7478 0.6047
vn -0.0310 0.9988 0.0390
vn 0.0364 0.9975 0.0612
vn 0.2963 0.8025 -0.5180
vn -0.0793 0.9967 -0.0168
vn -0.3342 0.7104 0.6194
vn -0.4057 0.0272 0.9136
vn -0.3384 -0.6694 0.6613
vn 0.0768 -0.9952 0.0606
vn 0.4266 -0.8539 -0.2981
vn 0.7317 -0.0280 -0.6810
vn 0.4256 -0.0261 -0.9046
vn 0.1667 0.7533 -0.6362
vn -0.0898 0.9959 -0.0053
vn -0.2476 0.8157 0.5228
vn -0.2437 0.7191 0.6507
vn -0.3900 0.0309 0.9203
vn -0.1903 0.7525 0.6305
vn -0.3828 0.0398 0.9230
vn 0.1691 0.7672 0.6188
vn 0.2561 0.0621 0.9647
vn 0.9591 0.0340 0.2809
vn 0.1730 -0.7031 0.6897
vn -0.2019 -0.7033 0.6816
vn -0.2512 -0.6722 0.6965
vn -0.2568 -0.7776 0.5740
vn -0.0946 -0.9947 0.0413
vn 0.1668 -0.7774 -0.6065
vn 0.2802 -0.0200 -0.9597
vn 0.1602 0.7449 -0.6477
vn -0.0090 0.9997 -0.0223
vn 0.0355 0.9976 0.0596
vn 0.0830 0.9906 0.1087
vn 0.4658 0.8848 -0.0128
vn 0.9317 0.0148 -0.3630
vn 0.4811 -0.8761 0.0319
vn 0.0754 -0.9835 0.1644
vn 0.0317 -0.9934 0.1100
vn -0.0129 -0.9997 0.0200
vn 0.1605 -0.7662 -0.6222
vn 0.2671 -0.0185 -0.9635
vn 0.2452 0.7545 -0.6088
vn 0.4384 0.7477 -0.4988
vn 0.6596 0.6284 -0.4124
vn 0.7808 0.0022 -0.6248
vn 0.5798 -0.0090 -0.8147
vn 0.3827 -0.0148 -0.9238
vn 0.2461 -0.7734 -0.5841
vn 0.4442 -0.7574 -0.4785
vn 0.6771 -0.6181 -0.3993
vn 0.0989 0.9944 0.0379
vn 0.4535 0.8249 -0.3374
vn -0.1882 0.2578 -0.9477
vn -0.1657 -0.0292 -0.9857
vn -0.6544 -0.0294 -0.7556
vn -0.0373 -0.1994 -0.9792
vn 0.0797 -0.9875 0.1363
vn -0.2917 -0.8288 0.4776
vn -0.4123 -0.5950 0.6899
vn -0.4127 0.0208 0.9106
vn -0.4098 0.6189 0.6701
vn -0.3018 0.8374 0.4557
vn -0.0221 0.9960 -0.0862
vn 0.0661 0.9426 -0.3272
vn 0.7537 0.5498 0.3600
vn 0.8701 -0.0018 0.4929
vn 0.4720 0.0265 0.8812
vn -0.5399 0.0173 0.8415
vn 0.8816 0.0172 0.4716
vn 0.8742 0.0327 0.4845
vn 0.6887 -0.6329 0.3537
vn -0.0184 -0.9993 0.0333
vn -0.7334 -0.6779 -0.0515
vn -0.9907 -0.1137 -0.0747
vn 0.3761 -0.0020 0.9266
vn -0.9981 0.0021 0.0617
vn 0.1999 -0.9656 0.1665
vn 0.0322 -0.9903 0.1350
vn -0.7259 -0.6655 0.1740
vn -0.9832 -0.0931 0.1569
vn -0.7960 0.2717 0.5410
vn -0.0996 0.8204 0.5631
vn -0.3997 0.5076 -0.7632
vn -0.6031 0.7964 -0.0446
vn -0.1426 0.7578 -0.6367
vn -0.1925 0.9809 -0.0283
vn 0.1806 0.9833 0.0201
vn -0.1926 0.7869 0.5863
vn -0.4601 0.5505 0.6966
vn -0.2666 0.1254 0.9556
vn -0.0244 0.5893 0.8076
vn -0.0252 0.7780 0.6278
vn -0.4234 0.2069 0.8820
vn -0.2387 0.1280 0.9626
vn -0.8531 -0.1017 0.5117
vn -0.6489 0.0567 0.7587
vn -0.0834 0.1025 0.9912
vn -0.7789 0.2906 0.5557
vn -0.5084 0.4983 0.7023
vn -0.9039 0.4276 0.0116
vn -0.7582 0.6459 -0.0889
vn -0.7398 0.3150 -0.5945
vn -0.3647 0.4193 -0.8314
vn 0.0034 0.0437 -0.9990
vn 0.1265 0.0450 -0.9909
vn 0.5743 -0.2358 -0.7839
vn 0.1183 0.0463 -0.9919
vn 0.0429 0.1027 0.9938
vn -0.0777 -0.5875 0.8055
vn -0.9561 -0.2906 -0.0376
vn -0.9797 -0.2005 0.0066
vn -0.0979 -0.9932 -0.0637
vn 0.9536 0.2964 0.0518
vn 0.9923 0.0534 -0.1122
vn 0.9942 -0.0749 -0.0775
vn 0.7478 -0.6366 -0.1884
vn 0.0478 -0.9937 -0.1014
vn -0.7380 -0.6742 0.0305
vn -0.9952 0.0662 0.0714
vn -0.9878 -0.0711 0.1385
vn -0.9678 -0.2230 0.1169
vn -0.3756 0.9050 -0.1996
vn 0.6386 0.7637 -0.0943
vn -0.3526 -0.6236 0.6977
vn -0.4658 0.8237 0.3235
vn 0.0082 0.9915 0.1299
vn 0.2025 0.9769 -0.0678
vn 0.0523 0.6998 -0.7124
vn -0.1898 0.0757 -0.9789
vn -0.0224 -0.6275 -0.7783
vn 0.9354 -0.3502 0.0491
vn 0.6887 0.0267 -0.7246
vn 0.0373 -0.0411 -0.9985
vn -0.0248 -0.1445 -0.9892
vn -0.5634 0.0132 -0.8260
vn -0.9951 0.0873 -0.0460
vn -0.8196 -0.0428 0.5713
vn -0.9990 -0.0065 -0.0447
vn -0.7567 -0.0762 -0.6493
vn -0.6192 -0.2593 -0.7412
vn 0.7333 -0.3651 0.5736
vn 0.2059 -0.5138 0.8329
vn 0.8245 -0.5635 0.0511
vn -0.0059 -0.9793 0.2023
vn 0.1791 -0.6009 -0.7790
vn -0.8072 -0.5666 -0.1657
vn -0.6675 -0.3240 0.6704
vn -0.1218 -0.0873 0.9887
vn 0.6937 -0.0865 0.7151
vn 0.9899 -0.1337 0.0461
vn 0.7734 -0.3973 -0.4940
vn 0.7456 -0.1263 -0.6543
vn 0.9821 0.1841 0.0389
vn 0.6335 0.0762 0.7699
vn -0.0513 0.0199 0.9985
vn 0.5193 -0.1916 0.8328
vn 0.0511 0.1008 0.9936
vn 0.6765 0.7270 -0.1174
vn 0.9820 0.1878 -0.0186
vn 0.9978 0.0652 -0.0139
vn 0.9980 -0.0596 0.0209
vn 0.7580 -0.6514 -0.0348
vn 0.0813 -0.9954 0.0514
vn -0.6575 -0.6582 0.3667
vn -0.9261 0.0481 0.3743
vn -0.9458 -0.0264 0.3237
vn -0.9032 -0.0663 0.4241
vn -0.6136 0.7705 -0.1725
vn -0.1302 0.9766 -0.1713
vn 0.6549 0.7472 0.1132
vn 0.7218 0.1981 0.6632
vn 0.4375 -0.6052 0.6651
vn 0.3166 -0.7585 0.5696
vn -0.0263 -0.9721 0.2332
vn -0.0112 -0.9886 0.1502
vn -0.3462 -0.9069 -0.2403
vn 0.0461 -0.9829 0.1781
vn 0.4126 -0.4978 0.7629
vn 0.4873 0.1357 0.8626
vn 0.9644 0.1875 0.1867
vn -0.6747 0.5343 -0.5091
vn -0.1783 0.9833 0.0376
vn -0.4518 -0.1053 0.8859
vn -0.5776 -0.6065 -0.5464
vn 0.6453 -0.3381 0.6850
vn 0.0689 -0.9912 0.1128
vn 0.8572 -0.4906 -0.1566
vn 0.6820 -0.1427 -0.7173
vn 0.0712 0.9944 -0.0781
vn -0.5668 0.7483 -0.3447
vn -0.6305 0.7651 -0.1304
vn -0.9843 -0.0018 -0.1764
vn -0.8886 0.0106 0.4586
vn -0.6370 -0.7653 -0.0919
vn -0.5544 -0.2914 0.7796
vn 0.0011 -0.9993 0.0369
vn 0.0269 -0.9425 0.3331
vn 0.6004 -0.7638 0.2369
vn 0.0802 -0.9965 -0.0254
vn -0.5774 -0.7560 -0.3083
vn 0.9361 -0.0100 0.3516
vn 0.7184 -0.6859 0.1157
vn 0.9831 0.0163 0.1823
vn 0.7001 0.7099 0.0766
vn 0.6723 0.7398 0.0279
vn 0.1082 0.9851 -0.1336
vn -0.0955 0.8720 -0.4801
vn 0.5852 0.7447 -0.3208
vn 0.0674 0.0013 -0.9977
vn -0.5541 -0.0020 -0.8324
vn -0.0908 -0.8884 -0.4501
vn 0.6208 -0.7263 -0.2951
vn 0.6937 -0.7166 0.0724
vn 0.1237 -0.9892 -0.0786
vn 0.9844 0.0229 0.1743
vn 0.8885 0.0258 -0.4582
vn 0.0019 0.9996 -0.0272
vn -0.4339 0.7421 0.5110
vn -0.7639 -0.0274 0.6447
vn -0.4401 -0.7138 0.5448
vn 0.0677 -0.9885 0.1350
vn -0.2355 -0.1998 -0.9511
vn -0.2608 -0.0256 -0.9651
vn -0.2630 0.1412 -0.9544
vn 0.4510 0.8269 -0.3359
vn 0.1039 0.9935 0.0462
vn 0.0333 0.9973 0.0652
vn -0.2993 0.8378 0.4567
vn -0.6182 0.0070 0.7860
vn -0.2980 -0.8232 0.4833
vn 0.1039 -0.9906 0.0887
vn 0.4407 -0.8514 -0.2844
vn 0.7277 -0.0260 -0.6854
vn 0.3390 0.7139 -0.6127
vn 0.0028 0.9975 -0.0712
vn -0.2655 0.7898 0.5529
vn -0.0928 0.9952 0.0323
vn -0.1053 0.6818 0.7239
vn 0.0330 0.9694 0.2432
vn 0.3957 0.6213 0.6763
vn 0.6406 0.7236 0.2569
vn 0.4534 0.0689 0.8887
vn -0.2306 0.0267 0.9727
vn -0.4126 0.0206 0.9107
vn -0.4078 0.6239 0.6667
vn -0.5388 0.0167 0.8423
vn -0.4107 -0.5995 0.6870
vn 0.0142 -0.9959 0.0898
vn 0.3281 -0.7452 -0.5805
vn 0.4826 -0.0278 -0.8754
vn 0.9602 -0.0024 0.2792
vn 0.0584 -0.9815 -0.1822
vn -0.0086 -0.9993 -0.0356
vn -0.2736 -0.7600 0.5895
vn -0.0932 -0.5842 0.8063
vn 0.3799 -0.6100 0.6954
vn -0.5316 0.6202 -0.5769
vn -0.7774 -0.0042 -0.6289
vn -0.9200 -0.0052 -0.3919
vn -0.5475 -0.6252 -0.5562
vn -0.1051 -0.9746 0.1977
vn -0.5459 0.3318 0.7693
vn 0.0004 0.9999 -0.0168
vn 0.0740 0.9744 -0.2124
vn -0.3559 -0.7822 0.5113
vn 0.0012 -0.7828 0.6223
vn -0.2940 -0.5435 0.7862
vn 0.0017 -0.5034 0.8640
vn 0.2940 -0.5436 0.7861
vn 0.3539 -0.7827 0.5120
vn 0.8060 -0.5907 -0.0385
vn 0.8354 -0.4022 0.3748
vn 0.6510 -0.3293 0.6839
vn 0.1989 -0.3670 0.9087
vn 0.0003 -0.3882 0.9216
vn -0.1963 -0.3673 0.9092
vn -0.6501 -0.3283 0.6853
vn -0.8327 -0.4021 0.3808
vn -0.8060 -0.5905 -0.0397
vn -0.9798 -0.0854 -0.1809
vn -0.9203 0.0566 -0.3870
vn -0.5818 -0.0965 -0.8076
vn -0.2285 0.0386 -0.9728
vn -0.1159 0.1483 -0.9821
vn -0.2055 0.4651 -0.8610
vn -0.4856 0.3782 -0.7882
vn -0.2226 0.3253 -0.9190
vn -0.5522 0.2174 -0.8049
vn 0.5828 -0.0980 -0.8067
vn 0.9175 0.0588 -0.3934
vn 0.4859 0.3778 -0.7882
vn 0.2278 0.0391 -0.9729
vn 0.9772 -0.0818 -0.1962
vn 0.1148 0.1488 -0.9822
vn 0.2052 0.4651 -0.8611
vn 0.2237 0.3251 -0.9189
vn 0.5524 0.2167 -0.8049
vn 0.0001 0.3584 -0.9336
vn 0.0005 0.5231 -0.8523
vn 0.0002 0.1633 -0.9866
vn 0.2591 -0.9496 0.1763
vn -0.3271 0.9409 -0.0883
vn 0.0004 0.9055 -0.4243
vn 0.0008 0.1448 -0.9895
vn -0.3766 0.0458 -0.9252
vn 0.0005 0.3241 -0.9460
vn 0.3774 0.0457 -0.9249
vn 0.4478 0.3727 -0.8128
vn 0.7779 0.0244 -0.6279
vn 0.6873 0.5199 -0.5073
vn 0.7757 0.5798 -0.2494
vn 0.9557 0.0863 -0.2814
vn 0.8629 0.5014 -0.0629
vn 0.9810 0.1518 -0.1205
vn 0.7845 0.4934 0.3756
vn 0.9024 -0.0145 0.4306
vn 0.9620 -0.1599 -0.2213
vn 0.8913 -0.1961 -0.4088
vn 0.7457 -0.2097 -0.6324
vn 0.4552 -0.2256 -0.8613
vn 0.0008 -0.2303 -0.9731
vn -0.4547 -0.2259 -0.8615
vn -0.7451 -0.2106 -0.6328
vn -0.8913 -0.1961 -0.4088
vn -0.9620 -0.1603 -0.2209
vn -0.9019 -0.0144 0.4316
vn -0.7844 0.4930 0.3763
vn -0.9812 0.1512 -0.1199
vn -0.8628 0.5016 -0.0629
vn -0.9557 0.0863 -0.2814
vn -0.7754 0.5802 -0.2493
vn -0.7779 0.0244 -0.6279
vn -0.6870 0.5204 -0.5071
vn -0.4474 0.3730 -0.8128
vn 0.0004 0.9427 -0.3337
vn 0.0004 0.9967 0.0806
vn 0.0005 0.6842 0.7293
vn -0.7637 -0.2877 0.5780
vn -0.7672 -0.3544 0.5346
vn -0.6695 -0.3796 0.6385
vn -0.6897 -0.2918 0.6627
vn 0.2678 0.3136 0.9110
vn 0.4935 0.3052 0.8144
vn 0.5226 0.1064 0.8459
vn 0.6718 0.1233 0.7304
vn -0.3783 -0.8674 0.3233
vn -0.3058 -0.8588 0.4110
vn -0.7220 -0.3817 0.5771
vn -0.6581 -0.3878 0.6454
vn -0.2262 -0.6812 0.6963
vn 0.7506 -0.2697 0.6032
vn 0.4669 -0.8457 0.2584
vn -0.7513 -0.2680 0.6031
vn -0.4681 -0.8448 0.2592
vn -0.2690 -0.0678 0.9608
vn 0.5666 0.7932 0.2234
vn -0.0020 0.9753 0.2207
vn -0.5692 0.7915 0.2227
vn -0.0028 0.9956 0.0932
vn 0.8553 0.5174 0.0269
vn 0.9663 -0.2333 -0.1091
vn 0.6976 -0.7102 -0.0953
vn -0.0041 -0.9979 -0.0642
vn -0.7016 -0.7063 -0.0943
vn 0.6466 -0.7486 -0.1465
vn 0.5011 -0.8617 -0.0794
vn -0.0013 -0.9907 -0.1361
vn -0.5045 -0.8597 -0.0796
vn -0.0018 -0.9909 -0.1347
vn -0.0045 -0.9872 -0.1595
vn 0.6555 -0.7412 -0.1449
vn -0.0068 -0.9900 -0.1411
vn -0.6613 -0.7361 -0.1445
vn -0.6494 -0.7462 -0.1466
vn -0.9130 -0.3953 0.1013
vn 0.5301 -0.2578 0.8078
vn 0.5979 -0.1144 0.7933
vn -0.5302 -0.2549 0.8087
vn -0.6092 -0.1135 0.7849
vn 0.1858 -0.5000 0.8459
vn 0.3572 -0.5490 0.7556
vn -0.1977 -0.5167 0.8330
vn -0.1388 -0.5498 0.8237
vn -0.4179 -0.4826 0.7697
vn -0.5237 -0.3780 0.7635
vn 0.7650 -0.2842 0.5779
vn 0.6905 -0.2916 0.6620
vn 0.6703 -0.3784 0.6384
vn 0.7684 -0.3511 0.5351
vn 0.3058 -0.8588 0.4110
vn 0.3782 -0.8674 0.3234
vn 0.9577 0.2463 -0.1489
vn 0.9630 0.0201 -0.2687
vn 0.9382 0.3322 -0.0971
vn 0.9365 0.3483 -0.0411
vn 0.7997 0.5917 -0.1018
vn 0.2262 -0.6812 0.6963
vn 0.7226 -0.3800 0.5774
vn 0.6581 -0.3878 0.6454
vn 0.4887 -0.8589 0.1534
vn 0.2504 -0.9634 0.0957
vn 0.5445 -0.8055 0.2339
vn 0.5673 -0.5311 0.6294
vn 0.5117 -0.5657 0.6467
vn -0.1858 -0.5000 0.8459
vn -0.3572 -0.5490 0.7556
vn -0.5117 -0.5657 0.6467
vn -0.5673 -0.5311 0.6294
vn 0.1977 -0.5167 0.8330
vn 0.1388 -0.5498 0.8237
vn 0.4179 -0.4826 0.7697
vn 0.5237 -0.3780 0.7635
vn -0.4887 -0.8589 0.1534
vn -0.2504 -0.9634 0.0957
vn -0.5445 -0.8055 0.2339
vn -0.3733 -0.6223 -0.6880
vn -0.2558 -0.7053 -0.6612
vn -0.3702 -0.6258 -0.6865
vn 0.3712 -0.6247 -0.6870
vn 0.2564 -0.7047 -0.6615
vn 0.3754 -0.6199 -0.6891
vn 0.2197 -0.4528 0.8641
vn 0.5743 -0.6275 0.5257
vn 0.4106 -0.7668 0.4933
vn 0.1094 -0.4348 0.8938
vn 0.0001 -0.8591 0.5118
vn -0.0000 -0.2467 0.9691
vn -0.1094 -0.4352 0.8936
vn -0.4112 -0.7669 0.4927
vn -0.2202 -0.4531 0.8638
vn -0.5745 -0.6273 0.5258
vn 0.4566 0.3297 0.8263
vn 0.2716 0.5685 0.7766
vn 0.2584 0.6464 -0.7179
vn 0.2307 0.9416 0.2455
vn 0.0000 0.8025 0.5967
vn 0.0000 0.9719 0.2354
vn -0.2309 0.9415 0.2455
vn -0.2718 0.5686 0.7764
vn -0.2579 0.6462 -0.7182
vn -0.4569 0.3302 0.8260
vn -0.0718 0.4007 -0.9134
vn 0.0196 0.3894 -0.9209
vn 0.2609 0.2210 -0.9397
vn 0.1213 0.2050 -0.9712
vn 0.5476 -0.0097 -0.8367
vn -0.4669 0.0404 0.8834
vn -0.4675 0.0615 0.8819
vn -0.5094 -0.0106 0.8605
vn -0.4931 -0.2216 0.8413
vn -0.6405 -0.1793 0.7468
vn -0.5379 -0.4169 0.7327
vn -0.5085 -0.5635 0.6511
vn -0.3097 -0.6933 0.6507
vn -0.2815 -0.7070 0.6488
vn -0.3699 -0.6650 0.6488
vn -0.2696 -0.6711 0.6906
vn -0.3279 -0.6265 0.7071
vn -0.2377 -0.4622 0.8544
vn -0.2748 -0.3880 0.8797
vn -0.2362 -0.0859 0.9679
vn -0.2633 -0.0838 0.9611
vn -0.6353 0.1705 0.7532
vn -0.2012 0.2073 0.9574
vn -0.5678 0.2711 0.7772
vn -0.1637 0.3095 0.9367
vn 0.0012 0.2328 0.9725
vn 0.0000 0.2823 0.9593
vn 0.1647 0.3142 0.9350
vn 0.2010 0.2069 0.9575
vn 0.5678 0.2778 0.7749
vn 0.6391 0.1694 0.7502
vn 0.9974 -0.0210 0.0692
vn 0.9881 -0.1373 -0.0688
vn 0.8685 -0.3625 -0.3381
vn 0.7455 -0.4057 -0.5288
vn 0.4654 -0.4707 -0.7496
vn 0.3175 -0.4492 -0.8351
vn -0.0001 -0.4661 -0.8847
vn -0.0001 -0.4793 -0.8776
vn -0.3175 -0.4488 -0.8353
vn -0.4654 -0.4706 -0.7496
vn -0.7456 -0.4060 -0.5285
vn -0.8686 -0.3626 -0.3378
vn -0.9882 -0.1371 -0.0690
vn -0.9974 -0.0207 0.0687
vn -0.6965 0.5381 -0.4746
vn -0.4318 0.7532 -0.4962
vn -0.8226 0.3536 -0.4453
vn -0.9002 -0.0510 -0.4324
vn -0.9008 -0.0542 -0.4309
vn -0.7686 -0.4590 -0.4456
vn -0.6187 -0.6241 -0.4771
vn -0.3738 -0.7937 -0.4799
vn -0.2958 -0.7982 -0.5248
vn -0.0001 -0.8451 -0.5346
vn -0.0000 -0.8398 -0.5429
vn 0.2963 -0.7991 -0.5232
vn 0.3747 -0.7951 -0.4769
vn 0.6216 -0.6253 -0.4719
vn 0.7724 -0.4595 -0.4385
vn 0.9024 -0.0507 -0.4278
vn 0.9050 -0.0524 -0.4221
vn 0.8224 0.3527 -0.4464
vn 0.6954 0.5369 -0.4777
vn 0.4317 0.7534 -0.4961
vn 0.3087 0.7998 -0.5148
vn -0.0001 0.8559 -0.5171
vn 0.0000 0.8590 -0.5119
vn -0.3087 0.7987 -0.5166
vn -0.0920 0.0478 0.9946
vn -0.0985 0.0115 0.9951
vn -0.2138 0.0508 0.9755
vn -0.0704 0.0877 0.9937
vn -0.2789 -0.0290 0.9599
vn -0.1044 -0.0189 0.9944
vn -0.0281 0.0840 0.9961
vn -0.0001 0.0956 0.9954
vn -0.0001 -0.1482 0.9890
vn 0.1047 -0.0191 0.9943
vn 0.0279 0.0841 0.9961
vn 0.0708 0.0876 0.9936
vn 0.2796 -0.0291 0.9597
vn 0.2142 0.0504 0.9755
vn 0.0926 0.0484 0.9945
vn 0.0986 0.0116 0.9951
vn 0.2735 0.0900 0.9577
vn 0.0834 0.0025 0.9965
vn 0.1422 0.1507 0.9783
vn -0.0001 0.0004 1.0000
vn -0.0003 0.1621 0.9868
vn -0.1426 0.1507 0.9782
vn -0.0837 0.0026 0.9965
vn -0.2734 0.0905 0.9576
vn -0.8281 0.0185 0.5603
vn -0.7222 -0.4650 0.5120
vn -0.3619 -0.6134 0.7020
vn -0.0000 -0.7480 0.6637
vn 0.3622 -0.6136 0.7016
vn 0.7222 -0.4650 0.5120
vn 0.8282 0.0170 0.5602
vn 0.7502 0.4470 0.4873
vn 0.4016 0.6690 0.6254
vn -0.0004 0.6187 0.7856
vn -0.4016 0.6684 0.6261
vn -0.7497 0.4471 0.4879
vn -0.9335 0.3514 0.0713
vn -0.9961 -0.0222 0.0857
vn -0.9096 -0.4047 0.0942
vn -0.5189 -0.8473 0.1138
vn -0.0000 -0.9915 0.1299
vn 0.5189 -0.8473 0.1138
vn 0.9096 -0.4047 0.0942
vn 0.9960 -0.0237 0.0859
vn 0.9340 0.3501 0.0715
vn 0.5715 0.8131 0.1104
vn -0.0003 0.9845 0.1752
vn -0.5722 0.8124 0.1124
vn 0.7064 -0.1510 0.6915
vn 0.8411 0.0638 0.5371
vn 0.7444 0.3634 0.5601
vn 0.6062 0.1064 0.7882
vn -0.1783 -0.5455 0.8189
vn -0.0139 -0.6285 0.7777
vn -0.5440 -0.6175 0.5681
vn -0.5329 -0.6674 0.5201
vn -0.4056 -0.7452 0.5293
vn 0.2312 -0.6703 0.7052
vn 0.7758 -0.2160 0.5928
vn 0.8425 -0.0526 0.5362
vn 0.6980 -0.5142 0.4985
vn 0.0109 -0.7528 0.6582
vn 0.0717 -0.7141 0.6964
vn 0.6955 -0.5032 0.5130
vn -0.1070 -0.5970 0.7951
vn 0.7697 -0.3871 0.5077
vn -0.0887 -0.7786 0.6212
vn -0.3784 -0.7443 0.5502
vn -0.5848 -0.6135 0.5307
vn -0.6859 -0.4259 0.5900
vn 0.3438 -0.4039 0.8478
vn 0.9241 -0.2766 0.2636
vn 0.8687 -0.3686 0.3308
vn 0.8481 -0.3919 0.3564
vn 0.8497 -0.3771 0.3685
vn 0.6270 -0.5551 0.5465
vn 0.3140 0.7942 0.5203
vn 0.3008 0.7882 0.5368
vn 0.3017 0.7679 0.5651
vn 0.2979 0.6922 0.6573
vn 0.2712 0.7324 0.6245
vn 0.2980 0.6236 0.7227
vn 0.3486 0.4917 0.7979
vn -0.2494 0.6680 -0.7011
vn -0.2529 0.6895 -0.6787
vn -0.5076 0.5930 -0.6251
vn -0.4002 0.5993 -0.6933
vn -0.6796 0.4968 -0.5398
vn -0.6382 0.4965 -0.5884
vn -0.6892 0.4785 -0.5441
vn -0.5839 0.5252 -0.6190
vn -0.2971 0.6595 -0.6905
vn 0.0908 0.7092 -0.6991
vn -0.0792 0.5792 -0.8113
vn -0.0196 0.3894 -0.9209
vn -0.2610 0.2212 -0.9396
vn -0.4426 0.3331 -0.8326
vn -0.5479 -0.0089 -0.8365
vn -0.5903 0.2798 -0.7571
vn 0.0716 0.4005 -0.9135
vn -0.1213 0.2048 -0.9713
vn 0.0871 0.4758 -0.8752
vn -0.0998 0.0735 -0.9923
vn -0.1528 -0.4300 -0.8898
vn 0.2400 -0.7003 -0.6723
vn 0.1541 -0.7689 -0.6206
vn 0.1768 -0.7744 -0.6075
vn 0.1895 -0.7647 -0.6159
vn -0.1232 0.6264 -0.7697
vn -0.4395 0.4808 -0.7587
vn -0.6173 0.3493 -0.7050
vn -0.5269 0.4097 -0.7447
vn -0.0001 -0.7506 0.6607
vn 0.3202 -0.5709 0.7560
vn -0.0003 -0.5986 0.8011
vn -0.3200 -0.5708 0.7561
vn -0.0001 0.9799 -0.1993
vn -0.0000 0.9822 0.1878
vn 0.5210 0.8406 0.1483
vn 0.5343 0.8237 -0.1901
vn 0.8760 0.4343 0.2097
vn 0.8518 0.5224 -0.0393
vn 0.5019 0.7048 -0.5014
vn 0.8782 0.4265 -0.2164
vn 0.4504 0.5017 -0.7385
vn 0.8632 0.3047 -0.4026
vn 0.4301 0.2008 -0.8801
vn 0.8595 0.1156 -0.4979
vn 0.4273 -0.0062 -0.9041
vn 0.8515 0.0283 -0.5236
vn 0.4168 -0.0030 -0.9090
vn 0.8412 0.0703 -0.5361
vn 0.4033 0.0258 -0.9147
vn 0.8339 0.0822 -0.5457
vn 0.3935 0.0191 -0.9191
vn 0.8320 0.0516 -0.5523
vn 0.3234 -0.7085 -0.6272
vn 0.6219 -0.7178 -0.3131
vn 0.0010 -1.0000 -0.0031
vn 0.0000 -1.0000 0.0000
vn 0.4675 0.0630 0.8817
vn 0.4670 0.0412 0.8833
vn 0.5094 -0.0101 0.8605
vn 0.4932 -0.2221 0.8411
vn 0.6396 -0.1810 0.7471
vn 0.5375 -0.4177 0.7325
vn 0.5076 -0.5640 0.6514
vn 0.3096 -0.6933 0.6508
vn 0.2815 -0.7070 0.6488
vn 0.3702 -0.6650 0.6486
vn 0.2692 -0.6709 0.6910
vn 0.3283 -0.6267 0.7067
vn 0.2355 -0.4587 0.8568
vn 0.2789 -0.3842 0.8801
vn 0.2368 -0.0863 0.9677
vn 0.2787 -0.0838 0.9567
vn -0.0029 -0.0946 0.9955
vn -0.0001 -0.5547 0.8320
vn -0.0000 -0.7143 0.6998
vn -0.0001 -0.7604 0.6495
vn -0.2729 -0.4786 0.8345
vn -0.0005 -0.5172 0.8558
vn 0.2724 -0.4788 0.8346
vn -0.5817 0.3779 0.7203
vn -0.7396 0.4150 0.5299
vn -0.7129 0.1550 0.6840
vn -0.8543 0.1610 0.4943
vn -0.8607 0.0197 0.5088
vn -0.9315 0.0803 0.3546
vn -0.9189 -0.0223 0.3939
vn -0.9416 -0.0386 0.3345
vn -0.9703 0.1472 0.1918
vn -0.9661 -0.0514 0.2531
vn -0.9923 0.0812 0.0938
vn -0.9494 -0.0563 0.3089
vn -0.9972 0.0744 0.0030
vn -0.8654 0.3022 -0.3997
vn -0.8781 0.4268 -0.2163
vn -0.8517 0.5225 -0.0395
vn -0.8759 0.4346 0.2096
vn -0.0907 0.7092 -0.6991
vn 0.1232 0.6264 -0.7697
vn 0.0793 0.5791 -0.8114
vn 0.4395 0.4808 -0.7587
vn 0.4425 0.3325 -0.8329
vn 0.5904 0.2794 -0.7572
vn 0.6173 0.3493 -0.7050
vn 0.5269 0.4097 -0.7447
vn -0.2400 -0.7003 -0.6723
vn -0.1541 -0.7689 -0.6206
vn -0.1768 -0.7744 -0.6075
vn -0.1895 -0.7647 -0.6159
vn 0.0000 0.4949 -0.8689
vn -0.0874 0.4759 -0.8751
vn 0.1000 0.0736 -0.9923
vn 0.0000 -0.1505 -0.9886
vn 0.1530 -0.4300 -0.8898
vn 0.0000 -0.4571 -0.8894
vn 0.6791 0.4972 -0.5400
vn 0.6892 0.4785 -0.5442
vn 0.5075 0.5930 -0.6251
vn 0.5835 0.5254 -0.6192
vn 0.2968 0.6595 -0.6907
vn 0.2529 0.6894 -0.6788
vn 0.2497 0.6692 -0.6999
vn 0.3996 0.6012 -0.6920
vn 0.6365 0.4986 -0.5884
vn -0.3006 0.7881 0.5371
vn -0.3140 0.7942 0.5203
vn -0.3014 0.7679 0.5653
vn -0.2980 0.6916 0.6579
vn -0.2710 0.7325 0.6246
vn -0.2986 0.6223 0.7236
vn -0.3496 0.4888 0.7993
vn 0.4047 -0.7454 0.5297
vn 0.0889 -0.7787 0.6211
vn 0.3785 -0.7444 0.5501
vn -0.0116 -0.7528 0.6582
vn 0.5533 -0.6363 0.5376
vn 0.0775 -0.7145 0.6954
vn 0.6714 -0.4678 0.5748
vn -0.0268 -0.5712 0.8204
vn -0.3494 -0.4054 0.8447
vn -0.7590 -0.3710 0.5351
vn -0.9091 -0.2958 0.2932
vn -0.7394 -0.4756 0.4765
vn -0.8398 -0.3987 0.3685
vn -0.8472 -0.3928 0.3578
vn -0.6980 -0.5144 0.4982
vn -0.8492 -0.3782 0.3685
vn -0.6270 -0.5555 0.5462
vn 0.5435 -0.6170 0.5691
vn 0.1772 -0.5451 0.8194
vn 0.5315 -0.6676 0.5214
vn 0.0131 -0.6283 0.7779
vn 0.4048 -0.7454 0.5297
vn -0.2315 -0.6702 0.7052
vn -0.7065 -0.1507 0.6915
vn -0.7758 -0.2160 0.5928
vn -0.8410 0.0640 0.5373
vn -0.8425 -0.0526 0.5362
vn -0.7445 0.3645 0.5594
vn -0.6065 0.1069 0.7878
vn -0.4378 0.8627 -0.2532
vn -0.8734 0.2370 -0.4254
vn -0.3266 0.7508 -0.5741
vn -0.1660 -0.0121 -0.9861
vn -0.0835 0.5391 -0.8381
vn 0.5717 -0.0459 -0.8192
vn 0.1959 0.4156 -0.8882
vn 0.8277 -0.0197 -0.5608
vn -0.8768 -0.3885 -0.2832
vn -0.0986 -0.7746 -0.6247
vn 0.8584 -0.3952 -0.3270
vn 0.9383 -0.2799 -0.2028
vn 0.2556 0.9495 0.1817
vn -0.4502 0.8750 -0.1781
vn 0.1773 0.9800 0.0907
vn -0.8629 0.3119 -0.3976
vn -0.8004 -0.4565 -0.3885
vn -0.3547 -0.9277 -0.1166
vn -0.1932 -0.9798 -0.0518
vn 0.0004 -0.9752 0.2215
vn 0.6345 -0.7501 0.1864
vn 0.8939 -0.4296 0.1282
vn 0.3708 -0.8962 0.2434
vn 0.4601 -0.7819 0.4208
vn 0.8054 -0.2999 0.5112
vn 0.6840 -0.0758 0.7256
vn 0.7652 0.4201 0.4878
vn 0.6528 0.5427 0.5285
vn 0.1192 -0.6561 0.7452
vn 0.0196 -0.6929 0.7208
vn 0.5382 -0.4773 0.6946
vn 0.1308 0.1774 0.9754
vn -0.4718 -0.1617 0.8667
vn -0.2838 -0.2655 0.9214
vn 0.2012 0.6796 0.7055
vn -0.5658 0.6049 0.5604
vn -0.9124 0.3111 0.2659
vn -0.0587 0.9932 0.1004
vn -0.6121 0.7738 -0.1629
vn -0.7719 0.5422 -0.3318
vn -0.7854 -0.3945 -0.4769
vn -0.8172 0.2947 -0.4954
vn -0.8011 -0.1802 -0.5707
vn -0.5281 0.4579 -0.7152
vn -0.0585 -0.1040 -0.9929
vn -0.6166 -0.2070 -0.7596
vn 0.0322 -0.6999 -0.7135
vn -0.6759 -0.4173 -0.6075
vn -0.0074 -0.7510 -0.6603
vn -0.7145 -0.3356 -0.6139
vn -0.0951 -0.7216 -0.6857
vn -0.8087 -0.1567 -0.5670
vn 0.2661 -0.9449 0.1906
vn 0.6116 -0.2756 -0.7416
vn 0.7432 -0.4294 0.5131
vn 0.8875 0.0546 0.4576
vn 0.7472 0.4123 0.5212
vn 0.6880 0.6039 0.4025
vn 0.2656 0.9421 0.2046
vn 0.3460 0.9264 -0.1484
vn -0.4060 0.8842 -0.2310
vn -0.0958 0.8294 -0.5504
vn 0.3710 0.3433 -0.8628
vn 0.8324 0.3631 -0.4186
vn 0.6335 -0.5020 -0.5887
vn 0.9706 -0.2138 -0.1105
vn 0.6062 -0.6871 -0.4006
vn 0.9686 -0.2464 -0.0323
vn 0.6036 -0.6983 -0.3848
vn 0.9869 -0.1610 0.0121
vn 0.8047 0.4633 0.3713
vn 0.6716 0.6261 0.3962
vn 0.0079 0.8752 0.4838
vn -0.0248 0.8960 0.4434
vn -0.5812 0.7747 0.2492
vn -0.6058 0.7280 0.3209
vn -0.0483 0.9942 0.0959
vn -0.3077 0.9094 -0.2798
vn 0.8159 0.5513 0.1743
vn 0.8444 0.3813 0.3762
vn 0.2889 -0.9211 -0.2608
vn 0.4921 -0.6675 -0.5588
vn 0.7263 -0.3655 -0.5822
vn 0.7307 -0.1478 -0.6665
vn 0.7583 0.3242 -0.5656
vn 0.4428 0.4966 -0.7465
vn 0.3809 0.8970 -0.2243
vn 0.0322 0.8569 -0.5144
vn -0.3618 0.9302 -0.0611
vn -0.2380 0.9281 0.2863
vn -0.6393 0.5765 0.5088
vn -0.6833 0.3805 0.6232
vn -0.8215 0.0362 0.5690
vn -0.6830 -0.4598 0.5676
vn -0.6884 -0.2243 -0.6898
vn -0.2456 -0.9553 0.1648
vn 0.4646 0.8002 -0.3793
vn -0.1124 0.9935 0.0151
vn 0.2605 0.6402 -0.7227
vn 0.2831 0.9588 -0.0231
vn 0.6470 0.7405 -0.1816
vn 0.1104 0.5269 -0.8427
vn 0.7451 0.5805 -0.3282
vn -0.1559 0.4216 -0.8933
vn 0.8412 0.2253 -0.4916
vn 0.2408 -0.0317 -0.9701
vn -0.5589 -0.1061 -0.8224
vn -0.8230 -0.0580 -0.5651
vn 0.7867 -0.4599 -0.4119
vn -0.0557 -0.8321 -0.5519
vn -0.7991 -0.5110 -0.3168
vn -0.9303 -0.2998 -0.2114
vn 0.1043 -0.9926 -0.0617
vn -0.3604 -0.9077 0.2149
vn -0.6823 -0.6730 0.2855
vn -0.8522 -0.5071 0.1286
vn -0.4826 -0.7292 0.4852
vn -0.2292 -0.4681 0.8534
vn -0.0247 -0.5382 0.8424
vn -0.2600 -0.5936 0.7616
vn -0.6608 -0.0822 0.7461
vn 0.0924 0.2745 0.9571
vn 0.6165 0.1097 0.7797
vn 0.6580 -0.1106 0.7448
vn -0.4675 0.6659 0.5814
vn 0.3665 0.7860 0.4979
vn 0.7903 0.5228 0.3194
vn 0.8713 0.4162 0.2600
vn -0.7362 0.3691 0.5672
vn -0.2040 0.9506 0.2339
vn 0.4901 0.8616 -0.1324
vn 0.8272 0.3779 -0.4159
vn 0.8410 -0.3831 -0.3820
vn 0.3780 -0.9090 -0.1757
vn -0.3653 -0.8980 0.2451
vn -0.7371 -0.3933 0.5496
vn -0.0010 -1.0000 -0.0031
vn -0.6219 -0.7176 -0.3134
vn -0.3235 -0.7085 -0.6272
vn -0.8320 0.0513 -0.5524
vn -0.3936 0.0189 -0.9191
vn -0.8340 0.0816 -0.5458
vn -0.4034 0.0255 -0.9147
vn -0.8415 0.0692 -0.5359
vn -0.4171 -0.0056 -0.9088
vn -0.8519 0.0286 -0.5230
vn -0.4279 -0.0055 -0.9038
vn -0.8615 0.1156 -0.4944
vn -0.4338 0.2016 -0.8782
vn -0.4494 0.5033 -0.7380
vn -0.5021 0.7048 -0.5012
vn -0.5343 0.8236 -0.1902
vn -0.5213 0.8404 0.1482
vn -0.4373 0.7152 0.5452
vn -0.3649 0.5812 0.7274
vn 0.0000 0.7788 0.6273
vn 0.0000 0.6572 0.7537
vn 0.3649 0.5812 0.7274
vn 0.4368 0.7153 0.5454
vn 0.5809 0.3776 0.7211
vn 0.7394 0.4148 0.5304
vn 0.7125 0.1542 0.6845
vn 0.8544 0.1603 0.4943
vn 0.8607 0.0197 0.5088
vn 0.9315 0.0802 0.3547
vn 0.9189 -0.0223 0.3939
vn 0.9416 -0.0386 0.3345
vn 0.9704 0.1468 0.1920
vn 0.9661 -0.0516 0.2529
vn 0.9923 0.0811 0.0940
vn 0.9422 -0.0574 0.3301
vn 0.9972 0.0746 0.0047
vn -0.0000 0.8345 -0.5510
vn 0.0000 0.6042 -0.7968
vn 0.0008 0.2940 -0.9558
vn 0.0013 0.0048 -1.0000
vn 0.0008 -0.0381 -0.9993
vn 0.0000 0.0035 -1.0000
vn -0.0001 0.0022 -1.0000
vn -0.0001 -0.4501 -0.8930
vn -0.0000 -1.0000 -0.0050
vn 0.8394 -0.0784 0.5378
vn 0.8375 -0.0469 0.5444
vn 0.4052 -0.0186 0.9140
vn 0.4134 -0.0286 0.9101
vn -0.0000 -0.0022 1.0000
vn 0.0000 -0.0053 1.0000
vn -0.4132 -0.0286 0.9102
vn -0.4052 -0.0183 0.9140
vn -0.8393 -0.0780 0.5380
vn -0.8376 -0.0465 0.5443
vn -0.9983 -0.0465 0.0353
vn -0.9947 -0.0973 0.0337
vn -0.9931 -0.1175 0.0029
vn -0.8433 -0.0861 0.5306
vn -0.4224 -0.0322 0.9058
vn 0.0001 -0.0047 1.0000
vn 0.4221 -0.0324 0.9060
vn 0.8435 -0.0860 0.5302
vn 0.9931 -0.1176 0.0029
vn 0.9946 -0.0980 0.0340
vn 0.9983 -0.0461 0.0353
vn 0.9777 -0.1305 -0.1646
vn 0.9795 -0.1306 -0.1532
vn 0.9823 -0.1020 -0.1570
vn 0.9848 -0.0623 -0.1624
vn 0.9853 -0.0220 -0.1695
vn 0.9989 -0.0310 0.0363
vn 0.8951 -0.0185 0.4454
vn 0.4757 -0.0119 0.8795
vn -0.0000 -0.0026 1.0000
vn -0.4757 -0.0119 0.8795
vn -0.8950 -0.0189 0.4457
vn -0.9988 -0.0321 0.0368
vn -0.9852 -0.0226 -0.1699
vn -0.9847 -0.0623 -0.1625
vn -0.9824 -0.1010 -0.1571
vn -0.9795 -0.1309 -0.1532
vn -0.9775 -0.1317 -0.1650
vn -0.9906 -0.1047 0.0875
vn -0.7811 -0.0720 0.6203
vn -0.3554 -0.0197 0.9345
vn 0.0001 0.0000 1.0000
vn 0.3553 -0.0197 0.9345
vn 0.7811 -0.0720 0.6203
vn 0.9907 -0.1047 0.0871
vn 0.9992 0.0398 0.0086
vn 0.8877 0.0022 0.4605
vn 0.9974 0.0726 -0.0030
vn 0.8673 0.1152 0.4842
vn 0.9927 0.1177 0.0256
vn 0.8781 0.1148 0.4646
vn 0.8911 0.0916 0.4445
vn 0.9946 0.1037 -0.0046
vn 0.8868 0.0504 0.4594
vn 0.9985 0.0546 -0.0048
vn 0.7677 -0.5530 0.3237
vn 0.5542 -0.8324 -0.0027
vn -0.9101 0.0096 0.4143
vn -0.9992 0.0394 0.0082
vn -0.9973 0.0739 -0.0029
vn -0.8721 0.1154 0.4755
vn -0.9928 0.1167 0.0253
vn -0.8783 0.1111 0.4650
vn -0.8914 0.0916 0.4438
vn -0.9947 0.1029 -0.0049
vn -0.8881 0.0497 0.4570
vn -0.9985 0.0545 -0.0048
vn -0.7685 -0.5525 0.3228
vn -0.5544 -0.8322 -0.0027
vn -0.6634 -0.4400 0.6052
vn -0.7498 0.0467 0.6600
vn -0.7686 0.0761 0.6352
vn -0.7772 0.1238 0.6169
vn -0.7575 0.1253 0.6407
vn -0.7332 0.0071 0.6800
vn 0.2092 0.4169 -0.8846
vn -0.1384 0.4908 -0.8602
vn 0.2899 0.2317 -0.9286
vn 0.6484 0.3993 -0.6482
vn 0.6602 -0.4401 0.6087
vn 0.7474 0.0471 0.6627
vn 0.7687 0.0753 0.6352
vn 0.7841 0.1306 0.6067
vn 0.7799 0.1280 0.6126
vn 0.6782 -0.0056 0.7348
vn -0.3098 0.2198 -0.9250
vn 0.1063 0.4887 -0.8659
vn -0.2211 0.4052 -0.8871
vn -0.6359 0.3944 -0.6634
vn -0.1519 -0.6392 0.7539
vn -0.1530 -0.6414 0.7518
vn -0.1531 -0.6401 0.7529
vn -0.1531 -0.6414 0.7518
vn -0.8930 0.4315 -0.1278
vn -0.9163 0.3807 -0.1239
vn -0.6831 0.6572 -0.3186
vn -0.5332 -0.7020 -0.4721
vn -0.3135 -0.9333 -0.1753
vn -0.1539 -0.6405 0.7524
vn -0.1534 -0.6407 0.7524
vn -0.1534 -0.6406 0.7524
vn -0.1541 -0.6400 0.7527
vn -0.1531 -0.6400 0.7529
vn -0.1538 -0.6387 0.7539
vn -0.1533 -0.6392 0.7536
vn -0.1537 -0.6389 0.7538
vn -0.1539 -0.6394 0.7533
vn -0.1544 -0.6392 0.7534
vn -0.1523 -0.6402 0.7529
vn -0.1529 -0.6404 0.7527
vn -0.9130 -0.1863 0.3628
vn -0.6809 -0.7168 0.1505
vn -0.6933 -0.7115 0.1147
vn -0.1837 -0.9819 -0.0455
vn 0.0173 -0.9950 -0.0984
vn 0.4689 -0.8832 0.0094
vn 0.4755 -0.8797 -0.0009
vn 0.6876 -0.6340 0.3538
vn 0.6721 -0.5242 0.5230
vn 0.4734 -0.0983 0.8753
vn 0.4476 -0.1243 0.8856
vn 0.0086 0.2847 0.9586
vn -0.1716 0.4089 0.8963
vn -0.6301 0.4113 0.6587
vn -0.6289 0.4246 0.6513
vn -0.9054 0.0425 0.4225
vn 0.6397 0.7115 0.2907
vn 0.8977 0.3901 -0.2046
vn 0.6488 0.6760 -0.3493
vn 0.2854 0.9249 -0.2514
vn 0.2361 -0.6803 0.6938
vn 0.2361 -0.6803 0.6939
vn 0.2350 -0.6798 0.6947
vn 0.2341 -0.6807 0.6942
vn 0.2333 -0.6812 0.6939
vn 0.2321 -0.6823 0.6932
vn 0.2339 -0.6807 0.6942
vn 0.2332 -0.6797 0.6954
vn 0.2325 -0.6775 0.6978
vn 0.2312 -0.6773 0.6984
vn 0.9475 -0.2023 0.2475
vn 0.9473 0.0225 0.3194
vn 0.7002 -0.7139 -0.0026
vn 0.6918 -0.7213 0.0341
vn 0.1755 -0.9772 -0.1195
vn -0.0296 -0.9881 -0.1507
vn -0.4666 -0.8844 0.0133
vn -0.4745 -0.8802 0.0039
vn -0.6452 -0.6554 0.3927
vn -0.6106 -0.5553 0.5646
vn -0.3727 -0.1486 0.9160
vn -0.3465 -0.1743 0.9217
vn 0.1002 0.2316 0.9676
vn 0.2710 0.3605 0.8925
vn 0.7004 0.3775 0.6058
vn 0.6977 0.3920 0.5997
vn 0.2351 -0.6745 0.6998
vn 0.2367 -0.6748 0.6990
vn 0.2384 -0.6760 0.6973
vn 0.2385 -0.6765 0.6968
vn 0.2376 -0.6784 0.6952
vn 0.2368 -0.6795 0.6944
vn 0.6412 -0.2983 -0.7070
vn 0.6028 -0.3809 -0.7011
vn -0.0686 -0.7137 -0.6971
vn -0.1134 -0.6624 -0.7406
vn -0.6492 -0.6663 -0.3668
vn -0.6961 -0.4759 -0.5375
vn -0.9768 -0.2137 -0.0111
vn -0.9667 -0.2481 0.0630
vn -0.7956 0.3571 0.4894
vn -0.7573 0.4389 0.4835
vn 0.0672 0.9865 0.1496
vn 0.0482 0.8473 0.5289
vn -0.7901 0.5366 0.2964
vn -0.8768 0.3734 -0.3031
vn -0.4692 0.3788 -0.7977
vn -0.0565 -0.0582 -0.9967
vn 0.5292 -0.1649 -0.8323
vn 0.8740 0.4416 -0.2027
vn 0.7397 -0.1223 -0.6617
vn 0.0169 -0.6824 -0.7308
vn -0.6450 -0.6782 -0.3521
vn -0.9796 -0.1658 0.1132
vn -0.6218 0.6006 0.5026
vn 0.0769 0.8703 0.4865
vn 0.6073 0.7619 0.2250
usemtl Dr_Doof
s 1
f 80/1/1 79/2/2 77/3/3
f 77/3/3 79/2/2 63/4/4
f 77/3/3 63/4/4 76/5/5
f 76/5/5 63/4/4 62/6/6
f 62/6/6 63/4/4 67/7/7
f 62/6/6 67/7/7 66/8/8
f 66/8/8 67/7/7 69/9/9
f 69/9/9 67/7/7 70/10/10
f 69/9/9 70/10/10 60/11/11
f 69/9/9 60/11/11 59/12/12
f 59/12/12 60/11/11 53/13/13
f 59/12/12 53/13/13 57/14/14
f 57/14/14 53/13/13 52/15/15
f 57/14/14 52/15/15 58/16/16
f 58/16/16 52/15/15 56/17/17
f 58/16/16 56/17/17 55/18/18
f 55/18/18 56/17/17 73/19/19
f 55/18/18 73/19/19 72/20/20
f 55/18/18 72/20/20 47/21/21
f 47/21/21 72/20/20 48/22/22
f 47/21/21 48/22/22 11/23/23
f 47/21/21 11/23/23 10/24/24
f 10/24/24 11/23/23 43/25/25
f 10/24/24 43/25/25 12/26/26
f 12/26/26 43/25/25 49/27/27
f 12/26/26 49/27/27 1/28/28
f 12/26/26 1/28/28 15/29/29
f 15/29/29 1/28/28 3/30/30
f 3/30/30 1/28/28 2/31/31
f 3/30/30 2/31/31 29/32/32
f 29/32/32 2/31/31 28/33/33
f 29/32/32 28/33/33 42/34/34
f 42/34/34 28/33/33 24/35/35
f 42/34/34 24/35/35 22/36/36
f 22/36/36 24/35/35 50/37/37
f 50/37/37 24/35/35 28/33/33
f 50/37/37 28/33/33 26/38/38
f 26/38/38 28/33/33 7/39/39
f 7/39/39 28/33/33 2/31/31
f 7/39/39 2/31/31 49/27/27
f 49/27/27 2/31/31 1/28/28
f 42/34/34 22/36/36 23/40/40
f 23/40/40 22/36/36 41/41/41
f 23/40/40 41/41/41 35/42/42
f 35/42/42 41/41/41 5/43/43
f 5/43/43 41/41/41 39/44/44
f 5/43/43 36/45/45 35/42/42
f 35/42/42 36/45/45 34/46/46
f 35/42/42 34/46/46 23/40/40
f 23/40/40 34/46/46 18/47/47
f 81/48/48 73/19/19 56/17/17
f 81/48/48 56/17/17 51/49/49
f 51/49/49 56/17/17 52/50/15
f 51/49/49 52/50/15 53/51/13
f 51/49/49 53/51/13 54/52/50
f 54/52/50 53/51/13 60/53/11
f 54/52/50 60/53/11 61/54/51
f 61/54/51 60/53/11 70/55/10
f 61/54/51 70/55/10 71/56/52
f 71/56/52 70/55/10 78/57/53
f 71/56/52 78/57/53 75/58/54
f 71/56/52 75/58/54 61/54/51
f 61/54/51 75/58/54 74/59/55
f 61/54/51 74/59/55 82/60/56
f 61/54/51 82/60/56 54/52/50
f 54/52/50 82/60/56 81/48/48
f 54/52/50 81/48/48 51/49/49
f 78/57/53 70/55/10 67/7/7
f 78/57/53 67/7/7 79/2/2
f 79/2/2 67/7/7 63/4/4
f 76/61/5 4/62/57 77/63/3
f 77/63/3 4/62/57 6/64/58
f 77/63/3 6/64/58 80/65/1
f 80/65/1 6/64/58 40/66/59
f 80/65/1 40/66/59 64/67/60
f 64/67/60 40/66/59 33/68/61
f 64/67/60 33/68/61 32/69/62
f 32/69/62 33/68/61 30/70/63
f 30/70/63 33/68/61 40/66/59
f 30/70/63 40/66/59 39/71/44
f 39/71/44 40/66/59 6/64/58
f 39/71/44 6/64/58 5/72/43
f 5/72/43 6/64/58 4/62/57
f 5/72/43 4/62/57 36/73/45
f 19/74/64 66/75/8 69/9/9
f 19/74/64 69/9/9 16/76/65
f 16/76/65 69/9/9 59/12/12
f 16/76/65 59/12/12 44/77/66
f 44/77/66 59/12/12 57/14/14
f 44/77/66 57/14/14 45/78/67
f 45/78/67 57/14/14 58/16/16
f 45/78/67 58/16/16 46/79/68
f 46/79/68 58/16/16 55/18/18
f 46/79/68 55/18/18 47/21/21
f 46/79/68 47/21/21 10/24/24
f 46/79/68 10/24/24 14/80/69
f 14/80/69 10/24/24 12/26/26
f 14/80/69 12/26/26 15/81/29
f 14/80/69 15/81/29 13/82/70
f 13/82/70 15/81/29 3/83/30
f 13/82/70 3/83/30 25/84/71
f 25/84/71 3/83/30 29/85/32
f 25/84/71 29/85/32 17/86/72
f 17/86/72 29/85/32 42/87/34
f 17/86/72 42/87/34 23/40/40
f 17/86/72 23/40/40 18/88/47
f 17/86/72 18/88/47 19/74/64
f 17/86/72 19/74/64 16/76/65
f 17/86/72 16/76/65 25/84/71
f 25/84/71 16/76/65 44/77/66
f 25/84/71 44/77/66 13/82/70
f 13/82/70 44/77/66 45/78/67
f 13/82/70 45/78/67 14/80/69
f 14/80/69 45/78/67 46/79/68
f 30/70/63 39/71/44 31/89/73
f 31/89/73 39/71/44 41/90/41
f 31/89/73 41/90/41 37/91/74
f 37/91/74 41/90/41 22/92/36
f 37/91/74 22/92/36 38/93/75
f 38/93/75 22/92/36 21/94/76
f 21/94/76 22/92/36 50/95/37
f 21/94/76 50/95/37 20/96/77
f 20/96/77 50/95/37 27/97/78
f 27/97/78 50/95/37 26/98/38
f 27/97/78 26/98/38 9/99/79
f 9/99/79 26/98/38 7/100/39
f 9/99/79 7/100/39 49/101/27
f 9/99/79 49/101/27 8/102/80
f 8/102/80 49/101/27 43/103/25
f 8/102/80 43/103/25 11/104/23
f 8/102/80 11/104/23 48/105/22
f 8/102/80 48/105/22 72/106/20
f 8/102/80 72/106/20 73/107/19
f 8/102/80 73/107/19 81/108/48
f 8/102/80 81/108/48 9/99/79
f 9/99/79 81/108/48 82/109/56
f 9/99/79 82/109/56 74/110/55
f 9/99/79 74/110/55 27/97/78
f 27/97/78 74/110/55 75/111/54
f 27/97/78 75/111/54 20/96/77
f 20/96/77 75/111/54 21/94/76
f 21/94/76 75/111/54 78/112/53
f 21/94/76 78/112/53 38/93/75
f 38/93/75 78/112/53 68/113/81
f 68/113/81 78/112/53 79/114/2
f 68/113/81 79/114/2 65/115/82
f 65/115/82 79/114/2 80/65/1
f 65/115/82 80/65/1 64/67/60
f 65/115/82 64/67/60 32/69/62
f 65/115/82 32/69/62 68/113/81
f 68/113/81 32/69/62 38/93/75
f 38/93/75 32/69/62 37/91/74
f 37/91/74 32/69/62 31/89/73
f 31/89/73 32/69/62 30/70/63
f 315/116/83 312/117/84 314/118/85
f 315/116/83 314/118/85 317/119/86
f 317/119/86 314/118/85 316/120/87
f 317/119/86 316/120/87 319/121/88
f 319/121/88 316/120/87 318/122/89
f 319/121/88 318/122/89 324/123/90
f 324/123/90 318/122/89 323/124/91
f 324/123/90 323/124/91 321/125/92
f 321/125/92 323/124/91 322/126/93
f 321/125/92 322/126/93 320/127/94
f 301/128/95 340/129/96 342/130/97
f 301/128/95 342/130/97 305/131/98
f 305/131/98 342/130/97 339/132/99
f 305/131/98 339/132/99 299/133/100
f 299/133/100 339/132/99 337/134/101
f 299/133/100 337/134/101 295/135/102
f 295/135/102 337/134/101 335/136/103
f 295/135/102 335/136/103 291/137/104
f 291/137/104 335/136/103 333/138/105
f 291/137/104 333/138/105 287/139/106
f 287/139/106 333/138/105 331/140/107
f 287/139/106 331/140/107 283/141/108
f 283/141/108 331/140/107 329/142/109
f 283/141/108 329/142/109 279/143/110
f 279/143/110 329/142/109 325/144/111
f 279/143/110 325/144/111 271/145/112
f 271/145/112 325/144/111 326/146/113
f 271/145/112 326/146/113 272/147/114
f 272/147/114 326/146/113 341/148/115
f 272/147/114 341/148/115 303/149/116
f 303/149/116 341/148/115 327/150/117
f 303/149/116 327/150/117 275/151/118
f 275/151/118 327/150/117 328/152/119
f 275/151/118 328/152/119 276/153/120
f 276/153/120 328/152/119 330/154/121
f 276/153/120 330/154/121 281/155/122
f 281/155/122 330/154/121 332/156/123
f 281/155/122 332/156/123 285/157/124
f 285/157/124 332/156/123 334/158/125
f 285/157/124 334/158/125 289/159/126
f 289/159/126 334/158/125 336/160/127
f 289/159/126 336/160/127 293/161/128
f 293/161/128 336/160/127 338/162/129
f 293/161/128 338/162/129 297/163/130
f 297/163/130 338/162/129 340/129/96
f 297/163/130 340/129/96 301/128/95
f 297/163/130 301/128/95 298/164/131
f 298/164/131 301/128/95 302/165/132
f 302/165/132 301/128/95 305/131/98
f 302/165/132 305/131/98 306/166/133
f 306/166/133 305/131/98 299/133/100
f 306/166/133 299/133/100 300/167/134
f 300/167/134 299/133/100 295/135/102
f 300/167/134 295/135/102 296/168/135
f 296/168/135 295/135/102 291/137/104
f 296/168/135 291/137/104 292/169/136
f 292/169/136 291/137/104 287/139/106
f 292/169/136 287/139/106 288/170/137
f 288/170/137 287/139/106 283/141/108
f 288/170/137 283/141/108 284/171/138
f 284/171/138 283/141/108 279/143/110
f 284/171/138 279/143/110 280/172/139
f 280/172/139 279/143/110 271/145/112
f 280/172/139 271/145/112 274/173/140
f 274/173/140 271/145/112 272/147/114
f 274/173/140 272/147/114 273/174/141
f 273/174/141 272/147/114 303/149/116
f 273/174/141 303/149/116 304/175/142
f 304/175/142 303/149/116 275/151/118
f 304/175/142 275/151/118 278/176/143
f 278/176/143 275/151/118 276/153/120
f 278/176/143 276/153/120 277/177/144
f 277/177/144 276/153/120 281/155/122
f 277/177/144 281/155/122 282/178/145
f 282/178/145 281/155/122 285/157/124
f 282/178/145 285/157/124 286/179/146
f 286/179/146 285/157/124 289/159/126
f 286/179/146 289/159/126 290/180/147
f 290/180/147 289/159/126 293/161/128
f 290/180/147 293/161/128 294/181/148
f 294/181/148 293/161/128 297/163/130
f 294/181/148 297/163/130 298/164/131
f 294/181/148 298/164/131 313/182/149
f 313/182/149 298/164/131 311/183/150
f 311/183/150 298/164/131 302/165/132
f 311/183/150 302/165/132 308/184/151
f 308/184/151 302/165/132 306/166/133
f 308/184/151 306/166/133 309/185/152
f 309/185/152 306/166/133 300/167/134
f 309/185/152 300/167/134 307/186/153
f 307/186/153 300/167/134 296/168/135
f 307/186/153 296/168/135 310/187/154
f 310/187/154 296/168/135 292/169/136
f 310/187/154 292/169/136 312/117/84
f 312/117/84 292/169/136 288/170/137
f 312/117/84 288/170/137 314/118/85
f 314/118/85 288/170/137 284/171/138
f 314/118/85 284/171/138 316/120/87
f 316/120/87 284/171/138 280/172/139
f 316/120/87 280/172/139 318/122/89
f 318/122/89 280/172/139 274/173/140
f 318/122/89 274/173/140 323/124/91
f 323/124/91 274/173/140 273/174/141
f 323/124/91 273/174/141 322/126/93
f 322/126/93 273/174/141 304/175/142
f 322/126/93 304/175/142 320/127/94
f 320/127/94 304/175/142 278/176/143
f 320/127/94 278/176/143 321/125/92
f 321/125/92 278/176/143 277/177/144
f 321/125/92 277/177/144 324/123/90
f 324/123/90 277/177/144 282/178/145
f 324/123/90 282/178/145 319/121/88
f 319/121/88 282/178/145 286/179/146
f 319/121/88 286/179/146 317/119/86
f 317/119/86 286/179/146 290/180/147
f 317/119/86 290/180/147 315/116/83
f 315/116/83 290/180/147 294/181/148
f 315/116/83 294/181/148 313/182/149
f 315/116/83 313/182/149 312/117/84
f 312/117/84 313/182/149 310/187/154
f 310/187/154 313/182/149 311/183/150
f 310/187/154 311/183/150 307/186/153
f 307/186/153 311/183/150 308/184/151
f 307/186/153 308/184/151 309/185/152
f 262/188/155 270/189/156 263/190/157
f 262/188/155 263/190/157 255/191/158
f 255/191/158 263/190/157 256/192/159
f 255/191/158 256/192/159 248/193/160
f 248/193/160 256/192/159 249/194/161
f 248/193/160 249/194/161 241/195/162
f 241/195/162 249/194/161 242/196/163
f 241/195/162 242/196/163 234/197/164
f 234/197/164 242/196/163 235/198/165
f 234/197/164 235/198/165 232/199/166
f 234/197/164 232/199/166 227/200/167
f 227/200/167 232/199/166 225/201/168
f 227/200/167 225/201/168 214/202/169
f 214/202/169 225/201/168 224/203/170
f 214/202/169 224/203/170 213/204/171
f 213/204/171 224/203/170 269/205/172
f 264/206/173 270/207/156 262/188/155
f 264/206/173 262/188/155 257/208/174
f 257/208/174 262/188/155 255/191/158
f 257/208/174 255/191/158 250/209/175
f 250/209/175 255/191/158 248/193/160
f 250/209/175 248/193/160 243/210/176
f 243/210/176 248/193/160 241/195/162
f 243/210/176 241/195/162 236/211/177
f 236/211/177 241/195/162 234/197/164
f 236/211/177 234/197/164 227/200/167
f 236/211/177 227/200/167 228/212/178
f 228/212/178 227/200/167 214/202/169
f 228/212/178 214/202/169 216/213/179
f 216/213/179 214/202/169 213/204/171
f 216/213/179 213/204/171 215/214/180
f 215/214/180 213/204/171 269/215/172
f 270/216/156 264/206/173 265/217/181
f 265/217/181 264/206/173 257/208/174
f 265/217/181 257/208/174 258/218/182
f 258/218/182 257/208/174 250/209/175
f 258/218/182 250/209/175 251/219/183
f 251/219/183 250/209/175 243/210/176
f 251/219/183 243/210/176 244/220/184
f 244/220/184 243/210/176 237/221/185
f 237/221/185 243/210/176 236/211/177
f 237/221/185 236/211/177 229/222/186
f 229/222/186 236/211/177 228/212/178
f 229/222/186 228/212/178 218/223/187
f 218/223/187 228/212/178 216/213/179
f 218/223/187 216/213/179 217/224/188
f 217/224/188 216/213/179 215/214/180
f 217/224/188 215/214/180 269/225/172
f 270/226/156 265/217/181 266/227/189
f 266/227/189 265/217/181 258/218/182
f 266/227/189 258/218/182 259/228/190
f 259/228/190 258/218/182 251/219/183
f 259/228/190 251/219/183 252/229/191
f 252/229/191 251/219/183 244/220/184
f 252/229/191 244/220/184 245/230/192
f 245/230/192 244/220/184 238/231/193
f 238/231/193 244/220/184 237/221/185
f 238/231/193 237/221/185 230/232/194
f 230/232/194 237/221/185 229/222/186
f 230/232/194 229/222/186 220/233/195
f 220/233/195 229/222/186 218/223/187
f 220/233/195 218/223/187 219/234/196
f 219/234/196 218/223/187 217/224/188
f 219/234/196 217/224/188 269/235/172
f 270/236/156 266/227/189 267/237/197
f 267/237/197 266/227/189 259/228/190
f 267/237/197 259/228/190 260/238/198
f 260/238/198 259/228/190 252/229/191
f 260/238/198 252/229/191 253/239/199
f 253/239/199 252/229/191 245/230/192
f 253/239/199 245/230/192 246/240/200
f 246/240/200 245/230/192 239/241/201
f 239/241/201 245/230/192 238/231/193
f 239/241/201 238/231/193 231/242/202
f 231/242/202 238/231/193 230/232/194
f 231/242/202 230/232/194 222/243/203
f 222/243/203 230/232/194 220/233/195
f 222/243/203 220/233/195 221/244/204
f 221/244/204 220/233/195 219/234/196
f 221/244/204 219/234/196 269/245/172
f 263/246/157 270/247/156 268/248/205
f 263/246/157 268/248/205 256/249/159
f 256/249/159 268/248/205 261/250/206
f 256/249/159 261/250/206 249/251/161
f 249/251/161 261/250/206 254/252/207
f 249/251/161 254/252/207 242/253/163
f 242/253/163 254/252/207 247/254/208
f 242/253/163 247/254/208 235/255/165
f 235/255/165 247/254/208 240/256/209
f 235/255/165 240/256/209 233/257/210
f 235/255/165 233/257/210 232/258/166
f 232/258/166 233/257/210 226/259/211
f 232/258/166 226/259/211 225/260/168
f 225/260/168 226/259/211 223/261/212
f 225/260/168 223/261/212 224/262/170
f 224/262/170 223/261/212 269/263/172
f 575/264/213 572/265/214 574/266/215
f 575/264/213 574/266/215 577/267/86
f 577/267/86 574/266/215 576/268/216
f 577/267/86 576/268/216 579/269/217
f 579/269/217 576/268/216 578/270/218
f 579/269/217 578/270/218 584/271/219
f 584/271/219 578/270/218 583/272/220
f 584/271/219 583/272/220 581/273/221
f 581/273/221 583/272/220 582/274/93
f 581/273/221 582/274/93 580/275/222
f 561/276/223 600/277/224 602/278/97
f 561/276/223 602/278/97 565/279/225
f 565/279/225 602/278/97 599/280/226
f 565/279/225 599/280/226 559/281/227
f 559/281/227 599/280/226 597/282/228
f 559/281/227 597/282/228 555/283/229
f 555/283/229 597/282/228 595/284/230
f 555/283/229 595/284/230 551/285/231
f 551/285/231 595/284/230 593/286/232
f 551/285/231 593/286/232 547/287/233
f 547/287/233 593/286/232 591/288/125
f 547/287/233 591/288/125 543/289/234
f 543/289/234 591/288/125 589/290/235
f 543/289/234 589/290/235 539/291/236
f 539/291/236 589/290/235 585/292/237
f 539/291/236 585/292/237 531/293/238
f 531/293/238 585/292/237 586/294/239
f 531/293/238 586/294/239 532/295/240
f 532/295/240 586/294/239 601/296/115
f 532/295/240 601/296/115 563/297/241
f 563/297/241 601/296/115 587/298/242
f 563/297/241 587/298/242 535/299/243
f 535/299/243 587/298/242 588/300/244
f 535/299/243 588/300/244 536/301/245
f 536/301/245 588/300/244 590/302/246
f 536/301/245 590/302/246 541/303/247
f 541/303/247 590/302/246 592/304/232
f 541/303/247 592/304/232 545/305/248
f 545/305/248 592/304/232 594/306/125
f 545/305/248 594/306/125 549/307/249
f 549/307/249 594/306/125 596/308/235
f 549/307/249 596/308/235 553/309/250
f 553/309/250 596/308/235 598/310/251
f 553/309/250 598/310/251 557/311/252
f 557/311/252 598/310/251 600/277/224
f 557/311/252 600/277/224 561/276/223
f 557/311/252 561/276/223 558/312/253
f 558/312/253 561/276/223 562/313/254
f 562/313/254 561/276/223 565/279/225
f 562/313/254 565/279/225 566/314/255
f 566/314/255 565/279/225 559/281/227
f 566/314/255 559/281/227 560/315/256
f 560/315/256 559/281/227 555/283/229
f 560/315/256 555/283/229 556/316/257
f 556/316/257 555/283/229 551/285/231
f 556/316/257 551/285/231 552/317/258
f 552/317/258 551/285/231 547/287/233
f 552/317/258 547/287/233 548/318/259
f 548/318/259 547/287/233 543/289/234
f 548/318/259 543/289/234 544/319/260
f 544/319/260 543/289/234 539/291/236
f 544/319/260 539/291/236 540/320/261
f 540/320/261 539/291/236 531/293/238
f 540/320/261 531/293/238 534/321/262
f 534/321/262 531/293/238 532/295/240
f 534/321/262 532/295/240 533/322/263
f 533/322/263 532/295/240 563/297/241
f 533/322/263 563/297/241 564/323/264
f 564/323/264 563/297/241 535/299/243
f 564/323/264 535/299/243 538/324/265
f 538/324/265 535/299/243 536/301/245
f 538/324/265 536/301/245 537/325/266
f 537/325/266 536/301/245 541/303/247
f 537/325/266 541/303/247 542/326/267
f 542/326/267 541/303/247 545/305/248
f 542/326/267 545/305/248 546/327/268
f 546/327/268 545/305/248 549/307/249
f 546/327/268 549/307/249 550/328/269
f 550/328/269 549/307/249 553/309/250
f 550/328/269 553/309/250 554/329/270
f 554/329/270 553/309/250 557/311/252
f 554/329/270 557/311/252 558/312/253
f 554/329/270 558/312/253 573/330/271
f 573/330/271 558/312/253 571/331/272
f 571/331/272 558/312/253 562/313/254
f 571/331/272 562/313/254 568/332/273
f 568/332/273 562/313/254 566/314/255
f 568/332/273 566/314/255 569/333/152
f 569/333/152 566/314/255 560/315/256
f 569/333/152 560/315/256 567/334/274
f 567/334/274 560/315/256 556/316/257
f 567/334/274 556/316/257 570/335/275
f 570/335/275 556/316/257 552/317/258
f 570/335/275 552/317/258 572/265/214
f 572/265/214 552/317/258 548/318/259
f 572/265/214 548/318/259 574/266/215
f 574/266/215 548/318/259 544/319/260
f 574/266/215 544/319/260 576/268/216
f 576/268/216 544/319/260 540/320/261
f 576/268/216 540/320/261 578/270/218
f 578/270/218 540/320/261 534/321/262
f 578/270/218 534/321/262 583/272/220
f 583/272/220 534/321/262 533/322/263
f 583/272/220 533/322/263 582/274/93
f 582/274/93 533/322/263 564/323/264
f 582/274/93 564/323/264 580/275/222
f 580/275/222 564/323/264 538/324/265
f 580/275/222 538/324/265 581/273/221
f 581/273/221 538/324/265 537/325/266
f 581/273/221 537/325/266 584/271/219
f 584/271/219 537/325/266 542/326/267
f 584/271/219 542/326/267 579/269/217
f 579/269/217 542/326/267 546/327/268
f 579/269/217 546/327/268 577/267/86
f 577/267/86 546/327/268 550/328/269
f 577/267/86 550/328/269 575/264/213
f 575/264/213 550/328/269 554/329/270
f 575/264/213 554/329/270 573/330/271
f 575/264/213 573/330/271 572/265/214
f 572/265/214 573/330/271 570/335/275
f 570/335/275 573/330/271 571/331/272
f 570/335/275 571/331/272 567/334/274
f 567/334/274 571/331/272 568/332/273
f 567/334/274 568/332/273 569/333/152
f 522/336/276 530/337/277 523/338/278
f 522/336/276 523/338/278 515/339/279
f 515/339/279 523/338/278 520/340/280
f 515/339/279 520/340/280 508/341/281
f 508/341/281 520/340/280 509/342/282
f 508/341/281 509/342/282 501/343/162
f 501/343/162 509/342/282 502/344/163
f 501/343/162 502/344/163 494/345/164
f 494/345/164 502/344/163 495/346/165
f 494/345/164 495/346/165 492/347/283
f 494/345/164 492/347/283 487/348/284
f 487/348/284 492/347/283 485/349/285
f 487/348/284 485/349/285 474/350/286
f 474/350/286 485/349/285 484/351/287
f 474/350/286 484/351/287 473/352/288
f 473/352/288 484/351/287 529/353/289
f 524/354/173 530/355/277 522/336/276
f 524/354/173 522/336/276 516/356/290
f 516/356/290 522/336/276 515/339/279
f 516/356/290 515/339/279 510/357/291
f 510/357/291 515/339/279 508/341/281
f 510/357/291 508/341/281 503/358/292
f 503/358/292 508/341/281 501/343/162
f 503/358/292 501/343/162 496/359/293
f 496/359/293 501/343/162 494/345/164
f 496/359/293 494/345/164 487/348/284
f 496/359/293 487/348/284 488/360/294
f 488/360/294 487/348/284 474/350/286
f 488/360/294 474/350/286 476/361/295
f 476/361/295 474/350/286 473/352/288
f 476/361/295 473/352/288 475/362/180
f 475/362/180 473/352/288 529/363/289
f 530/364/277 524/354/173 525/365/296
f 525/365/296 524/354/173 516/356/290
f 525/365/296 516/356/290 517/366/297
f 517/366/297 516/356/290 510/357/291
f 517/366/297 510/357/291 511/367/298
f 511/367/298 510/357/291 503/358/292
f 511/367/298 503/358/292 504/368/299
f 504/368/299 503/358/292 497/369/300
f 497/369/300 503/358/292 496/359/293
f 497/369/300 496/359/293 489/370/301
f 489/370/301 496/359/293 488/360/294
f 489/370/301 488/360/294 478/371/302
f 478/371/302 488/360/294 476/361/295
f 478/371/302 476/361/295 477/372/303
f 477/372/303 476/361/295 475/362/180
f 477/372/303 475/362/180 529/373/289
f 530/374/277 525/365/296 526/375/304
f 526/375/304 525/365/296 517/366/297
f 526/375/304 517/366/297 518/376/305
f 518/376/305 517/366/297 511/367/298
f 518/376/305 511/367/298 512/377/306
f 512/377/306 511/367/298 504/368/299
f 512/377/306 504/368/299 505/378/307
f 505/378/307 504/368/299 498/379/308
f 498/379/308 504/368/299 497/369/300
f 498/379/308 497/369/300 490/380/309
f 490/380/309 497/369/300 489/370/301
f 490/380/309 489/370/301 480/381/310
f 480/381/310 489/370/301 478/371/302
f 480/381/310 478/371/302 479/382/311
f 479/382/311 478/371/302 477/372/303
f 479/382/311 477/372/303 529/383/289
f 530/384/277 526/375/304 527/385/312
f 527/385/312 526/375/304 518/376/305
f 527/385/312 518/376/305 519/386/313
f 519/386/313 518/376/305 512/377/306
f 519/386/313 512/377/306 513/387/314
f 513/387/314 512/377/306 505/378/307
f 513/387/314 505/378/307 506/388/315
f 506/388/315 505/378/307 499/389/316
f 499/389/316 505/378/307 498/379/308
f 499/389/316 498/379/308 491/390/317
f 491/390/317 498/379/308 490/380/309
f 491/390/317 490/380/309 482/391/318
f 482/391/318 490/380/309 480/381/310
f 482/391/318 480/381/310 481/392/319
f 481/392/319 480/381/310 479/382/311
f 481/392/319 479/382/311 529/393/289
f 523/394/278 530/395/277 528/396/320
f 523/394/278 528/396/320 520/397/280
f 520/397/280 528/396/320 521/398/321
f 520/397/280 521/398/321 509/399/282
f 509/399/282 521/398/321 514/400/207
f 509/399/282 514/400/207 502/401/163
f 502/401/163 514/400/207 507/402/208
f 502/401/163 507/402/208 495/403/165
f 495/403/165 507/402/208 500/404/209
f 495/403/165 500/404/209 493/405/210
f 495/403/165 493/405/210 492/406/283
f 492/406/283 493/405/210 486/407/322
f 492/406/283 486/407/322 485/408/285
f 485/408/285 486/407/322 483/409/323
f 485/408/285 483/409/323 484/410/287
f 484/410/287 483/409/323 529/411/289
f 725/412/324 689/413/325 724/414/326
f 724/414/326 689/413/325 719/415/327
f 724/414/326 719/415/327 720/416/328
f 720/416/328 719/415/327 689/417/325
f 720/416/328 689/417/325 722/418/329
f 722/418/329 689/417/325 725/419/324
f 722/418/329 725/419/324 723/420/330
f 723/420/330 725/419/324 721/421/331
f 721/421/331 725/419/324 724/422/326
f 720/416/328 722/418/329 734/423/332
f 734/423/332 722/418/329 735/424/333
f 734/423/332 735/424/333 737/425/334
f 737/425/334 735/424/333 736/426/335
f 737/425/334 736/426/335 727/427/336
f 737/425/334 727/427/336 726/428/337
f 726/428/337 727/427/336 728/429/338
f 726/428/337 728/429/338 729/430/339
f 729/430/339 728/429/338 743/431/340
f 743/431/340 728/429/338 742/432/341
f 743/431/340 742/432/341 747/433/342
f 747/433/342 742/432/341 749/434/343
f 749/434/343 742/432/341 745/435/344
f 745/435/344 742/432/341 744/436/345
f 744/436/345 742/432/341 728/429/338
f 744/436/345 728/429/338 731/437/346
f 731/437/346 728/429/338 727/427/336
f 731/437/346 727/427/336 730/438/347
f 730/438/347 727/427/336 736/426/335
f 730/438/347 736/426/335 740/439/348
f 740/439/348 736/426/335 738/440/349
f 738/440/349 736/426/335 735/424/333
f 738/440/349 735/424/333 723/420/330
f 723/420/330 735/424/333 722/418/329
f 723/420/330 721/421/331 741/441/350
f 723/420/330 741/441/350 738/440/349
f 738/440/349 741/441/350 739/442/351
f 738/440/349 739/442/351 740/439/348
f 740/439/348 739/442/351 730/438/347
f 730/438/347 739/442/351 733/443/352
f 730/438/347 733/443/352 731/437/346
f 731/437/346 733/443/352 732/444/353
f 731/437/346 732/444/353 744/436/345
f 744/436/345 732/444/353 746/445/354
f 744/436/345 746/445/354 748/446/355
f 744/436/345 748/446/355 745/435/344
f 745/435/344 748/446/355 751/447/356
f 745/435/344 751/447/356 750/448/357
f 745/435/344 750/448/357 749/434/343
f 749/434/343 750/448/357 751/449/356
f 749/434/343 751/449/356 747/433/342
f 747/433/342 751/449/356 748/450/355
f 747/433/342 748/450/355 746/451/354
f 747/433/342 746/451/354 743/431/340
f 743/431/340 746/451/354 729/430/339
f 729/430/339 746/451/354 732/452/353
f 729/430/339 732/452/353 726/428/337
f 726/428/337 732/452/353 733/453/352
f 726/428/337 733/453/352 737/425/334
f 737/425/334 733/453/352 739/454/351
f 737/425/334 739/454/351 734/423/332
f 734/423/332 739/454/351 741/455/350
f 734/423/332 741/455/350 721/456/331
f 734/423/332 721/456/331 720/416/328
f 720/416/328 721/456/331 724/414/326
f 683/457/358 680/458/359 657/459/360
f 683/457/358 657/459/360 653/460/361
f 653/460/361 657/459/360 654/461/362
f 653/460/361 654/461/362 660/462/363
f 653/460/361 660/462/363 655/463/364
f 655/463/364 660/462/363 663/464/365
f 655/463/364 663/464/365 664/465/366
f 664/465/366 663/464/365 678/466/367
f 664/465/366 678/466/367 679/467/368
f 679/467/368 678/466/367 676/468/369
f 679/467/368 676/468/369 682/469/370
f 679/467/368 682/469/370 664/465/366
f 664/465/366 682/469/370 684/470/371
f 664/465/366 684/470/371 681/471/372
f 664/465/366 681/471/372 655/463/364
f 655/463/364 681/471/372 683/457/358
f 655/463/364 683/457/358 653/460/361
f 676/468/369 678/466/367 674/472/373
f 676/468/369 674/472/373 672/473/374
f 672/473/374 674/472/373 668/474/375
f 666/475/376 607/476/377 667/477/378
f 667/477/378 607/476/377 609/478/379
f 667/477/378 609/478/379 669/479/380
f 669/479/380 609/478/379 641/480/381
f 669/479/380 641/480/381 670/481/382
f 670/481/382 641/480/381 635/482/383
f 670/481/382 635/482/383 634/483/384
f 634/483/384 635/482/383 632/484/385
f 632/484/385 635/482/383 641/480/381
f 632/484/385 641/480/381 650/485/386
f 650/485/386 641/480/381 609/478/379
f 650/485/386 609/478/379 608/486/387
f 608/486/387 609/478/379 607/476/377
f 608/486/387 607/476/377 638/487/388
f 620/488/389 673/489/390 677/490/391
f 620/488/389 677/490/391 618/491/392
f 618/491/392 677/490/391 662/492/393
f 618/491/392 662/492/393 645/493/394
f 645/493/394 662/492/393 659/494/395
f 645/493/394 659/494/395 646/495/396
f 646/495/396 659/494/395 661/496/397
f 646/495/396 661/496/397 647/497/398
f 647/497/398 661/496/397 656/498/399
f 647/497/398 656/498/399 648/499/400
f 647/497/398 648/499/400 613/500/401
f 647/497/398 613/500/401 617/501/402
f 617/501/402 613/500/401 615/502/403
f 617/501/402 615/502/403 606/503/404
f 617/501/402 606/503/404 616/504/405
f 616/504/405 606/503/404 605/505/406
f 616/504/405 605/505/406 627/506/407
f 627/506/407 605/505/406 631/507/408
f 627/506/407 631/507/408 619/508/409
f 619/508/409 631/507/408 625/509/410
f 619/508/409 625/509/410 624/510/411
f 619/508/409 624/510/411 643/511/412
f 619/508/409 643/511/412 620/488/389
f 619/508/409 620/488/389 618/491/392
f 619/508/409 618/491/392 627/506/407
f 627/506/407 618/491/392 645/493/394
f 627/506/407 645/493/394 616/504/405
f 616/504/405 645/493/394 646/495/396
f 616/504/405 646/495/396 617/501/402
f 617/501/402 646/495/396 647/497/398
f 608/512/387 638/513/388 637/514/413
f 637/514/413 638/513/388 636/515/414
f 637/514/413 636/515/414 624/510/411
f 624/510/411 636/515/414 643/516/412
f 632/484/385 650/485/386 633/517/415
f 633/517/415 650/485/386 642/518/416
f 633/517/415 642/518/416 639/519/417
f 639/519/417 642/518/416 623/520/418
f 639/519/417 623/520/418 640/521/419
f 640/521/419 623/520/418 622/522/420
f 622/522/420 623/520/418 652/523/421
f 622/522/420 652/523/421 621/524/422
f 621/524/422 652/523/421 629/525/423
f 629/525/423 652/523/421 628/526/424
f 629/525/423 628/526/424 612/527/425
f 612/527/425 628/526/424 610/528/426
f 612/527/425 610/528/426 651/529/427
f 612/527/425 651/529/427 611/530/428
f 611/530/428 651/529/427 614/531/429
f 611/530/428 614/531/429 644/532/430
f 611/530/428 644/532/430 649/533/431
f 611/530/428 649/533/431 658/534/432
f 611/530/428 658/534/432 680/535/359
f 611/530/428 680/535/359 683/536/358
f 611/530/428 683/536/358 612/527/425
f 612/527/425 683/536/358 681/537/372
f 612/527/425 681/537/372 684/538/371
f 612/527/425 684/538/371 629/525/423
f 629/525/423 684/538/371 682/539/370
f 629/525/423 682/539/370 621/524/422
f 621/524/422 682/539/370 622/522/420
f 622/522/420 682/539/370 676/540/369
f 622/522/420 676/540/369 640/521/419
f 640/521/419 676/540/369 675/541/433
f 675/541/433 676/540/369 672/542/374
f 675/541/433 672/542/374 671/543/434
f 671/543/434 672/542/374 669/479/380
f 671/543/434 669/479/380 670/481/382
f 671/543/434 670/481/382 634/483/384
f 671/543/434 634/483/384 675/541/433
f 675/541/433 634/483/384 640/521/419
f 640/521/419 634/483/384 639/519/417
f 639/519/417 634/483/384 633/517/415
f 633/517/415 634/483/384 632/484/385
f 669/544/380 672/473/374 667/545/378
f 667/545/378 672/473/374 668/474/375
f 667/545/378 668/474/375 666/546/376
f 666/546/376 668/474/375 665/547/435
f 665/547/435 668/474/375 674/472/373
f 665/547/435 674/472/373 673/548/390
f 673/548/390 674/472/373 677/490/391
f 677/490/391 674/472/373 678/549/367
f 677/490/391 678/549/367 663/550/365
f 677/490/391 663/550/365 662/492/393
f 662/492/393 663/550/365 660/551/363
f 662/492/393 660/551/363 659/494/395
f 659/494/395 660/551/363 654/552/362
f 659/494/395 654/552/362 661/496/397
f 661/496/397 654/552/362 657/459/360
f 661/496/397 657/459/360 656/498/399
f 656/498/399 657/459/360 680/458/359
f 656/498/399 680/458/359 658/553/432
f 656/498/399 658/553/432 648/499/400
f 648/499/400 658/553/432 649/554/431
f 648/499/400 649/554/431 644/555/430
f 648/499/400 644/555/430 613/500/401
f 613/500/401 644/555/430 614/556/429
f 613/500/401 614/556/429 615/502/403
f 615/502/403 614/556/429 651/557/427
f 615/502/403 651/557/427 603/558/436
f 615/502/403 603/558/436 606/559/404
f 606/559/404 603/558/436 605/560/406
f 605/560/406 603/558/436 604/561/437
f 605/560/406 604/561/437 631/562/408
f 631/562/408 604/561/437 630/563/438
f 631/562/408 630/563/438 625/564/410
f 625/564/410 630/563/438 626/565/439
f 625/564/410 626/565/439 623/566/418
f 623/566/418 626/565/439 652/567/421
f 652/567/421 626/565/439 630/563/438
f 652/567/421 630/563/438 628/568/424
f 628/568/424 630/563/438 610/569/426
f 610/569/426 630/563/438 604/561/437
f 610/569/426 604/561/437 651/557/427
f 651/557/427 604/561/437 603/558/436
f 625/564/410 623/566/418 624/510/411
f 624/510/411 623/566/418 642/570/416
f 624/510/411 642/570/416 637/514/413
f 637/514/413 642/570/416 608/512/387
f 608/512/387 642/570/416 650/571/386
f 394/572/440 400/573/441 392/574/442
f 394/572/440 392/574/442 387/575/443
f 387/575/443 392/574/442 385/576/444
f 387/575/443 385/576/444 380/577/445
f 380/577/445 385/576/444 378/578/446
f 380/577/445 378/578/446 373/579/447
f 373/579/447 378/578/446 371/580/448
f 373/579/447 371/580/448 365/581/449
f 365/581/449 371/580/448 364/582/450
f 365/581/449 364/582/450 359/583/451
f 359/583/451 364/582/450 357/584/452
f 359/583/451 357/584/452 347/585/453
f 347/585/453 357/584/452 345/586/454
f 347/585/453 345/586/454 346/587/455
f 346/587/455 345/586/454 344/588/456
f 346/587/455 344/588/456 399/589/457
f 395/590/458 400/591/441 394/572/440
f 395/590/458 394/572/440 388/592/459
f 388/592/459 394/572/440 387/575/443
f 388/592/459 387/575/443 381/593/460
f 381/593/460 387/575/443 380/577/445
f 381/593/460 380/577/445 374/594/461
f 374/594/461 380/577/445 373/579/447
f 374/594/461 373/579/447 366/595/462
f 366/595/462 373/579/447 365/581/449
f 366/595/462 365/581/449 360/596/463
f 360/596/463 365/581/449 359/583/451
f 360/596/463 359/583/451 349/597/464
f 349/597/464 359/583/451 347/585/453
f 349/597/464 347/585/453 348/598/465
f 348/598/465 347/585/453 346/587/455
f 348/598/465 346/587/455 399/599/457
f 396/600/466 400/601/441 395/590/458
f 396/600/466 395/590/458 389/602/467
f 389/602/467 395/590/458 388/592/459
f 389/602/467 388/592/459 382/603/468
f 382/603/468 388/592/459 381/593/460
f 382/603/468 381/593/460 375/604/469
f 375/604/469 381/593/460 374/594/461
f 375/604/469 374/594/461 367/605/470
f 367/605/470 374/594/461 366/595/462
f 367/605/470 366/595/462 361/606/471
f 361/606/471 366/595/462 360/596/463
f 361/606/471 360/596/463 351/607/472
f 351/607/472 360/596/463 349/597/464
f 351/607/472 349/597/464 350/608/473
f 350/608/473 349/597/464 348/598/465
f 350/608/473 348/598/465 399/609/457
f 400/610/441 396/600/466 397/611/474
f 397/611/474 396/600/466 389/602/467
f 397/611/474 389/602/467 390/612/475
f 390/612/475 389/602/467 382/603/468
f 390/612/475 382/603/468 383/613/476
f 383/613/476 382/603/468 375/604/469
f 383/613/476 375/604/469 376/614/477
f 376/614/477 375/604/469 368/615/478
f 368/615/478 375/604/469 367/605/470
f 368/615/478 367/605/470 362/616/479
f 362/616/479 367/605/470 361/606/471
f 362/616/479 361/606/471 353/617/480
f 353/617/480 361/606/471 351/607/472
f 353/617/480 351/607/472 352/618/481
f 352/618/481 351/607/472 350/608/473
f 352/618/481 350/608/473 399/619/457
f 393/620/482 400/621/441 398/622/483
f 393/620/482 398/622/483 386/623/484
f 386/623/484 398/622/483 391/624/485
f 386/623/484 391/624/485 379/625/486
f 379/625/486 391/624/485 384/626/487
f 379/625/486 384/626/487 372/627/488
f 372/627/488 384/626/487 377/628/489
f 372/627/488 377/628/489 369/629/490
f 369/629/490 377/628/489 370/630/491
f 369/629/490 370/630/491 363/631/492
f 369/629/490 363/631/492 358/632/493
f 358/632/493 363/631/492 356/633/494
f 358/632/493 356/633/494 355/634/495
f 355/634/495 356/633/494 354/635/496
f 355/634/495 354/635/496 343/636/497
f 343/636/497 354/635/496 399/637/457
f 392/574/442 400/638/441 393/639/482
f 392/574/442 393/639/482 385/576/444
f 385/576/444 393/639/482 386/640/484
f 385/576/444 386/640/484 378/578/446
f 378/578/446 386/640/484 379/641/486
f 378/578/446 379/641/486 371/580/448
f 371/580/448 379/641/486 372/642/488
f 371/580/448 372/642/488 364/582/450
f 364/582/450 372/642/488 369/643/490
f 364/582/450 369/643/490 357/584/452
f 357/584/452 369/643/490 358/644/493
f 357/584/452 358/644/493 345/586/454
f 345/586/454 358/644/493 355/645/495
f 345/586/454 355/645/495 344/588/456
f 344/588/456 355/645/495 343/646/497
f 344/588/456 343/646/497 399/647/457
f 431/648/498 470/649/499 472/650/500
f 431/648/498 472/650/500 435/651/501
f 435/651/501 472/650/500 469/652/502
f 435/651/501 469/652/502 429/653/503
f 429/653/503 469/652/502 467/654/504
f 429/653/503 467/654/504 425/655/505
f 425/655/505 467/654/504 465/656/506
f 425/655/505 465/656/506 421/657/507
f 421/657/507 465/656/506 463/658/508
f 421/657/507 463/658/508 417/659/509
f 417/659/509 463/658/508 461/660/510
f 417/659/509 461/660/510 413/661/511
f 413/661/511 461/660/510 459/662/512
f 413/661/511 459/662/512 409/663/513
f 409/663/513 459/662/512 455/664/514
f 409/663/513 455/664/514 401/665/515
f 401/665/515 455/664/514 456/666/516
f 401/665/515 456/666/516 402/667/517
f 402/667/517 456/666/516 471/668/518
f 402/667/517 471/668/518 433/669/519
f 433/669/519 471/668/518 457/670/520
f 433/669/519 457/670/520 405/671/521
f 405/671/521 457/670/520 458/672/522
f 405/671/521 458/672/522 406/673/523
f 406/673/523 458/672/522 460/674/524
f 406/673/523 460/674/524 411/675/525
f 411/675/525 460/674/524 462/676/526
f 411/675/525 462/676/526 415/677/527
f 415/677/527 462/676/526 464/678/528
f 415/677/527 464/678/528 419/679/529
f 419/679/529 464/678/528 466/680/530
f 419/679/529 466/680/530 423/681/531
f 423/681/531 466/680/530 468/682/532
f 423/681/531 468/682/532 427/683/533
f 427/683/533 468/682/532 470/649/499
f 427/683/533 470/649/499 431/648/498
f 427/683/533 431/648/498 428/684/534
f 428/684/534 431/648/498 432/685/535
f 432/685/535 431/648/498 435/651/501
f 432/685/535 435/651/501 436/686/536
f 436/686/536 435/651/501 429/653/503
f 436/686/536 429/653/503 430/687/537
f 430/687/537 429/653/503 425/655/505
f 430/687/537 425/655/505 426/688/538
f 426/688/538 425/655/505 421/657/507
f 426/688/538 421/657/507 422/689/539
f 422/689/539 421/657/507 417/659/509
f 422/689/539 417/659/509 418/690/540
f 418/690/540 417/659/509 413/661/511
f 418/690/540 413/661/511 414/691/541
f 414/691/541 413/661/511 409/663/513
f 414/691/541 409/663/513 410/692/542
f 410/692/542 409/663/513 401/665/515
f 410/692/542 401/665/515 404/693/543
f 404/693/543 401/665/515 402/667/517
f 404/693/543 402/667/517 403/694/544
f 403/694/544 402/667/517 433/669/519
f 403/694/544 433/669/519 434/695/545
f 434/695/545 433/669/519 405/671/521
f 434/695/545 405/671/521 408/696/546
f 408/696/546 405/671/521 406/673/523
f 408/696/546 406/673/523 407/697/547
f 407/697/547 406/673/523 411/675/525
f 407/697/547 411/675/525 412/698/548
f 412/698/548 411/675/525 415/677/527
f 412/698/548 415/677/527 416/699/549
f 416/699/549 415/677/527 419/679/529
f 416/699/549 419/679/529 420/700/550
f 420/700/550 419/679/529 423/681/531
f 420/700/550 423/681/531 424/701/551
f 424/701/551 423/681/531 427/683/533
f 424/701/551 427/683/533 428/684/534
f 424/701/551 428/684/534 443/702/552
f 443/702/552 428/684/534 441/703/553
f 441/703/553 428/684/534 432/685/535
f 441/703/553 432/685/535 438/704/554
f 438/704/554 432/685/535 436/686/536
f 438/704/554 436/686/536 439/705/555
f 439/705/555 436/686/536 430/687/537
f 439/705/555 430/687/537 437/706/556
f 437/706/556 430/687/537 426/688/538
f 437/706/556 426/688/538 440/707/557
f 440/707/557 426/688/538 422/689/539
f 440/707/557 422/689/539 442/708/558
f 442/708/558 422/689/539 418/690/540
f 442/708/558 418/690/540 444/709/559
f 444/709/559 418/690/540 414/691/541
f 444/709/559 414/691/541 446/710/560
f 446/710/560 414/691/541 410/692/542
f 446/710/560 410/692/542 448/711/552
f 448/711/552 410/692/542 404/693/543
f 448/711/552 404/693/543 453/712/561
f 453/712/561 404/693/543 403/694/544
f 453/712/561 403/694/544 452/713/562
f 452/713/562 403/694/544 434/695/545
f 452/713/562 434/695/545 450/714/563
f 450/714/563 434/695/545 408/696/546
f 450/714/563 408/696/546 451/715/564
f 451/715/564 408/696/546 407/697/547
f 451/715/564 407/697/547 454/716/565
f 454/716/565 407/697/547 412/698/548
f 454/716/565 412/698/548 449/717/566
f 449/717/566 412/698/548 416/699/549
f 449/717/566 416/699/549 447/718/567
f 447/718/567 416/699/549 420/700/550
f 447/718/567 420/700/550 445/719/568
f 445/719/568 420/700/550 424/701/551
f 445/719/568 424/701/551 443/702/552
f 445/719/568 443/702/552 442/708/558
f 442/708/558 443/702/552 440/707/557
f 440/707/557 443/702/552 441/703/553
f 440/707/557 441/703/553 437/706/556
f 437/706/556 441/703/553 438/704/554
f 437/706/556 438/704/554 439/705/555
f 445/719/568 442/708/558 444/709/559
f 445/719/568 444/709/559 447/718/567
f 447/718/567 444/709/559 446/710/560
f 447/718/567 446/710/560 449/717/566
f 449/717/566 446/710/560 448/711/552
f 449/717/566 448/711/552 454/716/565
f 454/716/565 448/711/552 453/712/561
f 454/716/565 453/712/561 451/715/564
f 451/715/564 453/712/561 452/713/562
f 451/715/564 452/713/562 450/714/563
f 132/720/569 140/721/570 137/722/571
f 132/720/569 137/722/571 125/723/572
f 125/723/572 137/722/571 130/724/573
f 125/723/572 130/724/573 118/725/574
f 118/725/574 130/724/573 119/726/575
f 118/725/574 119/726/575 111/727/576
f 111/727/576 119/726/575 116/728/577
f 111/727/576 116/728/577 104/729/578
f 104/729/578 116/728/577 109/730/579
f 104/729/578 109/730/579 97/731/580
f 97/731/580 109/730/579 98/732/581
f 97/731/580 98/732/581 85/733/582
f 85/733/582 98/732/581 95/734/583
f 85/733/582 95/734/583 84/735/584
f 84/735/584 95/734/583 83/736/585
f 84/735/584 83/736/585 139/737/586
f 134/738/587 140/739/570 133/740/588
f 134/738/587 133/740/588 127/741/589
f 127/741/589 133/740/588 126/742/590
f 127/741/589 126/742/590 121/743/591
f 121/743/591 126/742/590 120/744/592
f 121/743/591 120/744/592 113/745/593
f 113/745/593 120/744/592 112/746/594
f 113/745/593 112/746/594 106/747/595
f 106/747/595 112/746/594 105/748/596
f 106/747/595 105/748/596 100/749/597
f 100/749/597 105/748/596 99/750/451
f 100/749/597 99/750/451 89/751/598
f 89/751/598 99/750/451 87/752/599
f 89/751/598 87/752/599 88/753/600
f 88/753/600 87/752/599 86/754/601
f 88/753/600 86/754/601 139/755/586
f 133/740/588 140/756/570 132/720/569
f 133/740/588 132/720/569 126/742/590
f 126/742/590 132/720/569 125/723/572
f 126/742/590 125/723/572 120/744/592
f 120/744/592 125/723/572 118/725/574
f 120/744/592 118/725/574 112/746/594
f 112/746/594 118/725/574 111/727/576
f 112/746/594 111/727/576 105/748/596
f 105/748/596 111/727/576 104/729/578
f 105/748/596 104/729/578 99/750/451
f 99/750/451 104/729/578 97/731/580
f 99/750/451 97/731/580 87/752/599
f 87/752/599 97/731/580 85/733/582
f 87/752/599 85/733/582 86/754/601
f 86/754/601 85/733/582 84/735/584
f 86/754/601 84/735/584 139/757/586
f 135/758/602 140/759/570 134/738/587
f 135/758/602 134/738/587 128/760/603
f 128/760/603 134/738/587 127/741/589
f 128/760/603 127/741/589 122/761/468
f 122/761/468 127/741/589 121/743/591
f 122/761/468 121/743/591 114/762/604
f 114/762/604 121/743/591 113/745/593
f 114/762/604 113/745/593 107/763/605
f 107/763/605 113/745/593 106/747/595
f 107/763/605 106/747/595 101/764/606
f 101/764/606 106/747/595 100/749/597
f 101/764/606 100/749/597 91/765/472
f 91/765/472 100/749/597 89/751/598
f 91/765/472 89/751/598 90/766/607
f 90/766/607 89/751/598 88/753/600
f 90/766/607 88/753/600 139/767/586
f 140/768/570 135/758/602 136/769/474
f 136/769/474 135/758/602 128/760/603
f 136/769/474 128/760/603 129/770/475
f 129/770/475 128/760/603 122/761/468
f 129/770/475 122/761/468 123/771/608
f 123/771/608 122/761/468 114/762/604
f 123/771/608 114/762/604 115/772/609
f 115/772/609 114/762/604 108/773/610
f 108/773/610 114/762/604 107/763/605
f 108/773/610 107/763/605 102/774/611
f 102/774/611 107/763/605 101/764/606
f 102/774/611 101/764/606 93/775/480
f 93/775/480 101/764/606 91/765/472
f 93/775/480 91/765/472 92/776/481
f 92/776/481 91/765/472 90/766/607
f 92/776/481 90/766/607 139/777/586
f 137/778/571 140/779/570 138/780/612
f 137/778/571 138/780/612 130/781/573
f 130/781/573 138/780/612 131/782/613
f 130/781/573 131/782/613 119/783/575
f 119/783/575 131/782/613 124/784/614
f 119/783/575 124/784/614 116/785/577
f 116/785/577 124/784/614 117/786/615
f 116/785/577 117/786/615 109/787/579
f 109/787/579 117/786/615 110/788/616
f 109/787/579 110/788/616 103/789/617
f 109/787/579 103/789/617 98/790/581
f 98/790/581 103/789/617 96/791/618
f 98/790/581 96/791/618 95/792/583
f 95/792/583 96/791/618 94/793/619
f 95/792/583 94/793/619 83/794/585
f 83/794/585 94/793/619 139/795/586
f 171/796/620 210/797/621 212/798/500
f 171/796/620 212/798/500 175/799/622
f 175/799/622 212/798/500 209/800/623
f 175/799/622 209/800/623 169/801/624
f 169/801/624 209/800/623 207/802/625
f 169/801/624 207/802/625 165/803/626
f 165/803/626 207/802/625 205/804/627
f 165/803/626 205/804/627 161/805/628
f 161/805/628 205/804/627 203/806/629
f 161/805/628 203/806/629 157/807/630
f 157/807/630 203/806/629 201/808/631
f 157/807/630 201/808/631 153/809/632
f 153/809/632 201/808/631 199/810/633
f 153/809/632 199/810/633 149/811/634
f 149/811/634 199/810/633 195/812/635
f 149/811/634 195/812/635 141/813/636
f 141/813/636 195/812/635 196/814/637
f 141/813/636 196/814/637 142/815/638
f 142/815/638 196/814/637 211/816/518
f 142/815/638 211/816/518 173/817/639
f 173/817/639 211/816/518 197/818/640
f 173/817/639 197/818/640 145/819/641
f 145/819/641 197/818/640 198/820/642
f 145/819/641 198/820/642 146/821/643
f 146/821/643 198/820/642 200/822/644
f 146/821/643 200/822/644 151/823/645
f 151/823/645 200/822/644 202/824/646
f 151/823/645 202/824/646 155/825/647
f 155/825/647 202/824/646 204/826/648
f 155/825/647 204/826/648 159/827/649
f 159/827/649 204/826/648 206/828/650
f 159/827/649 206/828/650 163/829/651
f 163/829/651 206/828/650 208/830/652
f 163/829/651 208/830/652 167/831/653
f 167/831/653 208/830/652 210/797/621
f 167/831/653 210/797/621 171/796/620
f 167/831/653 171/796/620 168/832/654
f 168/832/654 171/796/620 172/833/655
f 172/833/655 171/796/620 175/799/622
f 172/833/655 175/799/622 176/834/656
f 176/834/656 175/799/622 169/801/624
f 176/834/656 169/801/624 170/835/657
f 170/835/657 169/801/624 165/803/626
f 170/835/657 165/803/626 166/836/658
f 166/836/658 165/803/626 161/805/628
f 166/836/658 161/805/628 162/837/659
f 162/837/659 161/805/628 157/807/630
f 162/837/659 157/807/630 158/838/660
f 158/838/660 157/807/630 153/809/632
f 158/838/660 153/809/632 154/839/661
f 154/839/661 153/809/632 149/811/634
f 154/839/661 149/811/634 150/840/662
f 150/840/662 149/811/634 141/813/636
f 150/840/662 141/813/636 144/841/663
f 144/841/663 141/813/636 142/815/638
f 144/841/663 142/815/638 143/842/664
f 143/842/664 142/815/638 173/817/639
f 143/842/664 173/817/639 174/843/665
f 174/843/665 173/817/639 145/819/641
f 174/843/665 145/819/641 148/844/666
f 148/844/666 145/819/641 146/821/643
f 148/844/666 146/821/643 147/845/667
f 147/845/667 146/821/643 151/823/645
f 147/845/667 151/823/645 152/846/668
f 152/846/668 151/823/645 155/825/647
f 152/846/668 155/825/647 156/847/669
f 156/847/669 155/825/647 159/827/649
f 156/847/669 159/827/649 160/848/670
f 160/848/670 159/827/649 163/829/651
f 160/848/670 163/829/651 164/849/671
f 164/849/671 163/829/651 167/831/653
f 164/849/671 167/831/653 168/832/654
f 164/849/671 168/832/654 183/850/672
f 183/850/672 168/832/654 181/851/673
f 181/851/673 168/832/654 172/833/655
f 181/851/673 172/833/655 178/852/674
f 178/852/674 172/833/655 176/834/656
f 178/852/674 176/834/656 179/853/555
f 179/853/555 176/834/656 170/835/657
f 179/853/555 170/835/657 177/854/675
f 177/854/675 170/835/657 166/836/658
f 177/854/675 166/836/658 180/855/676
f 180/855/676 166/836/658 162/837/659
f 180/855/676 162/837/659 182/856/677
f 182/856/677 162/837/659 158/838/660
f 182/856/677 158/838/660 184/857/678
f 184/857/678 158/838/660 154/839/661
f 184/857/678 154/839/661 186/858/679
f 186/858/679 154/839/661 150/840/662
f 186/858/679 150/840/662 188/859/672
f 188/859/672 150/840/662 144/841/663
f 188/859/672 144/841/663 193/860/680
f 193/860/680 144/841/663 143/842/664
f 193/860/680 143/842/664 192/861/681
f 192/861/681 143/842/664 174/843/665
f 192/861/681 174/843/665 190/862/563
f 190/862/563 174/843/665 148/844/666
f 190/862/563 148/844/666 191/863/682
f 191/863/682 148/844/666 147/845/667
f 191/863/682 147/845/667 194/864/683
f 194/864/683 147/845/667 152/846/668
f 194/864/683 152/846/668 189/865/684
f 189/865/684 152/846/668 156/847/669
f 189/865/684 156/847/669 187/866/685
f 187/866/685 156/847/669 160/848/670
f 187/866/685 160/848/670 185/867/686
f 185/867/686 160/848/670 164/849/671
f 185/867/686 164/849/671 183/850/672
f 185/867/686 183/850/672 182/856/677
f 182/856/677 183/850/672 180/855/676
f 180/855/676 183/850/672 181/851/673
f 180/855/676 181/851/673 177/854/675
f 177/854/675 181/851/673 178/852/674
f 177/854/675 178/852/674 179/853/555
f 185/867/686 182/856/677 184/857/678
f 185/867/686 184/857/678 187/866/685
f 187/866/685 184/857/678 186/858/679
f 187/866/685 186/858/679 189/865/684
f 189/865/684 186/858/679 188/859/672
f 189/865/684 188/859/672 194/864/683
f 194/864/683 188/859/672 193/860/680
f 194/864/683 193/860/680 191/863/682
f 191/863/682 193/860/680 192/861/681
f 191/863/682 192/861/681 190/862/563
f 688/868/687 686/869/688 701/870/689
f 688/868/687 701/870/689 704/871/690
f 704/871/690 701/870/689 702/872/691
f 704/871/690 702/872/691 703/873/692
f 703/873/692 702/872/691 696/874/693
f 696/874/693 702/872/691 693/875/694
f 696/874/693 693/875/694 695/876/695
f 695/876/695 693/875/694 694/877/696
f 695/876/695 694/877/696 709/878/697
f 695/876/695 709/878/697 710/879/698
f 710/879/698 709/878/697 715/880/699
f 710/879/698 715/880/699 716/881/700
f 710/879/698 716/881/700 713/882/701
f 710/879/698 713/882/701 711/883/702
f 710/879/698 711/883/702 695/876/695
f 695/876/695 711/883/702 698/884/703
f 695/876/695 698/884/703 696/874/693
f 696/874/693 698/884/703 697/885/704
f 696/874/693 697/885/704 703/873/692
f 703/873/692 697/885/704 707/886/705
f 703/873/692 707/886/705 705/887/706
f 703/873/692 705/887/706 704/871/690
f 704/871/690 705/887/706 690/888/707
f 704/871/690 690/888/707 688/868/687
f 685/889/708 690/888/707 706/890/709
f 706/890/709 690/888/707 705/887/706
f 706/890/709 705/887/706 708/891/710
f 708/891/710 705/887/706 707/886/705
f 708/891/710 707/886/705 697/885/704
f 708/891/710 697/885/704 699/892/711
f 699/892/711 697/885/704 698/884/703
f 699/892/711 698/884/703 700/893/712
f 700/893/712 698/884/703 711/883/702
f 700/893/712 711/883/702 712/894/713
f 712/894/713 711/883/702 714/895/714
f 714/895/714 711/883/702 713/882/701
f 714/895/714 713/882/701 718/896/715
f 718/896/715 713/882/701 717/897/716
f 717/897/716 713/882/701 716/881/700
f 717/897/716 716/881/700 718/898/715
f 718/898/715 716/881/700 715/880/699
f 718/898/715 715/880/699 714/899/714
f 714/899/714 715/880/699 712/900/713
f 712/900/713 715/880/699 709/878/697
f 712/900/713 709/878/697 694/877/696
f 712/900/713 694/877/696 700/901/712
f 700/901/712 694/877/696 693/875/694
f 700/901/712 693/875/694 699/902/711
f 699/902/711 693/875/694 702/872/691
f 699/902/711 702/872/691 708/903/710
f 708/903/710 702/872/691 701/870/689
f 708/903/710 701/870/689 706/904/709
f 706/904/709 701/870/689 685/905/708
f 685/905/708 701/870/689 686/869/688
f 685/905/708 686/869/688 692/906/717
f 689/413/325 691/907/718 692/906/717
f 689/413/325 692/906/717 687/908/719
f 687/908/719 692/906/717 686/869/688
f 687/908/719 686/869/688 689/417/325
f 689/417/325 686/869/688 688/868/687
f 689/417/325 688/868/687 691/909/718
f 691/909/718 688/868/687 690/888/707
f 691/909/718 690/888/707 685/889/708
f 691/909/718 685/889/708 692/910/717
f 885/911/720 901/912/721 900/913/722
f 885/911/720 900/913/722 929/914/723
f 929/914/723 900/913/722 926/915/724
f 929/914/723 926/915/724 927/916/725
f 929/914/723 927/916/725 930/917/726
f 930/917/726 927/916/725 928/918/727
f 930/917/726 928/918/727 931/919/728
f 931/919/728 928/918/727 899/920/729
f 931/919/728 899/920/729 904/921/730
f 904/921/730 899/920/729 903/922/731
f 903/922/731 899/920/729 898/923/732
f 903/922/731 898/923/732 902/924/733
f 902/924/733 898/923/732 897/925/734
f 902/924/733 897/925/734 901/912/721
f 901/912/721 897/925/734 896/926/735
f 901/912/721 896/926/735 900/913/722
f 900/913/722 896/926/735 895/927/736
f 900/913/722 895/927/736 926/915/724
f 926/915/724 895/927/736 924/928/737
f 926/915/724 924/928/737 918/929/738
f 926/915/724 918/929/738 927/916/725
f 927/916/725 918/929/738 921/930/739
f 927/916/725 921/930/739 928/918/727
f 928/918/727 921/930/739 892/931/740
f 928/918/727 892/931/740 899/920/729
f 899/920/729 892/931/740 898/923/732
f 898/923/732 892/931/740 881/932/741
f 898/923/732 881/932/741 897/925/734
f 897/925/734 881/932/741 880/933/742
f 897/925/734 880/933/742 896/926/735
f 896/926/735 880/933/742 890/934/743
f 896/926/735 890/934/743 895/927/736
f 895/927/736 890/934/743 889/935/744
f 895/927/736 889/935/744 924/928/737
f 924/928/737 889/935/744 923/936/745
f 924/928/737 923/936/745 918/929/738
f 918/929/738 923/936/745 919/937/746
f 918/929/738 919/937/746 921/930/739
f 921/930/739 919/937/746 920/938/747
f 921/930/739 920/938/747 892/931/740
f 892/931/740 920/938/747 893/939/748
f 892/931/740 893/939/748 881/932/741
f 881/932/741 893/939/748 882/940/749
f 882/940/749 893/939/748 920/938/747
f 882/940/749 920/938/747 919/937/746
f 882/940/749 919/937/746 883/941/750
f 882/940/749 883/941/750 881/932/741
f 881/932/741 883/941/750 880/933/742
f 880/933/742 883/941/750 891/942/751
f 880/933/742 891/942/751 890/934/743
f 890/934/743 891/942/751 888/943/752
f 890/934/743 888/943/752 889/935/744
f 889/935/744 888/943/752 923/936/745
f 923/936/745 888/943/752 891/942/751
f 923/936/745 891/942/751 919/937/746
f 919/937/746 891/942/751 883/941/750
f 935/944/753 910/945/754 905/946/755
f 935/944/753 905/946/755 933/947/756
f 933/947/756 905/946/755 886/948/757
f 933/947/756 886/948/757 925/949/758
f 925/949/758 886/948/757 885/911/720
f 925/949/758 885/911/720 922/950/759
f 922/950/759 885/911/720 929/914/723
f 922/950/759 929/914/723 930/917/726
f 922/950/759 930/917/726 917/951/760
f 917/951/760 930/917/726 931/919/728
f 917/951/760 931/919/728 946/952/761
f 946/952/761 931/919/728 904/921/730
f 946/952/761 904/921/730 945/953/762
f 945/953/762 904/921/730 877/954/763
f 877/954/763 904/921/730 903/922/731
f 877/954/763 903/922/731 944/955/764
f 944/955/764 903/922/731 902/924/733
f 944/955/764 902/924/733 884/956/765
f 884/956/765 902/924/733 901/912/721
f 884/956/765 901/912/721 885/911/720
f 884/956/765 885/911/720 887/957/766
f 887/957/766 885/911/720 886/948/757
f 887/957/766 886/948/757 906/958/767
f 906/958/767 886/948/757 905/946/755
f 906/958/767 905/946/755 911/959/768
f 911/959/768 905/946/755 910/945/754
f 876/960/769 911/959/768 942/961/770
f 942/961/770 911/959/768 910/945/754
f 942/961/770 910/945/754 935/944/753
f 942/961/770 935/944/753 873/962/771
f 854/963/772 856/964/773 872/965/774
f 872/965/774 856/964/773 940/966/775
f 872/965/774 940/966/775 859/967/776
f 859/967/776 940/966/775 943/968/777
f 859/967/776 943/968/777 860/969/778
f 860/969/778 943/968/777 875/970/779
f 860/969/778 875/970/779 876/971/769
f 860/969/778 876/971/769 871/972/780
f 871/972/780 876/971/769 942/973/770
f 871/972/780 942/973/770 874/974/781
f 874/974/781 942/973/770 873/975/771
f 874/974/781 873/975/771 868/976/782
f 868/976/782 873/975/771 869/977/783
f 868/976/782 869/977/783 870/978/784
f 868/976/782 870/978/784 867/979/785
f 867/979/785 870/978/784 960/980/786
f 867/979/785 960/980/786 955/981/787
f 955/981/787 960/980/786 956/982/788
f 956/982/788 960/980/786 965/983/789
f 956/982/788 965/983/789 961/984/790
f 914/985/791 943/986/777 940/987/775
f 914/985/791 940/987/775 937/988/792
f 937/988/792 940/987/775 856/989/773
f 937/988/792 856/989/773 941/990/793
f 937/988/792 941/990/793 936/991/794
f 936/991/794 941/990/793 873/992/771
f 936/991/794 873/992/771 935/993/753
f 936/991/794 935/993/753 932/994/795
f 932/994/795 935/993/753 933/995/756
f 932/994/795 933/995/756 925/996/758
f 932/994/795 925/996/758 916/997/796
f 916/997/796 925/996/758 922/998/759
f 916/997/796 922/998/759 917/999/760
f 916/997/796 917/999/760 915/1000/797
f 915/1000/797 917/999/760 946/1001/761
f 915/1000/797 946/1001/761 894/1002/798
f 894/1002/798 946/1001/761 945/1003/762
f 894/1002/798 945/1003/762 877/1004/763
f 894/1002/798 877/1004/763 879/1005/799
f 879/1005/799 877/1004/763 944/1006/764
f 879/1005/799 944/1006/764 878/1007/800
f 878/1007/800 944/1006/764 884/1008/765
f 878/1007/800 884/1008/765 887/1009/766
f 878/1007/800 887/1009/766 907/1010/801
f 907/1010/801 887/1009/766 906/1011/767
f 907/1010/801 906/1011/767 911/1012/768
f 907/1010/801 911/1012/768 912/1013/802
f 912/1013/802 911/1012/768 876/1014/769
f 912/1013/802 876/1014/769 875/1015/779
f 912/1013/802 875/1015/779 913/1016/803
f 913/1016/803 875/1015/779 943/986/777
f 913/1016/803 943/986/777 914/985/791
f 913/1016/803 914/985/791 909/1017/804
f 909/1017/804 914/985/791 937/988/792
f 909/1017/804 937/988/792 934/1018/805
f 934/1018/805 937/988/792 936/991/794
f 934/1018/805 936/991/794 932/994/795
f 934/1018/805 932/994/795 916/997/796
f 934/1018/805 916/997/796 915/1000/797
f 934/1018/805 915/1000/797 909/1017/804
f 909/1017/804 915/1000/797 894/1002/798
f 909/1017/804 894/1002/798 908/1019/806
f 908/1019/806 894/1002/798 879/1005/799
f 908/1019/806 879/1005/799 878/1007/800
f 908/1019/806 878/1007/800 907/1010/801
f 908/1019/806 907/1010/801 912/1013/802
f 908/1019/806 912/1013/802 913/1016/803
f 908/1019/806 913/1016/803 909/1017/804
f 999/1020/807 1033/1021/808 1031/1022/809
f 999/1020/807 1031/1022/809 1000/1023/810
f 1000/1023/810 1031/1022/809 1025/1024/811
f 1025/1024/811 1031/1022/809 1030/1025/812
f 975/1026/813 972/1027/814 973/1028/815
f 975/1026/813 973/1028/815 974/1029/816
f 974/1029/816 973/1028/815 996/1030/817
f 974/1029/816 996/1030/817 994/1031/818
f 994/1031/818 996/1030/817 999/1020/807
f 994/1031/818 999/1020/807 1000/1023/810
f 994/1031/818 1000/1023/810 1025/1024/811
f 994/1031/818 1025/1024/811 1022/1032/819
f 994/1031/818 1022/1032/819 974/1029/816
f 974/1029/816 1022/1032/819 1012/1033/820
f 974/1029/816 1012/1033/820 975/1026/813
f 975/1026/813 1012/1033/820 1015/1034/821
f 975/1026/813 1015/1034/821 1019/1035/822
f 1019/1035/822 1015/1034/821 1020/1036/823
f 1020/1036/823 1015/1034/821 1005/1037/824
f 1020/1036/823 1005/1037/824 1021/1038/825
f 1021/1038/825 1005/1037/824 1004/1039/826
f 1021/1038/825 1004/1039/826 993/1040/827
f 993/1040/827 1004/1039/826 983/1041/828
f 993/1040/827 983/1041/828 1035/1042/829
f 993/1040/827 1035/1042/829 992/1043/830
f 992/1043/830 1035/1042/829 1034/1044/831
f 992/1043/830 1034/1044/831 991/1045/832
f 991/1045/832 1034/1044/831 972/1027/814
f 991/1045/832 972/1027/814 989/1046/833
f 989/1046/833 972/1027/814 975/1026/813
f 989/1046/833 975/1026/813 990/1047/834
f 990/1047/834 975/1026/813 1019/1035/822
f 1005/1048/824 1015/1049/821 1006/1050/835
f 1006/1050/835 1015/1049/821 1012/1051/820
f 1006/1050/835 1012/1051/820 1023/1052/836
f 1023/1052/836 1012/1051/820 1022/1053/819
f 1023/1052/836 1022/1053/819 1025/1054/811
f 1023/1052/836 1025/1054/811 1026/1055/837
f 1026/1055/837 1025/1054/811 1030/1056/812
f 1026/1055/837 1030/1056/812 1029/1057/838
f 1026/1055/837 1029/1057/838 1027/1058/839
f 1027/1058/839 1029/1057/838 950/1059/840
f 1027/1058/839 950/1059/840 963/1060/841
f 1027/1058/839 963/1060/841 1003/1061/842
f 1003/1061/842 963/1060/841 962/1062/843
f 1003/1061/842 962/1062/843 1002/1063/844
f 1002/1063/844 962/1062/843 1032/1064/845
f 1002/1063/844 1032/1064/845 1001/1065/846
f 1001/1065/846 1032/1064/845 1033/1066/808
f 1001/1065/846 1033/1066/808 999/1067/807
f 1001/1065/846 999/1067/807 995/1068/847
f 995/1068/847 999/1067/807 996/1069/817
f 995/1068/847 996/1069/817 973/1070/815
f 995/1068/847 973/1070/815 967/1071/848
f 967/1071/848 973/1070/815 972/1072/814
f 967/1071/848 972/1072/814 1034/1073/831
f 967/1071/848 1034/1073/831 966/1074/849
f 966/1074/849 1034/1073/831 1035/1075/829
f 966/1074/849 1035/1075/829 983/1076/828
f 966/1074/849 983/1076/828 982/1077/850
f 982/1077/850 983/1076/828 1004/1078/826
f 982/1077/850 1004/1078/826 1007/1079/851
f 1007/1079/851 1004/1078/826 1005/1048/824
f 1007/1079/851 1005/1048/824 1006/1050/835
f 1007/1079/851 1006/1050/835 1024/1080/852
f 1024/1080/852 1006/1050/835 1023/1052/836
f 1024/1080/852 1023/1052/836 1026/1055/837
f 1024/1080/852 1026/1055/837 1027/1058/839
f 1024/1080/852 1027/1058/839 998/1081/853
f 998/1081/853 1027/1058/839 1003/1061/842
f 998/1081/853 1003/1061/842 1002/1063/844
f 998/1081/853 1002/1063/844 997/1082/854
f 997/1082/854 1002/1063/844 1001/1065/846
f 997/1082/854 1001/1065/846 995/1068/847
f 997/1082/854 995/1068/847 967/1071/848
f 997/1082/854 967/1071/848 966/1074/849
f 997/1082/854 966/1074/849 982/1077/850
f 997/1082/854 982/1077/850 998/1081/853
f 998/1081/853 982/1077/850 1007/1079/851
f 998/1081/853 1007/1079/851 1024/1080/852
f 1014/1083/855 1013/1084/856 1008/1085/857
f 1014/1083/855 1008/1085/857 1011/1086/858
f 1011/1086/858 1008/1085/857 1009/1087/859
f 1011/1086/858 1009/1087/859 1010/1088/860
f 1010/1088/860 1009/1087/859 981/1089/861
f 1010/1088/860 981/1089/861 980/1090/862
f 980/1090/862 981/1089/861 971/1091/863
f 980/1090/862 971/1091/863 970/1092/864
f 980/1090/862 970/1092/864 1010/1088/860
f 1010/1088/860 970/1092/864 1011/1086/858
f 1011/1086/858 970/1092/864 969/1093/865
f 969/1093/865 970/1092/864 971/1091/863
f 969/1093/865 971/1091/863 968/1094/866
f 969/1093/865 968/1094/866 977/1095/867
f 977/1095/867 968/1094/866 978/1096/868
f 977/1095/867 978/1096/868 976/1097/869
f 976/1097/869 978/1096/868 979/1098/870
f 976/1097/869 979/1098/870 1013/1084/856
f 976/1097/869 1013/1084/856 1014/1083/855
f 976/1097/869 1014/1083/855 977/1095/867
f 977/1095/867 1014/1083/855 1011/1086/858
f 977/1095/867 1011/1086/858 969/1093/865
f 848/1099/871 769/1100/872 767/1101/873
f 767/1101/873 769/1100/872 770/1102/874
f 767/1101/873 770/1102/874 768/1103/875
f 767/1101/873 768/1103/875 766/1104/876
f 767/1101/873 766/1104/876 765/1105/877
f 767/1101/873 765/1105/877 848/1106/871
f 778/1107/878 756/1108/879 779/1109/880
f 779/1109/880 756/1108/879 758/1110/881
f 779/1109/880 758/1110/881 780/1111/882
f 780/1111/882 758/1110/881 760/1112/883
f 780/1111/882 760/1112/883 781/1113/884
f 781/1113/884 760/1112/883 762/1114/885
f 781/1113/884 762/1114/885 764/1115/886
f 781/1113/884 764/1115/886 782/1116/887
f 782/1116/887 764/1115/886 766/1104/876
f 782/1116/887 766/1104/876 783/1117/888
f 783/1117/888 766/1104/876 768/1103/875
f 783/1117/888 768/1103/875 784/1118/889
f 784/1118/889 768/1103/875 785/1119/890
f 785/1119/890 768/1103/875 770/1102/874
f 785/1119/890 770/1102/874 786/1120/891
f 786/1120/891 770/1102/874 772/1121/892
f 772/1121/892 770/1102/874 769/1100/872
f 772/1121/892 769/1100/872 771/1122/893
f 771/1122/893 769/1100/872 848/1123/871
f 830/1124/894 846/1125/895 825/1126/896
f 830/1124/894 825/1126/896 829/1127/897
f 829/1127/897 825/1126/896 824/1128/898
f 829/1127/897 824/1128/898 831/1129/899
f 831/1129/899 824/1128/898 826/1130/900
f 831/1129/899 826/1130/900 832/1131/901
f 831/1129/899 832/1131/901 833/1132/902
f 833/1132/902 832/1131/901 834/1133/903
f 833/1132/902 834/1133/903 835/1134/904
f 835/1134/904 834/1133/903 836/1135/905
f 835/1134/904 836/1135/905 837/1136/906
f 837/1136/906 836/1135/905 839/1137/907
f 839/1137/907 836/1135/905 838/1138/908
f 839/1137/907 838/1138/908 840/1139/909
f 840/1139/909 838/1138/908 827/1140/910
f 840/1139/909 827/1140/910 842/1141/911
f 842/1141/911 827/1140/910 841/1142/912
f 842/1141/911 841/1142/912 843/1143/913
f 842/1141/911 843/1143/913 844/1144/914
f 844/1144/914 843/1143/913 828/1145/915
f 844/1144/914 828/1145/915 845/1146/916
f 845/1146/916 828/1145/915 846/1125/895
f 845/1146/916 846/1125/895 847/1147/917
f 847/1147/917 846/1125/895 830/1124/894
f 847/1147/917 830/1124/894 849/1148/918
f 849/1148/918 830/1124/894 829/1127/897
f 849/1148/918 829/1127/897 831/1129/899
f 849/1148/918 831/1129/899 833/1132/902
f 849/1148/918 833/1132/902 835/1134/904
f 849/1148/918 835/1134/904 837/1136/906
f 849/1148/918 837/1136/906 839/1137/907
f 849/1148/918 839/1137/907 840/1139/909
f 849/1148/918 840/1139/909 842/1141/911
f 849/1148/918 842/1141/911 844/1144/914
f 849/1148/918 844/1144/914 845/1146/916
f 849/1148/918 845/1146/916 847/1147/917
f 773/1149/919 848/1150/871 752/1151/920
f 773/1149/919 752/1151/920 774/1152/921
f 774/1152/921 752/1151/920 775/1153/922
f 774/1152/921 775/1153/922 787/1154/923
f 787/1154/923 775/1153/922 777/1155/924
f 787/1154/923 777/1155/924 799/1156/925
f 799/1156/925 777/1155/924 789/1157/926
f 799/1156/925 789/1157/926 811/1158/927
f 811/1158/927 789/1157/926 801/1159/928
f 811/1158/927 801/1159/928 823/1160/929
f 811/1158/927 823/1160/929 822/1161/930
f 822/1161/930 823/1160/929 825/1162/896
f 822/1161/930 825/1162/896 846/1163/895
f 822/1161/930 846/1163/895 828/1164/915
f 822/1161/930 828/1164/915 821/1165/931
f 821/1165/931 828/1164/915 843/1166/913
f 821/1165/931 843/1166/913 820/1167/932
f 820/1167/932 843/1166/913 841/1168/912
f 820/1167/932 841/1168/912 819/1169/933
f 819/1169/933 841/1168/912 818/1170/934
f 818/1170/934 841/1168/912 827/1171/910
f 818/1170/934 827/1171/910 817/1172/935
f 817/1172/935 827/1171/910 838/1173/908
f 817/1172/935 838/1173/908 816/1174/936
f 816/1174/936 838/1173/908 836/1175/905
f 816/1174/936 836/1175/905 834/1176/903
f 816/1174/936 834/1176/903 815/1177/937
f 815/1177/937 834/1176/903 832/1178/901
f 815/1177/937 832/1178/901 814/1179/938
f 814/1179/938 832/1178/901 826/1180/900
f 814/1179/938 826/1180/900 813/1181/939
f 813/1181/939 826/1180/900 812/1182/940
f 812/1182/940 826/1180/900 824/1183/898
f 812/1182/940 824/1183/898 823/1184/929
f 823/1184/929 824/1183/898 825/1185/896
f 823/1184/929 801/1186/928 812/1182/940
f 812/1182/940 801/1186/928 800/1187/941
f 812/1182/940 800/1187/941 813/1181/939
f 813/1181/939 800/1187/941 802/1188/942
f 813/1181/939 802/1188/942 803/1189/943
f 813/1181/939 803/1189/943 814/1179/938
f 814/1179/938 803/1189/943 804/1190/944
f 814/1179/938 804/1190/944 815/1177/937
f 815/1177/937 804/1190/944 805/1191/945
f 815/1177/937 805/1191/945 816/1174/936
f 816/1174/936 805/1191/945 817/1172/935
f 817/1172/935 805/1191/945 806/1192/946
f 817/1172/935 806/1192/946 818/1170/934
f 818/1170/934 806/1192/946 807/1193/947
f 818/1170/934 807/1193/947 819/1169/933
f 819/1169/933 807/1193/947 808/1194/948
f 819/1169/933 808/1194/948 809/1195/949
f 819/1169/933 809/1195/949 820/1167/932
f 820/1167/932 809/1195/949 810/1196/950
f 820/1167/932 810/1196/950 821/1165/931
f 821/1165/931 810/1196/950 811/1158/927
f 821/1165/931 811/1158/927 822/1161/930
f 799/1156/925 811/1158/927 810/1196/950
f 799/1156/925 810/1196/950 798/1197/951
f 798/1197/951 810/1196/950 809/1195/949
f 798/1197/951 809/1195/949 797/1198/952
f 797/1198/952 809/1195/949 808/1194/948
f 797/1198/952 808/1194/948 796/1199/953
f 796/1199/953 808/1194/948 807/1193/947
f 796/1199/953 807/1193/947 795/1200/954
f 795/1200/954 807/1193/947 806/1192/946
f 795/1200/954 806/1192/946 794/1201/955
f 794/1201/955 806/1192/946 805/1191/945
f 794/1201/955 805/1191/945 793/1202/956
f 793/1202/956 805/1191/945 804/1190/944
f 793/1202/956 804/1190/944 792/1203/957
f 792/1203/957 804/1190/944 803/1189/943
f 792/1203/957 803/1189/943 791/1204/958
f 791/1204/958 803/1189/943 802/1188/942
f 791/1204/958 802/1188/942 790/1205/959
f 790/1205/959 802/1188/942 800/1187/941
f 790/1205/959 800/1187/941 788/1206/960
f 788/1206/960 800/1187/941 801/1186/928
f 788/1206/960 801/1186/928 789/1207/926
f 788/1206/960 789/1207/926 776/1208/961
f 776/1208/961 789/1207/926 777/1209/924
f 776/1208/961 777/1209/924 754/1210/962
f 754/1210/962 777/1209/924 775/1211/922
f 754/1210/962 775/1211/922 753/1212/963
f 753/1212/963 775/1211/922 752/1213/920
f 753/1212/963 752/1213/920 848/1214/871
f 848/1215/871 773/1149/919 771/1122/893
f 771/1122/893 773/1149/919 774/1152/921
f 771/1122/893 774/1152/921 772/1121/892
f 772/1121/892 774/1152/921 787/1154/923
f 772/1121/892 787/1154/923 786/1120/891
f 786/1120/891 787/1154/923 799/1156/925
f 786/1120/891 799/1156/925 798/1197/951
f 786/1120/891 798/1197/951 785/1119/890
f 785/1119/890 798/1197/951 797/1198/952
f 785/1119/890 797/1198/952 784/1118/889
f 784/1118/889 797/1198/952 796/1199/953
f 784/1118/889 796/1199/953 795/1200/954
f 784/1118/889 795/1200/954 783/1117/888
f 783/1117/888 795/1200/954 794/1201/955
f 783/1117/888 794/1201/955 782/1116/887
f 782/1116/887 794/1201/955 793/1202/956
f 782/1116/887 793/1202/956 781/1113/884
f 781/1113/884 793/1202/956 780/1111/882
f 780/1111/882 793/1202/956 792/1203/957
f 780/1111/882 792/1203/957 779/1109/880
f 779/1109/880 792/1203/957 791/1204/958
f 779/1109/880 791/1204/958 778/1107/878
f 778/1107/878 791/1204/958 790/1205/959
f 778/1107/878 790/1205/959 788/1206/960
f 778/1107/878 788/1206/960 776/1208/961
f 778/1107/878 776/1208/961 756/1108/879
f 756/1108/879 776/1208/961 754/1210/962
f 756/1108/879 754/1210/962 755/1216/964
f 755/1216/964 754/1210/962 753/1212/963
f 755/1216/964 753/1212/963 848/1217/871
f 758/1110/881 756/1108/879 755/1216/964
f 758/1110/881 755/1216/964 757/1218/965
f 757/1218/965 755/1216/964 848/1219/871
f 760/1112/883 758/1110/881 757/1218/965
f 760/1112/883 757/1218/965 759/1220/966
f 759/1220/966 757/1218/965 848/1221/871
f 762/1114/885 760/1112/883 759/1220/966
f 762/1114/885 759/1220/966 761/1222/967
f 761/1222/967 759/1220/966 848/1223/871
f 766/1104/876 764/1115/886 765/1105/877
f 765/1105/877 764/1115/886 763/1224/968
f 765/1105/877 763/1224/968 848/1225/871
f 764/1115/886 762/1114/885 763/1224/968
f 763/1224/968 762/1114/885 761/1222/967
f 763/1224/968 761/1222/967 848/1226/871
f 955/981/787 866/1227/969 867/979/785
f 867/979/785 866/1227/969 861/1228/970
f 867/979/785 861/1228/970 868/976/782
f 868/976/782 861/1228/970 864/1229/971
f 868/976/782 864/1229/971 874/974/781
f 874/974/781 864/1229/971 871/972/780
f 949/1230/972 939/1231/973 1028/1232/974
f 949/1230/972 1028/1232/974 964/1233/975
f 964/1233/975 1028/1232/974 954/1234/976
f 964/1233/975 954/1234/976 953/1235/977
f 953/1235/977 954/1234/976 952/1236/978
f 952/1236/978 954/1234/976 951/1237/979
f 952/1236/978 951/1237/979 961/984/790
f 961/984/790 951/1237/979 957/1238/980
f 961/984/790 957/1238/980 956/982/788
f 956/982/788 957/1238/980 955/981/787
f 955/981/787 957/1238/980 958/1239/981
f 955/981/787 958/1239/981 866/1227/969
f 866/1227/969 958/1239/981 865/1240/982
f 866/1227/969 865/1240/982 862/1241/983
f 866/1227/969 862/1241/983 861/1228/970
f 861/1228/970 862/1241/983 863/1242/984
f 861/1228/970 863/1242/984 864/1229/971
f 864/1229/971 863/1242/984 871/972/780
f 871/972/780 863/1242/984 857/1243/985
f 871/972/780 857/1243/985 860/969/778
f 860/969/778 857/1243/985 858/1244/986
f 860/969/778 858/1244/986 859/967/776
f 859/967/776 858/1244/986 872/965/774
f 872/965/774 858/1244/986 938/1245/987
f 872/965/774 938/1245/987 854/963/772
f 854/963/772 938/1245/987 939/1231/973
f 854/963/772 939/1231/973 855/1246/988
f 855/1246/988 939/1231/973 949/1230/972
f 855/1246/988 949/1230/972 947/1247/989
f 947/1247/989 949/1230/972 950/1248/840
f 950/1248/840 949/1230/972 964/1233/975
f 950/1248/840 964/1233/975 963/1249/841
f 963/1249/841 964/1233/975 953/1235/977
f 963/1249/841 953/1235/977 962/1250/843
f 962/1250/843 953/1235/977 952/1236/978
f 962/1250/843 952/1236/978 1032/1251/845
f 1032/1251/845 952/1236/978 961/984/790
f 1032/1251/845 961/984/790 1033/1252/808
f 1033/1252/808 961/984/790 1031/1253/809
f 1031/1253/809 961/984/790 965/983/789
f 1031/1253/809 965/983/789 1030/1254/812
f 1030/1254/812 965/983/789 960/980/786
f 1030/1254/812 960/980/786 959/1255/990
f 959/1255/990 960/980/786 870/978/784
f 959/1255/990 870/978/784 850/1256/991
f 850/1256/991 870/978/784 869/977/783
f 850/1256/991 869/977/783 851/1257/992
f 851/1257/992 869/977/783 873/975/771
f 851/1257/992 873/975/771 941/1258/793
f 851/1257/992 941/1258/793 856/964/773
f 851/1257/992 856/964/773 852/1259/993
f 852/1259/993 856/964/773 854/963/772
f 852/1259/993 854/963/772 855/1246/988
f 852/1259/993 855/1246/988 853/1260/994
f 853/1260/994 855/1246/988 947/1247/989
f 853/1260/994 947/1247/989 948/1261/995
f 948/1261/995 947/1247/989 950/1248/840
f 948/1261/995 950/1248/840 1029/1262/838
f 948/1261/995 1029/1262/838 1030/1254/812
f 948/1261/995 1030/1254/812 959/1255/990
f 948/1261/995 959/1255/990 850/1256/991
f 948/1261/995 850/1256/991 853/1260/994
f 853/1260/994 850/1256/991 851/1257/992
f 853/1260/994 851/1257/992 852/1259/993
f 1021/1038/825 993/1040/827 988/1263/996
f 988/1263/996 993/1040/827 992/1043/830
f 988/1263/996 992/1043/830 987/1264/997
f 987/1264/997 992/1043/830 991/1045/832
f 987/1264/997 991/1045/832 986/1265/998
f 986/1265/998 991/1045/832 989/1046/833
f 986/1265/998 989/1046/833 984/1266/999
f 984/1266/999 989/1046/833 990/1047/834
f 984/1266/999 990/1047/834 985/1267/1000
f 985/1267/1000 990/1047/834 1016/1268/1001
f 1016/1268/1001 990/1047/834 1019/1035/822
f 1016/1268/1001 1019/1035/822 1017/1269/1002
f 1017/1269/1002 1019/1035/822 1020/1036/823
f 1017/1269/1002 1020/1036/823 1018/1270/1003
f 1018/1270/1003 1020/1036/823 1021/1038/825
f 1018/1270/1003 1021/1038/825 988/1263/996
f 1018/1270/1003 988/1263/996 981/1089/861
f 981/1089/861 988/1263/996 987/1264/997
f 981/1089/861 987/1264/997 971/1091/863
f 971/1091/863 987/1264/997 986/1265/998
f 971/1091/863 986/1265/998 968/1094/866
f 968/1094/866 986/1265/998 984/1266/999
f 968/1094/866 984/1266/999 978/1096/868
f 978/1096/868 984/1266/999 985/1267/1000
f 978/1096/868 985/1267/1000 979/1098/870
f 979/1098/870 985/1267/1000 1013/1084/856
f 1013/1084/856 985/1267/1000 1016/1268/1001
f 1013/1084/856 1016/1268/1001 1008/1085/857
f 1008/1085/857 1016/1268/1001 1017/1269/1002
f 1008/1085/857 1017/1269/1002 1009/1087/859
f 1009/1087/859 1017/1269/1002 1018/1270/1003
f 1009/1087/859 1018/1270/1003 981/1089/861
f 1265/1271/1004 1264/1272/1005 1263/1273/1006
f 1263/1273/1006 1264/1272/1005 1262/1274/1007
f 1263/1273/1006 1262/1274/1007 1261/1275/1008
f 1261/1275/1008 1262/1274/1007 1260/1276/1009
f 1261/1275/1008 1260/1276/1009 1253/1277/1010
f 1253/1277/1010 1260/1276/1009 1252/1278/1011
f 1253/1277/1010 1252/1278/1011 1249/1279/1012
f 1249/1279/1012 1252/1278/1011 1248/1280/1013
f 1249/1279/1012 1248/1280/1013 1247/1281/1014
f 1247/1281/1014 1248/1280/1013 1244/1282/1015
f 1247/1281/1014 1244/1282/1015 1245/1283/1016
f 1247/1281/1014 1245/1283/1016 1246/1284/1017
f 1246/1284/1017 1245/1283/1016 1250/1285/1018
f 1246/1284/1017 1250/1285/1018 1251/1286/1019
f 1251/1286/1019 1250/1285/1018 1254/1287/1020
f 1251/1286/1019 1254/1287/1020 1255/1288/1021
f 1255/1288/1021 1254/1287/1020 1256/1289/1022
f 1255/1288/1021 1256/1289/1022 1257/1290/1023
f 1257/1290/1023 1256/1289/1022 1258/1291/1024
f 1257/1290/1023 1258/1291/1024 1259/1292/1025
f 1242/1293/1026 1243/1294/1027 1241/1295/1028
f 1242/1293/1026 1241/1295/1028 1240/1296/1029
f 1240/1296/1029 1241/1295/1028 1239/1297/1030
f 1240/1296/1029 1239/1297/1030 1238/1298/1031
f 1238/1298/1031 1239/1297/1030 1236/1299/1032
f 1236/1299/1032 1239/1297/1030 1237/1300/1033
f 1236/1299/1032 1237/1300/1033 1235/1301/1034
f 1236/1299/1032 1235/1301/1034 1234/1302/1035
f 1234/1302/1035 1235/1301/1034 1233/1303/1036
f 1234/1302/1035 1233/1303/1036 1232/1304/1037
f 1232/1304/1037 1233/1303/1036 1230/1305/1038
f 1230/1305/1038 1233/1303/1036 1231/1306/1039
f 1230/1305/1038 1231/1306/1039 1228/1307/1040
f 1228/1307/1040 1231/1306/1039 1229/1308/1041
f 1228/1307/1040 1229/1308/1041 1227/1309/1042
f 1228/1307/1040 1227/1309/1042 1226/1310/1043
f 1226/1310/1043 1227/1309/1042 1223/1311/1044
f 1223/1311/1044 1227/1309/1042 1224/1312/1045
f 1223/1311/1044 1224/1312/1045 1222/1313/1046
f 1222/1313/1046 1224/1312/1045 1225/1314/1027
f 1220/1315/1047 1221/1316/1048 1218/1317/1049
f 1218/1317/1049 1221/1316/1048 1219/1318/1050
f 1218/1317/1049 1219/1318/1050 1216/1319/1051
f 1216/1319/1051 1219/1318/1050 1217/1320/1052
f 1216/1319/1051 1217/1320/1052 1214/1321/1053
f 1214/1321/1053 1217/1320/1052 1215/1322/1054
f 1214/1321/1053 1215/1322/1054 1212/1323/1055
f 1212/1323/1055 1215/1322/1054 1213/1324/1056
f 1212/1323/1055 1213/1324/1056 1210/1325/1057
f 1210/1325/1057 1213/1324/1056 1211/1326/1058
f 1210/1325/1057 1211/1326/1058 1209/1327/1059
f 1210/1325/1057 1209/1327/1059 1208/1328/1060
f 1208/1328/1060 1209/1327/1059 1207/1329/1061
f 1208/1328/1060 1207/1329/1061 1206/1330/1062
f 1206/1330/1062 1207/1329/1061 1205/1331/1063
f 1206/1330/1062 1205/1331/1063 1204/1332/1064
f 1204/1332/1064 1205/1331/1063 1202/1333/1065
f 1204/1332/1064 1202/1333/1065 1201/1334/1066
f 1201/1334/1066 1202/1333/1065 1203/1335/1067
f 1201/1334/1066 1203/1335/1067 1200/1336/1068
f 1272/1337/1069 1274/1338/1070 1275/1339/1071
f 1275/1339/1071 1274/1338/1070 1277/1340/1072
f 1275/1339/1071 1277/1340/1072 1279/1341/1073
f 1275/1339/1071 1279/1341/1073 1281/1342/1074
f 1275/1339/1071 1281/1342/1074 1273/1343/1075
f 1275/1339/1071 1273/1343/1075 1272/1337/1069
f 1282/1344/1076 1284/1345/1077 1283/1346/1078
f 1282/1344/1076 1283/1346/1078 1266/1347/1079
f 1266/1347/1079 1283/1346/1078 1267/1348/1080
f 1266/1347/1079 1267/1348/1080 1268/1349/1081
f 1268/1349/1081 1267/1348/1080 1270/1350/1082
f 1270/1350/1082 1267/1348/1080 1283/1346/1078
f 1270/1350/1082 1283/1346/1078 1284/1345/1077
f 1270/1350/1082 1284/1345/1077 1272/1337/1069
f 1272/1337/1069 1284/1345/1077 1285/1351/1083
f 1285/1351/1083 1284/1345/1077 1282/1344/1076
f 1285/1351/1083 1282/1344/1076 1289/1352/1084
f 1289/1352/1084 1282/1344/1076 1280/1353/1085
f 1280/1353/1085 1282/1344/1076 1266/1347/1079
f 1280/1353/1085 1266/1347/1079 1269/1354/1086
f 1269/1354/1086 1266/1347/1079 1268/1349/1081
f 1269/1354/1086 1268/1349/1081 1271/1355/1087
f 1271/1355/1087 1268/1349/1081 1270/1350/1082
f 1271/1355/1087 1270/1350/1082 1272/1337/1069
f 1271/1355/1087 1272/1337/1069 1273/1343/1075
f 1271/1355/1087 1273/1343/1075 1269/1354/1086
f 1269/1354/1086 1273/1343/1075 1281/1342/1074
f 1269/1354/1086 1281/1342/1074 1280/1353/1085
f 1280/1353/1085 1281/1342/1074 1279/1341/1073
f 1280/1353/1085 1279/1341/1073 1278/1356/1088
f 1278/1356/1088 1279/1341/1073 1277/1340/1072
f 1278/1356/1088 1277/1340/1072 1276/1357/1089
f 1276/1357/1089 1277/1340/1072 1274/1338/1070
f 1276/1357/1089 1274/1338/1070 1287/1358/1090
f 1276/1357/1089 1287/1358/1090 1278/1356/1088
f 1278/1356/1088 1287/1358/1090 1288/1359/1091
f 1278/1356/1088 1288/1359/1091 1280/1353/1085
f 1280/1353/1085 1288/1359/1091 1289/1352/1084
f 1289/1352/1084 1288/1359/1091 1286/1360/1092
f 1289/1352/1084 1286/1360/1092 1285/1351/1083
f 1285/1351/1083 1286/1360/1092 1272/1337/1069
f 1272/1337/1069 1286/1360/1092 1274/1338/1070
f 1274/1338/1070 1286/1360/1092 1287/1358/1090
f 1287/1358/1090 1286/1360/1092 1288/1359/1091
f 1174/1361/1093 1175/1362/1094 1172/1363/1095
f 1172/1363/1095 1175/1362/1094 1173/1364/1096
f 1172/1363/1095 1173/1364/1096 1170/1365/1097
f 1170/1365/1097 1173/1364/1096 1171/1366/1098
f 1170/1365/1097 1171/1366/1098 1168/1367/1099
f 1168/1367/1099 1171/1366/1098 1169/1368/1100
f 1168/1367/1099 1169/1368/1100 1166/1369/1101
f 1166/1369/1101 1169/1368/1100 1167/1370/1102
f 1166/1369/1101 1167/1370/1102 1164/1371/1103
f 1164/1371/1103 1167/1370/1102 1165/1372/1103
f 1164/1371/1103 1165/1372/1103 1163/1373/1104
f 1164/1371/1103 1163/1373/1104 1162/1374/1105
f 1162/1374/1105 1163/1373/1104 1161/1375/1106
f 1162/1374/1105 1161/1375/1106 1160/1376/1107
f 1160/1376/1107 1161/1375/1106 1159/1377/1108
f 1160/1376/1107 1159/1377/1108 1158/1378/1109
f 1158/1378/1109 1159/1377/1108 1156/1379/1110
f 1158/1378/1109 1156/1379/1110 1155/1380/1111
f 1155/1380/1111 1156/1379/1110 1157/1381/1112
f 1155/1380/1111 1157/1381/1112 1154/1382/1113
f 1199/1383/1114 1198/1384/1115 1134/1385/1116
f 1199/1383/1114 1134/1385/1116 1137/1386/1117
f 1137/1386/1117 1134/1385/1116 1136/1387/1118
f 1136/1387/1118 1134/1385/1116 1135/1388/1119
f 1136/1387/1118 1135/1388/1119 1139/1389/1120
f 1139/1389/1120 1135/1388/1119 1138/1390/1121
f 1139/1389/1120 1138/1390/1121 1141/1391/1122
f 1141/1391/1122 1138/1390/1121 1140/1392/1123
f 1141/1391/1122 1140/1392/1123 1143/1393/1124
f 1143/1393/1124 1140/1392/1123 1142/1394/1125
f 1143/1393/1124 1142/1394/1125 1144/1395/1126
f 1143/1393/1124 1144/1395/1126 1145/1396/1127
f 1145/1396/1127 1144/1395/1126 1146/1397/1128
f 1145/1396/1127 1146/1397/1128 1147/1398/1129
f 1147/1398/1129 1146/1397/1128 1148/1399/1130
f 1147/1398/1129 1148/1399/1130 1149/1400/1131
f 1149/1400/1131 1148/1399/1130 1150/1401/1132
f 1149/1400/1131 1150/1401/1132 1151/1402/1133
f 1151/1402/1133 1150/1401/1132 1153/1403/1134
f 1153/1403/1134 1150/1401/1132 1152/1404/1115
f 1197/1405/1135 1196/1406/1136 1195/1407/1137
f 1195/1407/1137 1196/1406/1136 1194/1408/1138
f 1195/1407/1137 1194/1408/1138 1193/1409/1139
f 1193/1409/1139 1194/1408/1138 1192/1410/1140
f 1193/1409/1139 1192/1410/1140 1185/1411/1141
f 1185/1411/1141 1192/1410/1140 1184/1412/1142
f 1185/1411/1141 1184/1412/1142 1181/1413/1143
f 1181/1413/1143 1184/1412/1142 1180/1414/1144
f 1181/1413/1143 1180/1414/1144 1179/1415/1145
f 1179/1415/1145 1180/1414/1144 1176/1416/1146
f 1179/1415/1145 1176/1416/1146 1177/1417/1147
f 1179/1415/1145 1177/1417/1147 1178/1418/1148
f 1178/1418/1148 1177/1417/1147 1182/1419/1149
f 1178/1418/1148 1182/1419/1149 1183/1420/1150
f 1183/1420/1150 1182/1419/1149 1186/1421/1151
f 1183/1420/1150 1186/1421/1151 1187/1422/1152
f 1187/1422/1152 1186/1421/1151 1188/1423/1153
f 1187/1422/1152 1188/1423/1153 1189/1424/1154
f 1189/1424/1154 1188/1423/1153 1190/1425/1155
f 1189/1424/1154 1190/1425/1155 1191/1426/1156
f 1058/1427/1157 1132/1428/1158 1036/1429/1159
f 1058/1427/1157 1036/1429/1159 1059/1430/1160
f 1059/1430/1160 1036/1429/1159 1039/1431/1161
f 1059/1430/1160 1039/1431/1161 1070/1432/1162
f 1070/1432/1162 1039/1431/1161 1071/1433/1163
f 1070/1432/1162 1071/1433/1163 1082/1434/1164
f 1082/1434/1164 1071/1433/1163 1083/1435/1165
f 1082/1434/1164 1083/1435/1165 1095/1436/1166
f 1095/1436/1166 1083/1435/1165 1085/1437/1167
f 1095/1436/1166 1085/1437/1167 1107/1438/1168
f 1095/1436/1166 1107/1438/1168 1106/1439/1169
f 1106/1439/1169 1107/1438/1168 1113/1440/1170
f 1106/1439/1169 1113/1440/1170 1130/1441/1171
f 1106/1439/1169 1130/1441/1171 1128/1442/1172
f 1106/1439/1169 1128/1442/1172 1105/1443/1173
f 1105/1443/1173 1128/1442/1172 1112/1444/1174
f 1105/1443/1173 1112/1444/1174 1104/1445/1175
f 1104/1445/1175 1112/1444/1174 1111/1446/1176
f 1104/1445/1175 1111/1446/1176 1103/1447/1177
f 1103/1447/1177 1111/1446/1176 1102/1448/1178
f 1102/1448/1178 1111/1446/1176 1124/1449/1179
f 1102/1448/1178 1124/1449/1179 1101/1450/1180
f 1101/1450/1180 1124/1449/1179 1110/1451/1181
f 1101/1450/1180 1110/1451/1181 1100/1452/1182
f 1100/1452/1182 1110/1451/1181 1109/1453/1183
f 1100/1452/1182 1109/1453/1183 1120/1454/1184
f 1100/1452/1182 1120/1454/1184 1099/1455/1185
f 1099/1455/1185 1120/1454/1184 1118/1456/1186
f 1099/1455/1185 1118/1456/1186 1098/1457/1187
f 1098/1457/1187 1118/1456/1186 1108/1458/1188
f 1098/1457/1187 1108/1458/1188 1097/1459/1189
f 1097/1459/1189 1108/1458/1188 1096/1460/1190
f 1096/1460/1190 1108/1458/1188 1114/1461/1191
f 1096/1460/1190 1114/1461/1191 1107/1462/1168
f 1107/1462/1168 1114/1461/1191 1113/1463/1170
f 1107/1462/1168 1085/1464/1167 1096/1460/1190
f 1096/1460/1190 1085/1464/1167 1084/1465/1192
f 1096/1460/1190 1084/1465/1192 1097/1459/1189
f 1097/1459/1189 1084/1465/1192 1086/1466/1193
f 1097/1459/1189 1086/1466/1193 1087/1467/1194
f 1097/1459/1189 1087/1467/1194 1098/1457/1187
f 1098/1457/1187 1087/1467/1194 1088/1468/1195
f 1098/1457/1187 1088/1468/1195 1099/1455/1185
f 1099/1455/1185 1088/1468/1195 1089/1469/1196
f 1099/1455/1185 1089/1469/1196 1100/1452/1182
f 1100/1452/1182 1089/1469/1196 1101/1450/1180
f 1101/1450/1180 1089/1469/1196 1090/1470/1197
f 1101/1450/1180 1090/1470/1197 1102/1448/1178
f 1102/1448/1178 1090/1470/1197 1091/1471/1198
f 1102/1448/1178 1091/1471/1198 1103/1447/1177
f 1103/1447/1177 1091/1471/1198 1092/1472/1199
f 1103/1447/1177 1092/1472/1199 1093/1473/1200
f 1103/1447/1177 1093/1473/1200 1104/1445/1175
f 1104/1445/1175 1093/1473/1200 1094/1474/1201
f 1104/1445/1175 1094/1474/1201 1105/1443/1173
f 1105/1443/1173 1094/1474/1201 1095/1436/1166
f 1105/1443/1173 1095/1436/1166 1106/1439/1169
f 1082/1434/1164 1095/1436/1166 1094/1474/1201
f 1082/1434/1164 1094/1474/1201 1081/1475/1202
f 1081/1475/1202 1094/1474/1201 1093/1473/1200
f 1081/1475/1202 1093/1473/1200 1080/1476/1203
f 1080/1476/1203 1093/1473/1200 1092/1472/1199
f 1080/1476/1203 1092/1472/1199 1079/1477/1204
f 1079/1477/1204 1092/1472/1199 1091/1471/1198
f 1079/1477/1204 1091/1471/1198 1078/1478/1205
f 1078/1478/1205 1091/1471/1198 1090/1470/1197
f 1078/1478/1205 1090/1470/1197 1077/1479/1206
f 1077/1479/1206 1090/1470/1197 1089/1469/1196
f 1077/1479/1206 1089/1469/1196 1076/1480/1207
f 1076/1480/1207 1089/1469/1196 1088/1468/1195
f 1076/1480/1207 1088/1468/1195 1075/1481/1208
f 1075/1481/1208 1088/1468/1195 1087/1467/1194
f 1075/1481/1208 1087/1467/1194 1074/1482/1209
f 1074/1482/1209 1087/1467/1194 1086/1466/1193
f 1074/1482/1209 1086/1466/1193 1073/1483/1210
f 1073/1483/1210 1086/1466/1193 1084/1465/1192
f 1073/1483/1210 1084/1465/1192 1072/1484/1211
f 1072/1484/1211 1084/1465/1192 1085/1464/1167
f 1072/1484/1211 1085/1464/1167 1083/1485/1165
f 1072/1484/1211 1083/1485/1165 1060/1486/1212
f 1060/1486/1212 1083/1485/1165 1071/1487/1163
f 1060/1486/1212 1071/1487/1163 1038/1488/1213
f 1038/1488/1213 1071/1487/1163 1039/1489/1161
f 1038/1488/1213 1039/1489/1161 1037/1490/1214
f 1037/1490/1214 1039/1489/1161 1036/1491/1159
f 1037/1490/1214 1036/1491/1159 1132/1492/1158
f 1132/1493/1158 1058/1427/1157 1056/1494/1215
f 1056/1494/1215 1058/1427/1157 1059/1430/1160
f 1056/1494/1215 1059/1430/1160 1057/1495/1216
f 1057/1495/1216 1059/1430/1160 1070/1432/1162
f 1057/1495/1216 1070/1432/1162 1069/1496/1217
f 1069/1496/1217 1070/1432/1162 1082/1434/1164
f 1069/1496/1217 1082/1434/1164 1081/1475/1202
f 1069/1496/1217 1081/1475/1202 1068/1497/1218
f 1068/1497/1218 1081/1475/1202 1080/1476/1203
f 1068/1497/1218 1080/1476/1203 1067/1498/1219
f 1067/1498/1219 1080/1476/1203 1079/1477/1204
f 1067/1498/1219 1079/1477/1204 1078/1478/1205
f 1067/1498/1219 1078/1478/1205 1066/1499/1220
f 1066/1499/1220 1078/1478/1205 1077/1479/1206
f 1066/1499/1220 1077/1479/1206 1065/1500/1221
f 1065/1500/1221 1077/1479/1206 1076/1480/1207
f 1065/1500/1221 1076/1480/1207 1064/1501/1222
f 1064/1501/1222 1076/1480/1207 1063/1502/1223
f 1063/1502/1223 1076/1480/1207 1075/1481/1208
f 1063/1502/1223 1075/1481/1208 1062/1503/1224
f 1062/1503/1224 1075/1481/1208 1074/1482/1209
f 1062/1503/1224 1074/1482/1209 1061/1504/1225
f 1061/1504/1225 1074/1482/1209 1073/1483/1210
f 1061/1504/1225 1073/1483/1210 1072/1484/1211
f 1061/1504/1225 1072/1484/1211 1060/1486/1212
f 1061/1504/1225 1060/1486/1212 1041/1505/1226
f 1041/1505/1226 1060/1486/1212 1038/1488/1213
f 1041/1505/1226 1038/1488/1213 1040/1506/1227
f 1040/1506/1227 1038/1488/1213 1037/1490/1214
f 1040/1506/1227 1037/1490/1214 1132/1507/1158
f 1061/1504/1225 1041/1505/1226 1062/1503/1224
f 1062/1503/1224 1041/1505/1226 1043/1508/1228
f 1062/1503/1224 1043/1508/1228 1063/1502/1223
f 1063/1502/1223 1043/1508/1228 1045/1509/1229
f 1063/1502/1223 1045/1509/1229 1064/1501/1222
f 1064/1501/1222 1045/1509/1229 1047/1510/1230
f 1064/1501/1222 1047/1510/1230 1049/1511/1231
f 1064/1501/1222 1049/1511/1231 1065/1500/1221
f 1065/1500/1221 1049/1511/1231 1051/1512/1232
f 1065/1500/1221 1051/1512/1232 1066/1499/1220
f 1066/1499/1220 1051/1512/1232 1053/1513/1233
f 1066/1499/1220 1053/1513/1233 1067/1498/1219
f 1067/1498/1219 1053/1513/1233 1068/1497/1218
f 1068/1497/1218 1053/1513/1233 1055/1514/1234
f 1068/1497/1218 1055/1514/1234 1069/1496/1217
f 1069/1496/1217 1055/1514/1234 1057/1495/1216
f 1057/1495/1216 1055/1514/1234 1054/1515/1235
f 1057/1495/1216 1054/1515/1235 1056/1494/1215
f 1056/1494/1215 1054/1515/1235 1132/1516/1158
f 1043/1508/1228 1041/1505/1226 1040/1506/1227
f 1043/1508/1228 1040/1506/1227 1042/1517/1236
f 1042/1517/1236 1040/1506/1227 1132/1518/1158
f 1047/1510/1230 1045/1509/1229 1044/1519/1237
f 1047/1510/1230 1044/1519/1237 1046/1520/1238
f 1046/1520/1238 1044/1519/1237 1132/1521/1158
f 1051/1512/1232 1049/1511/1231 1050/1522/1239
f 1050/1522/1239 1049/1511/1231 1048/1523/1240
f 1050/1522/1239 1048/1523/1240 1132/1524/1158
f 1049/1511/1231 1047/1510/1230 1048/1523/1240
f 1048/1523/1240 1047/1510/1230 1046/1520/1238
f 1048/1523/1240 1046/1520/1238 1132/1525/1158
f 1045/1509/1229 1043/1508/1228 1042/1517/1236
f 1045/1509/1229 1042/1517/1236 1044/1519/1237
f 1044/1519/1237 1042/1517/1236 1132/1526/1158
f 1116/1527/894 1130/1528/1171 1113/1529/1170
f 1116/1527/894 1113/1529/1170 1115/1530/897
f 1115/1530/897 1113/1529/1170 1114/1531/1191
f 1115/1530/897 1114/1531/1191 1117/1532/1241
f 1117/1532/1241 1114/1531/1191 1108/1533/1188
f 1117/1532/1241 1108/1533/1188 1118/1534/1186
f 1117/1532/1241 1118/1534/1186 1119/1535/1242
f 1119/1535/1242 1118/1534/1186 1120/1536/1184
f 1119/1535/1242 1120/1536/1184 1121/1537/1243
f 1121/1537/1243 1120/1536/1184 1109/1538/1183
f 1121/1537/1243 1109/1538/1183 1122/1539/1244
f 1122/1539/1244 1109/1538/1183 1123/1540/1245
f 1123/1540/1245 1109/1538/1183 1110/1541/1181
f 1123/1540/1245 1110/1541/1181 1125/1542/1246
f 1125/1542/1246 1110/1541/1181 1124/1543/1179
f 1125/1542/1246 1124/1543/1179 1126/1544/1247
f 1126/1544/1247 1124/1543/1179 1111/1545/1176
f 1126/1544/1247 1111/1545/1176 1112/1546/1174
f 1126/1544/1247 1112/1546/1174 1127/1547/1248
f 1127/1547/1248 1112/1546/1174 1128/1548/1172
f 1127/1547/1248 1128/1548/1172 1129/1549/1249
f 1129/1549/1249 1128/1548/1172 1130/1528/1171
f 1129/1549/1249 1130/1528/1171 1131/1550/1250
f 1131/1550/1250 1130/1528/1171 1116/1527/894
f 1131/1550/1250 1116/1527/894 1133/1551/1251
f 1133/1551/1251 1116/1527/894 1115/1530/897
f 1133/1551/1251 1115/1530/897 1117/1532/1241
f 1133/1551/1251 1117/1532/1241 1119/1535/1242
f 1133/1551/1251 1119/1535/1242 1121/1537/1243
f 1133/1551/1251 1121/1537/1243 1122/1539/1244
f 1133/1551/1251 1122/1539/1244 1123/1540/1245
f 1133/1551/1251 1123/1540/1245 1125/1542/1246
f 1133/1551/1251 1125/1542/1246 1126/1544/1247
f 1133/1551/1251 1126/1544/1247 1127/1547/1248
f 1133/1551/1251 1127/1547/1248 1129/1549/1249
f 1133/1551/1251 1129/1549/1249 1131/1550/1250
f 1132/1552/1158 1054/1515/1235 1052/1553/1252
f 1052/1553/1252 1054/1515/1235 1055/1514/1234
f 1052/1553/1252 1055/1514/1234 1053/1513/1233
f 1052/1553/1252 1053/1513/1233 1051/1512/1232
f 1052/1553/1252 1051/1512/1232 1050/1522/1239
f 1052/1553/1252 1050/1522/1239 1132/1554/1158
f 1383/1555/1253 1384/1556/1254 1406/1557/1255
f 1406/1557/1255 1384/1556/1254 1385/1558/1256
f 1295/1559/1257 1395/1560/1258 1358/1561/1259
f 1295/1559/1257 1358/1561/1259 1382/1562/1260
f 1290/1563/1261 1326/1564/1262 1325/1565/1263
f 1325/1565/1263 1326/1564/1262 1308/1566/1264
f 1325/1565/1263 1308/1566/1264 1310/1567/1265
f 1310/1567/1265 1308/1566/1264 1307/1568/1266
f 1310/1567/1265 1307/1568/1266 1309/1569/1267
f 1309/1569/1267 1307/1568/1266 1297/1570/1268
f 1297/1570/1268 1307/1568/1266 1296/1571/1269
f 1296/1571/1269 1307/1568/1266 1306/1572/1270
f 1306/1572/1270 1307/1568/1266 1308/1566/1264
f 1306/1572/1270 1308/1566/1264 1305/1573/1271
f 1305/1573/1271 1308/1566/1264 1326/1574/1262
f 1305/1573/1271 1326/1574/1262 1327/1575/1272
f 1327/1575/1272 1326/1574/1262 1290/1576/1261
f 1327/1575/1272 1290/1576/1261 1292/1577/1273
f 1327/1575/1272 1292/1577/1273 1305/1573/1271
f 1305/1573/1271 1292/1577/1273 1313/1578/1274
f 1305/1573/1271 1313/1578/1274 1306/1572/1270
f 1306/1572/1270 1313/1578/1274 1312/1579/1275
f 1306/1572/1270 1312/1579/1275 1296/1571/1269
f 1296/1571/1269 1312/1579/1275 1293/1580/1276
f 1296/1571/1269 1293/1580/1276 1333/1581/1277
f 1333/1581/1277 1293/1580/1276 1335/1582/1278
f 1333/1581/1277 1335/1582/1278 1347/1583/1279
f 1347/1583/1279 1335/1582/1278 1342/1584/1280
f 1347/1583/1279 1342/1584/1280 1341/1585/1281
f 1341/1585/1281 1342/1584/1280 1331/1586/1282
f 1341/1585/1281 1331/1586/1282 1330/1587/1283
f 1330/1587/1283 1331/1586/1282 1332/1588/1284
f 1332/1588/1284 1331/1586/1282 1342/1584/1280
f 1332/1588/1284 1342/1584/1280 1343/1589/1285
f 1343/1589/1285 1342/1584/1280 1335/1582/1278
f 1343/1589/1285 1335/1582/1278 1339/1590/1286
f 1339/1590/1286 1335/1582/1278 1336/1591/1287
f 1336/1591/1287 1335/1582/1278 1293/1580/1276
f 1336/1591/1287 1293/1580/1276 1382/1592/1260
f 1336/1591/1287 1382/1592/1260 1304/1593/1288
f 1304/1593/1288 1382/1592/1260 1356/1594/1289
f 1304/1593/1288 1356/1594/1289 1357/1595/1290
f 1357/1595/1290 1356/1594/1289 1365/1596/1291
f 1357/1595/1290 1365/1596/1291 1360/1597/1292
f 1360/1597/1292 1365/1596/1291 1368/1598/1293
f 1360/1597/1292 1368/1598/1293 1359/1599/1294
f 1359/1599/1294 1368/1598/1293 1366/1600/1295
f 1359/1599/1294 1366/1600/1295 1355/1601/1296
f 1355/1601/1296 1366/1600/1295 1363/1602/1297
f 1355/1601/1296 1363/1602/1297 1362/1603/1298
f 1362/1603/1298 1363/1602/1297 1361/1604/1299
f 1362/1603/1298 1361/1604/1299 1364/1605/1300
f 1364/1605/1300 1361/1604/1299 1353/1606/1301
f 1364/1605/1300 1353/1606/1301 1367/1607/1302
f 1367/1607/1302 1353/1606/1301 1352/1608/1303
f 1367/1607/1302 1352/1608/1303 1368/1598/1293
f 1368/1598/1293 1352/1608/1303 1366/1600/1295
f 1366/1600/1295 1352/1608/1303 1354/1609/1304
f 1366/1600/1295 1354/1609/1304 1363/1602/1297
f 1363/1602/1297 1354/1609/1304 1361/1604/1299
f 1361/1604/1299 1354/1609/1304 1353/1606/1301
f 1353/1606/1301 1354/1609/1304 1352/1608/1303
f 1367/1607/1302 1368/1598/1293 1364/1605/1300
f 1364/1605/1300 1368/1598/1293 1365/1596/1291
f 1364/1605/1300 1365/1596/1291 1362/1603/1298
f 1362/1603/1298 1365/1596/1291 1356/1594/1289
f 1362/1603/1298 1356/1594/1289 1355/1601/1296
f 1355/1601/1296 1356/1594/1289 1382/1592/1260
f 1355/1601/1296 1382/1592/1260 1358/1610/1259
f 1355/1601/1296 1358/1610/1259 1359/1599/1294
f 1359/1599/1294 1358/1610/1259 1360/1597/1292
f 1360/1597/1292 1358/1610/1259 1404/1611/1305
f 1360/1597/1292 1404/1611/1305 1329/1612/1306
f 1360/1597/1292 1329/1612/1306 1357/1595/1290
f 1357/1595/1290 1329/1612/1306 1304/1593/1288
f 1304/1593/1288 1329/1612/1306 1386/1613/1307
f 1304/1593/1288 1386/1613/1307 1387/1614/1308
f 1387/1614/1308 1386/1613/1307 1348/1615/1309
f 1387/1614/1308 1348/1615/1309 1389/1616/1310
f 1389/1616/1310 1348/1615/1309 1351/1617/1311
f 1389/1616/1310 1351/1617/1311 1388/1618/1312
f 1388/1618/1312 1351/1617/1311 1350/1619/1313
f 1388/1618/1312 1350/1619/1313 1349/1620/1314
f 1349/1620/1314 1350/1619/1313 1351/1617/1311
f 1349/1620/1314 1351/1617/1311 1348/1615/1309
f 1349/1620/1314 1348/1615/1309 1386/1613/1307
f 1349/1620/1314 1386/1613/1307 1388/1618/1312
f 1388/1618/1312 1386/1613/1307 1329/1612/1306
f 1388/1618/1312 1329/1612/1306 1389/1616/1310
f 1389/1616/1310 1329/1612/1306 1328/1621/1315
f 1389/1616/1310 1328/1621/1315 1387/1614/1308
f 1387/1614/1308 1328/1621/1315 1302/1622/1316
f 1387/1614/1308 1302/1622/1316 1304/1593/1288
f 1304/1593/1288 1302/1622/1316 1303/1623/1317
f 1304/1593/1288 1303/1623/1317 1337/1624/1318
f 1304/1593/1288 1337/1624/1318 1336/1591/1287
f 1336/1591/1287 1337/1624/1318 1338/1625/1319
f 1336/1591/1287 1338/1625/1319 1339/1590/1286
f 1339/1590/1286 1338/1625/1319 1345/1626/1320
f 1339/1590/1286 1345/1626/1320 1343/1589/1285
f 1343/1589/1285 1345/1626/1320 1344/1627/1321
f 1343/1589/1285 1344/1627/1321 1332/1588/1284
f 1332/1588/1284 1344/1627/1321 1330/1587/1283
f 1330/1587/1283 1344/1627/1321 1340/1628/1322
f 1330/1587/1283 1340/1628/1322 1341/1585/1281
f 1341/1585/1281 1340/1628/1322 1347/1583/1279
f 1347/1583/1279 1340/1628/1322 1346/1629/1323
f 1347/1583/1279 1346/1629/1323 1333/1581/1277
f 1333/1581/1277 1346/1629/1323 1334/1630/1324
f 1333/1581/1277 1334/1630/1324 1296/1571/1269
f 1296/1571/1269 1334/1630/1324 1303/1623/1317
f 1296/1571/1269 1303/1623/1317 1385/1631/1256
f 1385/1631/1256 1303/1623/1317 1302/1622/1316
f 1385/1631/1256 1302/1622/1316 1406/1632/1255
f 1406/1632/1255 1302/1622/1316 1328/1621/1315
f 1406/1632/1255 1328/1621/1315 1404/1611/1305
f 1404/1611/1305 1328/1621/1315 1329/1612/1306
f 1337/1624/1318 1303/1623/1317 1334/1630/1324
f 1337/1624/1318 1334/1630/1324 1338/1625/1319
f 1338/1625/1319 1334/1630/1324 1346/1629/1323
f 1338/1625/1319 1346/1629/1323 1345/1626/1320
f 1345/1626/1320 1346/1629/1323 1340/1628/1322
f 1345/1626/1320 1340/1628/1322 1344/1627/1321
f 1296/1633/1269 1385/1634/1256 1297/1635/1268
f 1297/1635/1268 1385/1634/1256 1384/1636/1254
f 1312/1579/1275 1311/1637/1325 1293/1580/1276
f 1293/1580/1276 1311/1637/1325 1294/1638/1326
f 1293/1580/1276 1294/1638/1326 1382/1639/1260
f 1382/1639/1260 1294/1638/1326 1295/1640/1257
f 1295/1640/1257 1294/1638/1326 1319/1641/1327
f 1295/1640/1257 1319/1641/1327 1317/1642/1328
f 1295/1640/1257 1317/1642/1328 1395/1643/1258
f 1395/1643/1258 1317/1642/1328 1369/1644/1329
f 1395/1643/1258 1369/1644/1329 1396/1645/1330
f 1396/1645/1330 1369/1644/1329 1390/1646/1331
f 1396/1645/1330 1390/1646/1331 1398/1647/1332
f 1396/1645/1330 1398/1647/1332 1402/1648/1333
f 1402/1648/1333 1398/1647/1332 1403/1649/1334
f 1403/1649/1334 1398/1647/1332 1400/1650/1335
f 1400/1650/1335 1398/1647/1332 1399/1651/1336
f 1399/1651/1336 1398/1647/1332 1390/1646/1331
f 1399/1651/1336 1390/1646/1331 1405/1652/1337
f 1405/1652/1337 1390/1646/1331 1369/1644/1329
f 1405/1652/1337 1369/1644/1329 1383/1653/1253
f 1383/1653/1253 1369/1644/1329 1377/1654/1338
f 1383/1653/1253 1377/1654/1338 1376/1655/1339
f 1376/1655/1339 1377/1654/1338 1381/1656/1340
f 1376/1655/1339 1381/1656/1340 1380/1657/1341
f 1380/1657/1341 1381/1656/1340 1373/1658/1342
f 1380/1657/1341 1373/1658/1342 1372/1659/1343
f 1372/1659/1343 1373/1658/1342 1370/1660/1344
f 1370/1660/1344 1373/1658/1342 1381/1656/1340
f 1370/1660/1344 1381/1656/1340 1379/1661/1345
f 1379/1661/1345 1381/1656/1340 1377/1654/1338
f 1379/1661/1345 1377/1654/1338 1375/1662/1346
f 1375/1662/1346 1377/1654/1338 1369/1644/1329
f 1375/1662/1346 1369/1644/1329 1317/1642/1328
f 1375/1662/1346 1317/1642/1328 1384/1636/1254
f 1375/1662/1346 1384/1636/1254 1374/1663/1347
f 1374/1663/1347 1384/1636/1254 1383/1653/1253
f 1374/1663/1347 1383/1653/1253 1376/1655/1339
f 1374/1663/1347 1376/1655/1339 1378/1664/1348
f 1378/1664/1348 1376/1655/1339 1380/1657/1341
f 1378/1664/1348 1380/1657/1341 1371/1665/1349
f 1371/1665/1349 1380/1657/1341 1372/1659/1343
f 1371/1665/1349 1372/1659/1343 1370/1660/1344
f 1371/1665/1349 1370/1660/1344 1378/1664/1348
f 1378/1664/1348 1370/1660/1344 1379/1661/1345
f 1378/1664/1348 1379/1661/1345 1374/1663/1347
f 1374/1663/1347 1379/1661/1345 1375/1662/1346
f 1319/1641/1327 1294/1638/1326 1309/1569/1267
f 1309/1569/1267 1294/1638/1326 1311/1637/1325
f 1309/1569/1267 1311/1637/1325 1314/1666/1350
f 1314/1666/1350 1311/1637/1325 1312/1579/1275
f 1314/1666/1350 1312/1579/1275 1313/1578/1274
f 1314/1666/1350 1313/1578/1274 1291/1667/1351
f 1291/1667/1351 1313/1578/1274 1292/1577/1273
f 1291/1667/1351 1292/1577/1273 1290/1576/1261
f 1291/1667/1351 1290/1576/1261 1325/1565/1263
f 1291/1667/1351 1325/1565/1263 1310/1567/1265
f 1291/1667/1351 1310/1567/1265 1314/1666/1350
f 1314/1666/1350 1310/1567/1265 1309/1569/1267
f 1309/1569/1267 1297/1570/1268 1319/1641/1327
f 1319/1641/1327 1297/1570/1268 1320/1668/1352
f 1319/1641/1327 1320/1668/1352 1318/1669/1353
f 1319/1641/1327 1318/1669/1353 1317/1670/1328
f 1317/1670/1328 1318/1669/1353 1384/1671/1254
f 1384/1671/1254 1318/1669/1353 1315/1672/1354
f 1384/1671/1254 1315/1672/1354 1297/1570/1268
f 1297/1570/1268 1315/1672/1354 1316/1673/1355
f 1297/1570/1268 1316/1673/1355 1320/1668/1352
f 1320/1668/1352 1316/1673/1355 1321/1674/1356
f 1320/1668/1352 1321/1674/1356 1322/1675/1357
f 1320/1668/1352 1322/1675/1357 1318/1669/1353
f 1318/1669/1353 1322/1675/1357 1323/1676/1358
f 1318/1669/1353 1323/1676/1358 1315/1672/1354
f 1315/1672/1354 1323/1676/1358 1316/1673/1355
f 1316/1673/1355 1323/1676/1358 1324/1677/1359
f 1316/1673/1355 1324/1677/1359 1321/1674/1356
f 1321/1674/1356 1324/1677/1359 1301/1678/1360
f 1321/1674/1356 1301/1678/1360 1300/1679/1361
f 1321/1674/1356 1300/1679/1361 1322/1675/1357
f 1322/1675/1357 1300/1679/1361 1323/1676/1358
f 1323/1676/1358 1300/1679/1361 1299/1680/1362
f 1323/1676/1358 1299/1680/1362 1324/1677/1359
f 1324/1677/1359 1299/1680/1362 1298/1681/1363
f 1324/1677/1359 1298/1681/1363 1301/1678/1360
f 1301/1678/1360 1298/1681/1363 1299/1680/1362
f 1301/1678/1360 1299/1680/1362 1300/1679/1361
f 1405/1682/1337 1383/1683/1253 1410/1684/1364
f 1410/1684/1364 1383/1683/1253 1408/1685/1365
f 1410/1684/1364 1408/1685/1365 1414/1686/1366
f 1414/1686/1366 1408/1685/1365 1412/1687/1367
f 1414/1686/1366 1412/1687/1367 1394/1688/1368
f 1394/1688/1368 1412/1687/1367 1391/1689/1369
f 1394/1688/1368 1391/1689/1369 1393/1690/1370
f 1393/1690/1370 1391/1689/1369 1392/1691/1371
f 1393/1690/1370 1392/1691/1371 1411/1692/1372
f 1411/1692/1372 1392/1691/1371 1391/1689/1369
f 1411/1692/1372 1391/1689/1369 1412/1687/1367
f 1411/1692/1372 1412/1687/1367 1407/1693/1373
f 1407/1693/1373 1412/1687/1367 1408/1685/1365
f 1407/1693/1373 1408/1685/1365 1383/1683/1253
f 1407/1693/1373 1383/1683/1253 1406/1694/1255
f 1407/1693/1373 1406/1694/1255 1404/1695/1305
f 1407/1693/1373 1404/1695/1305 1409/1696/1374
f 1409/1696/1374 1404/1695/1305 1405/1682/1337
f 1409/1696/1374 1405/1682/1337 1410/1684/1364
f 1409/1696/1374 1410/1684/1364 1414/1686/1366
f 1409/1696/1374 1414/1686/1366 1413/1697/1375
f 1413/1697/1375 1414/1686/1366 1394/1688/1368
f 1413/1697/1375 1394/1688/1368 1393/1690/1370
f 1413/1697/1375 1393/1690/1370 1411/1692/1372
f 1413/1697/1375 1411/1692/1372 1407/1693/1373
f 1413/1697/1375 1407/1693/1373 1409/1696/1374
f 1399/1698/1336 1405/1682/1337 1404/1695/1305
f 1399/1698/1336 1404/1695/1305 1397/1699/1376
f 1397/1699/1376 1404/1695/1305 1358/1700/1259
f 1397/1699/1376 1358/1700/1259 1395/1701/1258
f 1397/1699/1376 1395/1701/1258 1396/1702/1330
f 1397/1699/1376 1396/1702/1330 1401/1703/1377
f 1401/1703/1377 1396/1702/1330 1402/1704/1333
f 1401/1703/1377 1402/1704/1333 1403/1705/1334
f 1401/1703/1377 1403/1705/1334 1400/1706/1335
f 1401/1703/1377 1400/1706/1335 1399/1698/1336
f 1401/1703/1377 1399/1698/1336 1397/1699/1376
f 1905/1707/1378 1463/1708/1379 1462/1709/1380
f 1905/1707/1378 1462/1709/1380 1783/1710/1381
f 1783/1710/1381 1462/1709/1380 1572/1711/1382
f 1783/1710/1381 1572/1711/1382 1864/1712/1383
f 1864/1712/1383 1572/1711/1382 1886/1713/1384
f 1886/1713/1384 1572/1711/1382 1571/1714/1385
f 1564/1715/1386 1563/1716/1387 1844/1717/1388
f 1844/1717/1388 1563/1716/1387 1537/1718/1389
f 1844/1717/1388 1537/1718/1389 1536/1719/1390
f 1536/1719/1390 1537/1718/1389 1538/1720/1391
f 1538/1720/1391 1537/1718/1389 1563/1716/1387
f 1538/1720/1391 1563/1716/1387 1564/1715/1386
f 1538/1720/1391 1564/1715/1386 1560/1721/1392
f 1538/1720/1391 1560/1721/1392 1555/1722/1393
f 1538/1720/1391 1555/1722/1393 1535/1723/1394
f 1535/1723/1394 1555/1722/1393 1552/1724/1395
f 1535/1723/1394 1552/1724/1395 1553/1725/1396
f 1553/1725/1396 1552/1724/1395 1551/1726/1397
f 1553/1725/1396 1551/1726/1397 1852/1727/1398
f 1852/1727/1398 1551/1726/1397 1850/1728/1399
f 1852/1727/1398 1850/1728/1399 1853/1729/1400
f 1852/1727/1398 1853/1729/1400 1854/1730/1401
f 1852/1727/1398 1854/1730/1401 1843/1731/1402
f 1843/1731/1402 1854/1730/1401 1844/1717/1388
f 1843/1731/1402 1844/1717/1388 1536/1719/1390
f 1843/1731/1402 1536/1719/1390 1553/1725/1396
f 1843/1731/1402 1553/1725/1396 1852/1727/1398
f 1950/1732/1403 1971/1733/1404 1943/1734/1405
f 1948/1735/1406 1953/1736/1407 1943/1734/1405
f 1953/1737/1407 1950/1738/1403 1943/1734/1405
f 1949/1739/1408 1948/1740/1406 1943/1734/1405
f 1947/1741/1409 1949/1742/1408 1943/1734/1405
f 1897/1743/1410 1898/1744/1411 1899/1745/1412
f 1672/1746/1413 1700/1747/1414 1683/1748/1415
f 1672/1746/1413 1680/1749/1416 1679/1750/1417
f 1672/1746/1413 1683/1751/1415 1680/1752/1416
f 1672/1746/1413 1679/1753/1417 1677/1754/1418
f 1672/1746/1413 1677/1755/1418 1678/1756/1419
f 1622/1757/1420 1623/1758/1421 1619/1759/1422
f 1535/1723/1394 1553/1725/1396 1536/1719/1390
f 1535/1723/1394 1536/1719/1390 1538/1720/1391
f 1619/1760/1422 1620/1761/1423 1621/1762/1424
f 1619/1760/1422 1621/1762/1424 1622/1763/1420
f 1418/1764/1425 1438/1765/1426 1439/1766/1427
f 1418/1764/1425 1439/1766/1427 1647/1767/1428
f 1647/1767/1428 1439/1766/1427 1917/1768/1429
f 1917/1768/1429 1439/1766/1427 1765/1769/1430
f 1765/1769/1430 1439/1766/1427 1776/1770/1431
f 1776/1770/1431 1439/1766/1427 1456/1771/1432
f 1776/1770/1431 1456/1771/1432 1777/1772/1433
f 1777/1772/1433 1456/1771/1432 1455/1773/1434
f 1777/1772/1433 1455/1773/1434 1790/1774/1435
f 1790/1774/1435 1455/1773/1434 1475/1775/1436
f 1790/1774/1435 1475/1775/1436 1867/1776/1437
f 1867/1776/1437 1475/1775/1436 1576/1777/1438
f 1576/1777/1438 1475/1775/1436 1574/1778/1439
f 1574/1778/1439 1475/1775/1436 1474/1779/1440
f 1474/1779/1440 1475/1775/1436 1455/1773/1434
f 1474/1779/1440 1455/1773/1434 1449/1780/1441
f 1449/1780/1441 1455/1773/1434 1456/1771/1432
f 1449/1780/1441 1456/1771/1432 1450/1781/1442
f 1450/1781/1442 1456/1771/1432 1439/1766/1427
f 1450/1781/1442 1439/1766/1427 1438/1765/1426
f 1933/1782/1443 1925/1783/1444 1929/1784/1445
f 1929/1784/1445 1925/1783/1444 1924/1785/1446
f 1929/1784/1445 1924/1785/1446 1926/1786/1447
f 1929/1784/1445 1926/1786/1447 1935/1787/1448
f 1929/1784/1445 1935/1787/1448 1934/1788/1449
f 1929/1784/1445 1934/1788/1449 1922/1789/1450
f 1929/1784/1445 1922/1789/1450 1933/1782/1443
f 1760/1790/1451 1759/1791/1452 1781/1792/1453
f 1760/1790/1451 1781/1792/1453 1770/1793/1454
f 1836/1794/1455 1928/1795/1456 1932/1796/1457
f 1932/1796/1457 1928/1795/1456 1927/1797/1458
f 1932/1796/1457 1927/1797/1458 1930/1798/1459
f 1932/1796/1457 1930/1798/1459 1923/1799/1460
f 1932/1796/1457 1923/1799/1460 1931/1800/1461
f 1932/1796/1457 1931/1800/1461 1921/1801/1462
f 1932/1796/1457 1921/1801/1462 1836/1794/1455
f 1766/1802/1463 1769/1803/1464 1963/1804/1465
f 1963/1804/1465 1769/1803/1464 1970/1805/1466
f 1943/1734/1405 1971/1806/1404 1952/1807/1467
f 1943/1734/1405 1952/1807/1467 1951/1808/1468
f 1970/1809/1466 1769/1810/1464 1905/1811/1378
f 1970/1809/1466 1905/1811/1378 1904/1812/1469
f 1904/1812/1469 1905/1811/1378 1962/1813/1470
f 1962/1813/1470 1905/1811/1378 1783/1814/1381
f 1906/1815/1471 1964/1816/1472 1907/1817/1473
f 1906/1815/1471 1907/1817/1473 1902/1818/1474
f 1902/1818/1474 1907/1817/1473 1903/1819/1475
f 1902/1818/1474 1903/1819/1475 1900/1820/1476
f 1902/1818/1474 1900/1820/1476 1901/1821/1477
f 1901/1821/1477 1900/1820/1476 1909/1822/1478
f 1901/1821/1477 1909/1822/1478 1908/1823/1479
f 1938/1824/1480 1879/1825/1481 1939/1826/1482
f 1939/1826/1482 1879/1825/1481 1835/1827/1483
f 1939/1826/1482 1835/1827/1483 1423/1828/1484
f 1423/1828/1484 1835/1827/1483 1579/1829/1485
f 1423/1828/1484 1579/1829/1485 1526/1830/1486
f 1423/1828/1484 1526/1830/1486 1424/1831/1487
f 1424/1831/1487 1526/1830/1486 1599/1832/1488
f 1424/1831/1487 1599/1832/1488 1669/1833/1489
f 1598/1834/1490 1599/1832/1488 1526/1830/1486
f 1598/1834/1490 1526/1830/1486 1525/1835/1491
f 1525/1835/1491 1526/1830/1486 1579/1829/1485
f 1525/1835/1491 1579/1829/1485 1580/1836/1492
f 1580/1836/1492 1579/1829/1485 1834/1837/1493
f 1834/1837/1493 1579/1829/1485 1835/1827/1483
f 1834/1837/1493 1835/1827/1483 1836/1838/1455
f 1836/1838/1455 1835/1827/1483 1879/1825/1481
f 1665/1839/1494 1598/1840/1490 1661/1841/1495
f 1661/1841/1495 1598/1840/1490 1651/1842/1496
f 1661/1841/1495 1651/1842/1496 1652/1843/1497
f 1661/1841/1495 1652/1843/1497 1654/1844/1498
f 1661/1841/1495 1654/1844/1498 1655/1845/1499
f 1661/1841/1495 1655/1845/1499 1664/1846/1500
f 1661/1841/1495 1664/1846/1500 1665/1839/1494
f 1650/1847/1501 1436/1848/1502 1482/1849/1503
f 1482/1849/1503 1436/1848/1502 1437/1850/1504
f 1482/1849/1503 1437/1850/1504 1446/1851/1505
f 1446/1851/1505 1437/1850/1504 1445/1852/1506
f 1446/1851/1505 1445/1852/1506 1488/1853/1507
f 1488/1853/1507 1445/1852/1506 1483/1854/1508
f 1488/1853/1507 1483/1854/1508 1485/1855/1509
f 1485/1855/1509 1483/1854/1508 1484/1856/1510
f 1485/1855/1509 1484/1856/1510 1443/1857/1511
f 1443/1857/1511 1484/1856/1510 1444/1858/1512
f 1443/1857/1511 1444/1858/1512 1447/1859/1513
f 1447/1859/1513 1444/1858/1512 1435/1860/1514
f 1447/1859/1513 1435/1860/1514 1434/1861/1515
f 1434/1861/1515 1435/1860/1514 1433/1862/1516
f 1434/1861/1515 1433/1862/1516 1490/1863/1517
f 1490/1863/1517 1433/1862/1516 1491/1864/1518
f 1490/1863/1517 1491/1864/1518 1489/1865/1519
f 1489/1865/1519 1491/1864/1518 1492/1866/1520
f 1489/1865/1519 1492/1866/1520 1530/1867/1521
f 1530/1867/1521 1492/1866/1520 1527/1868/1522
f 1530/1867/1521 1527/1868/1522 1529/1869/1523
f 1529/1869/1523 1527/1868/1522 1528/1870/1524
f 1529/1869/1523 1528/1870/1524 1702/1871/1525
f 1702/1871/1525 1528/1870/1524 1415/1872/1526
f 1415/1872/1526 1528/1870/1524 1587/1873/1527
f 1415/1872/1526 1587/1873/1527 1416/1874/1528
f 1416/1874/1528 1587/1873/1527 1577/1875/1529
f 1416/1874/1528 1577/1875/1529 1701/1876/1530
f 1701/1876/1530 1577/1875/1529 1534/1877/1531
f 1701/1876/1530 1534/1877/1531 1417/1878/1532
f 1417/1878/1532 1534/1877/1531 1533/1879/1533
f 1417/1878/1532 1533/1879/1533 1607/1880/1534
f 1607/1880/1534 1533/1879/1533 1532/1881/1535
f 1532/1881/1535 1533/1879/1533 1534/1877/1531
f 1532/1881/1535 1534/1877/1531 1531/1882/1536
f 1531/1882/1536 1534/1877/1531 1577/1875/1529
f 1531/1882/1536 1577/1875/1529 1578/1883/1537
f 1578/1883/1537 1577/1875/1529 1587/1873/1527
f 1578/1883/1537 1587/1873/1527 1586/1884/1538
f 1586/1884/1538 1587/1873/1527 1528/1870/1524
f 1586/1884/1538 1528/1870/1524 1527/1868/1522
f 1586/1884/1538 1527/1868/1522 1492/1866/1520
f 1586/1884/1538 1492/1866/1520 1495/1885/1539
f 1586/1884/1538 1495/1885/1539 1578/1883/1537
f 1578/1883/1537 1495/1885/1539 1494/1886/1540
f 1578/1883/1537 1494/1886/1540 1531/1882/1536
f 1531/1882/1536 1494/1886/1540 1868/1887/1541
f 1531/1882/1536 1868/1887/1541 1869/1888/1542
f 1869/1888/1542 1868/1887/1541 1871/1889/1543
f 1869/1888/1542 1871/1889/1543 1973/1890/1544
f 1973/1890/1544 1871/1889/1543 1974/1891/1545
f 1974/1891/1545 1871/1889/1543 1840/1892/1546
f 1974/1891/1545 1840/1892/1546 1975/1893/1547
f 1975/1893/1547 1840/1892/1546 1839/1894/1548
f 1975/1893/1547 1839/1894/1548 1884/1895/1549
f 1884/1895/1549 1839/1894/1548 1885/1896/1550
f 1884/1895/1549 1885/1896/1550 1792/1897/1551
f 1792/1897/1551 1885/1896/1550 1793/1898/1552
f 1792/1897/1551 1793/1898/1552 1794/1899/1553
f 1792/1897/1551 1794/1899/1553 1791/1900/1554
f 1791/1900/1554 1794/1899/1553 1755/1901/1555
f 1791/1900/1554 1755/1901/1555 1758/1902/1556
f 1758/1902/1556 1755/1901/1555 1757/1903/1557
f 1757/1903/1557 1755/1901/1555 1756/1904/1558
f 1757/1903/1557 1756/1904/1558 1766/1905/1463
f 1766/1905/1463 1756/1904/1558 1767/1906/1559
f 1766/1905/1463 1767/1906/1559 1769/1907/1464
f 1769/1907/1464 1767/1906/1559 1768/1908/1560
f 1769/1907/1464 1768/1908/1560 1846/1909/1561
f 1846/1909/1561 1768/1908/1560 1848/1910/1562
f 1846/1909/1561 1848/1910/1562 1849/1911/1563
f 1849/1911/1563 1848/1910/1562 1847/1912/1564
f 1847/1912/1564 1848/1910/1562 1768/1908/1560
f 1847/1912/1564 1768/1908/1560 1543/1913/1565
f 1543/1913/1565 1768/1908/1560 1780/1914/1566
f 1543/1913/1565 1780/1914/1566 1453/1915/1567
f 1453/1915/1567 1780/1914/1566 1779/1916/1568
f 1453/1915/1567 1779/1916/1568 1454/1917/1569
f 1454/1917/1569 1779/1916/1568 1820/1918/1570
f 1454/1917/1569 1820/1918/1570 1508/1919/1571
f 1508/1919/1571 1820/1918/1570 1819/1920/1572
f 1508/1919/1571 1819/1920/1572 1509/1921/1573
f 1508/1919/1571 1509/1921/1573 1703/1922/1574
f 1508/1919/1571 1703/1922/1574 1507/1923/1575
f 1507/1923/1575 1703/1922/1574 1511/1924/1576
f 1507/1923/1575 1511/1924/1576 1510/1925/1577
f 1510/1925/1577 1511/1924/1576 1514/1926/1578
f 1510/1925/1577 1514/1926/1578 1513/1927/1579
f 1513/1927/1579 1514/1926/1578 1705/1928/1580
f 1513/1927/1579 1705/1928/1580 1512/1929/1581
f 1512/1929/1581 1705/1928/1580 1504/1930/1582
f 1512/1929/1581 1504/1930/1582 1503/1931/1583
f 1503/1931/1583 1504/1930/1582 1501/1932/1584
f 1503/1931/1583 1501/1932/1584 1502/1933/1585
f 1502/1933/1585 1501/1932/1584 1500/1934/1586
f 1502/1933/1585 1500/1934/1586 1524/1935/1587
f 1524/1935/1587 1500/1934/1586 1499/1936/1588
f 1524/1935/1587 1499/1936/1588 1521/1937/1589
f 1521/1937/1589 1499/1936/1588 1599/1938/1488
f 1521/1937/1589 1599/1938/1488 1598/1939/1490
f 1521/1937/1589 1598/1939/1490 1663/1940/1590
f 1521/1937/1589 1663/1940/1590 1573/1941/1591
f 1573/1941/1591 1663/1940/1590 1477/1942/1592
f 1477/1942/1592 1663/1940/1590 1662/1943/1593
f 1477/1942/1592 1662/1943/1593 1650/1944/1501
f 1650/1944/1501 1662/1943/1593 1651/1945/1496
f 1650/1944/1501 1651/1945/1496 1598/1939/1490
f 1599/1938/1488 1499/1936/1588 1669/1946/1489
f 1669/1946/1489 1499/1936/1588 1498/1947/1594
f 1669/1946/1489 1498/1947/1594 1668/1948/1595
f 1669/1946/1489 1668/1948/1595 1667/1949/1596
f 1667/1949/1596 1668/1948/1595 1596/1950/1597
f 1667/1949/1596 1596/1950/1597 1421/1951/1598
f 1421/1951/1598 1596/1950/1597 1597/1952/1599
f 1597/1952/1599 1596/1950/1597 1594/1953/1600
f 1597/1952/1599 1594/1953/1600 1595/1954/1601
f 1595/1954/1601 1594/1953/1600 1592/1955/1602
f 1595/1954/1601 1592/1955/1602 1593/1956/1603
f 1593/1956/1603 1592/1955/1602 1591/1957/1604
f 1593/1956/1603 1591/1957/1604 1473/1958/1605
f 1473/1958/1605 1591/1957/1604 1589/1959/1606
f 1473/1958/1605 1589/1959/1606 1588/1960/1607
f 1588/1960/1607 1589/1959/1606 1590/1961/1608
f 1588/1960/1607 1590/1961/1608 1575/1962/1609
f 1575/1962/1609 1590/1961/1608 1866/1963/1610
f 1866/1963/1610 1590/1961/1608 1872/1964/1611
f 1866/1963/1610 1872/1964/1611 1873/1965/1612
f 1873/1965/1612 1872/1964/1611 1874/1966/1613
f 1873/1965/1612 1874/1966/1613 1778/1967/1614
f 1778/1967/1614 1874/1966/1613 1875/1968/1615
f 1778/1967/1614 1875/1968/1615 1775/1969/1616
f 1775/1969/1616 1875/1968/1615 1876/1970/1617
f 1775/1969/1616 1876/1970/1617 1878/1971/1618
f 1878/1971/1618 1876/1970/1617 1877/1972/1619
f 1878/1971/1618 1877/1972/1619 1748/1973/1620
f 1748/1973/1620 1877/1972/1619 1753/1974/1621
f 1753/1974/1621 1877/1972/1619 1937/1975/1622
f 1753/1974/1621 1937/1975/1622 1938/1976/1480
f 1938/1976/1480 1937/1975/1622 1813/1977/1623
f 1938/1976/1480 1813/1977/1623 1812/1978/1624
f 1938/1976/1480 1812/1978/1624 1879/1979/1481
f 1879/1979/1481 1812/1978/1624 1830/1980/1625
f 1879/1979/1481 1830/1980/1625 1836/1981/1455
f 1836/1981/1455 1830/1980/1625 1922/1982/1450
f 1922/1982/1450 1830/1980/1625 1865/1983/1626
f 1922/1982/1450 1865/1983/1626 1794/1899/1553
f 1794/1899/1553 1865/1983/1626 1755/1901/1555
f 1755/1901/1555 1865/1983/1626 1833/1984/1627
f 1833/1984/1627 1865/1983/1626 1830/1980/1625
f 1833/1984/1627 1830/1980/1625 1831/1985/1628
f 1831/1985/1628 1830/1980/1625 1812/1978/1624
f 1831/1985/1628 1812/1978/1624 1811/1986/1629
f 1811/1986/1629 1812/1978/1624 1810/1987/1630
f 1810/1987/1630 1812/1978/1624 1813/1977/1623
f 1810/1987/1630 1813/1977/1623 1965/1988/1631
f 1965/1988/1631 1813/1977/1623 1936/1989/1632
f 1936/1989/1632 1813/1977/1623 1937/1975/1622
f 1936/1989/1632 1937/1975/1622 1877/1972/1619
f 1936/1989/1632 1877/1972/1619 1881/1990/1633
f 1881/1990/1633 1877/1972/1619 1876/1970/1617
f 1881/1990/1633 1876/1970/1617 1880/1991/1634
f 1880/1991/1634 1876/1970/1617 1875/1968/1615
f 1880/1991/1634 1875/1968/1615 1882/1992/1635
f 1882/1992/1635 1875/1968/1615 1874/1966/1613
f 1882/1992/1635 1874/1966/1613 1883/1993/1636
f 1883/1993/1636 1874/1966/1613 1872/1964/1611
f 1883/1993/1636 1872/1964/1611 1604/1994/1637
f 1604/1994/1637 1872/1964/1611 1590/1961/1608
f 1604/1994/1637 1590/1961/1608 1589/1959/1606
f 1604/1994/1637 1589/1959/1606 1603/1995/1638
f 1603/1995/1638 1589/1959/1606 1591/1957/1604
f 1603/1995/1638 1591/1957/1604 1602/1996/1639
f 1602/1996/1639 1591/1957/1604 1592/1955/1602
f 1602/1996/1639 1592/1955/1602 1601/1997/1640
f 1601/1997/1640 1592/1955/1602 1594/1953/1600
f 1601/1997/1640 1594/1953/1600 1600/1998/1641
f 1600/1998/1641 1594/1953/1600 1596/1950/1597
f 1600/1998/1641 1596/1950/1597 1666/1999/1642
f 1666/1999/1642 1596/1950/1597 1668/1948/1595
f 1666/1999/1642 1668/1948/1595 1498/1947/1594
f 1666/1999/1642 1498/1947/1594 1693/2000/1643
f 1693/2000/1643 1498/1947/1594 1497/2001/1644
f 1497/2001/1644 1498/1947/1594 1499/1936/1588
f 1497/2001/1644 1499/1936/1588 1500/1934/1586
f 1497/2001/1644 1500/1934/1586 1501/1932/1584
f 1497/2001/1644 1501/1932/1584 1506/2002/1645
f 1506/2002/1645 1501/1932/1584 1504/1930/1582
f 1506/2002/1645 1504/1930/1582 1505/2003/1646
f 1505/2003/1646 1504/1930/1582 1726/2004/1647
f 1505/2003/1646 1726/2004/1647 1472/2005/1648
f 1472/2005/1648 1726/2004/1647 1469/2006/1649
f 1472/2005/1648 1469/2006/1649 1471/2007/1650
f 1471/2007/1650 1469/2006/1649 1728/2008/1651
f 1471/2007/1650 1728/2008/1651 1470/2009/1652
f 1470/2009/1652 1728/2008/1651 1466/2010/1653
f 1470/2009/1652 1466/2010/1653 1465/2011/1654
f 1465/2011/1654 1466/2010/1653 1467/2012/1655
f 1465/2011/1654 1467/2012/1655 1468/2013/1656
f 1468/2013/1656 1467/2012/1655 1784/2014/1657
f 1784/2014/1657 1467/2012/1655 1785/2015/1658
f 1784/2014/1657 1785/2015/1658 1787/2016/1659
f 1787/2016/1659 1785/2015/1658 1788/2017/1660
f 1787/2016/1659 1788/2017/1660 1786/2018/1661
f 1786/2018/1661 1788/2017/1660 1997/2019/1662
f 1786/2018/1661 1997/2019/1662 1789/2020/1663
f 1789/2020/1663 1997/2019/1662 1999/2021/1664
f 1789/2020/1663 1999/2021/1664 1818/2022/1665
f 1818/2022/1665 1999/2021/1664 1981/2023/1666
f 1818/2022/1665 1981/2023/1666 1817/2024/1667
f 1817/2024/1667 1981/2023/1666 1814/2025/1668
f 1817/2024/1667 1814/2025/1668 1810/1987/1630
f 1810/1987/1630 1814/2025/1668 1811/1986/1629
f 1811/1986/1629 1814/2025/1668 1816/2026/1669
f 1811/1986/1629 1816/2026/1669 1831/1985/1628
f 1831/1985/1628 1816/2026/1669 1832/2027/1670
f 1831/1985/1628 1832/2027/1670 1833/1984/1627
f 1833/1984/1627 1832/2027/1670 1829/2028/1671
f 1833/1984/1627 1829/2028/1671 1755/1901/1555
f 1755/1901/1555 1829/2028/1671 1756/1904/1558
f 1756/1904/1558 1829/2028/1671 1828/2029/1672
f 1756/1904/1558 1828/2029/1672 1767/1906/1559
f 1767/1906/1559 1828/2029/1672 1824/2030/1673
f 1767/1906/1559 1824/2030/1673 1768/1908/1560
f 1768/1908/1560 1824/2030/1673 1780/1914/1566
f 1780/1914/1566 1824/2030/1673 1825/2031/1674
f 1780/1914/1566 1825/2031/1674 1779/1916/1568
f 1779/1916/1568 1825/2031/1674 1821/2032/1675
f 1779/1916/1568 1821/2032/1675 1820/1918/1570
f 1820/1918/1570 1821/2032/1675 1983/2033/1676
f 1820/1918/1570 1983/2033/1676 1819/1920/1572
f 1922/1982/1450 1794/1899/1553 1933/2034/1443
f 1933/2034/1443 1794/1899/1553 1920/2035/1677
f 1933/2034/1443 1920/2035/1677 1921/2036/1462
f 1921/2036/1462 1920/2035/1677 1836/1981/1455
f 1660/2037/1678 1662/2038/1593 1658/2039/1679
f 1658/2039/1679 1662/2038/1593 1663/2040/1590
f 1658/2039/1679 1663/2040/1590 1657/2041/1680
f 1658/2039/1679 1657/2041/1680 1656/2042/1681
f 1658/2039/1679 1656/2042/1681 1659/2043/1682
f 1658/2039/1679 1659/2043/1682 1653/2044/1683
f 1658/2039/1679 1653/2044/1683 1660/2037/1678
f 1436/1848/1502 1581/2045/1684 1437/1850/1504
f 1437/1850/1504 1581/2045/1684 1582/2046/1685
f 1437/1850/1504 1582/2046/1685 1445/1852/1506
f 1445/1852/1506 1582/2046/1685 1583/2047/1686
f 1445/1852/1506 1583/2047/1686 1483/1854/1508
f 1483/1854/1508 1583/2047/1686 1584/2048/1687
f 1483/1854/1508 1584/2048/1687 1484/1856/1510
f 1484/1856/1510 1584/2048/1687 1585/2049/1688
f 1484/1856/1510 1585/2049/1688 1444/1858/1512
f 1444/1858/1512 1585/2049/1688 1459/2050/1689
f 1444/1858/1512 1459/2050/1689 1458/2051/1690
f 1444/1858/1512 1458/2051/1690 1435/1860/1514
f 1435/1860/1514 1458/2051/1690 1433/1862/1516
f 1433/1862/1516 1458/2051/1690 1461/2052/1691
f 1433/1862/1516 1461/2052/1691 1491/1864/1518
f 1491/1864/1518 1461/2052/1691 1496/2053/1692
f 1491/1864/1518 1496/2053/1692 1492/1866/1520
f 1492/1866/1520 1496/2053/1692 1495/1885/1539
f 1495/1885/1539 1496/2053/1692 1493/2054/1693
f 1495/1885/1539 1493/2054/1693 1494/1886/1540
f 1494/1886/1540 1493/2054/1693 1809/2055/1694
f 1494/1886/1540 1809/2055/1694 1868/1887/1541
f 1868/1887/1541 1809/2055/1694 1870/2056/1695
f 1868/1887/1541 1870/2056/1695 1871/1889/1543
f 1871/1889/1543 1870/2056/1695 1840/1892/1546
f 1840/1892/1546 1870/2056/1695 1837/2057/1696
f 1840/1892/1546 1837/2057/1696 1839/1894/1548
f 1839/1894/1548 1837/2057/1696 1838/2058/1697
f 1839/1894/1548 1838/2058/1697 1885/1896/1550
f 1885/1896/1550 1838/2058/1697 1797/2059/1698
f 1885/1896/1550 1797/2059/1698 1793/1898/1552
f 1793/1898/1552 1797/2059/1698 1796/2060/1699
f 1793/1898/1552 1796/2060/1699 1794/1899/1553
f 1794/1899/1553 1796/2060/1699 1920/2035/1677
f 1920/2035/1677 1796/2060/1699 1795/2061/1700
f 1795/2061/1700 1796/2060/1699 1797/2059/1698
f 1795/2061/1700 1797/2059/1698 1771/2062/1701
f 1771/2062/1701 1797/2059/1698 1802/2063/1702
f 1771/2062/1701 1802/2063/1702 1798/2064/1703
f 1798/2064/1703 1802/2063/1702 1803/2065/1704
f 1798/2064/1703 1803/2065/1704 1801/2066/1705
f 1801/2066/1705 1803/2065/1704 1774/2067/1706
f 1801/2066/1705 1774/2067/1706 1773/2068/1707
f 1773/2068/1707 1774/2067/1706 1761/2069/1708
f 1761/2069/1708 1774/2067/1706 1762/2070/1709
f 1762/2070/1709 1774/2067/1706 1803/2065/1704
f 1762/2070/1709 1803/2065/1704 1805/2071/1710
f 1805/2071/1710 1803/2065/1704 1802/2063/1702
f 1805/2071/1710 1802/2063/1702 1804/2072/1711
f 1804/2072/1711 1802/2063/1702 1797/2059/1698
f 1804/2072/1711 1797/2059/1698 1838/2058/1697
f 1804/2072/1711 1838/2058/1697 1807/2073/1712
f 1807/2073/1712 1838/2058/1697 1837/2057/1696
f 1807/2073/1712 1837/2057/1696 1870/2056/1695
f 1807/2073/1712 1870/2056/1695 1809/2055/1694
f 1807/2073/1712 1809/2055/1694 1808/2074/1713
f 1808/2074/1713 1809/2055/1694 1493/2054/1693
f 1808/2074/1713 1493/2054/1693 1460/2075/1714
f 1460/2075/1714 1493/2054/1693 1496/2053/1692
f 1460/2075/1714 1496/2053/1692 1461/2052/1691
f 1460/2075/1714 1461/2052/1691 1457/2076/1715
f 1457/2076/1715 1461/2052/1691 1458/2051/1690
f 1457/2076/1715 1458/2051/1690 1459/2050/1689
f 1457/2076/1715 1459/2050/1689 1781/1792/1453
f 1781/1792/1453 1459/2050/1689 1770/1793/1454
f 1770/1793/1454 1459/2050/1689 1585/2049/1688
f 1770/1793/1454 1585/2049/1688 1799/2077/1716
f 1799/2077/1716 1585/2049/1688 1584/2048/1687
f 1799/2077/1716 1584/2048/1687 1800/2078/1717
f 1800/2078/1717 1584/2048/1687 1583/2047/1686
f 1800/2078/1717 1583/2047/1686 1772/2079/1718
f 1772/2079/1718 1583/2047/1686 1582/2046/1685
f 1772/2079/1718 1582/2046/1685 1763/2080/1719
f 1763/2080/1719 1582/2046/1685 1581/2045/1684
f 1763/2080/1719 1581/2045/1684 1764/2081/1720
f 1763/2080/1719 1764/2081/1720 1795/2082/1700
f 1795/2082/1700 1764/2081/1720 1920/2083/1677
f 1763/2080/1719 1795/2082/1700 1771/2084/1701
f 1763/2080/1719 1771/2084/1701 1772/2079/1718
f 1772/2079/1718 1771/2084/1701 1798/2085/1703
f 1772/2079/1718 1798/2085/1703 1800/2078/1717
f 1800/2078/1717 1798/2085/1703 1801/2086/1705
f 1800/2078/1717 1801/2086/1705 1799/2077/1716
f 1799/2077/1716 1801/2086/1705 1773/2087/1707
f 1799/2077/1716 1773/2087/1707 1770/1793/1454
f 1770/1793/1454 1773/2087/1707 1761/2088/1708
f 1770/1793/1454 1761/2088/1708 1760/1790/1451
f 1760/1790/1451 1761/2088/1708 1762/2070/1709
f 1760/1790/1451 1762/2070/1709 1759/1791/1452
f 1759/1791/1452 1762/2070/1709 1805/2071/1710
f 1759/1791/1452 1805/2071/1710 1806/2089/1721
f 1806/2089/1721 1805/2071/1710 1804/2072/1711
f 1806/2089/1721 1804/2072/1711 1807/2073/1712
f 1806/2089/1721 1807/2073/1712 1808/2074/1713
f 1806/2089/1721 1808/2074/1713 1782/2090/1722
f 1782/2090/1722 1808/2074/1713 1460/2075/1714
f 1782/2090/1722 1460/2075/1714 1457/2076/1715
f 1782/2090/1722 1457/2076/1715 1781/1792/1453
f 1782/2090/1722 1781/1792/1453 1759/1791/1452
f 1782/2090/1722 1759/1791/1452 1806/2089/1721
f 1836/2091/1455 1922/2092/1450 1928/2093/1456
f 1928/2093/1456 1922/2092/1450 1934/2094/1449
f 1928/2093/1456 1934/2094/1449 1927/2095/1458
f 1927/2095/1458 1934/2094/1449 1935/2096/1448
f 1927/2095/1458 1935/2096/1448 1926/2097/1447
f 1927/2095/1458 1926/2097/1447 1930/2098/1459
f 1930/2098/1459 1926/2097/1447 1924/2099/1446
f 1930/2098/1459 1924/2099/1446 1923/2100/1460
f 1923/2100/1460 1924/2099/1446 1925/2101/1444
f 1923/2100/1460 1925/2101/1444 1931/2102/1461
f 1931/2102/1461 1925/2101/1444 1921/2103/1462
f 1921/2103/1462 1925/2101/1444 1933/2104/1443
f 1897/2105/1410 1899/2106/1412 1894/2107/1723
f 1897/2105/1410 1894/2107/1723 1893/2108/1724
f 1748/2109/1620 1917/1768/1429 1878/2110/1618
f 1878/2110/1618 1917/1768/1429 1765/1769/1430
f 1878/2110/1618 1765/1769/1430 1775/2111/1616
f 1775/2111/1616 1765/1769/1430 1776/1770/1431
f 1775/2111/1616 1776/1770/1431 1778/2112/1614
f 1778/2112/1614 1776/1770/1431 1777/1772/1433
f 1778/2112/1614 1777/1772/1433 1873/2113/1612
f 1873/2113/1612 1777/1772/1433 1790/1774/1435
f 1873/2113/1612 1790/1774/1435 1867/1776/1437
f 1873/2113/1612 1867/1776/1437 1866/2114/1610
f 1866/2114/1610 1867/1776/1437 1575/2115/1609
f 1575/2115/1609 1867/1776/1437 1576/1777/1438
f 1575/2115/1609 1576/1777/1438 1574/1778/1439
f 1575/2115/1609 1574/1778/1439 1588/2116/1607
f 1588/2116/1607 1574/1778/1439 1473/2117/1605
f 1473/2117/1605 1574/1778/1439 1474/1779/1440
f 1473/2117/1605 1474/1779/1440 1449/1780/1441
f 1473/2117/1605 1449/1780/1441 1593/2118/1603
f 1593/2118/1603 1449/1780/1441 1450/1781/1442
f 1593/2118/1603 1450/1781/1442 1595/2119/1601
f 1595/2119/1601 1450/1781/1442 1438/1765/1426
f 1595/2119/1601 1438/1765/1426 1597/2120/1599
f 1597/2120/1599 1438/1765/1426 1418/1764/1425
f 1597/2120/1599 1418/1764/1425 1421/2121/1598
f 1690/2122/1725 1440/2123/1726 1691/2124/1727
f 1690/2122/1725 1691/2124/1727 1699/2125/1728
f 1700/2126/1414 1672/1746/1413 1682/2127/1729
f 1682/2127/1729 1672/1746/1413 1681/2128/1730
f 1690/2129/1725 1699/2130/1728 1628/2131/1731
f 1628/2131/1731 1699/2130/1728 1629/2132/1732
f 1628/2131/1731 1629/2132/1732 1630/2133/1733
f 1628/2131/1731 1630/2133/1733 1464/2134/1734
f 1692/2135/1735 1632/2136/1736 1631/2137/1737
f 1631/2137/1737 1632/2136/1736 1626/2138/1738
f 1631/2137/1737 1626/2138/1738 1625/2139/1739
f 1625/2139/1739 1626/2138/1738 1624/2140/1740
f 1624/2140/1740 1626/2138/1738 1627/2141/1741
f 1624/2140/1740 1627/2141/1741 1634/2142/1742
f 1634/2142/1742 1627/2141/1741 1633/2143/1743
f 1836/1838/1455 1920/2083/1677 1834/1837/1493
f 1834/1837/1493 1920/2083/1677 1764/2081/1720
f 1834/1837/1493 1764/2081/1720 1580/1836/1492
f 1580/1836/1492 1764/2081/1720 1581/2045/1684
f 1580/1836/1492 1581/2045/1684 1436/1848/1502
f 1580/1836/1492 1436/1848/1502 1525/1835/1491
f 1525/1835/1491 1436/1848/1502 1650/1847/1501
f 1525/1835/1491 1650/1847/1501 1598/1834/1490
f 1663/2144/1590 1598/2145/1490 1665/2146/1494
f 1663/2144/1590 1665/2146/1494 1657/2147/1680
f 1657/2147/1680 1665/2146/1494 1664/2148/1500
f 1657/2147/1680 1664/2148/1500 1656/2149/1681
f 1656/2149/1681 1664/2148/1500 1659/2150/1682
f 1659/2150/1682 1664/2148/1500 1655/2151/1499
f 1659/2150/1682 1655/2151/1499 1653/2152/1683
f 1653/2152/1683 1655/2151/1499 1654/2153/1498
f 1653/2152/1683 1654/2153/1498 1660/2154/1678
f 1660/2154/1678 1654/2153/1498 1652/2155/1497
f 1660/2154/1678 1652/2155/1497 1651/2156/1496
f 1660/2154/1678 1651/2156/1496 1662/2157/1593
f 1466/2158/1653 1728/2159/1651 1729/2160/1744
f 1729/2160/1744 1728/2159/1651 1724/2161/1745
f 1785/2162/1658 1996/2163/1746 1788/2164/1660
f 1788/2164/1660 1996/2163/1746 2000/2165/1747
f 1788/2166/1660 2000/2167/1747 1998/2168/1748
f 1788/2166/1660 1998/2168/1748 1997/2169/1662
f 1997/2170/1662 1998/2171/1748 1999/2172/1664
f 1999/2172/1664 1998/2171/1748 1994/2173/1749
f 1999/2174/1664 1994/2175/1749 1981/2176/1666
f 1981/2176/1666 1994/2175/1749 1995/2177/1750
f 1817/2024/1667 1810/1987/1630 1859/2178/1751
f 1817/2024/1667 1859/2178/1751 1818/2022/1665
f 1818/2022/1665 1859/2178/1751 1789/2020/1663
f 1789/2020/1663 1859/2178/1751 1860/2179/1752
f 1789/2020/1663 1860/2179/1752 1786/2018/1661
f 1786/2018/1661 1860/2179/1752 1861/2180/1753
f 1786/2018/1661 1861/2180/1753 1787/2016/1659
f 1787/2016/1659 1861/2180/1753 1862/2181/1754
f 1787/2016/1659 1862/2181/1754 1784/2014/1657
f 1784/2014/1657 1862/2181/1754 1863/2182/1755
f 1784/2014/1657 1863/2182/1755 1569/2183/1756
f 1784/2014/1657 1569/2183/1756 1468/2013/1656
f 1468/2013/1656 1569/2183/1756 1465/2011/1654
f 1465/2011/1654 1569/2183/1756 1570/2184/1757
f 1465/2011/1654 1570/2184/1757 1568/2185/1758
f 1465/2011/1654 1568/2185/1758 1470/2009/1652
f 1470/2009/1652 1568/2185/1758 1566/2186/1759
f 1470/2009/1652 1566/2186/1759 1471/2007/1650
f 1471/2007/1650 1566/2186/1759 1567/2187/1760
f 1471/2007/1650 1567/2187/1760 1472/2005/1648
f 1472/2005/1648 1567/2187/1760 1565/2188/1761
f 1472/2005/1648 1565/2188/1761 1505/2003/1646
f 1505/2003/1646 1565/2188/1761 1506/2002/1645
f 1506/2002/1645 1565/2188/1761 1497/2001/1644
f 1497/2001/1644 1565/2188/1761 1693/2000/1643
f 1693/2000/1643 1565/2188/1761 1567/2187/1760
f 1693/2000/1643 1567/2187/1760 1694/2189/1762
f 1694/2189/1762 1567/2187/1760 1566/2186/1759
f 1694/2189/1762 1566/2186/1759 1695/2190/1763
f 1695/2190/1763 1566/2186/1759 1568/2185/1758
f 1695/2190/1763 1568/2185/1758 1696/2191/1764
f 1696/2191/1764 1568/2185/1758 1570/2184/1757
f 1696/2191/1764 1570/2184/1757 1697/2192/1765
f 1697/2192/1765 1570/2184/1757 1569/2183/1756
f 1697/2192/1765 1569/2183/1756 1698/2193/1766
f 1698/2193/1766 1569/2183/1756 1969/2194/1767
f 1969/2194/1767 1569/2183/1756 1863/2182/1755
f 1969/2194/1767 1863/2182/1755 1968/2195/1768
f 1968/2195/1768 1863/2182/1755 1862/2181/1754
f 1968/2195/1768 1862/2181/1754 1967/2196/1769
f 1967/2196/1769 1862/2181/1754 1861/2180/1753
f 1967/2196/1769 1861/2180/1753 1966/2197/1770
f 1966/2197/1770 1861/2180/1753 1860/2179/1752
f 1966/2197/1770 1860/2179/1752 1965/1988/1631
f 1965/1988/1631 1860/2179/1752 1859/2178/1751
f 1965/1988/1631 1859/2178/1751 1810/1987/1630
f 1965/1988/1631 1936/1989/1632 1966/2197/1770
f 1966/2197/1770 1936/1989/1632 1881/1990/1633
f 1966/2197/1770 1881/1990/1633 1967/2196/1769
f 1967/2196/1769 1881/1990/1633 1880/1991/1634
f 1967/2196/1769 1880/1991/1634 1968/2195/1768
f 1968/2195/1768 1880/1991/1634 1882/1992/1635
f 1968/2195/1768 1882/1992/1635 1969/2194/1767
f 1969/2194/1767 1882/1992/1635 1883/1993/1636
f 1969/2194/1767 1883/1993/1636 1698/2193/1766
f 1698/2193/1766 1883/1993/1636 1604/1994/1637
f 1698/2193/1766 1604/1994/1637 1603/1995/1638
f 1698/2193/1766 1603/1995/1638 1697/2192/1765
f 1697/2192/1765 1603/1995/1638 1602/1996/1639
f 1697/2192/1765 1602/1996/1639 1696/2191/1764
f 1696/2191/1764 1602/1996/1639 1601/1997/1640
f 1696/2191/1764 1601/1997/1640 1695/2190/1763
f 1695/2190/1763 1601/1997/1640 1600/1998/1641
f 1695/2190/1763 1600/1998/1641 1694/2189/1762
f 1694/2189/1762 1600/1998/1641 1666/1999/1642
f 1694/2189/1762 1666/1999/1642 1693/2000/1643
f 1476/2198/1771 1430/2199/1772 1429/2200/1773
f 1429/2200/1773 1430/2199/1772 1431/2201/1774
f 1429/2200/1773 1431/2201/1774 1432/2202/1775
f 1432/2202/1775 1431/2201/1774 1440/2203/1726
f 1432/2202/1775 1440/2203/1726 1442/2204/1776
f 1442/2204/1776 1440/2203/1726 1690/2205/1725
f 1442/2204/1776 1690/2205/1725 1441/2206/1777
f 1441/2206/1777 1690/2205/1725 1542/2207/1778
f 1441/2206/1777 1542/2207/1778 1546/2208/1779
f 1546/2208/1779 1542/2207/1778 1548/2209/1780
f 1546/2208/1779 1548/2209/1780 1544/2210/1781
f 1546/2208/1779 1544/2210/1781 1441/2206/1777
f 1441/2206/1777 1544/2210/1781 1543/1913/1565
f 1441/2206/1777 1543/1913/1565 1452/2211/1782
f 1452/2211/1782 1543/1913/1565 1453/1915/1567
f 1452/2211/1782 1453/1915/1567 1451/2212/1783
f 1451/2212/1783 1453/1915/1567 1454/1917/1569
f 1747/2213/1784 1721/2214/1785 1741/2215/1786
f 1747/2213/1784 1741/2215/1786 1993/2216/1787
f 1993/2216/1787 1741/2215/1786 1742/2217/1788
f 1993/2216/1787 1742/2217/1788 1989/2218/1789
f 1989/2218/1789 1742/2217/1788 1990/2219/1790
f 1990/2219/1790 1742/2217/1788 1743/2220/1791
f 1990/2219/1790 1743/2220/1791 1985/2221/1792
f 1985/2221/1792 1743/2220/1791 1986/2222/1793
f 1986/2222/1793 1743/2220/1791 1719/2223/1794
f 1719/2223/1794 1743/2220/1791 1712/2224/1795
f 1712/2224/1795 1743/2220/1791 1713/2225/1796
f 1713/2225/1796 1743/2220/1791 1716/2226/1797
f 1716/2226/1797 1743/2220/1791 1742/2217/1788
f 1716/2226/1797 1742/2217/1788 1717/2227/1798
f 1717/2227/1798 1742/2217/1788 1721/2214/1785
f 1721/2214/1785 1742/2217/1788 1741/2215/1786
f 1705/2228/1580 1514/2229/1578 1709/2230/1799
f 1705/2228/1580 1709/2230/1799 1707/2231/1800
f 1454/1917/1569 1508/1919/1571 1507/1923/1575
f 1454/1917/1569 1507/1923/1575 1451/2212/1783
f 1451/2212/1783 1507/1923/1575 1510/1925/1577
f 1451/2212/1783 1510/1925/1577 1516/2232/1801
f 1516/2232/1801 1510/1925/1577 1513/1927/1579
f 1516/2232/1801 1513/1927/1579 1520/2233/1802
f 1520/2233/1802 1513/1927/1579 1512/1929/1581
f 1520/2233/1802 1512/1929/1581 1517/2234/1803
f 1517/2234/1803 1512/1929/1581 1503/1931/1583
f 1517/2234/1803 1503/1931/1583 1523/2235/1804
f 1523/2235/1804 1503/1931/1583 1502/1933/1585
f 1523/2235/1804 1502/1933/1585 1524/1935/1587
f 1523/2235/1804 1524/1935/1587 1522/2236/1805
f 1522/2236/1805 1524/1935/1587 1521/1937/1589
f 1522/2236/1805 1521/1937/1589 1573/1941/1591
f 1522/2236/1805 1573/1941/1591 1429/2200/1773
f 1429/2200/1773 1573/1941/1591 1477/1942/1592
f 1429/2200/1773 1477/1942/1592 1476/2198/1771
f 1476/2198/1771 1477/1942/1592 1479/2237/1806
f 1479/2237/1806 1477/1942/1592 1478/2238/1807
f 1479/2237/1806 1478/2238/1807 1605/2239/1808
f 1479/2237/1806 1605/2239/1808 1606/2240/1809
f 1606/2240/1809 1605/2239/1808 1529/1869/1523
f 1606/2240/1809 1529/1869/1523 1702/1871/1525
f 1452/2211/1782 1451/2212/1783 1516/2232/1801
f 1452/2211/1782 1516/2232/1801 1515/2241/1810
f 1515/2241/1810 1516/2232/1801 1520/2233/1802
f 1515/2241/1810 1520/2233/1802 1519/2242/1811
f 1519/2242/1811 1520/2233/1802 1517/2234/1803
f 1519/2242/1811 1517/2234/1803 1518/2243/1812
f 1518/2243/1812 1517/2234/1803 1523/2235/1804
f 1518/2243/1812 1523/2235/1804 1522/2236/1805
f 1518/2243/1812 1522/2236/1805 1429/2200/1773
f 1518/2243/1812 1429/2200/1773 1432/2202/1775
f 1518/2243/1812 1432/2202/1775 1519/2242/1811
f 1519/2242/1811 1432/2202/1775 1442/2204/1776
f 1519/2242/1811 1442/2204/1776 1515/2241/1810
f 1515/2241/1810 1442/2204/1776 1441/2206/1777
f 1515/2241/1810 1441/2206/1777 1452/2211/1782
f 1981/2244/1666 1995/2245/1750 1982/2246/1813
f 1981/2244/1666 1982/2246/1813 1977/2247/1814
f 1977/2248/1814 1982/2249/1813 1978/2250/1815
f 1977/2248/1814 1978/2250/1815 1979/2251/1816
f 1822/2252/1817 1827/2253/1818 1823/2254/1819
f 1823/2254/1819 1827/2253/1818 1826/2255/1820
f 1823/2254/1819 1826/2255/1820 1815/2256/1821
f 1979/2257/1816 1978/2258/1815 1976/2259/1822
f 1979/2257/1816 1976/2259/1822 1983/2260/1676
f 1983/2033/1676 1821/2032/1675 1979/2261/1816
f 1979/2261/1816 1821/2032/1675 1822/2252/1817
f 1979/2261/1816 1822/2252/1817 1977/2262/1814
f 1977/2262/1814 1822/2252/1817 1823/2254/1819
f 1977/2262/1814 1823/2254/1819 1981/2023/1666
f 1981/2023/1666 1823/2254/1819 1815/2256/1821
f 1981/2023/1666 1815/2256/1821 1814/2025/1668
f 1814/2025/1668 1815/2256/1821 1816/2026/1669
f 1816/2026/1669 1815/2256/1821 1832/2027/1670
f 1832/2027/1670 1815/2256/1821 1826/2255/1820
f 1832/2027/1670 1826/2255/1820 1829/2028/1671
f 1829/2028/1671 1826/2255/1820 1828/2029/1672
f 1828/2029/1672 1826/2255/1820 1827/2253/1818
f 1828/2029/1672 1827/2253/1818 1824/2030/1673
f 1824/2030/1673 1827/2253/1818 1825/2031/1674
f 1825/2031/1674 1827/2253/1818 1822/2252/1817
f 1825/2031/1674 1822/2252/1817 1821/2032/1675
f 1983/2263/1676 1976/2264/1822 1819/2265/1572
f 1819/2265/1572 1976/2264/1822 1980/2266/1823
f 1819/2267/1572 1980/2268/1823 1706/2269/1824
f 1819/2267/1572 1706/2269/1824 1509/2270/1573
f 1509/2270/1573 1706/2269/1824 1703/2271/1574
f 1703/2271/1574 1706/2269/1824 1704/2272/1825
f 2133/2273/1826 2020/2274/1827 2019/2275/1828
f 2133/2273/1826 2019/2275/1828 2134/2276/1829
f 2134/2276/1829 2019/2275/1828 2136/2277/1830
f 2136/2277/1830 2019/2275/1828 2018/2278/1831
f 2136/2277/1830 2018/2278/1831 2138/2279/1832
f 2138/2279/1832 2018/2278/1831 2017/2280/1833
f 2138/2279/1832 2017/2280/1833 2140/2281/1834
f 2140/2281/1834 2017/2280/1833 2026/2282/1835
f 2140/2281/1834 2026/2282/1835 2142/2283/1836
f 2142/2283/1836 2026/2282/1835 2023/2284/1837
f 2142/2283/1836 2023/2284/1837 2144/2285/1838
f 2144/2285/1838 2023/2284/1837 2022/2286/1839
f 2144/2285/1838 2022/2286/1839 2027/2287/1840
f 2144/2285/1838 2027/2287/1840 2132/2288/1841
f 2144/2285/1838 2132/2288/1841 2037/2289/1842
f 2144/2285/1838 2037/2289/1842 2145/2290/1843
f 2144/2285/1838 2145/2290/1843 2142/2283/1836
f 2142/2283/1836 2145/2290/1843 2143/2291/1844
f 2142/2283/1836 2143/2291/1844 2140/2281/1834
f 2140/2281/1834 2143/2291/1844 2141/2292/1845
f 2140/2281/1834 2141/2292/1845 2138/2279/1832
f 2313/2293/1846 2181/2294/1847 2312/2295/1848
f 2312/2295/1848 2181/2294/1847 2180/2296/1849
f 2312/2295/1848 2180/2296/1849 2226/2297/1850
f 2312/2295/1848 2226/2297/1850 2330/2298/1851
f 2330/2298/1851 2226/2297/1850 2355/2299/1852
f 2355/2299/1852 2226/2297/1850 2397/2300/1853
f 2355/2299/1852 2397/2300/1853 2398/2301/1854
f 2398/2301/1854 2397/2300/1853 2125/2302/1855
f 2125/2302/1855 2397/2300/1853 2196/2303/1856
f 2125/2302/1855 2196/2303/1856 2124/2304/1857
f 2124/2304/1857 2196/2303/1856 2123/2305/1858
f 2123/2305/1858 2196/2303/1856 2126/2306/1859
f 2123/2305/1858 2126/2306/1859 2121/2307/1860
f 2123/2305/1858 2121/2307/1860 2122/2308/1861
f 2122/2308/1861 2121/2307/1860 2277/2309/1862
f 2122/2308/1861 2277/2309/1862 2276/2310/1863
f 2122/2308/1861 2276/2310/1863 2127/2311/1864
f 2122/2308/1861 2127/2311/1864 2120/2312/1865
f 2120/2312/1865 2127/2311/1864 2388/2313/1866
f 2388/2313/1866 2127/2311/1864 2304/2314/1867
f 2388/2313/1866 2304/2314/1867 2389/2315/1868
f 2389/2315/1868 2304/2314/1867 2395/2316/1869
f 2389/2315/1868 2395/2316/1869 2261/2317/1870
f 2389/2315/1868 2261/2317/1870 2313/2293/1846
f 2313/2293/1846 2261/2317/1870 2308/2318/1871
f 2313/2293/1846 2308/2318/1871 2181/2294/1847
f 2181/2294/1847 2308/2318/1871 2223/2319/1872
f 2223/2319/1872 2308/2318/1871 2305/2320/1873
f 2223/2319/1872 2305/2320/1873 2277/2309/1862
f 2223/2319/1872 2277/2309/1862 2121/2307/1860
f 2310/2321/1874 2309/2322/1875 2139/2323/1876
f 2139/2323/1876 2309/2322/1875 2391/2324/1877
f 2139/2323/1876 2391/2324/1877 2137/2325/1878
f 2137/2325/1878 2391/2324/1877 2393/2326/1879
f 2137/2325/1878 2393/2326/1879 2135/2327/1880
f 2135/2327/1880 2393/2326/1879 2035/2328/1881
f 2035/2328/1881 2393/2326/1879 2076/2329/1882
f 2035/2328/1881 2076/2329/1882 2074/2330/1883
f 2035/2328/1881 2074/2330/1883 2036/2331/1884
f 2036/2331/1884 2074/2330/1883 2038/2332/1885
f 2038/2332/1885 2074/2330/1883 2072/2333/1886
f 2038/2332/1885 2072/2333/1886 2039/2334/1887
f 2038/2332/1885 2039/2334/1887 2037/2289/1842
f 2037/2289/1842 2039/2334/1887 2145/2290/1843
f 2145/2290/1843 2039/2334/1887 2387/2335/1888
f 2145/2290/1843 2387/2335/1888 2143/2291/1844
f 2143/2291/1844 2387/2335/1888 2311/2336/1889
f 2143/2291/1844 2311/2336/1889 2310/2321/1874
f 2143/2291/1844 2310/2321/1874 2141/2292/1845
f 2141/2292/1845 2310/2321/1874 2139/2323/1876
f 2141/2292/1845 2139/2323/1876 2138/2279/1832
f 2138/2279/1832 2139/2323/1876 2136/2277/1830
f 2136/2277/1830 2139/2323/1876 2137/2325/1878
f 2136/2277/1830 2137/2325/1878 2134/2276/1829
f 2134/2276/1829 2137/2325/1878 2135/2327/1880
f 2134/2276/1829 2135/2327/1880 2133/2273/1826
f 2133/2273/1826 2135/2327/1880 2034/2337/1890
f 2034/2337/1890 2135/2327/1880 2035/2328/1881
f 2034/2337/1890 2035/2328/1881 2036/2331/1884
f 2034/2337/1890 2036/2331/1884 2038/2332/1885
f 2034/2337/1890 2038/2332/1885 2037/2289/1842
f 2034/2337/1890 2037/2289/1842 2132/2288/1841
f 2034/2337/1890 2132/2288/1841 2133/2273/1826
f 2133/2273/1826 2132/2288/1841 2027/2287/1840
f 2133/2273/1826 2027/2287/1840 2020/2274/1827
f 2020/2274/1827 2027/2287/1840 2021/2338/1891
f 2020/2274/1827 2021/2338/1891 2418/2339/1892
f 2020/2274/1827 2418/2339/1892 2019/2275/1828
f 2019/2275/1828 2418/2339/1892 2419/2340/1893
f 2019/2275/1828 2419/2340/1893 2018/2278/1831
f 2018/2278/1831 2419/2340/1893 2017/2280/1833
f 2017/2280/1833 2419/2340/1893 2016/2341/1894
f 2017/2280/1833 2016/2341/1894 2026/2282/1835
f 2026/2282/1835 2016/2341/1894 2025/2342/1895
f 2026/2282/1835 2025/2342/1895 2023/2284/1837
f 2023/2284/1837 2025/2342/1895 2024/2343/1896
f 2023/2284/1837 2024/2343/1896 2022/2286/1839
f 2022/2286/1839 2024/2343/1896 2420/2344/1897
f 2022/2286/1839 2420/2344/1897 2421/2345/1898
f 2022/2286/1839 2421/2345/1898 2027/2287/1840
f 2027/2287/1840 2421/2345/1898 2021/2338/1891
f 2079/2346/1899 2077/2347/1900 2078/2348/1901
f 2079/2346/1899 2078/2348/1901 2081/2349/1902
f 2081/2349/1902 2078/2348/1901 2107/2350/1903
f 2081/2349/1902 2107/2350/1903 2042/2351/1904
f 2042/2351/1904 2107/2350/1903 2392/2352/1905
f 2042/2351/1904 2392/2352/1905 2044/2353/1906
f 2044/2353/1906 2392/2352/1905 2087/2354/1907
f 2044/2353/1906 2087/2354/1907 2046/2355/1908
f 2044/2353/1906 2046/2355/1908 2047/2356/1909
f 2044/2353/1906 2047/2356/1909 2045/2357/1910
f 2044/2353/1906 2045/2357/1910 2042/2351/1904
f 2355/2299/1852 2326/2358/1911 2332/2359/1912
f 2355/2299/1852 2332/2359/1912 2330/2298/1851
f 2330/2298/1851 2332/2359/1912 2331/2360/1913
f 2331/2360/1913 2332/2359/1912 2333/2361/1914
f 2331/2360/1913 2333/2361/1914 2396/2362/1915
f 2396/2362/1915 2333/2361/1914 2320/2363/1916
f 2396/2362/1915 2320/2363/1916 2318/2364/1917
f 2318/2364/1917 2320/2363/1916 2319/2365/1918
f 2318/2364/1917 2319/2365/1918 2317/2366/1919
f 2317/2366/1919 2319/2365/1918 2369/2367/1920
f 2369/2367/1920 2319/2365/1918 2386/2368/1921
f 2369/2367/1920 2386/2368/1921 2367/2369/1922
f 2369/2367/1920 2367/2369/1922 2366/2370/1923
f 2366/2370/1923 2367/2369/1922 2364/2371/1924
f 2366/2370/1923 2364/2371/1924 2406/2372/1925
f 2406/2372/1925 2364/2371/1924 2404/2373/1926
f 2406/2372/1925 2404/2373/1926 2405/2374/1927
f 2405/2374/1927 2404/2373/1926 2403/2375/1928
f 2405/2374/1927 2403/2375/1928 2354/2376/1929
f 2354/2376/1929 2403/2375/1928 2352/2377/1930
f 2354/2376/1929 2352/2377/1930 2353/2378/1931
f 2354/2376/1929 2353/2378/1931 2325/2379/1932
f 2325/2379/1932 2353/2378/1931 2409/2380/1933
f 2325/2379/1932 2409/2380/1933 2323/2381/1934
f 2323/2381/1934 2409/2380/1933 2386/2368/1921
f 2323/2381/1934 2386/2368/1921 2321/2382/1935
f 2321/2382/1935 2386/2368/1921 2319/2365/1918
f 2321/2382/1935 2319/2365/1918 2320/2363/1916
f 2321/2382/1935 2320/2363/1916 2323/2381/1934
f 2323/2381/1934 2320/2363/1916 2322/2383/1936
f 2323/2381/1934 2322/2383/1936 2325/2379/1932
f 2325/2379/1932 2322/2383/1936 2324/2384/1937
f 2325/2379/1932 2324/2384/1937 2326/2358/1911
f 2326/2358/1911 2324/2384/1937 2332/2359/1912
f 2332/2359/1912 2324/2384/1937 2322/2383/1936
f 2332/2359/1912 2322/2383/1936 2333/2361/1914
f 2333/2361/1914 2322/2383/1936 2320/2363/1916
f 2386/2368/1921 2409/2380/1933 2399/2385/1938
f 2386/2368/1921 2399/2385/1938 2367/2369/1922
f 2367/2369/1922 2399/2385/1938 2365/2386/1939
f 2367/2369/1922 2365/2386/1939 2364/2371/1924
f 2364/2371/1924 2365/2386/1939 2362/2387/1940
f 2364/2371/1924 2362/2387/1940 2404/2373/1926
f 2404/2373/1926 2362/2387/1940 2402/2388/1941
f 2404/2373/1926 2402/2388/1941 2403/2375/1928
f 2403/2375/1928 2402/2388/1941 2380/2389/1942
f 2403/2375/1928 2380/2389/1942 2352/2377/1930
f 2352/2377/1930 2380/2389/1942 2349/2390/1943
f 2352/2377/1930 2349/2390/1943 2351/2391/1944
f 2352/2377/1930 2351/2391/1944 2353/2378/1931
f 2353/2378/1931 2351/2391/1944 2382/2392/1945
f 2353/2378/1931 2382/2392/1945 2409/2380/1933
f 2409/2380/1933 2382/2392/1945 2384/2393/1946
f 2409/2380/1933 2384/2393/1946 2399/2385/1938
f 2399/2385/1938 2384/2393/1946 2365/2386/1939
f 2365/2386/1939 2384/2393/1946 2363/2394/1947
f 2365/2386/1939 2363/2394/1947 2362/2387/1940
f 2362/2387/1940 2363/2394/1947 2360/2395/1948
f 2362/2387/1940 2360/2395/1948 2402/2388/1941
f 2402/2388/1941 2360/2395/1948 2401/2396/1949
f 2402/2388/1941 2401/2396/1949 2380/2389/1942
f 2380/2389/1942 2401/2396/1949 2381/2397/1950
f 2380/2389/1942 2381/2397/1950 2349/2390/1943
f 2349/2390/1943 2381/2397/1950 2348/2398/1951
f 2349/2390/1943 2348/2398/1951 2350/2399/1952
f 2349/2390/1943 2350/2399/1952 2351/2391/1944
f 2351/2391/1944 2350/2399/1952 2408/2400/1953
f 2351/2391/1944 2408/2400/1953 2382/2392/1945
f 2382/2392/1945 2408/2400/1953 2383/2401/1954
f 2382/2392/1945 2383/2401/1954 2384/2393/1946
f 2384/2393/1946 2383/2401/1954 2363/2394/1947
f 2363/2394/1947 2383/2401/1954 2361/2402/1955
f 2363/2394/1947 2361/2402/1955 2360/2395/1948
f 2360/2395/1948 2361/2402/1955 2359/2403/1956
f 2360/2395/1948 2359/2403/1956 2358/2404/1957
f 2358/2404/1957 2359/2403/1956 2357/2405/1958
f 2358/2404/1957 2357/2405/1958 2356/2406/1959
f 2356/2406/1959 2357/2405/1958 2344/2407/1960
f 2356/2406/1959 2344/2407/1960 2343/2408/1961
f 2343/2408/1961 2344/2407/1960 2341/2409/1962
f 2343/2408/1961 2341/2409/1962 2379/2410/1963
f 2343/2408/1961 2379/2410/1963 2356/2406/1959
f 2356/2406/1959 2379/2410/1963 2377/2411/1964
f 2356/2406/1959 2377/2411/1964 2358/2404/1957
f 2358/2404/1957 2377/2411/1964 2378/2412/1965
f 2358/2404/1957 2378/2412/1965 2360/2395/1948
f 2360/2395/1948 2378/2412/1965 2401/2396/1949
f 2401/2396/1949 2378/2412/1965 2376/2413/1966
f 2401/2396/1949 2376/2413/1966 2381/2397/1950
f 2381/2397/1950 2376/2413/1966 2348/2398/1951
f 2348/2398/1951 2376/2413/1966 2346/2414/1967
f 2348/2398/1951 2346/2414/1967 2347/2415/1968
f 2348/2398/1951 2347/2415/1968 2350/2399/1952
f 2350/2399/1952 2347/2415/1968 2374/2416/1969
f 2350/2399/1952 2374/2416/1969 2408/2400/1953
f 2408/2400/1953 2374/2416/1969 2400/2417/1970
f 2408/2400/1953 2400/2417/1970 2383/2401/1954
f 2383/2401/1954 2400/2417/1970 2361/2402/1955
f 2361/2402/1955 2400/2417/1970 2373/2418/1971
f 2361/2402/1955 2373/2418/1971 2359/2403/1956
f 2359/2403/1956 2373/2418/1971 2371/2419/1972
f 2359/2403/1956 2371/2419/1972 2357/2405/1958
f 2357/2405/1958 2371/2419/1972 2342/2420/1973
f 2357/2405/1958 2342/2420/1973 2344/2407/1960
f 2344/2407/1960 2342/2420/1973 2341/2409/1962
f 2341/2409/1962 2342/2420/1973 2338/2421/1974
f 2341/2409/1962 2338/2421/1974 2370/2422/1975
f 2341/2409/1962 2370/2422/1975 2379/2410/1963
f 2379/2410/1963 2370/2422/1975 2377/2411/1964
f 2377/2411/1964 2370/2422/1975 2375/2423/1976
f 2377/2411/1964 2375/2423/1976 2378/2412/1965
f 2378/2412/1965 2375/2423/1976 2376/2413/1966
f 2376/2413/1966 2375/2423/1976 2346/2414/1967
f 2346/2414/1967 2375/2423/1976 2370/2422/1975
f 2346/2414/1967 2370/2422/1975 2337/2424/1977
f 2337/2424/1977 2370/2422/1975 2338/2421/1974
f 2337/2424/1977 2338/2421/1974 2339/2425/1978
f 2337/2424/1977 2339/2425/1978 2346/2414/1967
f 2346/2414/1967 2339/2425/1978 2345/2426/1979
f 2346/2414/1967 2345/2426/1979 2347/2415/1968
f 2347/2415/1968 2345/2426/1979 2372/2427/1980
f 2347/2415/1968 2372/2427/1980 2374/2416/1969
f 2374/2416/1969 2372/2427/1980 2373/2418/1971
f 2374/2416/1969 2373/2418/1971 2400/2417/1970
f 2245/2428/1981 2252/2429/1982 2243/2430/1983
f 2245/2428/1981 2243/2430/1983 2244/2431/1984
f 2244/2431/1984 2243/2430/1983 2278/2432/1985
f 2244/2431/1984 2278/2432/1985 2247/2433/1986
f 2247/2433/1986 2278/2432/1985 2287/2434/1987
f 2247/2433/1986 2287/2434/1987 2249/2435/1988
f 2247/2433/1986 2249/2435/1988 2250/2436/1989
f 2250/2436/1989 2249/2435/1988 2262/2437/1990
f 2262/2437/1990 2249/2435/1988 2287/2434/1987
f 2262/2437/1990 2287/2434/1987 2285/2438/1991
f 2285/2438/1991 2287/2434/1987 2278/2432/1985
f 2285/2438/1991 2278/2432/1985 2283/2439/1992
f 2283/2439/1992 2278/2432/1985 2252/2429/1982
f 2252/2429/1982 2278/2432/1985 2243/2430/1983
f 2282/2440/1993 2281/2441/1994 2296/2442/1995
f 2296/2442/1995 2281/2441/1994 2267/2443/1996
f 2268/2444/1997 2266/2445/1998 2297/2446/1999
f 2268/2444/1997 2297/2446/1999 2298/2447/2000
f 2298/2447/2000 2297/2446/1999 2288/2448/2001
f 2288/2448/2001 2297/2446/1999 2289/2449/2002
f 2288/2448/2001 2289/2449/2002 2255/2450/2003
f 2288/2448/2001 2255/2450/2003 2258/2451/2004
f 2258/2451/2004 2255/2450/2003 2257/2452/2005
f 2258/2451/2004 2257/2452/2005 2259/2453/2006
f 2259/2453/2006 2257/2452/2005 2290/2454/2007
f 2259/2453/2006 2290/2454/2007 2307/2455/2008
f 2307/2455/2008 2290/2454/2007 2292/2456/2009
f 2307/2455/2008 2292/2456/2009 2295/2457/2010
f 2307/2455/2008 2295/2457/2010 2294/2458/2011
f 2307/2455/2008 2294/2458/2011 2236/2459/2012
f 2307/2455/2008 2236/2459/2012 2238/2460/2013
f 2307/2455/2008 2238/2460/2013 2259/2453/2006
f 2259/2453/2006 2238/2460/2013 2260/2461/2014
f 2259/2453/2006 2260/2461/2014 2258/2451/2004
f 2258/2451/2004 2260/2461/2014 2299/2462/2015
f 2258/2451/2004 2299/2462/2015 2288/2448/2001
f 2288/2448/2001 2299/2462/2015 2300/2463/2016
f 2288/2448/2001 2300/2463/2016 2298/2447/2000
f 2298/2447/2000 2300/2463/2016 2268/2444/1997
f 2268/2444/1997 2300/2463/2016 2270/2464/2017
f 2268/2444/1997 2270/2464/2017 2271/2465/2018
f 2271/2465/2018 2270/2464/2017 2273/2466/2019
f 2273/2466/2019 2270/2464/2017 2272/2467/2020
f 2273/2466/2019 2272/2467/2020 2275/2468/2021
f 2275/2468/2021 2272/2467/2020 2274/2469/2022
f 2275/2468/2021 2274/2469/2022 2230/2470/2023
f 2230/2470/2023 2274/2469/2022 2303/2471/2024
f 2230/2470/2023 2303/2471/2024 2227/2472/2025
f 2227/2472/2025 2303/2471/2024 2293/2473/2026
f 2227/2472/2025 2293/2473/2026 2241/2474/2027
f 2241/2474/2027 2293/2473/2026 2240/2475/2028
f 2240/2475/2028 2293/2473/2026 2260/2461/2014
f 2240/2475/2028 2260/2461/2014 2238/2460/2013
f 2274/2469/2022 2272/2467/2020 2303/2471/2024
f 2303/2471/2024 2272/2467/2020 2302/2476/2029
f 2303/2471/2024 2302/2476/2029 2293/2473/2026
f 2293/2473/2026 2302/2476/2029 2301/2477/2030
f 2293/2473/2026 2301/2477/2030 2260/2461/2014
f 2260/2461/2014 2301/2477/2030 2299/2462/2015
f 2299/2462/2015 2301/2477/2030 2300/2463/2016
f 2300/2463/2016 2301/2477/2030 2302/2476/2029
f 2300/2463/2016 2302/2476/2029 2270/2464/2017
f 2270/2464/2017 2302/2476/2029 2272/2467/2020
f 2233/2478/2031 2305/2479/1873 2308/2480/1871
f 2233/2478/2031 2308/2480/1871 2235/2481/2032
f 2235/2481/2032 2308/2480/1871 2261/2482/1870
f 2235/2481/2032 2261/2482/1870 2237/2483/2033
f 2237/2483/2033 2261/2482/1870 2239/2484/2034
f 2239/2484/2034 2261/2482/1870 2395/2485/1869
f 2239/2484/2034 2395/2485/1869 2242/2486/2035
f 2242/2486/2035 2395/2485/1869 2304/2487/1867
f 2242/2486/2035 2304/2487/1867 2228/2488/2036
f 2228/2488/2036 2304/2487/1867 2127/2489/1864
f 2228/2488/2036 2127/2489/1864 2229/2490/2037
f 2229/2490/2037 2127/2489/1864 2276/2491/1863
f 2229/2490/2037 2276/2491/1863 2277/2492/1862
f 2229/2490/2037 2277/2492/1862 2231/2493/2038
f 2231/2493/2038 2277/2492/1862 2305/2479/1873
f 2231/2493/2038 2305/2479/1873 2233/2478/2031
f 2231/2493/2038 2233/2478/2031 2232/2494/2039
f 2232/2494/2039 2233/2478/2031 2234/2495/2040
f 2232/2494/2039 2234/2495/2040 2294/2458/2011
f 2294/2458/2011 2234/2495/2040 2236/2459/2012
f 2236/2459/2012 2234/2495/2040 2233/2478/2031
f 2236/2459/2012 2233/2478/2031 2235/2481/2032
f 2236/2459/2012 2235/2481/2032 2238/2460/2013
f 2238/2460/2013 2235/2481/2032 2237/2483/2033
f 2238/2460/2013 2237/2483/2033 2240/2475/2028
f 2240/2475/2028 2237/2483/2033 2239/2484/2034
f 2240/2475/2028 2239/2484/2034 2242/2486/2035
f 2240/2475/2028 2242/2486/2035 2241/2474/2027
f 2241/2474/2027 2242/2486/2035 2227/2472/2025
f 2227/2472/2025 2242/2486/2035 2228/2488/2036
f 2227/2472/2025 2228/2488/2036 2230/2470/2023
f 2230/2470/2023 2228/2488/2036 2229/2490/2037
f 2230/2470/2023 2229/2490/2037 2231/2493/2038
f 2230/2470/2023 2231/2493/2038 2232/2494/2039
f 2230/2470/2023 2232/2494/2039 2275/2468/2021
f 2275/2468/2021 2232/2494/2039 2294/2458/2011
f 2275/2468/2021 2294/2458/2011 2273/2466/2019
f 2273/2466/2019 2294/2458/2011 2295/2457/2010
f 2273/2466/2019 2295/2457/2010 2271/2465/2018
f 2271/2465/2018 2295/2457/2010 2292/2456/2009
f 2271/2465/2018 2292/2456/2009 2291/2496/2041
f 2291/2496/2041 2292/2456/2009 2290/2454/2007
f 2291/2496/2041 2290/2454/2007 2306/2497/2042
f 2306/2497/2042 2290/2454/2007 2257/2452/2005
f 2306/2497/2042 2257/2452/2005 2256/2498/2043
f 2256/2498/2043 2257/2452/2005 2255/2450/2003
f 2256/2498/2043 2255/2450/2003 2254/2499/2044
f 2254/2499/2044 2255/2450/2003 2289/2449/2002
f 2254/2499/2044 2289/2449/2002 2284/2500/2045
f 2284/2500/2045 2289/2449/2002 2297/2446/1999
f 2284/2500/2045 2297/2446/1999 2286/2501/2046
f 2286/2501/2046 2297/2446/1999 2266/2445/1998
f 2286/2501/2046 2266/2445/1998 2264/2502/2047
f 2264/2502/2047 2266/2445/1998 2265/2503/2048
f 2264/2502/2047 2265/2503/2048 2263/2504/2049
f 2263/2504/2049 2265/2503/2048 2279/2505/2050
f 2263/2504/2049 2279/2505/2050 2248/2506/2051
f 2248/2506/2051 2279/2505/2050 2280/2507/2052
f 2248/2506/2051 2280/2507/2052 2246/2508/2053
f 2246/2508/2053 2280/2507/2052 2245/2428/1981
f 2246/2508/2053 2245/2428/1981 2244/2431/1984
f 2246/2508/2053 2244/2431/1984 2248/2506/2051
f 2248/2506/2051 2244/2431/1984 2247/2433/1986
f 2248/2506/2051 2247/2433/1986 2250/2436/1989
f 2248/2506/2051 2250/2436/1989 2263/2504/2049
f 2263/2504/2049 2250/2436/1989 2262/2437/1990
f 2263/2504/2049 2262/2437/1990 2264/2502/2047
f 2264/2502/2047 2262/2437/1990 2285/2438/1991
f 2264/2502/2047 2285/2438/1991 2286/2501/2046
f 2286/2501/2046 2285/2438/1991 2283/2439/1992
f 2286/2501/2046 2283/2439/1992 2284/2500/2045
f 2284/2500/2045 2283/2439/1992 2252/2429/1982
f 2284/2500/2045 2252/2429/1982 2254/2499/2044
f 2254/2499/2044 2252/2429/1982 2253/2509/2054
f 2254/2499/2044 2253/2509/2054 2256/2498/2043
f 2256/2498/2043 2253/2509/2054 2282/2440/1993
f 2256/2498/2043 2282/2440/1993 2306/2497/2042
f 2306/2497/2042 2282/2440/1993 2296/2442/1995
f 2306/2497/2042 2296/2442/1995 2291/2496/2041
f 2291/2496/2041 2296/2442/1995 2267/2443/1996
f 2291/2496/2041 2267/2443/1996 2269/2510/2055
f 2291/2496/2041 2269/2510/2055 2271/2465/2018
f 2271/2465/2018 2269/2510/2055 2268/2444/1997
f 2268/2444/1997 2269/2510/2055 2267/2443/1996
f 2268/2444/1997 2267/2443/1996 2266/2445/1998
f 2266/2445/1998 2267/2443/1996 2265/2503/2048
f 2265/2503/2048 2267/2443/1996 2281/2441/1994
f 2265/2503/2048 2281/2441/1994 2279/2505/2050
f 2279/2505/2050 2281/2441/1994 2280/2507/2052
f 2280/2507/2052 2281/2441/1994 2282/2440/1993
f 2280/2507/2052 2282/2440/1993 2253/2509/2054
f 2280/2507/2052 2253/2509/2054 2251/2511/2056
f 2251/2511/2056 2253/2509/2054 2252/2429/1982
f 2251/2511/2056 2252/2429/1982 2245/2428/1981
f 2251/2511/2056 2245/2428/1981 2280/2507/2052
f 2152/2512/2057 2397/2513/1853 2226/2514/1850
f 2152/2512/2057 2226/2514/1850 2154/2515/2058
f 2154/2515/2058 2226/2514/1850 2180/2516/1849
f 2154/2515/2058 2180/2516/1849 2156/2517/2059
f 2156/2517/2059 2180/2516/1849 2158/2518/2060
f 2158/2518/2060 2180/2516/1849 2181/2519/1847
f 2158/2518/2060 2181/2519/1847 2161/2520/2061
f 2161/2520/2061 2181/2519/1847 2223/2521/1872
f 2161/2520/2061 2223/2521/1872 2147/2522/2062
f 2147/2522/2062 2223/2521/1872 2121/2523/1860
f 2147/2522/2062 2121/2523/1860 2148/2524/2063
f 2148/2524/2063 2121/2523/1860 2126/2525/1859
f 2148/2524/2063 2126/2525/1859 2196/2526/1856
f 2148/2524/2063 2196/2526/1856 2150/2527/2064
f 2150/2527/2064 2196/2526/1856 2397/2513/1853
f 2150/2527/2064 2397/2513/1853 2152/2512/2057
f 2150/2527/2064 2152/2512/2057 2151/2528/2065
f 2150/2527/2064 2151/2528/2065 2148/2524/2063
f 2148/2524/2063 2151/2528/2065 2149/2529/2066
f 2148/2524/2063 2149/2529/2066 2147/2522/2062
f 2147/2522/2062 2149/2529/2066 2146/2530/2067
f 2147/2522/2062 2146/2530/2067 2161/2520/2061
f 2161/2520/2061 2146/2530/2067 2160/2531/2068
f 2161/2520/2061 2160/2531/2068 2159/2532/2069
f 2161/2520/2061 2159/2532/2069 2158/2518/2060
f 2158/2518/2060 2159/2532/2069 2157/2533/2070
f 2158/2518/2060 2157/2533/2070 2156/2517/2059
f 2156/2517/2059 2157/2533/2070 2155/2534/2071
f 2156/2517/2059 2155/2534/2071 2154/2515/2058
f 2154/2515/2058 2155/2534/2071 2152/2512/2057
f 2152/2512/2057 2155/2534/2071 2153/2535/2072
f 2152/2512/2057 2153/2535/2072 2151/2528/2065
f 2151/2528/2065 2153/2535/2072 2213/2536/2073
f 2213/2536/2073 2153/2535/2072 2155/2534/2071
f 2213/2536/2073 2155/2534/2071 2225/2537/2074
f 2225/2537/2074 2155/2534/2071 2178/2538/2075
f 2178/2538/2075 2155/2534/2071 2157/2533/2070
f 2178/2538/2075 2157/2533/2070 2159/2532/2069
f 2178/2538/2075 2159/2532/2069 2179/2539/2076
f 2179/2539/2076 2159/2532/2069 2212/2540/2077
f 2212/2540/2077 2159/2532/2069 2160/2531/2068
f 2212/2540/2077 2160/2531/2068 2146/2530/2067
f 2212/2540/2077 2146/2530/2067 2222/2541/2078
f 2222/2541/2078 2146/2530/2067 2149/2529/2066
f 2222/2541/2078 2149/2529/2066 2194/2542/2079
f 2194/2542/2079 2149/2529/2066 2195/2543/2080
f 2195/2543/2080 2149/2529/2066 2151/2528/2065
f 2195/2543/2080 2151/2528/2065 2213/2536/2073
f 2195/2543/2080 2213/2536/2073 2193/2544/2081
f 2193/2544/2081 2213/2536/2073 2214/2545/2082
f 2214/2545/2082 2213/2536/2073 2225/2537/2074
f 2214/2545/2082 2225/2537/2074 2211/2546/2083
f 2211/2546/2083 2225/2537/2074 2209/2547/2084
f 2209/2547/2084 2225/2537/2074 2178/2538/2075
f 2209/2547/2084 2178/2538/2075 2176/2548/2085
f 2176/2548/2085 2178/2538/2075 2179/2539/2076
f 2176/2548/2085 2179/2539/2076 2177/2549/2086
f 2177/2549/2086 2179/2539/2076 2220/2550/2087
f 2220/2550/2087 2179/2539/2076 2212/2540/2077
f 2220/2550/2087 2212/2540/2077 2221/2551/2088
f 2221/2551/2088 2212/2540/2077 2222/2541/2078
f 2221/2551/2088 2222/2541/2078 2192/2552/2089
f 2192/2552/2089 2222/2541/2078 2194/2542/2079
f 2192/2552/2089 2194/2542/2079 2195/2543/2080
f 2192/2552/2089 2195/2543/2080 2193/2544/2081
f 2192/2552/2089 2193/2544/2081 2190/2553/2090
f 2192/2552/2089 2190/2553/2090 2221/2551/2088
f 2221/2551/2088 2190/2553/2090 2219/2554/2091
f 2221/2551/2088 2219/2554/2091 2220/2550/2087
f 2220/2550/2087 2219/2554/2091 2218/2555/2092
f 2220/2550/2087 2218/2555/2092 2177/2549/2086
f 2177/2549/2086 2218/2555/2092 2207/2556/2093
f 2207/2556/2093 2218/2555/2092 2219/2554/2091
f 2207/2556/2093 2219/2554/2091 2217/2557/2094
f 2217/2557/2094 2219/2554/2091 2188/2558/2095
f 2188/2558/2095 2219/2554/2091 2190/2553/2090
f 2188/2558/2095 2190/2553/2090 2191/2559/2096
f 2191/2559/2096 2190/2553/2090 2193/2544/2081
f 2191/2559/2096 2193/2544/2081 2214/2545/2082
f 2191/2559/2096 2214/2545/2082 2211/2546/2083
f 2191/2559/2096 2211/2546/2083 2210/2560/2097
f 2210/2560/2097 2211/2546/2083 2209/2547/2084
f 2210/2560/2097 2209/2547/2084 2224/2561/2098
f 2224/2561/2098 2209/2547/2084 2175/2562/2099
f 2175/2562/2099 2209/2547/2084 2176/2548/2085
f 2175/2562/2099 2176/2548/2085 2177/2549/2086
f 2175/2562/2099 2177/2549/2086 2174/2563/2100
f 2174/2563/2100 2177/2549/2086 2207/2556/2093
f 2174/2563/2100 2207/2556/2093 2208/2564/2101
f 2208/2564/2101 2207/2556/2093 2216/2565/2102
f 2216/2565/2102 2207/2556/2093 2217/2557/2094
f 2216/2565/2102 2217/2557/2094 2186/2566/2103
f 2186/2566/2103 2217/2557/2094 2188/2558/2095
f 2186/2566/2103 2188/2558/2095 2187/2567/2104
f 2187/2567/2104 2188/2558/2095 2189/2568/2105
f 2189/2568/2105 2188/2558/2095 2191/2559/2096
f 2189/2568/2105 2191/2559/2096 2210/2560/2097
f 2189/2568/2105 2210/2560/2097 2187/2567/2104
f 2187/2567/2104 2210/2560/2097 2215/2569/2106
f 2215/2569/2106 2210/2560/2097 2224/2561/2098
f 2215/2569/2106 2224/2561/2098 2201/2570/2107
f 2201/2570/2107 2224/2561/2098 2175/2562/2099
f 2201/2570/2107 2175/2562/2099 2172/2571/2108
f 2172/2571/2108 2175/2562/2099 2173/2572/2109
f 2173/2572/2109 2175/2562/2099 2174/2563/2100
f 2173/2572/2109 2174/2563/2100 2208/2564/2101
f 2173/2572/2109 2208/2564/2101 2203/2573/2110
f 2203/2573/2110 2208/2564/2101 2216/2565/2102
f 2203/2573/2110 2216/2565/2102 2205/2574/2111
f 2205/2574/2111 2216/2565/2102 2186/2566/2103
f 2205/2574/2111 2186/2566/2103 2184/2575/2112
f 2184/2575/2112 2186/2566/2103 2185/2576/2113
f 2185/2576/2113 2186/2566/2103 2187/2567/2104
f 2185/2576/2113 2187/2567/2104 2200/2577/2114
f 2200/2577/2114 2187/2567/2104 2215/2569/2106
f 2200/2577/2114 2215/2569/2106 2201/2570/2107
f 2200/2577/2114 2201/2570/2107 2199/2578/2115
f 2199/2578/2115 2201/2570/2107 2172/2571/2108
f 2199/2578/2115 2172/2571/2108 2170/2579/2116
f 2170/2579/2116 2172/2571/2108 2171/2580/2117
f 2171/2580/2117 2172/2571/2108 2173/2572/2109
f 2171/2580/2117 2173/2572/2109 2203/2573/2110
f 2171/2580/2117 2203/2573/2110 2202/2581/2118
f 2202/2581/2118 2203/2573/2110 2205/2574/2111
f 2202/2581/2118 2205/2574/2111 2204/2582/2119
f 2204/2582/2119 2205/2574/2111 2184/2575/2112
f 2204/2582/2119 2184/2575/2112 2182/2583/2120
f 2182/2583/2120 2184/2575/2112 2183/2584/2121
f 2183/2584/2121 2184/2575/2112 2185/2576/2113
f 2183/2584/2121 2185/2576/2113 2198/2585/2122
f 2198/2585/2122 2185/2576/2113 2200/2577/2114
f 2198/2585/2122 2200/2577/2114 2199/2578/2115
f 2198/2585/2122 2199/2578/2115 2167/2586/2123
f 2198/2585/2122 2167/2586/2123 2183/2584/2121
f 2183/2584/2121 2167/2586/2123 2169/2587/2124
f 2183/2584/2121 2169/2587/2124 2182/2583/2120
f 2182/2583/2120 2169/2587/2124 2168/2588/2125
f 2182/2583/2120 2168/2588/2125 2206/2589/2126
f 2182/2583/2120 2206/2589/2126 2204/2582/2119
f 2204/2582/2119 2206/2589/2126 2197/2590/2127
f 2204/2582/2119 2197/2590/2127 2202/2581/2118
f 2202/2581/2118 2197/2590/2127 2171/2580/2117
f 2171/2580/2117 2197/2590/2127 2162/2591/2128
f 2171/2580/2117 2162/2591/2128 2164/2592/2129
f 2171/2580/2117 2164/2592/2129 2170/2579/2116
f 2170/2579/2116 2164/2592/2129 2199/2578/2115
f 2199/2578/2115 2164/2592/2129 2165/2593/2130
f 2199/2578/2115 2165/2593/2130 2167/2586/2123
f 2167/2586/2123 2165/2593/2130 2163/2594/2131
f 2163/2594/2131 2165/2593/2130 2164/2592/2129
f 2163/2594/2131 2164/2592/2129 2162/2591/2128
f 2163/2594/2131 2162/2591/2128 2197/2590/2127
f 2163/2594/2131 2197/2590/2127 2166/2595/2132
f 2166/2595/2132 2197/2590/2127 2206/2589/2126
f 2166/2595/2132 2206/2589/2126 2168/2588/2125
f 2166/2595/2132 2168/2588/2125 2169/2587/2124
f 2166/2595/2132 2169/2587/2124 2167/2586/2123
f 2166/2595/2132 2167/2586/2123 2163/2594/2131
f 2540/2596/2133 2538/2597/2134 2539/2598/2135
f 2539/2598/2135 2538/2597/2134 2440/2599/2136
f 2539/2598/2135 2440/2599/2136 2442/2600/2137
f 2442/2600/2137 2440/2599/2136 2441/2601/2138
f 2442/2600/2137 2441/2601/2138 2481/2602/2139
f 2442/2600/2137 2481/2602/2139 2483/2603/2140
f 2483/2603/2140 2481/2602/2139 2480/2604/2141
f 2483/2603/2140 2480/2604/2141 2482/2605/2142
f 2482/2605/2142 2480/2604/2141 2524/2606/2143
f 2482/2605/2142 2524/2606/2143 2523/2607/2144
f 2443/2608/2145 2537/2609/2146 2550/2610/2147
f 2443/2608/2145 2550/2610/2147 2549/2611/2148
f 2549/2611/2148 2550/2610/2147 2548/2612/2149
f 2549/2611/2148 2548/2612/2149 2547/2613/2150
f 2547/2613/2150 2548/2612/2149 2546/2614/2151
f 2547/2613/2150 2546/2614/2151 2545/2615/2152
f 2547/2613/2150 2545/2615/2152 2713/2616/2153
f 2547/2613/2150 2713/2616/2153 2714/2617/2154
f 2714/2617/2154 2713/2616/2153 2471/2618/2155
f 2714/2617/2154 2471/2618/2155 2473/2619/2156
f 2714/2617/2154 2473/2619/2156 2475/2620/2157
f 2714/2617/2154 2475/2620/2157 2793/2621/2158
f 2793/2621/2158 2475/2620/2157 2477/2622/2159
f 2793/2621/2158 2477/2622/2159 2444/2623/2160
f 2444/2623/2160 2477/2622/2159 2479/2624/2161
f 2479/2624/2161 2477/2622/2159 2478/2625/2162
f 2531/2626/2163 2523/2607/2144 2527/2627/2164
f 2527/2627/2164 2523/2607/2144 2524/2606/2143
f 2527/2627/2164 2524/2606/2143 2526/2628/2165
f 2526/2628/2165 2524/2606/2143 2478/2625/2162
f 2526/2628/2165 2478/2625/2162 2476/2629/2166
f 2476/2629/2166 2478/2625/2162 2477/2622/2159
f 2476/2629/2166 2477/2622/2159 2475/2620/2157
f 2476/2629/2166 2475/2620/2157 2474/2630/2167
f 2474/2630/2167 2475/2620/2157 2473/2619/2156
f 2474/2630/2167 2473/2619/2156 2472/2631/2168
f 2472/2631/2168 2473/2619/2156 2470/2632/2169
f 2470/2632/2169 2473/2619/2156 2471/2618/2155
f 2470/2632/2169 2471/2618/2155 2468/2633/2170
f 2468/2633/2170 2471/2618/2155 2469/2634/2171
f 2468/2633/2170 2469/2634/2171 2467/2635/2172
f 2468/2633/2170 2467/2635/2172 2466/2636/2173
f 2466/2636/2173 2467/2635/2172 2464/2637/2174
f 2466/2636/2173 2464/2637/2174 2463/2638/2175
f 2463/2638/2175 2464/2637/2174 2462/2639/2176
f 2463/2638/2175 2462/2639/2176 2800/2640/2177
f 2463/2638/2175 2800/2640/2177 2796/2641/2178
f 2796/2641/2178 2800/2640/2177 2486/2642/2179
f 2486/2642/2179 2800/2640/2177 2461/2643/2180
f 2486/2642/2179 2461/2643/2180 2449/2644/2181
f 2486/2642/2179 2449/2644/2181 2487/2645/2182
f 2487/2645/2182 2449/2644/2181 2448/2646/2183
f 2487/2645/2182 2448/2646/2183 2513/2647/2184
f 2513/2647/2184 2448/2646/2183 2798/2648/2185
f 2513/2647/2184 2798/2648/2185 2797/2649/2186
f 2797/2649/2186 2798/2648/2185 2712/2650/2187
f 2797/2649/2186 2712/2650/2187 2543/2651/2188
f 2543/2651/2188 2712/2650/2187 2713/2616/2153
f 2543/2651/2188 2713/2616/2153 2545/2615/2152
f 2543/2651/2188 2545/2615/2152 2544/2652/2189
f 2544/2652/2189 2545/2615/2152 2546/2614/2151
f 2544/2652/2189 2546/2614/2151 2425/2653/2190
f 2425/2653/2190 2546/2614/2151 2432/2654/2191
f 2432/2654/2191 2546/2614/2151 2548/2612/2149
f 2432/2654/2191 2548/2612/2149 2430/2655/2192
f 2430/2655/2192 2548/2612/2149 2550/2610/2147
f 2430/2655/2192 2550/2610/2147 2431/2656/2193
f 2431/2656/2193 2550/2610/2147 2433/2657/2194
f 2433/2657/2194 2550/2610/2147 2537/2609/2146
f 2433/2657/2194 2537/2609/2146 2538/2597/2134
f 2433/2657/2194 2538/2597/2134 2427/2658/2195
f 2427/2658/2195 2538/2597/2134 2540/2596/2133
f 2427/2658/2195 2540/2596/2133 2428/2659/2196
f 2479/2624/2161 2445/2660/2197 2444/2623/2160
f 2444/2623/2160 2445/2660/2197 2443/2608/2145
f 2444/2623/2160 2443/2608/2145 2549/2611/2148
f 2444/2623/2160 2549/2611/2148 2793/2621/2158
f 2793/2621/2158 2549/2611/2148 2547/2613/2150
f 2793/2621/2158 2547/2613/2150 2714/2617/2154
f 2478/2625/2162 2524/2606/2143 2480/2604/2141
f 2478/2625/2162 2480/2604/2141 2479/2624/2161
f 2479/2624/2161 2480/2604/2141 2481/2602/2139
f 2479/2624/2161 2481/2602/2139 2445/2660/2197
f 2445/2660/2197 2481/2602/2139 2441/2601/2138
f 2445/2660/2197 2441/2601/2138 2440/2599/2136
f 2445/2660/2197 2440/2599/2136 2443/2608/2145
f 2443/2608/2145 2440/2599/2136 2537/2609/2146
f 2537/2609/2146 2440/2599/2136 2538/2597/2134
f 2469/2634/2171 2471/2618/2155 2713/2616/2153
f 2469/2634/2171 2713/2616/2153 2467/2635/2172
f 2467/2635/2172 2713/2616/2153 2712/2650/2187
f 2467/2635/2172 2712/2650/2187 2464/2637/2174
f 2464/2637/2174 2712/2650/2187 2465/2661/2198
f 2464/2637/2174 2465/2661/2198 2462/2639/2176
f 2462/2639/2176 2465/2661/2198 2457/2662/2199
f 2462/2639/2176 2457/2662/2199 2459/2663/2200
f 2462/2639/2176 2459/2663/2200 2800/2640/2177
f 2800/2640/2177 2459/2663/2200 2461/2643/2180
f 2461/2643/2180 2459/2663/2200 2460/2664/2201
f 2461/2643/2180 2460/2664/2201 2446/2665/2202
f 2461/2643/2180 2446/2665/2202 2449/2644/2181
f 2449/2644/2181 2446/2665/2202 2447/2666/2203
f 2449/2644/2181 2447/2666/2203 2448/2646/2183
f 2448/2646/2183 2447/2666/2203 2450/2667/2204
f 2448/2646/2183 2450/2667/2204 2451/2668/2205
f 2448/2646/2183 2451/2668/2205 2798/2648/2185
f 2798/2648/2185 2451/2668/2205 2493/2669/2206
f 2798/2648/2185 2493/2669/2206 2712/2650/2187
f 2712/2650/2187 2493/2669/2206 2465/2661/2198
f 2465/2661/2198 2493/2669/2206 2453/2670/2207
f 2453/2670/2207 2493/2669/2206 2451/2668/2205
f 2453/2670/2207 2451/2668/2205 2452/2671/2208
f 2452/2671/2208 2451/2668/2205 2450/2667/2204
f 2452/2671/2208 2450/2667/2204 2533/2672/2209
f 2533/2672/2209 2450/2667/2204 2447/2666/2203
f 2533/2672/2209 2447/2666/2203 2511/2673/2210
f 2511/2673/2210 2447/2666/2203 2446/2665/2202
f 2511/2673/2210 2446/2665/2202 2512/2674/2211
f 2512/2674/2211 2446/2665/2202 2823/2675/2212
f 2823/2675/2212 2446/2665/2202 2460/2664/2201
f 2823/2675/2212 2460/2664/2201 2535/2676/2213
f 2535/2676/2213 2460/2664/2201 2458/2677/2214
f 2458/2677/2214 2460/2664/2201 2459/2663/2200
f 2458/2677/2214 2459/2663/2200 2456/2678/2215
f 2456/2678/2215 2459/2663/2200 2457/2662/2199
f 2456/2678/2215 2457/2662/2199 2454/2679/2216
f 2454/2679/2216 2457/2662/2199 2455/2680/2217
f 2455/2680/2217 2457/2662/2199 2465/2661/2198
f 2455/2680/2217 2465/2661/2198 2453/2670/2207
f 2455/2680/2217 2453/2670/2207 2452/2671/2208
f 2455/2680/2217 2452/2671/2208 2454/2679/2216
f 2454/2679/2216 2452/2671/2208 2495/2681/2218
f 2454/2679/2216 2495/2681/2218 2456/2678/2215
f 2456/2678/2215 2495/2681/2218 2534/2682/2219
f 2456/2678/2215 2534/2682/2219 2535/2676/2213
f 2456/2678/2215 2535/2676/2213 2458/2677/2214
f 2530/2683/2220 2804/2684/2221 2723/2685/2222
f 2530/2683/2220 2723/2685/2222 2722/2686/2223
f 2722/2686/2223 2723/2685/2222 2721/2687/2224
f 2722/2686/2223 2721/2687/2224 2725/2688/2225
f 2722/2686/2223 2725/2688/2225 2741/2689/2226
f 2741/2689/2226 2725/2688/2225 2801/2690/2227
f 2741/2689/2226 2801/2690/2227 2796/2641/2178
f 2741/2689/2226 2796/2641/2178 2740/2691/2228
f 2740/2691/2228 2796/2641/2178 2486/2642/2179
f 2740/2691/2228 2486/2642/2179 2484/2692/2229
f 2484/2692/2229 2486/2642/2179 2487/2645/2182
f 2484/2692/2229 2487/2645/2182 2485/2693/2230
f 2485/2693/2230 2487/2645/2182 2513/2647/2184
f 2485/2693/2230 2513/2647/2184 2799/2694/2231
f 2799/2694/2231 2513/2647/2184 2797/2649/2186
f 2799/2694/2231 2797/2649/2186 2541/2695/2232
f 2541/2695/2232 2797/2649/2186 2543/2651/2188
f 2541/2695/2232 2543/2651/2188 2542/2696/2233
f 2542/2696/2233 2543/2651/2188 2544/2652/2189
f 2542/2696/2233 2544/2652/2189 2424/2697/2234
f 2424/2697/2234 2544/2652/2189 2425/2653/2190
f 2424/2697/2234 2425/2653/2190 2423/2698/2235
f 2423/2698/2235 2425/2653/2190 2422/2699/2236
f 2422/2699/2236 2425/2653/2190 2432/2654/2191
f 2422/2699/2236 2432/2654/2191 2825/2700/2237
f 2825/2700/2237 2432/2654/2191 2430/2655/2192
f 2825/2700/2237 2430/2655/2192 2429/2701/2238
f 2429/2701/2238 2430/2655/2192 2431/2656/2193
f 2429/2701/2238 2431/2656/2193 2826/2702/2239
f 2826/2702/2239 2431/2656/2193 2827/2703/2240
f 2827/2703/2240 2431/2656/2193 2433/2657/2194
f 2827/2703/2240 2433/2657/2194 2426/2704/2241
f 2426/2704/2241 2433/2657/2194 2427/2658/2195
f 2426/2704/2241 2427/2658/2195 2824/2705/2242
f 2824/2705/2242 2427/2658/2195 2428/2659/2196
f 2824/2705/2242 2428/2659/2196 2423/2698/2235
f 2423/2698/2235 2428/2659/2196 2424/2697/2234
f 2424/2697/2234 2428/2659/2196 2542/2696/2233
f 2542/2696/2233 2428/2659/2196 2540/2596/2133
f 2542/2696/2233 2540/2596/2133 2541/2695/2232
f 2541/2695/2232 2540/2596/2133 2539/2598/2135
f 2541/2695/2232 2539/2598/2135 2799/2694/2231
f 2799/2694/2231 2539/2598/2135 2442/2600/2137
f 2799/2694/2231 2442/2600/2137 2483/2603/2140
f 2799/2694/2231 2483/2603/2140 2485/2693/2230
f 2485/2693/2230 2483/2603/2140 2482/2605/2142
f 2485/2693/2230 2482/2605/2142 2484/2692/2229
f 2484/2692/2229 2482/2605/2142 2523/2607/2144
f 2484/2692/2229 2523/2607/2144 2740/2691/2228
f 2740/2691/2228 2523/2607/2144 2531/2626/2163
f 2740/2691/2228 2531/2626/2163 2741/2689/2226
f 2741/2689/2226 2531/2626/2163 2742/2706/2243
f 2741/2689/2226 2742/2706/2243 2722/2686/2223
f 2722/2686/2223 2742/2706/2243 2530/2683/2220
f 2530/2683/2220 2742/2706/2243 2531/2626/2163
f 2558/2707/2244 2631/2708/2245 2803/2709/2246
f 2558/2707/2244 2803/2709/2246 2556/2710/2247
f 2556/2710/2247 2803/2709/2246 2599/2711/2248
f 2556/2710/2247 2599/2711/2248 2553/2712/2249
f 2553/2712/2249 2599/2711/2248 2600/2713/2250
f 2553/2712/2249 2600/2713/2250 2627/2714/2251
f 2553/2712/2249 2627/2714/2251 2554/2715/2252
f 2554/2715/2252 2627/2714/2251 2628/2716/2253
f 2554/2715/2252 2628/2716/2253 2566/2717/2254
f 2566/2717/2254 2628/2716/2253 2719/2718/2255
f 2566/2717/2254 2719/2718/2255 2564/2719/2256
f 2564/2719/2256 2719/2718/2255 2718/2720/2257
f 2564/2719/2256 2718/2720/2257 2562/2721/2258
f 2562/2721/2258 2718/2720/2257 2560/2722/2259
f 2560/2722/2259 2718/2720/2257 2631/2708/2245
f 2560/2722/2259 2631/2708/2245 2558/2707/2244
f 2560/2722/2259 2558/2707/2244 2559/2723/2260
f 2559/2723/2260 2558/2707/2244 2557/2724/2261
f 2559/2723/2260 2557/2724/2261 2617/2725/2262
f 2617/2725/2262 2557/2724/2261 2555/2726/2263
f 2555/2726/2263 2557/2724/2261 2558/2707/2244
f 2555/2726/2263 2558/2707/2244 2556/2710/2247
f 2555/2726/2263 2556/2710/2247 2553/2712/2249
f 2555/2726/2263 2553/2712/2249 2552/2727/2264
f 2552/2727/2264 2553/2712/2249 2554/2715/2252
f 2552/2727/2264 2554/2715/2252 2551/2728/2265
f 2551/2728/2265 2554/2715/2252 2566/2717/2254
f 2551/2728/2265 2566/2717/2254 2565/2729/2266
f 2565/2729/2266 2566/2717/2254 2563/2730/2267
f 2563/2730/2267 2566/2717/2254 2564/2719/2256
f 2563/2730/2267 2564/2719/2256 2561/2731/2268
f 2561/2731/2268 2564/2719/2256 2562/2721/2258
f 2561/2731/2268 2562/2721/2258 2560/2722/2259
f 2561/2731/2268 2560/2722/2259 2559/2723/2260
f 2561/2731/2268 2559/2723/2260 2630/2732/2269
f 2630/2732/2269 2559/2723/2260 2617/2725/2262
f 2630/2732/2269 2617/2725/2262 2618/2733/2270
f 2618/2733/2270 2617/2725/2262 2595/2734/2271
f 2618/2733/2270 2595/2734/2271 2614/2735/2272
f 2614/2735/2272 2595/2734/2271 2593/2736/2273
f 2614/2735/2272 2593/2736/2273 2615/2737/2274
f 2615/2737/2274 2593/2736/2273 2591/2738/2275
f 2615/2737/2274 2591/2738/2275 2589/2739/2276
f 2589/2739/2276 2591/2738/2275 2590/2740/2277
f 2589/2739/2276 2590/2740/2277 2587/2741/2278
f 2587/2741/2278 2590/2740/2277 2588/2742/2279
f 2587/2741/2278 2588/2742/2279 2585/2743/2280
f 2585/2743/2280 2588/2742/2279 2586/2744/2281
f 2585/2743/2280 2586/2744/2281 2573/2745/2282
f 2573/2745/2282 2586/2744/2281 2574/2746/2283
f 2573/2745/2282 2574/2746/2283 2572/2747/2284
f 2572/2747/2284 2574/2746/2283 2610/2748/2285
f 2610/2748/2285 2574/2746/2283 2586/2744/2281
f 2610/2748/2285 2586/2744/2281 2608/2749/2286
f 2608/2749/2286 2586/2744/2281 2588/2742/2279
f 2608/2749/2286 2588/2742/2279 2609/2750/2287
f 2609/2750/2287 2588/2742/2279 2590/2740/2277
f 2609/2750/2287 2590/2740/2277 2620/2751/2288
f 2620/2751/2288 2590/2740/2277 2621/2752/2289
f 2620/2751/2288 2621/2752/2289 2611/2753/2290
f 2611/2753/2290 2621/2752/2289 2622/2754/2291
f 2611/2753/2290 2622/2754/2291 2623/2755/2292
f 2623/2755/2292 2622/2754/2291 2624/2756/2293
f 2623/2755/2292 2624/2756/2293 2625/2757/2294
f 2625/2757/2294 2624/2756/2293 2616/2758/2295
f 2625/2757/2294 2616/2758/2295 2583/2759/2296
f 2583/2759/2296 2616/2758/2295 2563/2730/2267
f 2563/2730/2267 2616/2758/2295 2565/2729/2266
f 2565/2729/2266 2616/2758/2295 2551/2728/2265
f 2551/2728/2265 2616/2758/2295 2626/2760/2297
f 2551/2728/2265 2626/2760/2297 2552/2727/2264
f 2552/2727/2264 2626/2760/2297 2598/2761/2298
f 2552/2727/2264 2598/2761/2298 2597/2762/2299
f 2552/2727/2264 2597/2762/2299 2555/2726/2263
f 2555/2726/2263 2597/2762/2299 2617/2725/2262
f 2617/2725/2262 2597/2762/2299 2595/2734/2271
f 2595/2734/2271 2597/2762/2299 2596/2763/2300
f 2596/2763/2300 2597/2762/2299 2598/2761/2298
f 2596/2763/2300 2598/2761/2298 2626/2760/2297
f 2596/2763/2300 2626/2760/2297 2624/2756/2293
f 2624/2756/2293 2626/2760/2297 2616/2758/2295
f 2583/2759/2296 2563/2730/2267 2584/2764/2301
f 2584/2764/2301 2563/2730/2267 2561/2731/2268
f 2584/2764/2301 2561/2731/2268 2630/2732/2269
f 2584/2764/2301 2630/2732/2269 2582/2765/2302
f 2584/2764/2301 2582/2765/2302 2583/2759/2296
f 2583/2759/2296 2582/2765/2302 2581/2766/2303
f 2583/2759/2296 2581/2766/2303 2625/2757/2294
f 2625/2757/2294 2581/2766/2303 2623/2755/2292
f 2623/2755/2292 2581/2766/2303 2611/2753/2290
f 2611/2753/2290 2581/2766/2303 2579/2767/2304
f 2579/2767/2304 2581/2766/2303 2582/2765/2302
f 2579/2767/2304 2582/2765/2302 2580/2768/2305
f 2580/2768/2305 2582/2765/2302 2629/2769/2306
f 2580/2768/2305 2629/2769/2306 2605/2770/2307
f 2605/2770/2307 2629/2769/2306 2619/2771/2308
f 2605/2770/2307 2619/2771/2308 2604/2772/2309
f 2604/2772/2309 2619/2771/2308 2589/2739/2276
f 2604/2772/2309 2589/2739/2276 2587/2741/2278
f 2604/2772/2309 2587/2741/2278 2602/2773/2310
f 2602/2773/2310 2587/2741/2278 2585/2743/2280
f 2602/2773/2310 2585/2743/2280 2571/2774/2311
f 2571/2774/2311 2585/2743/2280 2573/2745/2282
f 2571/2774/2311 2573/2745/2282 2572/2747/2284
f 2571/2774/2311 2572/2747/2284 2569/2775/2312
f 2569/2775/2312 2572/2747/2284 2601/2776/2313
f 2601/2776/2313 2572/2747/2284 2610/2748/2285
f 2601/2776/2313 2610/2748/2285 2608/2749/2286
f 2601/2776/2313 2608/2749/2286 2606/2777/2314
f 2606/2777/2314 2608/2749/2286 2609/2750/2287
f 2606/2777/2314 2609/2750/2287 2607/2778/2315
f 2607/2778/2315 2609/2750/2287 2620/2751/2288
f 2607/2778/2315 2620/2751/2288 2612/2779/2316
f 2612/2779/2316 2620/2751/2288 2611/2753/2290
f 2612/2779/2316 2611/2753/2290 2579/2767/2304
f 2612/2779/2316 2579/2767/2304 2577/2780/2317
f 2577/2780/2317 2579/2767/2304 2580/2768/2305
f 2577/2780/2317 2580/2768/2305 2578/2781/2318
f 2578/2781/2318 2580/2768/2305 2605/2770/2307
f 2578/2781/2318 2605/2770/2307 2603/2782/2319
f 2603/2782/2319 2605/2770/2307 2604/2772/2309
f 2603/2782/2319 2604/2772/2309 2602/2773/2310
f 2603/2782/2319 2602/2773/2310 2571/2774/2311
f 2603/2782/2319 2571/2774/2311 2570/2783/2320
f 2570/2783/2320 2571/2774/2311 2569/2775/2312
f 2570/2783/2320 2569/2775/2312 2568/2784/2321
f 2570/2783/2320 2568/2784/2321 2603/2782/2319
f 2603/2782/2319 2568/2784/2321 2576/2785/2322
f 2603/2782/2319 2576/2785/2322 2578/2781/2318
f 2578/2781/2318 2576/2785/2322 2575/2786/2323
f 2578/2781/2318 2575/2786/2323 2577/2780/2317
f 2577/2780/2317 2575/2786/2323 2607/2778/2315
f 2577/2780/2317 2607/2778/2315 2612/2779/2316
f 2596/2763/2300 2624/2756/2293 2594/2787/2324
f 2594/2787/2324 2624/2756/2293 2622/2754/2291
f 2594/2787/2324 2622/2754/2291 2592/2788/2325
f 2592/2788/2325 2622/2754/2291 2621/2752/2289
f 2592/2788/2325 2621/2752/2289 2590/2740/2277
f 2592/2788/2325 2590/2740/2277 2591/2738/2275
f 2592/2788/2325 2591/2738/2275 2593/2736/2273
f 2592/2788/2325 2593/2736/2273 2594/2787/2324
f 2594/2787/2324 2593/2736/2273 2595/2734/2271
f 2594/2787/2324 2595/2734/2271 2596/2763/2300
f 2589/2739/2276 2619/2771/2308 2615/2737/2274
f 2615/2737/2274 2619/2771/2308 2629/2769/2306
f 2615/2737/2274 2629/2769/2306 2613/2789/2326
f 2613/2789/2326 2629/2769/2306 2582/2765/2302
f 2613/2789/2326 2582/2765/2302 2630/2732/2269
f 2613/2789/2326 2630/2732/2269 2618/2733/2270
f 2613/2789/2326 2618/2733/2270 2614/2735/2272
f 2613/2789/2326 2614/2735/2272 2615/2737/2274
f 2534/2682/2219 2536/2790/2327 2535/2676/2213
f 2535/2676/2213 2536/2790/2327 2822/2791/2328
f 2535/2676/2213 2822/2791/2328 2823/2675/2212
f 2823/2675/2212 2822/2791/2328 2510/2792/2329
f 2823/2675/2212 2510/2792/2329 2512/2674/2211
f 2512/2674/2211 2510/2792/2329 2511/2673/2210
f 2511/2673/2210 2510/2792/2329 2509/2793/2330
f 2511/2673/2210 2509/2793/2330 2533/2672/2209
f 2533/2672/2209 2509/2793/2330 2816/2794/2331
f 2533/2672/2209 2816/2794/2331 2494/2795/2332
f 2533/2672/2209 2494/2795/2332 2452/2671/2208
f 2452/2671/2208 2494/2795/2332 2495/2681/2218
f 2495/2681/2218 2494/2795/2332 2497/2796/2333
f 2495/2681/2218 2497/2796/2333 2534/2682/2219
f 2534/2682/2219 2497/2796/2333 2519/2797/2334
f 2534/2682/2219 2519/2797/2334 2536/2790/2327
f 2536/2790/2327 2519/2797/2334 2821/2798/2335
f 2536/2790/2327 2821/2798/2335 2820/2799/2336
f 2536/2790/2327 2820/2799/2336 2822/2791/2328
f 2822/2791/2328 2820/2799/2336 2508/2800/2337
f 2822/2791/2328 2508/2800/2337 2510/2792/2329
f 2510/2792/2329 2508/2800/2337 2509/2793/2330
f 2509/2793/2330 2508/2800/2337 2507/2801/2338
f 2509/2793/2330 2507/2801/2338 2816/2794/2331
f 2816/2794/2331 2507/2801/2338 2521/2802/2339
f 2816/2794/2331 2521/2802/2339 2496/2803/2340
f 2816/2794/2331 2496/2803/2340 2494/2795/2332
f 2494/2795/2332 2496/2803/2340 2497/2796/2333
f 2497/2796/2333 2496/2803/2340 2498/2804/2341
f 2497/2796/2333 2498/2804/2341 2499/2805/2342
f 2499/2805/2342 2498/2804/2341 2436/2806/2343
f 2499/2805/2342 2436/2806/2343 2500/2807/2344
f 2500/2807/2344 2436/2806/2343 2488/2808/2345
f 2500/2807/2344 2488/2808/2345 2490/2809/2346
f 2490/2809/2346 2488/2808/2345 2435/2810/2347
f 2435/2810/2347 2488/2808/2345 2436/2806/2343
f 2435/2810/2347 2436/2806/2343 2434/2811/2348
f 2434/2811/2348 2436/2806/2343 2498/2804/2341
f 2434/2811/2348 2498/2804/2341 2817/2812/2349
f 2817/2812/2349 2498/2804/2341 2522/2813/2350
f 2522/2813/2350 2498/2804/2341 2496/2803/2340
f 2522/2813/2350 2496/2803/2340 2521/2802/2339
f 2522/2813/2350 2521/2802/2339 2507/2801/2338
f 2522/2813/2350 2507/2801/2338 2505/2814/2351
f 2505/2814/2351 2507/2801/2338 2508/2800/2337
f 2505/2814/2351 2508/2800/2337 2506/2815/2352
f 2506/2815/2352 2508/2800/2337 2820/2799/2336
f 2506/2815/2352 2820/2799/2336 2819/2816/2353
f 2819/2816/2353 2820/2799/2336 2518/2817/2354
f 2518/2817/2354 2820/2799/2336 2821/2798/2335
f 2518/2817/2354 2821/2798/2335 2519/2797/2334
f 2518/2817/2354 2519/2797/2334 2517/2818/2355
f 2517/2818/2355 2519/2797/2334 2497/2796/2333
f 2517/2818/2355 2497/2796/2333 2499/2805/2342
f 2517/2818/2355 2499/2805/2342 2438/2819/2356
f 2438/2819/2356 2499/2805/2342 2500/2807/2344
f 2438/2819/2356 2500/2807/2344 2439/2820/2357
f 2439/2820/2357 2500/2807/2344 2490/2809/2346
f 2439/2820/2357 2490/2809/2346 2437/2821/2358
f 2439/2820/2357 2437/2821/2358 2438/2819/2356
f 2438/2819/2356 2437/2821/2358 2516/2822/2359
f 2438/2819/2356 2516/2822/2359 2517/2818/2355
f 2517/2818/2355 2516/2822/2359 2520/2823/2360
f 2517/2818/2355 2520/2823/2360 2518/2817/2354
f 2518/2817/2354 2520/2823/2360 2818/2824/2361
f 2518/2817/2354 2818/2824/2361 2819/2816/2353
f 2819/2816/2353 2818/2824/2361 2504/2825/2362
f 2819/2816/2353 2504/2825/2362 2506/2815/2352
f 2506/2815/2352 2504/2825/2362 2505/2814/2351
f 2505/2814/2351 2504/2825/2362 2503/2826/2363
f 2505/2814/2351 2503/2826/2363 2522/2813/2350
f 2522/2813/2350 2503/2826/2363 2817/2812/2349
f 2817/2812/2349 2503/2826/2363 2434/2811/2348
f 2434/2811/2348 2503/2826/2363 2501/2827/2364
f 2501/2827/2364 2503/2826/2363 2504/2825/2362
f 2501/2827/2364 2504/2825/2362 2502/2828/2365
f 2502/2828/2365 2504/2825/2362 2514/2829/2366
f 2514/2829/2366 2504/2825/2362 2818/2824/2361
f 2514/2829/2366 2818/2824/2361 2516/2822/2359
f 2516/2822/2359 2818/2824/2361 2520/2823/2360
f 2759/2830/2367 2810/2831/2368 2812/2832/2369
f 2759/2830/2367 2812/2832/2369 2791/2833/2370
f 2791/2833/2370 2812/2832/2369 2811/2834/2371
f 2811/2834/2371 2812/2832/2369 2809/2835/2372
f 2811/2834/2371 2809/2835/2372 2771/2836/2373
f 2771/2836/2373 2809/2835/2372 2769/2837/2374
f 2771/2836/2373 2769/2837/2374 2770/2838/2375
f 2771/2836/2373 2770/2838/2375 2772/2839/2376
f 2772/2839/2376 2770/2838/2375 2805/2840/2377
f 2772/2839/2376 2805/2840/2377 2792/2841/2378
f 2792/2841/2378 2805/2840/2377 2815/2842/2379
f 2815/2842/2379 2805/2840/2377 2789/2843/2380
f 2789/2843/2380 2805/2840/2377 2770/2838/2375
f 2789/2843/2380 2770/2838/2375 2768/2844/2381
f 2768/2844/2381 2770/2838/2375 2769/2837/2374
f 2768/2844/2381 2769/2837/2374 2767/2845/2382
f 2767/2845/2382 2769/2837/2374 2808/2846/2383
f 2808/2846/2383 2769/2837/2374 2809/2835/2372
f 2808/2846/2383 2809/2835/2372 2810/2831/2368
f 2810/2831/2368 2809/2835/2372 2812/2832/2369
f 2791/2833/2370 2734/2847/2384 2732/2848/2385
f 2791/2833/2370 2732/2848/2385 2759/2830/2367
f 2759/2830/2367 2732/2848/2385 2730/2849/2386
f 2759/2830/2367 2730/2849/2386 2760/2850/2387
f 2760/2850/2387 2730/2849/2386 2815/2842/2379
f 2760/2850/2387 2815/2842/2379 2788/2851/2388
f 2788/2851/2388 2815/2842/2379 2789/2843/2380
f 2788/2851/2388 2789/2843/2380 2790/2852/2389
f 2790/2852/2389 2789/2843/2380 2768/2844/2381
f 2790/2852/2389 2768/2844/2381 2766/2853/2390
f 2766/2853/2390 2768/2844/2381 2767/2845/2382
f 2766/2853/2390 2767/2845/2382 2764/2854/2391
f 2764/2854/2391 2767/2845/2382 2765/2855/2392
f 2764/2854/2391 2765/2855/2392 2762/2856/2393
f 2762/2856/2393 2765/2855/2392 2763/2857/2394
f 2762/2856/2393 2763/2857/2394 2749/2858/2395
f 2749/2858/2395 2763/2857/2394 2750/2859/2396
f 2749/2858/2395 2750/2859/2396 2748/2860/2397
f 2748/2860/2397 2750/2859/2396 2785/2861/2398
f 2785/2861/2398 2750/2859/2396 2763/2857/2394
f 2785/2861/2398 2763/2857/2394 2783/2862/2399
f 2783/2862/2399 2763/2857/2394 2765/2855/2392
f 2783/2862/2399 2765/2855/2392 2784/2863/2400
f 2784/2863/2400 2765/2855/2392 2767/2845/2382
f 2784/2863/2400 2767/2845/2382 2807/2864/2401
f 2807/2864/2401 2767/2845/2382 2808/2846/2383
f 2807/2864/2401 2808/2846/2383 2786/2865/2402
f 2786/2865/2402 2808/2846/2383 2810/2831/2368
f 2786/2865/2402 2810/2831/2368 2757/2866/2403
f 2757/2866/2403 2810/2831/2368 2759/2830/2367
f 2757/2866/2403 2759/2830/2367 2760/2850/2387
f 2757/2866/2403 2760/2850/2387 2758/2867/2404
f 2758/2867/2404 2760/2850/2387 2788/2851/2388
f 2758/2867/2404 2788/2851/2388 2814/2868/2405
f 2814/2868/2405 2788/2851/2388 2790/2852/2389
f 2814/2868/2405 2790/2852/2389 2806/2869/2406
f 2806/2869/2406 2790/2852/2389 2766/2853/2390
f 2806/2869/2406 2766/2853/2390 2779/2870/2407
f 2779/2870/2407 2766/2853/2390 2764/2854/2391
f 2779/2870/2407 2764/2854/2391 2777/2871/2408
f 2777/2871/2408 2764/2854/2391 2762/2856/2393
f 2777/2871/2408 2762/2856/2393 2747/2872/2409
f 2747/2872/2409 2762/2856/2393 2749/2858/2395
f 2747/2872/2409 2749/2858/2395 2748/2860/2397
f 2747/2872/2409 2748/2860/2397 2745/2873/2410
f 2745/2873/2410 2748/2860/2397 2776/2874/2411
f 2776/2874/2411 2748/2860/2397 2785/2861/2398
f 2776/2874/2411 2785/2861/2398 2783/2862/2399
f 2776/2874/2411 2783/2862/2399 2781/2875/2412
f 2781/2875/2412 2783/2862/2399 2784/2863/2400
f 2781/2875/2412 2784/2863/2400 2782/2876/2413
f 2782/2876/2413 2784/2863/2400 2807/2864/2401
f 2782/2876/2413 2807/2864/2401 2787/2877/2414
f 2787/2877/2414 2807/2864/2401 2786/2865/2402
f 2787/2877/2414 2786/2865/2402 2755/2878/2415
f 2755/2878/2415 2786/2865/2402 2757/2866/2403
f 2755/2878/2415 2757/2866/2403 2758/2867/2404
f 2755/2878/2415 2758/2867/2404 2756/2879/2416
f 2756/2879/2416 2758/2867/2404 2814/2868/2405
f 2756/2879/2416 2814/2868/2405 2780/2880/2417
f 2780/2880/2417 2814/2868/2405 2806/2869/2406
f 2780/2880/2417 2806/2869/2406 2779/2870/2407
f 2780/2880/2417 2779/2870/2407 2778/2881/2418
f 2778/2881/2418 2779/2870/2407 2777/2871/2408
f 2778/2881/2418 2777/2871/2408 2747/2872/2409
f 2778/2881/2418 2747/2872/2409 2746/2882/2419
f 2746/2882/2419 2747/2872/2409 2745/2873/2410
f 2746/2882/2419 2745/2873/2410 2744/2883/2420
f 2746/2882/2419 2744/2883/2420 2778/2881/2418
f 2778/2881/2418 2744/2883/2420 2752/2884/2421
f 2778/2881/2418 2752/2884/2421 2754/2885/2422
f 2778/2881/2418 2754/2885/2422 2780/2880/2417
f 2780/2880/2417 2754/2885/2422 2756/2879/2416
f 2756/2879/2416 2754/2885/2422 2753/2886/2423
f 2756/2879/2416 2753/2886/2423 2755/2878/2415
f 2755/2878/2415 2753/2886/2423 2787/2877/2414
f 2787/2877/2414 2753/2886/2423 2782/2876/2413
f 2782/2876/2413 2753/2886/2423 2751/2887/2424
f 2782/2876/2413 2751/2887/2424 2781/2875/2412
f 2781/2875/2412 2751/2887/2424 2776/2874/2411
f 2776/2874/2411 2751/2887/2424 2743/2888/2425
f 2776/2874/2411 2743/2888/2425 2745/2873/2410
f 2745/2873/2410 2743/2888/2425 2744/2883/2420
f 2744/2883/2420 2743/2888/2425 2751/2887/2424
f 2744/2883/2420 2751/2887/2424 2752/2884/2421
f 2752/2884/2421 2751/2887/2424 2754/2885/2422
f 2754/2885/2422 2751/2887/2424 2753/2886/2423
f 2726/2889/2426 2792/2841/2378 2728/2890/2427
f 2728/2890/2427 2792/2841/2378 2815/2842/2379
f 2728/2890/2427 2815/2842/2379 2730/2849/2386
f 2728/2890/2427 2730/2849/2386 2729/2891/2428
f 2729/2891/2428 2730/2849/2386 2731/2892/2429
f 2729/2891/2428 2731/2892/2429 2739/2893/2430
f 2739/2893/2430 2731/2892/2429 2733/2894/2431
f 2733/2894/2431 2731/2892/2429 2730/2849/2386
f 2733/2894/2431 2730/2849/2386 2732/2848/2385
f 2733/2894/2431 2732/2848/2385 2735/2895/2432
f 2735/2895/2432 2732/2848/2385 2734/2847/2384
f 2735/2895/2432 2734/2847/2384 2720/2896/2433
f 2720/2896/2433 2734/2847/2384 2791/2833/2370
f 2720/2896/2433 2791/2833/2370 2813/2897/2434
f 2813/2897/2434 2791/2833/2370 2811/2834/2371
f 2813/2897/2434 2811/2834/2371 2773/2898/2435
f 2773/2898/2435 2811/2834/2371 2771/2836/2373
f 2773/2898/2435 2771/2836/2373 2772/2839/2376
f 2773/2898/2435 2772/2839/2376 2774/2899/2436
f 2774/2899/2436 2772/2839/2376 2792/2841/2378
f 2774/2899/2436 2792/2841/2378 2724/2900/2437
f 2724/2900/2437 2792/2841/2378 2726/2889/2426
f 2724/2900/2437 2726/2889/2426 2727/2901/2438
f 2727/2901/2438 2726/2889/2426 2728/2890/2427
f 2727/2901/2438 2728/2890/2427 2729/2891/2428
f 2727/2901/2438 2729/2891/2428 2738/2902/2439
f 2738/2902/2439 2729/2891/2428 2739/2893/2430
f 2738/2902/2439 2739/2893/2430 2737/2903/2440
f 2737/2903/2440 2739/2893/2430 2736/2904/2441
f 2736/2904/2441 2739/2893/2430 2761/2905/2442
f 2761/2905/2442 2739/2893/2430 2733/2894/2431
f 2761/2905/2442 2733/2894/2431 2735/2895/2432
f 2761/2905/2442 2735/2895/2432 2804/2684/2221
f 2804/2684/2221 2735/2895/2432 2723/2685/2222
f 2723/2685/2222 2735/2895/2432 2720/2896/2433
f 2723/2685/2222 2720/2896/2433 2721/2687/2224
f 2721/2687/2224 2720/2896/2433 2813/2897/2434
f 2721/2687/2224 2813/2897/2434 2775/2906/2443
f 2775/2906/2443 2813/2897/2434 2773/2898/2435
f 2775/2906/2443 2773/2898/2435 2774/2899/2436
f 2775/2906/2443 2774/2899/2436 2721/2687/2224
f 2721/2687/2224 2774/2899/2436 2724/2900/2437
f 2721/2687/2224 2724/2900/2437 2725/2688/2225
f 2725/2688/2225 2724/2900/2437 2727/2901/2438
f 2725/2688/2225 2727/2901/2438 2801/2690/2227
f 2801/2690/2227 2727/2901/2438 2738/2902/2439
f 2801/2690/2227 2738/2902/2439 2796/2641/2178
f 2796/2641/2178 2738/2902/2439 2737/2903/2440
f 2796/2641/2178 2737/2903/2440 2463/2638/2175
f 2463/2638/2175 2737/2903/2440 2736/2904/2441
f 2463/2638/2175 2736/2904/2441 2466/2636/2173
f 2466/2636/2173 2736/2904/2441 2716/2907/2444
f 2466/2636/2173 2716/2907/2444 2468/2633/2170
f 2468/2633/2170 2716/2907/2444 2470/2632/2169
f 2470/2632/2169 2716/2907/2444 2715/2908/2445
f 2470/2632/2169 2715/2908/2445 2472/2631/2168
f 2472/2631/2168 2715/2908/2445 2795/2909/2446
f 2472/2631/2168 2795/2909/2446 2794/2910/2447
f 2472/2631/2168 2794/2910/2447 2474/2630/2167
f 2474/2630/2167 2794/2910/2447 2525/2911/2448
f 2474/2630/2167 2525/2911/2448 2476/2629/2166
f 2476/2629/2166 2525/2911/2448 2526/2628/2165
f 2526/2628/2165 2525/2911/2448 2528/2912/2449
f 2526/2628/2165 2528/2912/2449 2527/2627/2164
f 2527/2627/2164 2528/2912/2449 2627/2913/2251
f 2527/2627/2164 2627/2913/2251 2600/2914/2250
f 2527/2627/2164 2600/2914/2250 2599/2915/2248
f 2527/2627/2164 2599/2915/2248 2531/2626/2163
f 2531/2626/2163 2599/2915/2248 2530/2683/2220
f 2530/2683/2220 2599/2915/2248 2803/2916/2246
f 2530/2683/2220 2803/2916/2246 2804/2684/2221
f 2804/2684/2221 2803/2916/2246 2761/2905/2442
f 2761/2905/2442 2803/2916/2246 2631/2917/2245
f 2761/2905/2442 2631/2917/2245 2736/2904/2441
f 2736/2904/2441 2631/2917/2245 2716/2907/2444
f 2716/2907/2444 2631/2917/2245 2718/2918/2257
f 2716/2907/2444 2718/2918/2257 2719/2919/2255
f 2716/2907/2444 2719/2919/2255 2715/2920/2445
f 2715/2920/2445 2719/2919/2255 2717/2921/2450
f 2715/2920/2445 2717/2921/2450 2666/2922/2451
f 2715/2920/2445 2666/2922/2451 2795/2909/2446
f 2795/2909/2446 2666/2922/2451 2667/2923/2452
f 2795/2909/2446 2667/2923/2452 2709/2924/2453
f 2795/2909/2446 2709/2924/2453 2794/2910/2447
f 2794/2910/2447 2709/2924/2453 2532/2925/2454
f 2794/2910/2447 2532/2925/2454 2525/2911/2448
f 2525/2911/2448 2532/2925/2454 2528/2912/2449
f 2528/2912/2449 2532/2925/2454 2682/2926/2455
f 2528/2912/2449 2682/2926/2455 2529/2927/2456
f 2528/2912/2449 2529/2927/2456 2627/2913/2251
f 2627/2913/2251 2529/2927/2456 2628/2928/2253
f 2628/2928/2253 2529/2927/2456 2802/2929/2457
f 2628/2928/2253 2802/2929/2457 2717/2921/2450
f 2628/2928/2253 2717/2921/2450 2719/2919/2255
f 2104/2930/2458 2103/2931/2459 2106/2932/2460
f 2106/2932/2460 2103/2931/2459 2105/2933/2461
f 2106/2932/2460 2105/2933/2461 2040/2934/2462
f 2040/2934/2462 2105/2933/2461 2417/2935/2463
f 2417/2935/2463 2105/2933/2461 2103/2931/2459
f 2417/2935/2463 2103/2931/2459 2416/2936/2464
f 2417/2935/2463 2416/2936/2464 2130/2937/2465
f 2417/2935/2463 2130/2937/2465 2054/2938/2466
f 2417/2935/2463 2054/2938/2466 2040/2934/2462
f 2040/2934/2462 2054/2938/2466 2055/2939/2467
f 2055/2939/2467 2054/2938/2466 2053/2940/2468
f 2053/2940/2468 2054/2938/2466 2052/2941/2469
f 2053/2940/2468 2052/2941/2469 2051/2942/2470
f 2051/2942/2470 2052/2941/2469 2130/2937/2465
f 2130/2937/2465 2052/2941/2469 2054/2938/2466
f 2412/2943/2471 2113/2944/2472 2413/2945/2473
f 2413/2945/2473 2113/2944/2472 2415/2946/2474
f 2413/2945/2473 2415/2946/2474 2099/2947/2475
f 2099/2947/2475 2415/2946/2474 2101/2948/2476
f 2099/2947/2475 2101/2948/2476 2100/2949/2477
f 2100/2949/2477 2101/2948/2476 2102/2950/2478
f 2100/2949/2477 2102/2950/2478 2115/2951/2479
f 2115/2951/2479 2102/2950/2478 2116/2952/2480
f 2115/2951/2479 2116/2952/2480 2091/2953/2481
f 2091/2953/2481 2116/2952/2480 2410/2954/2482
f 2410/2954/2482 2116/2952/2480 2102/2950/2478
f 2410/2954/2482 2102/2950/2478 2104/2930/2458
f 2104/2930/2458 2102/2950/2478 2101/2948/2476
f 2104/2930/2458 2101/2948/2476 2103/2931/2459
f 2103/2931/2459 2101/2948/2476 2416/2936/2464
f 2416/2936/2464 2101/2948/2476 2415/2946/2474
f 2416/2936/2464 2415/2946/2474 2131/2955/2483
f 2416/2936/2464 2131/2955/2483 2130/2937/2465
f 2130/2937/2465 2131/2955/2483 2129/2956/2484
f 2130/2937/2465 2129/2956/2484 2051/2942/2470
f 2051/2942/2470 2129/2956/2484 2089/2957/2485
f 2051/2942/2470 2089/2957/2485 2049/2958/2486
f 2049/2958/2486 2089/2957/2485 2047/2356/1909
f 2049/2958/2486 2047/2356/1909 2048/2959/2487
f 2048/2959/2487 2047/2356/1909 2046/2355/1908
f 2048/2959/2487 2046/2355/1908 2057/2960/2488
f 2057/2960/2488 2046/2355/1908 2087/2354/1907
f 2057/2960/2488 2087/2354/1907 2309/2322/1875
f 2309/2322/1875 2087/2354/1907 2392/2352/1905
f 2309/2322/1875 2392/2352/1905 2391/2324/1877
f 2391/2324/1877 2392/2352/1905 2107/2350/1903
f 2391/2324/1877 2107/2350/1903 2393/2326/1879
f 2393/2326/1879 2107/2350/1903 2078/2348/1901
f 2393/2326/1879 2078/2348/1901 2076/2329/1882
f 2076/2329/1882 2078/2348/1901 2077/2347/1900
f 2076/2329/1882 2077/2347/1900 2075/2961/2489
f 2076/2329/1882 2075/2961/2489 2074/2330/1883
f 2074/2330/1883 2075/2961/2489 2072/2333/1886
f 2072/2333/1886 2075/2961/2489 2073/2962/2490
f 2072/2333/1886 2073/2962/2490 2070/2963/2491
f 2072/2333/1886 2070/2963/2491 2039/2334/1887
f 2039/2334/1887 2070/2963/2491 2387/2335/1888
f 2387/2335/1888 2070/2963/2491 2068/2964/2492
f 2387/2335/1888 2068/2964/2492 2311/2336/1889
f 2311/2336/1889 2068/2964/2492 2066/2965/2493
f 2311/2336/1889 2066/2965/2493 2064/2966/2494
f 2311/2336/1889 2064/2966/2494 2310/2321/1874
f 2310/2321/1874 2064/2966/2494 2062/2967/2495
f 2310/2321/1874 2062/2967/2495 2060/2968/2496
f 2310/2321/1874 2060/2968/2496 2309/2322/1875
f 2309/2322/1875 2060/2968/2496 2058/2969/2497
f 2309/2322/1875 2058/2969/2497 2057/2960/2488
f 2057/2960/2488 2058/2969/2497 2056/2970/2498
f 2057/2960/2488 2056/2970/2498 2050/2971/2499
f 2057/2960/2488 2050/2971/2499 2048/2959/2487
f 2048/2959/2487 2050/2971/2499 2049/2958/2486
f 2049/2958/2486 2050/2971/2499 2051/2942/2470
f 2051/2942/2470 2050/2971/2499 2053/2940/2468
f 2053/2940/2468 2050/2971/2499 2056/2970/2498
f 2053/2940/2468 2056/2970/2498 2394/2972/2500
f 2053/2940/2468 2394/2972/2500 2055/2939/2467
f 2055/2939/2467 2394/2972/2500 2080/2973/2501
f 2055/2939/2467 2080/2973/2501 2041/2974/2502
f 2055/2939/2467 2041/2974/2502 2040/2934/2462
f 2040/2934/2462 2041/2974/2502 2043/2975/2503
f 2040/2934/2462 2043/2975/2503 2106/2932/2460
f 2106/2932/2460 2043/2975/2503 2128/2976/2504
f 2106/2932/2460 2128/2976/2504 2104/2930/2458
f 2104/2930/2458 2128/2976/2504 2410/2954/2482
f 2410/2954/2482 2128/2976/2504 2088/2977/2505
f 2410/2954/2482 2088/2977/2505 2091/2953/2481
f 2091/2953/2481 2088/2977/2505 2090/2978/2506
f 2091/2953/2481 2090/2978/2506 2092/2979/2507
f 2091/2953/2481 2092/2979/2507 2115/2951/2479
f 2115/2951/2479 2092/2979/2507 2411/2980/2508
f 2411/2980/2508 2092/2979/2507 2028/2981/2509
f 2411/2980/2508 2028/2981/2509 2098/2982/2510
f 2411/2980/2508 2098/2982/2510 2115/2951/2479
f 2115/2951/2479 2098/2982/2510 2100/2949/2477
f 2100/2949/2477 2098/2982/2510 2097/2983/2511
f 2100/2949/2477 2097/2983/2511 2099/2947/2475
f 2099/2947/2475 2097/2983/2511 2413/2945/2473
f 2413/2945/2473 2097/2983/2511 2412/2943/2471
f 2412/2943/2471 2097/2983/2511 2109/2984/2512
f 2109/2984/2512 2097/2983/2511 2095/2985/2513
f 2095/2985/2513 2097/2983/2511 2096/2986/2514
f 2095/2985/2513 2096/2986/2514 2086/2987/2515
f 2086/2987/2515 2096/2986/2514 2028/2981/2509
f 2028/2981/2509 2096/2986/2514 2098/2982/2510
f 2098/2982/2510 2096/2986/2514 2097/2983/2511
f 2032/2988/2516 2031/2989/2517 2083/2990/2518
f 2083/2990/2518 2031/2989/2517 2084/2991/2519
f 2083/2990/2518 2084/2991/2519 2030/2992/2520
f 2030/2992/2520 2084/2991/2519 2085/2993/2521
f 2085/2993/2521 2084/2991/2519 2108/2994/2522
f 2108/2994/2522 2084/2991/2519 2031/2989/2517
f 2108/2994/2522 2031/2989/2517 2110/2995/2523
f 2110/2995/2523 2031/2989/2517 2033/2996/2524
f 2033/2996/2524 2031/2989/2517 2032/2988/2516
f 2033/2996/2524 2032/2988/2516 2094/2997/2525
f 2094/2997/2525 2032/2988/2516 2083/2990/2518
f 2094/2997/2525 2083/2990/2518 2082/2998/2526
f 2082/2998/2526 2083/2990/2518 2030/2992/2520
f 2082/2998/2526 2030/2992/2520 2029/2999/2527
f 2082/2998/2526 2029/2999/2527 2094/2997/2525
f 2094/2997/2525 2029/2999/2527 2093/3000/2528
f 2094/2997/2525 2093/3000/2528 2033/2996/2524
f 2033/2996/2524 2093/3000/2528 2111/3001/2529
f 2033/2996/2524 2111/3001/2529 2110/2995/2523
f 2110/2995/2523 2111/3001/2529 2114/3002/2530
f 2114/3002/2530 2111/3001/2529 2113/2944/2472
f 2114/3002/2530 2113/2944/2472 2412/2943/2471
f 2114/3002/2530 2412/2943/2471 2110/2995/2523
f 2110/2995/2523 2412/2943/2471 2109/2984/2512
f 2110/2995/2523 2109/2984/2512 2108/2994/2522
f 2108/2994/2522 2109/2984/2512 2095/2985/2513
f 2108/2994/2522 2095/2985/2513 2085/2993/2521
f 2085/2993/2521 2095/2985/2513 2086/2987/2515
f 2085/2993/2521 2086/2987/2515 2030/2992/2520
f 2030/2992/2520 2086/2987/2515 2028/2981/2509
f 2030/2992/2520 2028/2981/2509 2029/2999/2527
f 2029/2999/2527 2028/2981/2509 2092/2979/2507
f 2029/2999/2527 2092/2979/2507 2093/3000/2528
f 2093/3000/2528 2092/2979/2507 2090/2978/2506
f 2093/3000/2528 2090/2978/2506 2111/3001/2529
f 2111/3001/2529 2090/2978/2506 2112/3003/2531
f 2111/3001/2529 2112/3003/2531 2113/2944/2472
f 2113/2944/2472 2112/3003/2531 2414/3004/2532
f 2113/2944/2472 2414/3004/2532 2415/2946/2474
f 2415/2946/2474 2414/3004/2532 2131/2955/2483
f 2131/2955/2483 2414/3004/2532 2112/3003/2531
f 2131/2955/2483 2112/3003/2531 2129/2956/2484
f 2129/2956/2484 2112/3003/2531 2090/2978/2506
f 2129/2956/2484 2090/2978/2506 2089/2957/2485
f 2089/2957/2485 2090/2978/2506 2088/2977/2505
f 2089/2957/2485 2088/2977/2505 2047/2356/1909
f 2047/2356/1909 2088/2977/2505 2128/2976/2504
f 2047/2356/1909 2128/2976/2504 2045/2357/1910
f 2045/2357/1910 2128/2976/2504 2043/2975/2503
f 2045/2357/1910 2043/2975/2503 2042/2351/1904
f 2042/2351/1904 2043/2975/2503 2041/2974/2502
f 2042/2351/1904 2041/2974/2502 2081/2349/1902
f 2081/2349/1902 2041/2974/2502 2080/2973/2501
f 2081/2349/1902 2080/2973/2501 2079/2346/1899
f 2079/2346/1899 2080/2973/2501 2334/3005/2533
f 2079/2346/1899 2334/3005/2533 2117/3006/2534
f 2079/2346/1899 2117/3006/2534 2077/2347/1900
f 2077/2347/1900 2117/3006/2534 2118/3007/2535
f 2077/2347/1900 2118/3007/2535 2075/2961/2489
f 2075/2961/2489 2118/3007/2535 2073/2962/2490
f 2073/2962/2490 2118/3007/2535 2119/3008/2536
f 2073/2962/2490 2119/3008/2536 2071/3009/2537
f 2073/2962/2490 2071/3009/2537 2070/2963/2491
f 2070/2963/2491 2071/3009/2537 2068/2964/2492
f 2068/2964/2492 2071/3009/2537 2069/3010/2538
f 2068/2964/2492 2069/3010/2538 2066/2965/2493
f 2066/2965/2493 2069/3010/2538 2067/3011/2539
f 2066/2965/2493 2067/3011/2539 2065/3012/2540
f 2066/2965/2493 2065/3012/2540 2064/2966/2494
f 2064/2966/2494 2065/3012/2540 2063/3013/2541
f 2064/2966/2494 2063/3013/2541 2062/2967/2495
f 2062/2967/2495 2063/3013/2541 2060/2968/2496
f 2060/2968/2496 2063/3013/2541 2061/3014/2542
f 2060/2968/2496 2061/3014/2542 2058/2969/2497
f 2058/2969/2497 2061/3014/2542 2059/3015/2543
f 2058/2969/2497 2059/3015/2543 2056/2970/2498
f 2056/2970/2498 2059/3015/2543 2394/2972/2500
f 2394/2972/2500 2059/3015/2543 2390/3016/2544
f 2394/2972/2500 2390/3016/2544 2080/2973/2501
f 2080/2973/2501 2390/3016/2544 2334/3005/2533
f 2334/3005/2533 2390/3016/2544 2335/3017/2545
f 2334/3005/2533 2335/3017/2545 2124/2304/1857
f 2334/3005/2533 2124/2304/1857 2117/3006/2534
f 2117/3006/2534 2124/2304/1857 2123/2305/1858
f 2117/3006/2534 2123/2305/1858 2118/3007/2535
f 2118/3007/2535 2123/2305/1858 2119/3008/2536
f 2119/3008/2536 2123/2305/1858 2122/2308/1861
f 2119/3008/2536 2122/2308/1861 2120/2312/1865
f 2119/3008/2536 2120/2312/1865 2071/3009/2537
f 2071/3009/2537 2120/2312/1865 2069/3010/2538
f 2069/3010/2538 2120/2312/1865 2388/2313/1866
f 2069/3010/2538 2388/2313/1866 2067/3011/2539
f 2067/3011/2539 2388/2313/1866 2389/2315/1868
f 2067/3011/2539 2389/2315/1868 2313/3018/1846
f 2067/3011/2539 2313/3018/1846 2065/3012/2540
f 2065/3012/2540 2313/3018/1846 2312/2295/1848
f 2065/3012/2540 2312/2295/1848 2063/3013/2541
f 2063/3013/2541 2312/2295/1848 2061/3014/2542
f 2061/3014/2542 2312/2295/1848 2330/2298/1851
f 2061/3014/2542 2330/2298/1851 2059/3015/2543
f 2059/3015/2543 2330/2298/1851 2331/2360/1913
f 2059/3015/2543 2331/2360/1913 2390/3016/2544
f 2390/3016/2544 2331/2360/1913 2396/2362/1915
f 2390/3016/2544 2396/2362/1915 2335/3017/2545
f 2335/3017/2545 2396/2362/1915 2318/2364/1917
f 2335/3017/2545 2318/2364/1917 2316/3019/2546
f 2316/3019/2546 2318/2364/1917 2317/2366/1919
f 2316/3019/2546 2317/2366/1919 2315/3020/2547
f 2315/3020/2547 2317/2366/1919 2314/3021/2548
f 2315/3020/2547 2314/3021/2548 2329/3022/2549
f 2329/3022/2549 2314/3021/2548 2328/3023/2550
f 2329/3022/2549 2328/3023/2550 2327/3024/2551
f 2327/3024/2551 2328/3023/2550 2385/3025/2552
f 2385/3025/2552 2328/3023/2550 2314/3021/2548
f 2385/3025/2552 2314/3021/2548 2407/3026/2553
f 2407/3026/2553 2314/3021/2548 2317/2366/1919
f 2407/3026/2553 2317/2366/1919 2368/3027/2554
f 2368/3027/2554 2317/2366/1919 2369/2367/1920
f 2368/3027/2554 2369/2367/1920 2366/2370/1923
f 2368/3027/2554 2366/2370/1923 2407/3026/2553
f 2407/3026/2553 2366/2370/1923 2406/2372/1925
f 2407/3026/2553 2406/2372/1925 2385/3025/2552
f 2385/3025/2552 2406/2372/1925 2405/2374/1927
f 2385/3025/2552 2405/2374/1927 2354/2376/1929
f 2385/3025/2552 2354/2376/1929 2327/3024/2551
f 2327/3024/2551 2354/2376/1929 2325/2379/1932
f 2327/3024/2551 2325/2379/1932 2326/2358/1911
f 2327/3024/2551 2326/2358/1911 2329/3022/2549
f 2329/3022/2549 2326/2358/1911 2355/2299/1852
f 2329/3022/2549 2355/2299/1852 2398/2301/1854
f 2329/3022/2549 2398/2301/1854 2315/3020/2547
f 2315/3020/2547 2398/2301/1854 2125/2302/1855
f 2315/3020/2547 2125/2302/1855 2316/3019/2546
f 2316/3019/2546 2125/2302/1855 2336/3028/2555
f 2316/3019/2546 2336/3028/2555 2335/3017/2545
f 2335/3017/2545 2336/3028/2555 2124/2304/1857
f 2124/2304/1857 2336/3028/2555 2125/2302/1855
f 2371/2419/1972 2373/2418/1971 2372/2427/1980
f 2371/2419/1972 2372/2427/1980 2342/2420/1973
f 2342/2420/1973 2372/2427/1980 2340/3029/2556
f 2342/2420/1973 2340/3029/2556 2338/2421/1974
f 2338/2421/1974 2340/3029/2556 2339/2425/1978
f 2339/2425/1978 2340/3029/2556 2372/2427/1980
f 2339/2425/1978 2372/2427/1980 2345/2426/1979
f 1726/3030/1647 1504/3031/1582 1727/3032/2557
f 1727/3032/2557 1504/3031/1582 1722/3033/2558
f 2606/2777/2314 2607/2778/2315 2575/2786/2323
f 2606/2777/2314 2575/2786/2323 2601/2776/2313
f 2601/2776/2313 2575/2786/2323 2567/3034/2559
f 2601/2776/2313 2567/3034/2559 2569/2775/2312
f 2569/2775/2312 2567/3034/2559 2568/2784/2321
f 2568/2784/2321 2567/3034/2559 2575/2786/2323
f 2568/2784/2321 2575/2786/2323 2576/2785/2322
f 2514/2829/2366 2516/2822/2359 2515/3035/2560
f 2515/3035/2560 2516/2822/2359 2437/2821/2358
f 2515/3035/2560 2437/2821/2358 2489/3036/2561
f 2489/3036/2561 2437/2821/2358 2490/2809/2346
f 2489/3036/2561 2490/2809/2346 2435/2810/2347
f 2489/3036/2561 2435/2810/2347 2492/3037/2562
f 2489/3036/2561 2492/3037/2562 2515/3035/2560
f 2515/3035/2560 2492/3037/2562 2502/2828/2365
f 2515/3035/2560 2502/2828/2365 2514/2829/2366
f 2502/2828/2365 2492/3037/2562 2491/3038/2563
f 2502/2828/2365 2491/3038/2563 2501/2827/2364
f 2501/2827/2364 2491/3038/2563 2434/2811/2348
f 2434/2811/2348 2491/3038/2563 2435/2810/2347
f 2435/2810/2347 2491/3038/2563 2492/3037/2562
f 2686/3039/2564 2685/3040/2565 2687/3041/2566
f 2687/3041/2566 2685/3040/2565 2659/3042/2567
f 2687/3041/2566 2659/3042/2567 2661/3043/2568
f 2661/3043/2568 2659/3042/2567 2658/3044/2569
f 2661/3043/2568 2658/3044/2569 2660/3045/2570
f 2660/3045/2570 2658/3044/2569 2694/3046/2571
f 2660/3045/2570 2694/3046/2571 2693/3047/2572
f 2693/3047/2572 2694/3046/2571 2702/3048/2573
f 2702/3048/2573 2694/3046/2571 2689/3049/2574
f 2689/3049/2574 2694/3046/2571 2658/3044/2569
f 2689/3049/2574 2658/3044/2569 2656/3050/2575
f 2656/3050/2575 2658/3044/2569 2659/3042/2567
f 2673/3051/2576 2691/3052/2577 2671/3053/2578
f 2673/3051/2576 2671/3053/2578 2670/3054/2579
f 2670/3054/2579 2671/3053/2578 2668/3055/2580
f 2670/3054/2579 2668/3055/2580 2684/3056/2581
f 2684/3056/2581 2668/3055/2580 2652/3057/2582
f 2652/3057/2582 2668/3055/2580 2654/3058/2583
f 2652/3057/2582 2654/3058/2583 2653/3059/2584
f 2652/3057/2582 2653/3059/2584 2650/3060/2585
f 2650/3060/2585 2653/3059/2584 2683/3061/2586
f 2683/3061/2586 2653/3059/2584 2692/3062/2587
f 2683/3061/2586 2692/3062/2587 2690/3063/2588
f 2683/3061/2586 2690/3063/2588 2688/3064/2589
f 2688/3064/2589 2690/3063/2588 2691/3052/2577
f 2691/3052/2577 2690/3063/2588 2671/3053/2578
f 2671/3053/2578 2690/3063/2588 2669/3065/2590
f 2671/3053/2578 2669/3065/2590 2668/3055/2580
f 2668/3055/2580 2669/3065/2590 2654/3058/2583
f 2654/3058/2583 2669/3065/2590 2655/3066/2591
f 2654/3058/2583 2655/3066/2591 2653/3059/2584
f 2653/3059/2584 2655/3066/2591 2692/3062/2587
f 2692/3062/2587 2655/3066/2591 2669/3065/2590
f 2692/3062/2587 2669/3065/2590 2690/3063/2588
f 2639/3067/2592 2717/3068/2450 2802/3069/2457
f 2639/3067/2592 2802/3069/2457 2637/3070/2593
f 2637/3070/2593 2802/3069/2457 2529/3071/2456
f 2637/3070/2593 2529/3071/2456 2634/3072/2594
f 2634/3072/2594 2529/3071/2456 2682/3073/2455
f 2634/3072/2594 2682/3073/2455 2532/3074/2454
f 2634/3072/2594 2532/3074/2454 2635/3075/2595
f 2635/3075/2595 2532/3074/2454 2709/3076/2453
f 2635/3075/2595 2709/3076/2453 2647/3077/2596
f 2647/3077/2596 2709/3076/2453 2667/3078/2452
f 2647/3077/2596 2667/3078/2452 2645/3079/2597
f 2645/3079/2597 2667/3078/2452 2666/3080/2451
f 2645/3079/2597 2666/3080/2451 2643/3081/2598
f 2643/3081/2598 2666/3080/2451 2641/3082/2599
f 2641/3082/2599 2666/3080/2451 2717/3068/2450
f 2641/3082/2599 2717/3068/2450 2639/3067/2592
f 2641/3082/2599 2639/3067/2592 2640/3083/2600
f 2640/3083/2600 2639/3067/2592 2638/3084/2601
f 2640/3083/2600 2638/3084/2601 2699/3085/2602
f 2699/3085/2602 2638/3084/2601 2636/3086/2603
f 2636/3086/2603 2638/3084/2601 2639/3067/2592
f 2636/3086/2603 2639/3067/2592 2637/3070/2593
f 2636/3086/2603 2637/3070/2593 2633/3087/2604
f 2633/3087/2604 2637/3070/2593 2634/3072/2594
f 2633/3087/2604 2634/3072/2594 2635/3075/2595
f 2633/3087/2604 2635/3075/2595 2632/3088/2605
f 2632/3088/2605 2635/3075/2595 2647/3077/2596
f 2632/3088/2605 2647/3077/2596 2646/3089/2606
f 2646/3089/2606 2647/3077/2596 2644/3090/2607
f 2644/3090/2607 2647/3077/2596 2645/3079/2597
f 2644/3090/2607 2645/3079/2597 2642/3091/2608
f 2642/3091/2608 2645/3079/2597 2643/3081/2598
f 2642/3091/2608 2643/3081/2598 2641/3082/2599
f 2642/3091/2608 2641/3082/2599 2640/3083/2600
f 2642/3091/2608 2640/3083/2600 2711/3092/2609
f 2711/3092/2609 2640/3083/2600 2699/3085/2602
f 2711/3092/2609 2699/3085/2602 2700/3093/2610
f 2700/3093/2610 2699/3085/2602 2678/3094/2611
f 2700/3093/2610 2678/3094/2611 2696/3095/2612
f 2696/3095/2612 2678/3094/2611 2676/3096/2613
f 2696/3095/2612 2676/3096/2613 2697/3097/2614
f 2697/3097/2614 2676/3096/2613 2674/3098/2615
f 2697/3097/2614 2674/3098/2615 2672/3099/2616
f 2672/3099/2616 2674/3098/2615 2675/3100/2617
f 2675/3100/2617 2674/3098/2615 2676/3096/2613
f 2675/3100/2617 2676/3096/2613 2677/3101/2618
f 2677/3101/2618 2676/3096/2613 2678/3094/2611
f 2677/3101/2618 2678/3094/2611 2679/3102/2619
f 2679/3102/2619 2678/3094/2611 2680/3103/2620
f 2680/3103/2620 2678/3094/2611 2699/3085/2602
f 2680/3103/2620 2699/3085/2602 2636/3086/2603
f 2680/3103/2620 2636/3086/2603 2633/3087/2604
f 2680/3103/2620 2633/3087/2604 2681/3104/2621
f 2680/3103/2620 2681/3104/2621 2679/3102/2619
f 2679/3102/2619 2681/3104/2621 2708/3105/2622
f 2708/3105/2622 2681/3104/2621 2633/3087/2604
f 2708/3105/2622 2633/3087/2604 2632/3088/2605
f 2708/3105/2622 2632/3088/2605 2698/3106/2623
f 2698/3106/2623 2632/3088/2605 2646/3089/2606
f 2698/3106/2623 2646/3089/2606 2644/3090/2607
f 2698/3106/2623 2644/3090/2607 2664/3107/2624
f 2664/3107/2624 2644/3090/2607 2642/3091/2608
f 2664/3107/2624 2642/3091/2608 2665/3108/2625
f 2665/3108/2625 2642/3091/2608 2711/3092/2609
f 2665/3108/2625 2711/3092/2609 2663/3109/2626
f 2665/3108/2625 2663/3109/2626 2664/3107/2624
f 2664/3107/2624 2663/3109/2626 2662/3110/2627
f 2664/3107/2624 2662/3110/2627 2707/3111/2628
f 2664/3107/2624 2707/3111/2628 2698/3106/2623
f 2698/3106/2623 2707/3111/2628 2706/3112/2629
f 2698/3106/2623 2706/3112/2629 2708/3105/2622
f 2708/3105/2622 2706/3112/2629 2679/3102/2619
f 2679/3102/2619 2706/3112/2629 2677/3101/2618
f 2677/3101/2618 2706/3112/2629 2704/3113/2630
f 2677/3101/2618 2704/3113/2630 2675/3100/2617
f 2675/3100/2617 2704/3113/2630 2703/3114/2631
f 2675/3100/2617 2703/3114/2631 2673/3051/2576
f 2675/3100/2617 2673/3051/2576 2672/3099/2616
f 2672/3099/2616 2673/3051/2576 2670/3054/2579
f 2672/3099/2616 2670/3054/2579 2686/3039/2564
f 2686/3039/2564 2670/3054/2579 2684/3056/2581
f 2686/3039/2564 2684/3056/2581 2685/3040/2565
f 2685/3040/2565 2684/3056/2581 2652/3057/2582
f 2685/3040/2565 2652/3057/2582 2651/3115/2632
f 2651/3115/2632 2652/3057/2582 2650/3060/2585
f 2651/3115/2632 2650/3060/2585 2649/3116/2633
f 2651/3115/2632 2649/3116/2633 2685/3040/2565
f 2685/3040/2565 2649/3116/2633 2657/3117/2634
f 2685/3040/2565 2657/3117/2634 2659/3042/2567
f 2659/3042/2567 2657/3117/2634 2656/3050/2575
f 2656/3050/2575 2657/3117/2634 2649/3116/2633
f 2656/3050/2575 2649/3116/2633 2648/3118/2635
f 2648/3118/2635 2649/3116/2633 2650/3060/2585
f 2648/3118/2635 2650/3060/2585 2683/3061/2586
f 2648/3118/2635 2683/3061/2586 2656/3050/2575
f 2656/3050/2575 2683/3061/2586 2688/3064/2589
f 2656/3050/2575 2688/3064/2589 2689/3049/2574
f 2689/3049/2574 2688/3064/2589 2691/3052/2577
f 2689/3049/2574 2691/3052/2577 2702/3048/2573
f 2702/3048/2573 2691/3052/2577 2673/3051/2576
f 2702/3048/2573 2673/3051/2576 2703/3114/2631
f 2702/3048/2573 2703/3114/2631 2693/3047/2572
f 2693/3047/2572 2703/3114/2631 2705/3119/2636
f 2705/3119/2636 2703/3114/2631 2704/3113/2630
f 2705/3119/2636 2704/3113/2630 2706/3112/2629
f 2705/3119/2636 2706/3112/2629 2707/3111/2628
f 2705/3119/2636 2707/3111/2628 2662/3110/2627
f 2705/3119/2636 2662/3110/2627 2693/3047/2572
f 2693/3047/2572 2662/3110/2627 2660/3045/2570
f 2660/3045/2570 2662/3110/2627 2663/3109/2626
f 2660/3045/2570 2663/3109/2626 2661/3043/2568
f 2661/3043/2568 2663/3109/2626 2710/3120/2637
f 2661/3043/2568 2710/3120/2637 2687/3041/2566
f 2687/3041/2566 2710/3120/2637 2701/3121/2638
f 2687/3041/2566 2701/3121/2638 2686/3039/2564
f 2686/3039/2564 2701/3121/2638 2672/3099/2616
f 2672/3099/2616 2701/3121/2638 2697/3097/2614
f 2697/3097/2614 2701/3121/2638 2710/3120/2637
f 2697/3097/2614 2710/3120/2637 2695/3122/2639
f 2695/3122/2639 2710/3120/2637 2663/3109/2626
f 2695/3122/2639 2663/3109/2626 2711/3092/2609
f 2695/3122/2639 2711/3092/2609 2700/3093/2610
f 2695/3122/2639 2700/3093/2610 2696/3095/2612
f 2695/3122/2639 2696/3095/2612 2697/3097/2614
f 1423/3123/1484 1424/3124/1487 1425/3125/2640
f 1423/3123/1484 1425/3125/2640 1422/3126/2641
f 1422/3126/2641 1425/3125/2640 1645/3127/2642
f 1422/3126/2641 1645/3127/2642 1644/3128/2643
f 1422/3126/2641 1644/3128/2643 1916/3129/2644
f 1422/3126/2641 1916/3129/2644 1750/3130/2645
f 1422/3126/2641 1750/3130/2645 1423/3123/1484
f 1423/3123/1484 1750/3130/2645 1939/3131/1482
f 1938/3132/1480 1939/3131/1482 1754/3133/2646
f 1754/3133/2646 1939/3131/1482 1750/3130/2645
f 1754/3133/2646 1750/3130/2645 1919/3134/2647
f 1919/3134/2647 1750/3130/2645 1916/3129/2644
f 1919/3134/2647 1916/3129/2644 2015/3135/2648
f 2015/3135/2648 1916/3129/2644 1915/3136/2649
f 1915/3136/2649 1916/3129/2644 1644/3128/2643
f 1915/3136/2649 1644/3128/2643 1643/3137/2650
f 1643/3137/2650 1644/3128/2643 1646/3138/2651
f 1646/3138/2651 1644/3128/2643 1645/3127/2642
f 1646/3138/2651 1645/3127/2642 1640/3139/2652
f 1640/3139/2652 1645/3127/2642 1641/3140/2653
f 1641/3140/2653 1645/3127/2642 1425/3125/2640
f 1641/3140/2653 1425/3125/2640 1649/3141/2654
f 1649/3141/2654 1425/3125/2640 1424/3124/1487
f 1649/3141/2654 1424/3124/1487 1669/3142/1489
f 1639/3143/2655 1640/3144/2652 1641/3145/2653
f 1639/3143/2655 1641/3145/2653 1642/3146/2656
f 1642/3146/2656 1641/3145/2653 1649/3147/2654
f 1642/3146/2656 1649/3147/2654 1428/3148/2657
f 1428/3148/2657 1649/3147/2654 1669/3142/1489
f 1428/3148/2657 1669/3142/1489 1667/3149/1596
f 1428/3148/2657 1667/3149/1596 1420/3150/2658
f 1420/3150/2658 1667/3149/1596 1421/3151/1598
f 1420/3150/2658 1421/3151/1598 1418/3152/1425
f 1420/3150/2658 1418/3152/1425 1419/3153/2659
f 1420/3150/2658 1419/3153/2659 1426/3154/2660
f 1420/3150/2658 1426/3154/2660 1638/3155/2661
f 1638/3155/2661 1426/3154/2660 2010/3156/2662
f 1638/3155/2661 2010/3156/2662 1637/3157/2663
f 1638/3155/2661 1637/3157/2663 1642/3146/2656
f 1642/3146/2656 1637/3157/2663 1639/3143/2655
f 1752/3158/2664 1914/3159/2665 1913/3160/2666
f 1752/3158/2664 1913/3160/2666 1749/3161/2667
f 2015/3162/2648 2013/3163/2668 1919/3164/2647
f 1919/3164/2647 2013/3163/2668 1914/3159/2665
f 1919/3164/2647 1914/3159/2665 1754/3165/2646
f 1754/3165/2646 1914/3159/2665 1752/3158/2664
f 1754/3165/2646 1752/3158/2664 1938/3132/1480
f 1938/3132/1480 1752/3158/2664 1753/3166/1621
f 1753/3166/1621 1752/3158/2664 1749/3161/2667
f 1753/3166/1621 1749/3161/2667 1748/3167/1620
f 1748/3167/1620 1749/3161/2667 1917/3168/1429
f 1917/3168/1429 1749/3161/2667 1918/3169/2669
f 1918/3169/2669 1749/3161/2667 1751/3170/2670
f 1751/3170/2670 1749/3161/2667 1913/3160/2666
f 1751/3170/2670 1913/3160/2666 2014/3171/2671
f 2014/3171/2671 1913/3160/2666 2012/3172/2672
f 2012/3172/2672 1913/3160/2666 1914/3159/2665
f 2012/3172/2672 1914/3159/2665 2013/3163/2668
f 2011/3173/2673 2010/3156/2662 1426/3174/2660
f 2011/3173/2673 1426/3174/2660 1427/3175/2674
f 1427/3175/2674 1426/3174/2660 1419/3176/2659
f 1427/3175/2674 1419/3176/2659 1648/3177/2675
f 1648/3177/2675 1419/3176/2659 1647/3178/1428
f 1647/3178/1428 1419/3176/2659 1418/3179/1425
f 1642/3146/2656 1428/3148/2657 1638/3155/2661
f 1638/3155/2661 1428/3148/2657 1420/3150/2658
f 2014/3171/2671 2011/3173/2673 1751/3180/2670
f 1751/3180/2670 2011/3173/2673 1427/3175/2674
f 1751/3180/2670 1427/3175/2674 1918/3181/2669
f 1918/3181/2669 1427/3175/2674 1648/3177/2675
f 1918/3181/2669 1648/3177/2675 1647/3178/1428
f 1918/3181/2669 1647/3178/1428 1917/3182/1429
f 1514/3183/1578 1511/3184/1576 1708/3185/2676
f 1514/3183/1578 1708/3185/2676 1709/3186/1799
f 1511/3187/1576 1703/3188/1574 1708/3189/2676
f 1708/3189/2676 1703/3188/1574 1704/3190/1825
f 1469/3191/1649 1726/3192/1647 1723/3193/2677
f 1723/3193/2677 1726/3192/1647 1727/3194/2557
f 1728/3195/1651 1469/3196/1649 1723/3197/2677
f 1728/3195/1651 1723/3197/2677 1724/3198/1745
f 1504/3199/1582 1705/3200/1580 1707/3201/1800
f 1504/3199/1582 1707/3201/1800 1722/3202/2558
f 1466/3203/1653 1729/3204/1744 1725/3205/2678
f 1466/3203/1653 1725/3205/2678 1467/3206/1655
f 1467/3206/1655 1725/3205/2678 1785/3207/1658
f 1785/3207/1658 1725/3205/2678 1996/3208/1746
f 1737/3209/2679 1738/3210/2680 1740/3211/2681
f 1737/3209/2679 1740/3211/2681 2009/3212/2682
f 2009/3212/2682 1740/3211/2681 2008/3213/2683
f 2009/3212/2682 2008/3213/2683 2004/3214/2684
f 2004/3214/2684 2008/3213/2683 2005/3215/2685
f 2004/3214/2684 2005/3215/2685 2006/3216/2686
f 2004/3214/2684 2006/3216/2686 2007/3217/2687
f 2007/3217/2687 2006/3216/2686 2002/3218/2688
f 2007/3217/2687 2002/3218/2688 2001/3219/2689
f 2001/3219/2689 2002/3218/2688 2003/3220/2690
f 2001/3219/2689 2003/3220/2690 1992/3221/2691
f 1992/3221/2691 2003/3220/2690 1747/2213/1784
f 1992/3221/2691 1747/2213/1784 1993/2216/1787
f 1992/3221/2691 1993/2216/1787 1988/3222/2692
f 1988/3222/2692 1993/2216/1787 1989/2218/1789
f 1988/3222/2692 1989/2218/1789 1990/2219/1790
f 1988/3222/2692 1990/2219/1790 1991/3223/2693
f 1991/3223/2693 1990/2219/1790 1984/3224/2694
f 1984/3224/2694 1990/2219/1790 1985/2221/1792
f 1984/3224/2694 1985/2221/1792 1987/3225/2695
f 1987/3225/2695 1985/2221/1792 1986/2222/1793
f 1987/3225/2695 1986/2222/1793 1719/2223/1794
f 1987/3225/2695 1719/2223/1794 1718/3226/2696
f 1718/3226/2696 1719/2223/1794 1711/3227/2697
f 1711/3227/2697 1719/2223/1794 1712/2224/1795
f 1711/3227/2697 1712/2224/1795 1713/2225/1796
f 1711/3227/2697 1713/2225/1796 1710/3228/2698
f 1710/3228/2698 1713/2225/1796 1716/2226/1797
f 1710/3228/2698 1716/2226/1797 1715/3229/2699
f 1715/3229/2699 1716/2226/1797 1714/3230/2700
f 1714/3230/2700 1716/2226/1797 1717/2227/1798
f 1714/3230/2700 1717/2227/1798 1721/2214/1785
f 1714/3230/2700 1721/2214/1785 1720/3231/2701
f 1720/3231/2701 1721/2214/1785 1747/2213/1784
f 1720/3231/2701 1747/2213/1784 1731/3232/2702
f 1720/3231/2701 1731/3232/2702 1730/3233/2703
f 1730/3233/2703 1731/3232/2702 1732/3234/2704
f 1730/3233/2703 1732/3234/2704 1734/3235/2705
f 1734/3235/2705 1732/3234/2704 1735/3236/2706
f 1734/3235/2705 1735/3236/2706 1733/3237/2707
f 1733/3237/2707 1735/3236/2706 1736/3238/2708
f 1733/3237/2707 1736/3238/2708 1739/3239/2709
f 1733/3237/2707 1739/3239/2709 1738/3210/2680
f 1738/3210/2680 1739/3239/2709 1740/3211/2681
f 1740/3211/2681 1739/3239/2709 1744/3240/2710
f 1740/3211/2681 1744/3240/2710 2008/3213/2683
f 2008/3213/2683 1744/3240/2710 2005/3215/2685
f 2005/3215/2685 1744/3240/2710 2006/3216/2686
f 2006/3216/2686 1744/3240/2710 1745/3241/2711
f 2006/3216/2686 1745/3241/2711 2002/3218/2688
f 2002/3218/2688 1745/3241/2711 2003/3220/2690
f 2003/3220/2690 1745/3241/2711 1746/3242/2712
f 2003/3220/2690 1746/3242/2712 1747/2213/1784
f 1747/2213/1784 1746/3242/2712 1731/3232/2702
f 1731/3232/2702 1746/3242/2712 1745/3241/2711
f 1731/3232/2702 1745/3241/2711 1732/3234/2704
f 1732/3234/2704 1745/3241/2711 1735/3236/2706
f 1735/3236/2706 1745/3241/2711 1744/3240/2710
f 1735/3236/2706 1744/3240/2710 1736/3238/2708
f 1736/3238/2708 1744/3240/2710 1739/3239/2709
f 1910/3243/2713 1961/3244/2714 1911/3245/2715
f 1910/3243/2713 1911/3245/2715 1912/3246/2716
f 1869/1888/1542 1973/1890/1544 1972/3247/2717
f 1869/1888/1542 1972/3247/2717 1841/3248/2718
f 1841/3248/2718 1972/3247/2717 1957/3249/2719
f 1841/3248/2718 1957/3249/2719 1842/3250/2720
f 1842/3250/2720 1957/3249/2719 1886/1713/1384
f 1842/3250/2720 1886/1713/1384 1532/1881/1535
f 1842/3250/2720 1532/1881/1535 1841/3248/2718
f 1841/3248/2718 1532/1881/1535 1531/1882/1536
f 1841/3248/2718 1531/1882/1536 1869/1888/1542
f 1942/3251/2721 1954/3252/2722 1943/1734/1405
f 1961/3253/2714 1910/3254/2713 1896/3255/2723
f 1961/3253/2714 1896/3255/2723 1895/3256/2724
f 1895/3256/2724 1896/3255/2723 1893/3257/1724
f 1895/3256/2724 1893/3257/1724 1894/3258/1723
f 1943/1734/1405 1954/3259/2722 1946/3260/2725
f 1943/1734/1405 1946/3260/2725 1947/3261/1409
f 1671/3262/2726 1681/3263/1730 1672/3264/1413
f 1671/3262/2726 1672/3264/1413 1670/3265/2727
f 1943/3266/1405 1951/3267/1468 1940/3268/2728
f 1943/3266/1405 1940/3268/2728 1960/3269/2729
f 1532/1881/1535 1886/1713/1384 1571/1714/1385
f 1532/1881/1535 1571/1714/1385 1607/1880/1534
f 1607/1880/1534 1571/1714/1385 1572/1711/1382
f 1607/1880/1534 1572/1711/1382 1608/3270/2730
f 1608/3270/2730 1572/1711/1382 1464/3271/1734
f 1464/3271/1734 1572/1711/1382 1462/1709/1380
f 1464/3271/1734 1462/1709/1380 1628/3272/1731
f 1628/3272/1731 1462/1709/1380 1463/1708/1379
f 1628/3272/1731 1463/1708/1379 1539/3273/2731
f 1628/3272/1731 1539/3273/2731 1690/2205/1725
f 1690/2205/1725 1539/3273/2731 1542/2207/1778
f 1542/2207/1778 1539/3273/2731 1540/3274/2732
f 1540/3274/2732 1539/3273/2731 1463/1708/1379
f 1540/3274/2732 1463/1708/1379 1845/3275/2733
f 1845/3275/2733 1463/1708/1379 1905/1707/1378
f 1845/3275/2733 1905/1707/1378 1769/1907/1464
f 1845/3275/2733 1769/1907/1464 1846/1909/1561
f 1845/3275/2733 1846/1909/1561 1540/3274/2732
f 1540/3274/2732 1846/1909/1561 1541/3276/2734
f 1540/3274/2732 1541/3276/2734 1542/2207/1778
f 1542/2207/1778 1541/3276/2734 1547/3277/2735
f 1542/2207/1778 1547/3277/2735 1548/2209/1780
f 1548/2209/1780 1547/3277/2735 1554/3278/2736
f 1548/2209/1780 1554/3278/2736 1549/3279/2737
f 1548/2209/1780 1549/3279/2737 1544/2210/1781
f 1544/2210/1781 1549/3279/2737 1545/3280/2738
f 1544/2210/1781 1545/3280/2738 1543/1913/1565
f 1543/1913/1565 1545/3280/2738 1847/1912/1564
f 1847/1912/1564 1545/3280/2738 1851/3281/2739
f 1847/1912/1564 1851/3281/2739 1849/1911/1563
f 1849/1911/1563 1851/3281/2739 1853/1729/1400
f 1849/1911/1563 1853/1729/1400 1850/1728/1399
f 1849/1911/1563 1850/1728/1399 1846/1909/1561
f 1846/1909/1561 1850/1728/1399 1541/3276/2734
f 1541/3276/2734 1850/1728/1399 1551/1726/1397
f 1541/3276/2734 1551/1726/1397 1547/3277/2735
f 1547/3277/2735 1551/1726/1397 1552/1724/1395
f 1547/3277/2735 1552/1724/1395 1554/3278/2736
f 1554/3278/2736 1552/1724/1395 1555/1722/1393
f 1554/3278/2736 1555/1722/1393 1558/3282/2740
f 1558/3282/2740 1555/1722/1393 1560/1721/1392
f 1558/3282/2740 1560/1721/1392 1561/3283/2741
f 1561/3283/2741 1560/1721/1392 1564/1715/1386
f 1561/3283/2741 1564/1715/1386 1562/3284/2742
f 1562/3284/2742 1564/1715/1386 1857/3285/2743
f 1562/3284/2742 1857/3285/2743 1559/3286/2744
f 1562/3284/2742 1559/3286/2744 1561/3283/2741
f 1561/3283/2741 1559/3286/2744 1558/3282/2740
f 1558/3282/2740 1559/3286/2744 1556/3287/2745
f 1558/3282/2740 1556/3287/2745 1557/3288/2746
f 1558/3282/2740 1557/3288/2746 1554/3278/2736
f 1554/3278/2736 1557/3288/2746 1549/3279/2737
f 1549/3279/2737 1557/3288/2746 1550/3289/2747
f 1549/3279/2737 1550/3289/2747 1545/3280/2738
f 1545/3280/2738 1550/3289/2747 1851/3281/2739
f 1851/3281/2739 1550/3289/2747 1856/3290/2748
f 1851/3281/2739 1856/3290/2748 1853/1729/1400
f 1853/1729/1400 1856/3290/2748 1855/3291/2749
f 1853/1729/1400 1855/3291/2749 1854/1730/1401
f 1854/1730/1401 1855/3291/2749 1858/3292/2750
f 1854/1730/1401 1858/3292/2750 1844/1717/1388
f 1844/1717/1388 1858/3292/2750 1564/1715/1386
f 1564/1715/1386 1858/3292/2750 1857/3285/2743
f 1857/3285/2743 1858/3292/2750 1855/3291/2749
f 1857/3285/2743 1855/3291/2749 1559/3286/2744
f 1559/3286/2744 1855/3291/2749 1556/3287/2745
f 1556/3287/2745 1855/3291/2749 1856/3290/2748
f 1556/3287/2745 1856/3290/2748 1550/3289/2747
f 1556/3287/2745 1550/3289/2747 1557/3288/2746
f 1886/3293/1384 1887/3294/2751 1888/3295/2752
f 1886/3293/1384 1888/3295/2752 1864/3296/1383
f 1864/3296/1383 1888/3295/2752 1783/3297/1381
f 1783/3297/1381 1888/3295/2752 1962/3298/1470
f 1610/3299/2753 1607/3300/1534 1609/3301/2754
f 1609/3301/2754 1607/3300/1534 1608/3302/2730
f 1609/3301/2754 1608/3302/2730 1464/3303/1734
f 1609/3301/2754 1464/3303/1734 1630/3304/1733
f 1686/3305/2755 1685/3306/2756 1611/3307/2757
f 1686/3305/2755 1611/3307/2757 1612/3308/2758
f 1612/3308/2758 1611/3307/2757 1688/3309/2759
f 1688/3309/2759 1611/3307/2757 1687/3310/2760
f 1635/3311/2761 1613/3312/2762 1616/3313/2763
f 1635/3311/2761 1616/3313/2763 1636/3314/2764
f 1672/1746/1413 1689/3315/2765 1684/3316/2766
f 1530/1867/1521 1529/1869/1523 1605/2239/1808
f 1530/1867/1521 1605/2239/1808 1480/3317/2767
f 1480/3317/2767 1605/2239/1808 1478/2238/1807
f 1480/3317/2767 1478/2238/1807 1481/3318/2768
f 1481/3318/2768 1478/2238/1807 1477/1942/1592
f 1481/3318/2768 1477/1942/1592 1650/1944/1501
f 1481/3318/2768 1650/1944/1501 1482/3319/1503
f 1481/3318/2768 1482/3319/1503 1480/3317/2767
f 1480/3317/2767 1482/3319/1503 1446/3320/1505
f 1480/3317/2767 1446/3320/1505 1487/3321/2769
f 1487/3321/2769 1446/3320/1505 1488/3322/1507
f 1487/3321/2769 1488/3322/1507 1486/3323/2770
f 1486/3323/2770 1488/3322/1507 1485/3324/1509
f 1486/3323/2770 1485/3324/1509 1448/3325/2771
f 1448/3325/2771 1485/3324/1509 1443/3326/1511
f 1448/3325/2771 1443/3326/1511 1447/3327/1513
f 1448/3325/2771 1447/3327/1513 1434/1861/1515
f 1448/3325/2771 1434/1861/1515 1486/3323/2770
f 1486/3323/2770 1434/1861/1515 1490/1863/1517
f 1486/3323/2770 1490/1863/1517 1487/3321/2769
f 1487/3321/2769 1490/1863/1517 1489/1865/1519
f 1487/3321/2769 1489/1865/1519 1480/3317/2767
f 1480/3317/2767 1489/1865/1519 1530/1867/1521
f 1689/3328/2765 1672/1746/1413 1676/3329/2772
f 1676/3329/2772 1672/1746/1413 1678/3330/1419
f 1635/3331/2761 1636/3332/2764 1617/3333/2773
f 1617/3333/2773 1636/3332/2764 1618/3334/2774
f 1617/3333/2773 1618/3334/2774 1620/3335/1423
f 1620/3335/1423 1618/3334/2774 1621/3336/1424
f 1675/3337/2775 1673/3338/2776 1672/3339/1413
f 1672/3339/1413 1673/3338/2776 1670/3340/2727
f 1674/3341/2777 1675/3342/2775 1672/1746/1413
f 1674/3341/2777 1672/1746/1413 1684/3343/2766
f 1616/3344/2763 1613/3345/2762 1614/3346/2778
f 1616/3344/2763 1614/3346/2778 1615/3347/2779
f 1615/3347/2779 1614/3346/2778 1685/3348/2756
f 1615/3347/2779 1685/3348/2756 1686/3349/2755
f 1955/3350/2780 1956/3351/2781 1891/3352/2782
f 1891/3352/2782 1956/3351/2781 1892/3353/2783
f 1891/3352/2782 1892/3353/2783 1911/3354/2715
f 1911/3354/2715 1892/3353/2783 1912/3355/2716
f 1956/3356/2781 1955/3357/2780 1890/3358/2784
f 1890/3358/2784 1955/3357/2780 1889/3359/2785
f 1890/3358/2784 1889/3359/2785 1958/3360/2786
f 1890/3358/2784 1958/3360/2786 1959/3361/2787
f 1944/3362/2788 1943/3363/1405 1941/3364/2789
f 1941/3364/2789 1943/3363/1405 1960/3365/2729
f 1942/3366/2721 1943/1734/1405 1945/3367/2790
f 1945/3367/2790 1943/1734/1405 1944/3368/2788
f 3150/3369/2791 3160/3370/2792 3165/3371/2793
f 2912/3372/2794 2893/3373/2795 2894/3374/2796
f 3102/3375/2797 3119/3376/2798 3117/3377/2799
f 3102/3375/2797 3117/3377/2799 3103/3378/2800
f 3103/3378/2800 3117/3377/2799 2858/3379/2801
f 3103/3378/2800 2858/3379/2801 2856/3380/2802
f 2856/3380/2802 2858/3379/2801 2841/3381/2803
f 2841/3381/2803 2858/3379/2801 2859/3382/2804
f 2841/3381/2803 2859/3382/2804 2842/3383/2805
f 2842/3383/2805 2859/3382/2804 2860/3384/2806
f 2841/3381/2803 2842/3383/2805 2857/3385/2807
f 2841/3381/2803 2857/3385/2807 2840/3386/2808
f 2840/3386/2808 2857/3385/2807 2883/3387/2809
f 2840/3386/2808 2883/3387/2809 2847/3388/2810
f 2840/3386/2808 2847/3388/2810 2855/3389/2811
f 2855/3389/2811 2847/3388/2810 2854/3390/2812
f 2855/3389/2811 2854/3390/2812 3108/3391/2813
f 2855/3389/2811 3108/3391/2813 3101/3392/2814
f 3101/3392/2814 3108/3391/2813 3116/3393/2815
f 3101/3392/2814 3116/3393/2815 3115/3394/2816
f 3101/3392/2814 3115/3394/2816 3103/3378/2800
f 3103/3378/2800 3115/3394/2816 3102/3375/2797
f 3101/3392/2814 3103/3378/2800 2856/3380/2802
f 3101/3392/2814 2856/3380/2802 2855/3389/2811
f 2855/3389/2811 2856/3380/2802 2840/3386/2808
f 2840/3386/2808 2856/3380/2802 2841/3381/2803
f 3161/3395/2817 3162/3396/2818 3132/3397/2819
f 3161/3395/2817 3132/3397/2819 3142/3398/2820
f 3142/3398/2820 3132/3397/2819 3116/3399/2815
f 3116/3399/2815 3132/3397/2819 3143/3400/2821
f 3299/3401/2822 3300/3402/2823 3298/3403/2824
f 3299/3401/2822 3298/3403/2824 3224/3404/2825
f 3224/3404/2825 3298/3403/2824 3301/3405/2826
f 3224/3404/2825 3301/3405/2826 3219/3406/2827
f 3219/3406/2827 3301/3405/2826 3203/3407/2828
f 3219/3406/2827 3203/3407/2828 3193/3408/2829
f 3193/3408/2829 3203/3407/2828 3194/3409/2830
f 3194/3409/2830 3203/3407/2828 3202/3410/2831
f 3194/3409/2830 3202/3410/2831 3176/3411/2832
f 3176/3411/2832 3202/3410/2831 3201/3412/2833
f 3176/3411/2832 3201/3412/2833 3177/3413/2834
f 3177/3413/2834 3201/3412/2833 3200/3414/2835
f 3177/3413/2834 3200/3414/2835 3168/3415/2836
f 3168/3415/2836 3200/3414/2835 3211/3416/2837
f 3168/3415/2836 3211/3416/2837 3186/3417/2838
f 3168/3415/2836 3186/3417/2838 3169/3418/2839
f 3169/3418/2839 3186/3417/2838 3185/3419/2840
f 3169/3418/2839 3185/3419/2840 3197/3420/2841
f 3169/3418/2839 3197/3420/2841 2914/3421/2842
f 2914/3421/2842 3197/3420/2841 2968/3422/2843
f 2914/3421/2842 2968/3422/2843 2957/3423/2844
f 2914/3421/2842 2957/3423/2844 2915/3424/2845
f 2915/3424/2845 2957/3423/2844 2941/3425/2846
f 2915/3424/2845 2941/3425/2846 2944/3426/2847
f 2944/3426/2847 2941/3425/2846 2942/3427/2848
f 2944/3426/2847 2942/3427/2848 2943/3428/2849
f 2943/3428/2849 2942/3427/2848 2969/3429/2850
f 2943/3428/2849 2969/3429/2850 2970/3430/2851
f 2970/3430/2851 2969/3429/2850 2937/3431/2852
f 2970/3430/2851 2937/3431/2852 2940/3432/2853
f 2940/3432/2853 2937/3431/2852 2938/3433/2854
f 2940/3432/2853 2938/3433/2854 2939/3434/2855
f 2939/3434/2855 2938/3433/2854 3184/3435/2856
f 3184/3435/2856 2938/3433/2854 3183/3436/2857
f 3184/3435/2856 3183/3436/2857 3209/3437/2858
f 3209/3437/2858 3183/3436/2857 3208/3438/2859
f 3209/3437/2858 3208/3438/2859 3187/3439/2860
f 3187/3439/2860 3208/3438/2859 3188/3440/2861
f 3187/3439/2860 3188/3440/2861 3186/3417/2838
f 3186/3417/2838 3188/3440/2861 3185/3419/2840
f 3225/3441/2862 3233/3442/2863 3226/3443/2864
f 3225/3441/2862 3226/3443/2864 3228/3444/2865
f 3228/3444/2865 3226/3443/2864 3227/3445/2866
f 3228/3444/2865 3227/3445/2866 3229/3446/2867
f 3228/3444/2865 3229/3446/2867 3230/3447/2868
f 3230/3447/2868 3229/3446/2867 3231/3448/2869
f 3230/3447/2868 3231/3448/2869 3232/3449/2870
f 3232/3449/2870 3231/3448/2869 2998/3450/2871
f 3232/3449/2870 2998/3450/2871 2999/3451/2872
f 2999/3451/2872 2998/3450/2871 2997/3452/2873
f 2997/3452/2873 2998/3450/2871 2996/3453/2874
f 2997/3452/2873 2996/3453/2874 2995/3454/2875
f 2995/3454/2875 2996/3453/2874 2994/3455/2876
f 2995/3454/2875 2994/3455/2876 2991/3456/2877
f 2991/3456/2877 2994/3455/2876 2992/3457/2878
f 2991/3456/2877 2992/3457/2878 2993/3458/2879
f 2991/3456/2877 2993/3458/2879 2990/3459/2880
f 2990/3459/2880 2993/3458/2879 3000/3460/2881
f 2990/3459/2880 3000/3460/2881 3003/3461/2882
f 3003/3461/2882 3000/3460/2881 3001/3462/2883
f 3003/3461/2882 3001/3462/2883 3002/3463/2884
f 3002/3463/2884 3001/3462/2883 3234/3464/2885
f 3234/3464/2885 3001/3462/2883 3233/3442/2863
f 3234/3464/2885 3233/3442/2863 3225/3441/2862
f 3251/3465/2886 3254/3466/2887 3237/3467/2888
f 3251/3465/2886 3237/3467/2888 3250/3468/2889
f 3250/3468/2889 3237/3467/2888 3236/3469/2890
f 3250/3468/2889 3236/3469/2890 3240/3470/2891
f 3250/3468/2889 3240/3470/2891 3252/3471/2892
f 3252/3471/2892 3240/3470/2891 3028/3472/2893
f 3028/3472/2893 3240/3470/2891 3011/3473/2894
f 3028/3472/2893 3011/3473/2894 3009/3474/2895
f 3028/3472/2893 3009/3474/2895 3027/3475/2896
f 3027/3475/2896 3009/3474/2895 3026/3476/2897
f 3026/3476/2897 3009/3474/2895 3007/3477/2898
f 3026/3476/2897 3007/3477/2898 3006/3478/2899
f 3026/3476/2897 3006/3478/2899 3025/3479/2900
f 3025/3479/2900 3006/3478/2899 3031/3480/2901
f 3031/3480/2901 3006/3478/2899 3016/3481/2902
f 3031/3480/2901 3016/3481/2902 3030/3482/2903
f 3030/3482/2903 3016/3481/2902 3015/3483/2904
f 3030/3482/2903 3015/3483/2904 3029/3484/2905
f 3029/3484/2905 3015/3483/2904 3014/3485/2906
f 3029/3484/2905 3014/3485/2906 3242/3486/2907
f 3029/3484/2905 3242/3486/2907 3253/3487/2908
f 3253/3487/2908 3242/3486/2907 3243/3488/2909
f 3253/3487/2908 3243/3488/2909 3254/3466/2887
f 3254/3466/2887 3243/3488/2909 3237/3467/2888
f 3237/3467/2888 3243/3488/2909 3238/3489/2910
f 3237/3467/2888 3238/3489/2910 3236/3469/2890
f 3236/3469/2890 3238/3489/2910 3235/3490/2911
f 3236/3469/2890 3235/3490/2911 3239/3491/2912
f 3236/3469/2890 3239/3491/2912 3240/3470/2891
f 3240/3470/2891 3239/3491/2912 3011/3473/2894
f 3011/3473/2894 3239/3491/2912 3010/3492/2913
f 3011/3473/2894 3010/3492/2913 3008/3493/2914
f 3011/3473/2894 3008/3493/2914 3009/3474/2895
f 3009/3474/2895 3008/3493/2914 3007/3477/2898
f 3007/3477/2898 3008/3493/2914 3004/3494/2915
f 3007/3477/2898 3004/3494/2915 3005/3495/2916
f 3007/3477/2898 3005/3495/2916 3006/3478/2899
f 3006/3478/2899 3005/3495/2916 3016/3481/2902
f 3016/3481/2902 3005/3495/2916 3017/3496/2917
f 3016/3481/2902 3017/3496/2917 3012/3497/2918
f 3016/3481/2902 3012/3497/2918 3015/3483/2904
f 3015/3483/2904 3012/3497/2918 3013/3498/2919
f 3015/3483/2904 3013/3498/2919 3014/3485/2906
f 3014/3485/2906 3013/3498/2919 3242/3486/2907
f 3242/3486/2907 3013/3498/2919 3241/3499/2920
f 3242/3486/2907 3241/3499/2920 3243/3488/2909
f 3243/3488/2909 3241/3499/2920 3244/3500/2921
f 3243/3488/2909 3244/3500/2921 3238/3489/2910
f 3238/3489/2910 3244/3500/2921 3249/3501/2922
f 3238/3489/2910 3249/3501/2922 3246/3502/2923
f 3238/3489/2910 3246/3502/2923 3245/3503/2924
f 3238/3489/2910 3245/3503/2924 3235/3490/2911
f 3235/3490/2911 3245/3503/2924 3247/3504/2925
f 3235/3490/2911 3247/3504/2925 3239/3491/2912
f 3239/3491/2912 3247/3504/2925 3021/3505/2926
f 3239/3491/2912 3021/3505/2926 3010/3492/2913
f 3010/3492/2913 3021/3505/2926 3008/3493/2914
f 3008/3493/2914 3021/3505/2926 3020/3506/2927
f 3008/3493/2914 3020/3506/2927 3004/3494/2915
f 3004/3494/2915 3020/3506/2927 3018/3507/2928
f 3004/3494/2915 3018/3507/2928 3005/3495/2916
f 3005/3495/2916 3018/3507/2928 3019/3508/2929
f 3005/3495/2916 3019/3508/2929 3024/3509/2930
f 3005/3495/2916 3024/3509/2930 3017/3496/2917
f 3017/3496/2917 3024/3509/2930 3022/3510/2931
f 3017/3496/2917 3022/3510/2931 3012/3497/2918
f 3012/3497/2918 3022/3510/2931 3023/3511/2932
f 3012/3497/2918 3023/3511/2932 3013/3498/2919
f 3013/3498/2919 3023/3511/2932 3241/3499/2920
f 3241/3499/2920 3023/3511/2932 3248/3512/2933
f 3241/3499/2920 3248/3512/2933 3244/3500/2921
f 3244/3500/2921 3248/3512/2933 3249/3501/2922
f 2834/3513/2934 2845/3514/2935 2846/3515/2936
f 2834/3513/2934 2846/3515/2936 2836/3516/2937
f 2836/3516/2937 2846/3515/2936 2883/3517/2809
f 2836/3516/2937 2883/3517/2809 2857/3518/2807
f 2836/3516/2937 2857/3518/2807 2842/3519/2805
f 2836/3516/2937 2842/3519/2805 2837/3520/2938
f 2836/3516/2937 2837/3520/2938 2835/3521/2939
f 2836/3516/2937 2835/3521/2939 2834/3513/2934
f 2842/3519/2805 2860/3522/2806 2861/3523/2940
f 2842/3519/2805 2861/3523/2940 2837/3520/2938
f 2837/3520/2938 2861/3523/2940 2862/3524/2941
f 2837/3520/2938 2862/3524/2941 2835/3521/2939
f 2835/3521/2939 2862/3524/2941 2863/3525/2942
f 2835/3521/2939 2863/3525/2942 2832/3526/2943
f 2835/3521/2939 2832/3526/2943 2834/3513/2934
f 2834/3513/2934 2832/3526/2943 2833/3527/2944
f 2834/3513/2934 2833/3527/2944 2845/3514/2935
f 2845/3514/2935 2833/3527/2944 2844/3528/2945
f 2849/3529/2946 2853/3530/2947 2828/3531/2948
f 2849/3529/2946 2828/3531/2948 2831/3532/2949
f 2831/3532/2949 2828/3531/2948 2829/3533/2950
f 2831/3532/2949 2829/3533/2950 2830/3534/2951
f 2852/3535/2952 2863/3525/2942 2864/3536/2953
f 2852/3535/2952 2864/3536/2953 2853/3530/2947
f 2853/3530/2947 2864/3536/2953 2865/3537/2954
f 2853/3530/2947 2865/3537/2954 2828/3531/2948
f 2828/3531/2948 2865/3537/2954 2829/3533/2950
f 2829/3533/2950 2865/3537/2954 2866/3538/2955
f 2829/3533/2950 2866/3538/2955 2838/3539/2956
f 2829/3533/2950 2838/3539/2956 2830/3534/2951
f 2830/3534/2951 2838/3539/2956 2839/3540/2957
f 2830/3534/2951 2839/3540/2957 2843/3541/2958
f 2830/3534/2951 2843/3541/2958 2831/3532/2949
f 2831/3532/2949 2843/3541/2958 2850/3542/2959
f 2831/3532/2949 2850/3542/2959 2849/3529/2946
f 2849/3529/2946 2850/3542/2959 2851/3543/2960
f 2849/3529/2946 2851/3543/2960 2848/3544/2961
f 2849/3529/2946 2848/3544/2961 2853/3530/2947
f 2853/3530/2947 2848/3544/2961 2852/3535/2952
f 2897/3545/2962 2895/3546/2963 2896/3547/2964
f 2896/3547/2964 2895/3546/2963 2891/3548/2965
f 2896/3547/2964 2891/3548/2965 2903/3549/2966
f 2903/3549/2966 2891/3548/2965 2890/3550/2967
f 2890/3550/2967 2891/3548/2965 2892/3551/2968
f 2899/3552/2969 2876/3553/2970 2880/3554/2971
f 2899/3552/2969 2880/3554/2971 2879/3555/2972
f 2879/3555/2972 2880/3554/2971 2901/3556/2973
f 2879/3555/2972 2901/3556/2973 2869/3557/2974
f 2900/3558/2975 2901/3559/2973 2880/3560/2971
f 2900/3558/2975 2880/3560/2971 2902/3561/2976
f 2902/3561/2976 2880/3560/2971 2878/3562/2977
f 2878/3562/2977 2880/3560/2971 2876/3563/2970
f 2878/3562/2977 2876/3563/2970 2877/3564/2978
f 2913/3565/2979 2905/3566/2980 2885/3567/2981
f 2913/3565/2979 2885/3567/2981 2911/3568/2982
f 2911/3568/2982 2885/3567/2981 2884/3569/2983
f 2911/3568/2982 2884/3569/2983 2909/3570/2984
f 2905/3571/2980 2906/3572/2985 2885/3573/2981
f 2885/3573/2981 2906/3572/2985 2886/3574/2986
f 2885/3573/2981 2886/3574/2986 2883/3575/2809
f 2885/3573/2981 2883/3575/2809 2884/3576/2983
f 2906/3577/2985 2907/3578/2987 2886/3579/2986
f 2886/3579/2986 2907/3578/2987 2875/3580/2988
f 2886/3579/2986 2875/3580/2988 2883/3387/2809
f 2883/3387/2809 2875/3580/2988 2874/3581/2989
f 2912/3582/2794 2904/3583/2990 2893/3584/2795
f 2893/3584/2795 2904/3583/2990 2888/3585/2991
f 2893/3584/2795 2888/3585/2991 2887/3586/2992
f 2887/3586/2992 2888/3585/2991 2889/3587/2993
f 2873/3588/2994 2877/3589/2978 2913/3590/2979
f 2873/3588/2994 2913/3590/2979 2871/3591/2995
f 2871/3591/2995 2913/3590/2979 2911/3592/2982
f 2871/3591/2995 2911/3592/2982 2909/3593/2984
f 2871/3591/2995 2909/3593/2984 2910/3594/2996
f 2871/3591/2995 2910/3594/2996 2872/3595/2997
f 2871/3591/2995 2872/3595/2997 2873/3588/2994
f 2949/3596/2998 2981/3597/2999 2982/3598/3000
f 2949/3596/2998 2982/3598/3000 3218/3599/3001
f 2954/3600/3002 2955/3601/3003 2956/3602/3004
f 2954/3600/3002 2956/3602/3004 2953/3603/3005
f 2953/3603/3005 2956/3602/3004 2965/3604/3006
f 2953/3603/3005 2965/3604/3006 2964/3605/3007
f 2953/3603/3005 2964/3605/3007 2936/3606/3008
f 2936/3606/3008 2964/3605/3007 2967/3607/3009
f 2936/3606/3008 2967/3607/3009 2933/3608/3010
f 2933/3608/3010 2967/3607/3009 2966/3609/3011
f 2933/3608/3010 2966/3609/3011 2919/3610/3012
f 2919/3610/3012 2966/3609/3011 2974/3611/3013
f 2919/3610/3012 2974/3611/3013 2920/3612/3014
f 2920/3612/3014 2974/3611/3013 2973/3613/3015
f 2920/3612/3014 2973/3613/3015 3046/3614/3016
f 3046/3614/3016 2973/3613/3015 3057/3615/3017
f 3046/3614/3016 3057/3615/3017 3083/3616/3018
f 3083/3616/3018 3057/3615/3017 3082/3617/3019
f 3083/3616/3018 3082/3617/3019 3059/3618/3020
f 3059/3618/3020 3082/3617/3019 3060/3619/3021
f 3059/3618/3020 3060/3619/3021 3035/3620/3022
f 3035/3620/3022 3060/3619/3021 3041/3621/3023
f 3035/3620/3022 3041/3621/3023 3032/3622/3024
f 3032/3622/3024 3041/3621/3023 3040/3623/3025
f 3086/3624/3026 3087/3625/3027 3085/3626/3028
f 3085/3626/3028 3087/3625/3027 2987/3627/3029
f 3085/3626/3028 2987/3627/3029 3088/3628/3030
f 3088/3628/3030 2987/3627/3029 2980/3629/3031
f 3088/3628/3030 2980/3629/3031 2963/3630/3032
f 2963/3630/3032 2980/3629/3031 2952/3631/3033
f 2963/3630/3032 2952/3631/3033 2951/3632/3034
f 2963/3630/3032 2951/3632/3034 2962/3633/3035
f 2962/3633/3035 2951/3632/3034 2928/3634/3036
f 2962/3633/3035 2928/3634/3036 2961/3635/3037
f 2961/3635/3037 2928/3634/3036 2927/3636/3038
f 2961/3635/3037 2927/3636/3038 2960/3637/3039
f 2960/3637/3039 2927/3636/3038 2916/3638/3040
f 2960/3637/3039 2916/3638/3040 2972/3639/3041
f 2972/3639/3041 2916/3638/3040 2944/3426/2847
f 2944/3426/2847 2916/3638/3040 2915/3424/2845
f 2915/3424/2845 2916/3638/3040 2917/3640/3042
f 2915/3424/2845 2917/3640/3042 2914/3421/2842
f 2914/3421/2842 2917/3640/3042 3169/3418/2839
f 3169/3418/2839 2917/3640/3042 3168/3415/2836
f 3168/3415/2836 2917/3640/3042 3177/3413/2834
f 3177/3413/2834 2917/3640/3042 2926/3641/3043
f 3177/3413/2834 2926/3641/3043 3176/3411/2832
f 3176/3411/2832 2926/3641/3043 2929/3642/3044
f 3176/3411/2832 2929/3642/3044 3194/3409/2830
f 3194/3409/2830 2929/3642/3044 2950/3643/3045
f 3194/3409/2830 2950/3643/3045 3193/3408/2829
f 3193/3408/2829 2950/3643/3045 2949/3596/2998
f 3193/3408/2829 2949/3596/2998 3218/3599/3001
f 3193/3408/2829 3218/3599/3001 3219/3406/2827
f 3219/3406/2827 3218/3599/3001 3224/3404/2825
f 3224/3404/2825 3218/3599/3001 3223/3644/3046
f 3223/3644/3046 3218/3599/3001 2982/3598/3000
f 3223/3644/3046 2982/3598/3000 2989/3645/3047
f 2989/3645/3047 2982/3598/3000 2988/3646/3048
f 2988/3646/3048 2982/3598/3000 2981/3597/2999
f 2988/3646/3048 2981/3597/2999 2987/3627/3029
f 2987/3627/3029 2981/3597/2999 2980/3629/3031
f 2980/3629/3031 2981/3597/2999 2952/3631/3033
f 2952/3631/3033 2981/3597/2999 2949/3596/2998
f 2952/3631/3033 2949/3596/2998 2950/3643/3045
f 2952/3631/3033 2950/3643/3045 2951/3632/3034
f 2951/3632/3034 2950/3643/3045 2929/3642/3044
f 2951/3632/3034 2929/3642/3044 2928/3634/3036
f 2928/3634/3036 2929/3642/3044 2926/3641/3043
f 2928/3634/3036 2926/3641/3043 2927/3636/3038
f 2927/3636/3038 2926/3641/3043 2917/3640/3042
f 2927/3636/3038 2917/3640/3042 2916/3638/3040
f 3221/3647/3049 3215/3648/3050 3222/3649/3051
f 3222/3649/3051 3215/3648/3050 3216/3650/3052
f 3222/3649/3051 3216/3650/3052 3217/3651/3053
f 3217/3651/3053 3216/3650/3052 3191/3652/3054
f 3217/3651/3053 3191/3652/3054 3190/3653/3055
f 3190/3653/3055 3191/3652/3054 3189/3654/3056
f 3189/3654/3056 3191/3652/3054 3192/3655/3057
f 3189/3654/3056 3192/3655/3057 3179/3656/3058
f 3179/3656/3058 3192/3655/3057 3180/3657/3059
f 3179/3656/3058 3180/3657/3059 3178/3658/3060
f 3178/3658/3060 3180/3657/3059 3210/3659/3061
f 3210/3659/3061 3180/3657/3059 3213/3660/3062
f 3213/3660/3062 3180/3657/3059 3206/3661/3063
f 3206/3661/3063 3180/3657/3059 3192/3655/3057
f 3206/3661/3063 3192/3655/3057 3204/3662/3064
f 3204/3662/3064 3192/3655/3057 3205/3663/3065
f 3205/3663/3065 3192/3655/3057 3191/3652/3054
f 3205/3663/3065 3191/3652/3054 3216/3650/3052
f 3205/3663/3065 3216/3650/3052 3215/3648/3050
f 3167/3664/3066 3130/3665/3067 3166/3666/3068
f 3166/3666/3068 3130/3665/3067 3129/3667/3069
f 3166/3666/3068 3129/3667/3069 3133/3668/3070
f 3133/3668/3070 3129/3667/3069 3134/3669/3071
f 3134/3669/3071 3129/3667/3069 3164/3670/3072
f 3164/3670/3072 3129/3667/3069 3131/3671/3073
f 3131/3671/3073 3129/3667/3069 3130/3665/3067
f 3159/3672/3074 3165/3673/2793 3160/3674/2792
f 3159/3672/3074 3160/3674/2792 3146/3675/3075
f 3146/3675/3075 3160/3674/2792 3144/3676/3076
f 3146/3675/3075 3144/3676/3076 3145/3677/3077
f 2908/3678/3078 3163/3679/3079 3136/3680/3080
f 2908/3678/3078 3136/3680/3080 2882/3681/3081
f 2882/3681/3081 3136/3680/3080 3135/3682/3082
f 2882/3681/3081 3135/3682/3082 2881/3683/3083
f 2882/3681/3081 2881/3683/3083 2874/3684/2989
f 2882/3681/3081 2874/3684/2989 2875/3685/2988
f 2882/3681/3081 2875/3685/2988 2908/3678/3078
f 2908/3678/3078 2875/3685/2988 2907/3686/2987
f 3163/3687/3079 3161/3688/2817 3142/3689/2820
f 3163/3687/3079 3142/3689/2820 3136/3690/3080
f 3136/3690/3080 3142/3689/2820 3116/3393/2815
f 3136/3690/3080 3116/3393/2815 3135/3691/3082
f 3162/3692/2818 3166/3693/3068 3132/3694/2819
f 3132/3694/2819 3166/3693/3068 3133/3695/3070
f 3132/3694/2819 3133/3695/3070 3143/3696/2821
f 3143/3696/2821 3133/3695/3070 3134/3697/3071
f 3140/3698/3084 3156/3699/3085 3137/3700/3086
f 3137/3700/3086 3156/3699/3085 3157/3701/3087
f 3137/3700/3086 3157/3701/3087 3138/3702/3088
f 3137/3700/3086 3138/3702/3088 3139/3703/3089
f 3139/3703/3089 3138/3702/3088 3167/3704/3066
f 3139/3705/3089 3155/3706/3090 3137/3707/3086
f 3137/3707/3086 3155/3706/3090 3141/3708/3091
f 3137/3707/3086 3141/3708/3091 3140/3709/3084
f 3140/3709/3084 3141/3708/3091 3127/3710/3092
f 3151/3711/3093 3152/3712/3094 3153/3713/3095
f 3151/3711/3093 3153/3713/3095 3149/3714/3096
f 3149/3714/3096 3153/3713/3095 3158/3715/3097
f 3149/3714/3096 3158/3715/3097 3147/3716/3098
f 3149/3714/3096 3147/3716/3098 3148/3717/3099
f 3121/3718/3100 3113/3719/3101 3122/3720/3102
f 3122/3720/3102 3113/3719/3101 3114/3721/3103
f 3122/3720/3102 3114/3721/3103 3123/3722/3104
f 3123/3722/3104 3114/3721/3103 3089/3723/3105
f 3123/3722/3104 3089/3723/3105 3124/3724/3106
f 3124/3724/3106 3089/3723/3105 3092/3725/3107
f 3124/3724/3106 3092/3725/3107 3099/3726/3108
f 3099/3726/3108 3092/3725/3107 3091/3727/3109
f 3099/3726/3108 3091/3727/3109 3100/3728/3110
f 3100/3728/3110 3091/3727/3109 3090/3729/3111
f 3100/3728/3110 3090/3729/3111 3104/3730/3112
f 3104/3730/3112 3090/3729/3111 3111/3731/3113
f 3111/3731/3113 3090/3729/3111 3112/3732/3114
f 3111/3731/3113 3112/3732/3114 3110/3733/3115
f 3110/3733/3115 3112/3732/3114 3109/3734/3116
f 3109/3734/3116 3112/3732/3114 3114/3721/3103
f 3109/3734/3116 3114/3721/3103 3113/3719/3101
f 3114/3721/3103 3112/3732/3114 3089/3723/3105
f 3089/3723/3105 3112/3732/3114 3090/3729/3111
f 3089/3723/3105 3090/3729/3111 3092/3725/3107
f 3092/3725/3107 3090/3729/3111 3091/3727/3109
f 3119/3735/2798 3102/3736/2797 3118/3737/3117
f 3118/3737/3117 3102/3736/2797 3098/3738/3118
f 3118/3737/3117 3098/3738/3118 3120/3739/3119
f 3120/3739/3119 3098/3738/3118 3094/3740/3120
f 3120/3739/3119 3094/3740/3120 3121/3718/3121
f 3121/3718/3121 3094/3740/3120 3093/3741/3122
f 3093/3741/3122 3094/3740/3120 3095/3742/3123
f 3093/3741/3122 3095/3742/3123 3096/3743/3124
f 3096/3743/3124 3095/3742/3123 3105/3744/3125
f 3096/3743/3124 3105/3744/3125 3106/3745/3126
f 3105/3744/3125 3095/3742/3123 3107/3746/3127
f 3107/3746/3127 3095/3742/3123 3097/3747/3128
f 3107/3746/3127 3097/3747/3128 3116/3748/2815
f 3116/3748/2815 3097/3747/3128 3115/3749/2816
f 3115/3749/2816 3097/3747/3128 3102/3736/2797
f 3102/3736/2797 3097/3747/3128 3098/3738/3118
f 3098/3738/3118 3097/3747/3128 3094/3740/3120
f 3094/3740/3120 3097/3747/3128 3095/3742/3123
f 3389/3750/3129 3395/3751/3130 3399/3752/3131
f 3399/3752/3131 3395/3751/3130 3398/3753/3132
f 3399/3752/3131 3398/3753/3132 3409/3754/3133
f 3409/3754/3133 3398/3753/3132 3408/3755/3134
f 3409/3754/3133 3408/3755/3134 3418/3756/3135
f 3418/3756/3135 3408/3755/3134 3417/3757/3136
f 3395/3758/3130 3396/3759/3137 3397/3760/3138
f 3395/3758/3130 3397/3760/3138 3398/3761/3132
f 3398/3761/3132 3397/3760/3138 3408/3762/3134
f 3408/3762/3134 3397/3760/3138 3407/3763/3139
f 3408/3762/3134 3407/3763/3139 3417/3764/3136
f 3417/3764/3136 3407/3763/3139 3416/3765/3140
f 3369/3766/3141 3371/3767/3142 3389/3768/3129
f 3369/3766/3141 3389/3768/3129 3390/3769/3143
f 3371/3770/3142 3388/3771/3144 3395/3772/3130
f 3371/3770/3142 3395/3772/3130 3389/3773/3129
f 3388/3774/3144 3374/3775/3145 3396/3776/3137
f 3388/3774/3144 3396/3776/3137 3395/3777/3130
f 3374/3778/3145 3376/3779/3146 3396/3780/3137
f 3396/3780/3137 3376/3779/3146 3387/3781/3147
f 3396/3782/3137 3387/3783/3147 3397/3784/3138
f 3397/3784/3138 3387/3783/3147 3394/3785/3148
f 3397/3784/3138 3394/3785/3148 3406/3786/3149
f 3397/3784/3138 3406/3786/3149 3407/3787/3139
f 3407/3787/3139 3406/3786/3149 3415/3788/3150
f 3407/3787/3139 3415/3788/3150 3416/3789/3140
f 3376/3790/3146 3385/3791/3151 3387/3792/3147
f 3387/3792/3147 3385/3791/3151 3386/3793/3152
f 3385/3794/3151 3366/3795/3153 3386/3796/3152
f 3386/3796/3152 3366/3795/3153 3391/3797/3154
f 3366/3798/3153 3384/3799/3155 3400/3800/3156
f 3366/3798/3153 3400/3800/3156 3391/3801/3154
f 3387/3802/3147 3386/3803/3152 3394/3804/3148
f 3394/3804/3148 3386/3803/3152 3393/3805/3157
f 3394/3804/3148 3393/3805/3157 3405/3806/3158
f 3394/3804/3148 3405/3806/3158 3406/3807/3149
f 3406/3807/3149 3405/3806/3158 3414/3808/3159
f 3406/3807/3149 3414/3808/3159 3415/3809/3150
f 3386/3810/3152 3391/3811/3154 3393/3812/3157
f 3393/3812/3157 3391/3811/3154 3392/3813/3160
f 3393/3812/3157 3392/3813/3160 3404/3814/3161
f 3393/3812/3157 3404/3814/3161 3405/3815/3158
f 3405/3815/3158 3404/3814/3161 3413/3816/3162
f 3405/3815/3158 3413/3816/3162 3414/3817/3159
f 3391/3818/3154 3400/3819/3156 3402/3820/3163
f 3391/3818/3154 3402/3820/3163 3392/3821/3160
f 3392/3821/3160 3402/3820/3163 3403/3822/3164
f 3392/3821/3160 3403/3822/3164 3404/3823/3161
f 3404/3823/3161 3403/3822/3164 3412/3824/3165
f 3404/3823/3161 3412/3824/3165 3413/3825/3162
f 3384/3826/3155 3369/3827/3141 3390/3828/3143
f 3384/3826/3155 3390/3828/3143 3400/3829/3156
f 3400/3830/3156 3390/3831/3143 3401/3832/3166
f 3400/3830/3156 3401/3832/3166 3402/3833/3163
f 3402/3833/3163 3401/3832/3166 3403/3834/3164
f 3403/3834/3164 3401/3832/3166 3410/3835/3167
f 3403/3834/3164 3410/3835/3167 3412/3836/3165
f 3412/3836/3165 3410/3835/3167 3411/3837/3168
f 3390/3838/3143 3389/3839/3129 3399/3840/3131
f 3390/3838/3143 3399/3840/3131 3401/3841/3166
f 3401/3841/3166 3399/3840/3131 3410/3842/3167
f 3410/3842/3167 3399/3840/3131 3409/3843/3133
f 3410/3842/3167 3409/3843/3133 3411/3844/3168
f 3411/3844/3168 3409/3843/3133 3418/3845/3135
f 3374/3846/3145 3388/3847/3144 3375/3848/3169
f 3375/3848/3169 3388/3847/3144 3373/3849/3170
f 3375/3848/3169 3373/3849/3170 3341/3850/3171
f 3341/3850/3171 3373/3849/3170 3342/3851/3172
f 3341/3850/3171 3342/3851/3172 3343/3852/3173
f 3341/3850/3171 3343/3852/3173 3332/3853/3174
f 3332/3853/3174 3343/3852/3173 3381/3854/3175
f 3332/3853/3174 3381/3854/3175 3333/3855/3176
f 3333/3855/3176 3381/3854/3175 3358/3856/3177
f 3333/3855/3176 3358/3856/3177 3355/3857/3178
f 3355/3857/3178 3358/3856/3177 3359/3858/3179
f 3355/3857/3178 3359/3858/3179 3356/3859/3180
f 3378/3860/3181 3379/3861/3182 3367/3862/3183
f 3367/3862/3183 3379/3861/3182 3330/3863/3184
f 3367/3862/3183 3330/3863/3184 3368/3864/3185
f 3368/3864/3185 3330/3863/3184 3331/3865/3186
f 3368/3864/3185 3331/3865/3186 3370/3866/3187
f 3370/3866/3187 3331/3865/3186 3346/3867/3188
f 3370/3866/3187 3346/3867/3188 3372/3868/3189
f 3372/3868/3189 3346/3867/3188 3344/3869/3190
f 3344/3869/3190 3346/3867/3188 3345/3870/3191
f 3345/3870/3191 3346/3867/3188 3347/3871/3192
f 3345/3870/3191 3347/3871/3192 3382/3872/3193
f 3382/3872/3193 3347/3871/3192 3383/3873/3194
f 3382/3872/3193 3383/3873/3194 3360/3874/3195
f 3360/3874/3195 3383/3873/3194 3362/3875/3196
f 3360/3874/3195 3362/3875/3196 3361/3876/3197
f 3361/3876/3197 3362/3875/3196 3363/3877/3198
f 3363/3877/3198 3362/3875/3196 3351/3878/3199
f 3363/3877/3198 3351/3878/3199 3350/3879/3200
f 3350/3879/3200 3351/3878/3199 3348/3880/3201
f 3350/3879/3200 3348/3880/3201 3349/3881/3202
f 3349/3881/3202 3348/3880/3201 3353/3882/3203
f 3353/3882/3203 3348/3880/3201 3352/3883/3204
f 3352/3883/3204 3348/3880/3201 3328/3884/3205
f 3352/3883/3204 3328/3884/3205 3365/3885/3206
f 3365/3885/3206 3328/3884/3205 3379/3861/3182
f 3379/3861/3182 3328/3884/3205 3330/3863/3184
f 3330/3863/3184 3328/3884/3205 3329/3886/3207
f 3330/3863/3184 3329/3886/3207 3331/3865/3186
f 3331/3865/3186 3329/3886/3207 3347/3871/3192
f 3331/3865/3186 3347/3871/3192 3346/3867/3188
f 3347/3871/3192 3329/3886/3207 3383/3873/3194
f 3383/3873/3194 3329/3886/3207 3364/3887/3208
f 3383/3873/3194 3364/3887/3208 3362/3875/3196
f 3362/3875/3196 3364/3887/3208 3351/3878/3199
f 3351/3878/3199 3364/3887/3208 3328/3884/3205
f 3351/3878/3199 3328/3884/3205 3348/3880/3201
f 3364/3887/3208 3329/3886/3207 3328/3884/3205
f 3490/3888/3209 3458/3889/3210 3488/3890/3211
f 3488/3890/3211 3458/3889/3210 3457/3891/3212
f 3488/3890/3211 3457/3891/3212 3487/3892/3213
f 3487/3892/3213 3457/3891/3212 3459/3893/3214
f 3487/3892/3213 3459/3893/3214 3486/3894/3215
f 3486/3894/3215 3459/3893/3214 3461/3895/3216
f 3486/3894/3215 3461/3895/3216 3463/3896/3217
f 3486/3894/3215 3463/3896/3217 3485/3897/3218
f 3485/3897/3218 3463/3896/3217 3448/3898/3219
f 3485/3897/3218 3448/3898/3219 3483/3899/3220
f 3483/3899/3220 3448/3898/3219 3446/3900/3221
f 3483/3899/3220 3446/3900/3221 3484/3901/3222
f 3484/3901/3222 3446/3900/3221 3491/3902/3223
f 3484/3901/3222 3491/3902/3223 3489/3903/3224
f 3518/3904/3225 3508/3905/3226 3517/3906/3227
f 3517/3906/3227 3508/3905/3226 3519/3907/3228
f 3517/3906/3227 3519/3907/3228 3527/3908/3229
f 3517/3906/3227 3527/3908/3229 3525/3909/3230
f 3525/3909/3230 3527/3908/3229 3531/3910/3231
f 3525/3909/3230 3531/3910/3231 3532/3911/3232
f 3506/3912/3233 3518/3913/3225 3517/3914/3227
f 3506/3912/3233 3517/3914/3227 3515/3915/3234
f 3515/3915/3234 3517/3914/3227 3525/3916/3230
f 3515/3915/3234 3525/3916/3230 3526/3917/3235
f 3526/3917/3235 3525/3916/3230 3532/3918/3232
f 3526/3917/3235 3532/3918/3232 3533/3919/3236
f 3514/3920/3237 3506/3921/3233 3515/3922/3234
f 3514/3920/3237 3515/3922/3234 3516/3923/3238
f 3516/3923/3238 3515/3922/3234 3526/3924/3235
f 3516/3923/3238 3526/3924/3235 3524/3925/3239
f 3524/3925/3239 3526/3924/3235 3533/3926/3236
f 3524/3925/3239 3533/3926/3236 3534/3927/3240
f 3504/3928/3241 3514/3929/3237 3516/3930/3238
f 3504/3928/3241 3516/3930/3238 3513/3931/3242
f 3513/3931/3242 3516/3930/3238 3524/3932/3239
f 3513/3931/3242 3524/3932/3239 3522/3933/3243
f 3522/3933/3243 3524/3932/3239 3535/3934/3244
f 3535/3934/3244 3524/3932/3239 3534/3935/3240
f 3502/3936/3245 3504/3937/3241 3513/3938/3242
f 3502/3936/3245 3513/3938/3242 3512/3939/3246
f 3512/3939/3246 3513/3938/3242 3523/3940/3247
f 3523/3940/3247 3513/3938/3242 3522/3941/3243
f 3523/3940/3247 3522/3941/3243 3528/3942/3248
f 3528/3942/3248 3522/3941/3243 3535/3943/3244
f 3496/3944/3249 3502/3945/3245 3512/3946/3246
f 3496/3944/3249 3512/3946/3246 3510/3947/3250
f 3510/3947/3250 3512/3946/3246 3520/3948/3251
f 3520/3948/3251 3512/3946/3246 3523/3949/3247
f 3520/3948/3251 3523/3949/3247 3529/3950/3252
f 3529/3950/3252 3523/3949/3247 3528/3951/3248
f 3497/3952/3253 3496/3953/3249 3510/3954/3250
f 3497/3952/3253 3510/3954/3250 3511/3955/3254
f 3511/3955/3254 3510/3954/3250 3521/3956/3255
f 3521/3956/3255 3510/3954/3250 3520/3957/3251
f 3521/3956/3255 3520/3957/3251 3530/3958/3256
f 3530/3958/3256 3520/3957/3251 3529/3959/3252
f 3498/3960/3257 3497/3961/3253 3508/3962/3226
f 3498/3960/3257 3508/3962/3226 3507/3963/3258
f 3507/3964/3258 3508/3965/3226 3518/3966/3225
f 3507/3964/3258 3518/3966/3225 3509/3967/3259
f 3509/3968/3259 3518/3969/3225 3506/3970/3233
f 3509/3968/3259 3506/3970/3233 3505/3971/3260
f 3505/3972/3260 3506/3973/3233 3503/3974/3261
f 3503/3974/3261 3506/3973/3233 3514/3975/3237
f 3503/3976/3261 3514/3977/3237 3501/3978/3262
f 3501/3978/3262 3514/3977/3237 3504/3979/3241
f 3501/3980/3262 3504/3981/3241 3499/3982/3263
f 3499/3982/3263 3504/3981/3241 3502/3983/3245
f 3499/3984/3263 3502/3985/3245 3500/3986/3264
f 3500/3986/3264 3502/3985/3245 3496/3987/3249
f 3500/3988/3264 3496/3989/3249 3498/3990/3257
f 3498/3990/3257 3496/3989/3249 3497/3991/3253
f 3508/3992/3226 3497/3993/3253 3519/3994/3228
f 3519/3994/3228 3497/3993/3253 3511/3995/3254
f 3519/3994/3228 3511/3995/3254 3521/3996/3255
f 3519/3994/3228 3521/3996/3255 3527/3997/3229
f 3527/3997/3229 3521/3996/3255 3530/3998/3256
f 3527/3997/3229 3530/3998/3256 3531/3999/3231
f 3255/4000/3265 3261/4001/3025 3262/4002/3266
f 3255/4000/3265 3262/4002/3266 3256/4003/3267
f 3256/4003/3267 3262/4002/3266 3276/4004/3268
f 3256/4003/3267 3276/4004/3268 3278/4005/3269
f 3278/4005/3269 3276/4004/3268 3297/4006/3270
f 3278/4005/3269 3297/4006/3270 3296/4007/3271
f 3296/4007/3271 3297/4006/3270 3275/4008/3272
f 3296/4007/3271 3275/4008/3272 3265/4009/3273
f 3265/4009/3273 3275/4008/3272 3207/4010/3274
f 3265/4009/3273 3207/4010/3274 3170/4011/3275
f 3170/4011/3275 3207/4010/3274 3212/4012/3276
f 3170/4011/3275 3212/4012/3276 3171/4013/3277
f 3171/4013/3277 3212/4012/3276 3213/3660/3062
f 3171/4013/3277 3213/3660/3062 3181/4014/3278
f 3181/4014/3278 3213/3660/3062 3206/3661/3063
f 3181/4014/3278 3206/3661/3063 3182/4015/3279
f 3182/4015/3279 3206/3661/3063 3204/3662/3064
f 3182/4015/3279 3204/3662/3064 3195/4016/3280
f 3195/4016/3280 3204/3662/3064 3205/3663/3065
f 3195/4016/3280 3205/3663/3065 3196/4017/3281
f 3196/4017/3281 3205/3663/3065 3215/3648/3050
f 3196/4017/3281 3215/3648/3050 3214/4018/3282
f 3214/4018/3282 3215/3648/3050 3221/3647/3049
f 3214/4018/3282 3221/3647/3049 3220/4019/3283
f 3214/4018/3282 3220/4019/3283 2975/4020/3284
f 2975/4020/3284 3220/4019/3283 2983/4021/3285
f 2975/4020/3284 2983/4021/3285 2984/4022/3286
f 2975/4020/3284 2984/4022/3286 2976/4023/3287
f 2976/4023/3287 2984/4022/3286 2985/4024/3288
f 2976/4023/3287 2985/4024/3288 2977/4025/3289
f 2977/4025/3289 2985/4024/3288 2986/4026/3290
f 2977/4025/3289 2986/4026/3290 2978/4027/3291
f 2978/4027/3291 2986/4026/3290 2979/4028/3292
f 2978/4027/3291 2979/4028/3292 2947/4029/3293
f 2947/4029/3293 2979/4028/3292 2948/4030/3294
f 2947/4029/3293 2948/4030/3294 2945/4031/3295
f 2947/4029/3293 2945/4031/3295 2946/4032/3296
f 2946/4032/3296 2945/4031/3295 2932/4033/3297
f 2946/4032/3296 2932/4033/3297 2931/4034/3298
f 2931/4034/3298 2932/4033/3297 2930/4035/3299
f 2931/4034/3298 2930/4035/3299 2971/4036/3300
f 2931/4034/3298 2971/4036/3300 2966/3609/3011
f 2931/4034/3298 2966/3609/3011 2967/3607/3009
f 2931/4034/3298 2967/3607/3009 2946/4032/3296
f 2946/4032/3296 2967/3607/3009 2964/3605/3007
f 2946/4032/3296 2964/3605/3007 2965/3604/3006
f 2946/4032/3296 2965/3604/3006 2947/4029/3293
f 2947/4029/3293 2965/3604/3006 2978/4027/3291
f 2978/4027/3291 2965/3604/3006 2977/4025/3289
f 2977/4025/3289 2965/3604/3006 2956/3602/3004
f 2977/4025/3289 2956/3602/3004 2976/4023/3287
f 2976/4023/3287 2956/3602/3004 2955/3601/3003
f 2976/4023/3287 2955/3601/3003 2975/4020/3284
f 2975/4020/3284 2955/3601/3003 3214/4018/3282
f 3214/4018/3282 2955/3601/3003 3196/4017/3281
f 3196/4017/3281 2955/3601/3003 2954/3600/3002
f 3196/4017/3281 2954/3600/3002 3195/4016/3280
f 3195/4016/3280 2954/3600/3002 2935/4037/3301
f 3195/4016/3280 2935/4037/3301 3182/4015/3279
f 3182/4015/3279 2935/4037/3301 2934/4038/3302
f 3182/4015/3279 2934/4038/3302 3181/4014/3278
f 3181/4014/3278 2934/4038/3302 2918/4039/3303
f 3181/4014/3278 2918/4039/3303 3171/4013/3277
f 3171/4013/3277 2918/4039/3303 2921/4040/3304
f 3171/4013/3277 2921/4040/3304 3170/4011/3275
f 3170/4011/3275 2921/4040/3304 3047/4041/3305
f 3170/4011/3275 3047/4041/3305 3265/4009/3273
f 3265/4009/3273 3047/4041/3305 3084/4042/3306
f 3265/4009/3273 3084/4042/3306 3296/4007/3271
f 3296/4007/3271 3084/4042/3306 3061/4043/3307
f 3296/4007/3271 3061/4043/3307 3278/4005/3269
f 3278/4005/3269 3061/4043/3307 3034/4044/3308
f 3278/4005/3269 3034/4044/3308 3256/4003/3267
f 3256/4003/3267 3034/4044/3308 3033/4045/3309
f 3256/4003/3267 3033/4045/3309 3255/4000/3265
f 3032/3622/3024 3033/4045/3309 3035/3620/3022
f 3035/3620/3022 3033/4045/3309 3034/4044/3308
f 3035/3620/3022 3034/4044/3308 3059/3618/3020
f 3059/3618/3020 3034/4044/3308 3061/4043/3307
f 3059/3618/3020 3061/4043/3307 3083/3616/3018
f 3083/3616/3018 3061/4043/3307 3084/4042/3306
f 3083/3616/3018 3084/4042/3306 3046/3614/3016
f 3046/3614/3016 3084/4042/3306 3047/4041/3305
f 3046/3614/3016 3047/4041/3305 2920/3612/3014
f 2920/3612/3014 3047/4041/3305 2921/4040/3304
f 2920/3612/3014 2921/4040/3304 2919/3610/3012
f 2919/3610/3012 2921/4040/3304 2918/4039/3303
f 2919/3610/3012 2918/4039/3303 2933/3608/3010
f 2933/3608/3010 2918/4039/3303 2934/4038/3302
f 2933/3608/3010 2934/4038/3302 2936/3606/3008
f 2936/3606/3008 2934/4038/3302 2935/4037/3301
f 2936/3606/3008 2935/4037/3301 2953/3603/3005
f 2953/3603/3005 2935/4037/3301 2954/3600/3002
f 3290/4046/3310 3281/4047/3311 3279/4048/3312
f 3290/4046/3310 3279/4048/3312 3289/4049/3313
f 3289/4049/3313 3279/4048/3312 3063/4050/3314
f 3289/4049/3313 3063/4050/3314 3075/4051/3315
f 3075/4051/3315 3063/4050/3314 3074/4052/3316
f 3074/4052/3316 3063/4050/3314 3062/4053/3317
f 3074/4052/3316 3062/4053/3317 3076/4054/3318
f 3076/4054/3318 3062/4053/3317 3066/4055/3319
f 3066/4055/3319 3068/4056/3320 3077/4057/3321
f 3066/4055/3319 3077/4057/3321 3076/4054/3318
f 3076/4054/3318 3077/4057/3321 3050/4058/3322
f 3076/4054/3318 3050/4058/3322 3056/4059/3323
f 3076/4054/3318 3056/4059/3323 3074/4052/3316
f 3074/4052/3316 3056/4059/3323 3045/4060/3324
f 3074/4052/3316 3045/4060/3324 3075/4051/3315
f 3075/4051/3315 3045/4060/3324 3044/4061/3325
f 3075/4051/3315 3044/4061/3325 3264/4062/3326
f 3075/4051/3315 3264/4062/3326 3289/4049/3313
f 3289/4049/3313 3264/4062/3326 3274/4063/3327
f 3289/4049/3313 3274/4063/3327 3290/4046/3310
f 3290/4046/3310 3274/4063/3327 3268/4064/3328
f 3290/4046/3310 3268/4064/3328 3291/4065/3329
f 3290/4046/3310 3291/4065/3329 3281/4047/3311
f 3281/4047/3311 3291/4065/3329 3283/4066/3330
f 3266/4067/3331 3267/4068/3332 3268/4064/3328
f 3268/4064/3328 3267/4068/3332 3292/4069/3333
f 3268/4064/3328 3292/4069/3333 3291/4065/3329
f 3291/4065/3329 3292/4069/3333 3285/4070/3334
f 3291/4065/3329 3285/4070/3334 3283/4066/3330
f 3283/4066/3330 3285/4070/3334 3286/4071/3335
f 3283/4066/3330 3286/4071/3335 3284/4072/3336
f 3283/4066/3330 3284/4072/3336 3282/4073/3337
f 3283/4066/3330 3282/4073/3337 3281/4047/3311
f 3281/4047/3311 3282/4073/3337 3280/4074/3338
f 3281/4047/3311 3280/4074/3338 3279/4048/3312
f 3279/4048/3312 3280/4074/3338 3064/4075/3339
f 3279/4048/3312 3064/4075/3339 3063/4050/3314
f 3063/4050/3314 3064/4075/3339 3062/4053/3317
f 3062/4053/3317 3064/4075/3339 3065/4076/3340
f 3062/4053/3317 3065/4076/3340 3066/4055/3319
f 3066/4055/3319 3065/4076/3340 3067/4077/3341
f 3066/4055/3319 3067/4077/3341 3068/4056/3320
f 3068/4056/3320 3067/4077/3341 3069/4078/3342
f 3068/4056/3320 3069/4078/3342 3071/4079/3343
f 3068/4056/3320 3071/4079/3343 3070/4080/3344
f 3068/4056/3320 3070/4080/3344 3077/4057/3321
f 3077/4057/3321 3070/4080/3344 3078/4081/3345
f 3077/4057/3321 3078/4081/3345 3050/4058/3322
f 3050/4058/3322 3078/4081/3345 3051/4082/3346
f 3050/4058/3322 3051/4082/3346 3048/4083/3347
f 3050/4058/3322 3048/4083/3347 3049/4084/3348
f 3050/4058/3322 3049/4084/3348 3056/4059/3323
f 3056/4059/3323 3049/4084/3348 3055/4085/3349
f 3056/4059/3323 3055/4085/3349 3045/4060/3324
f 3045/4060/3324 3055/4085/3349 3042/4086/3350
f 3045/4060/3324 3042/4086/3350 3044/4061/3325
f 3044/4061/3325 3042/4086/3350 3043/4087/3351
f 3044/4061/3325 3043/4087/3351 3263/4088/3352
f 3044/4061/3325 3263/4088/3352 3264/4062/3326
f 3264/4062/3326 3263/4088/3352 3273/4089/3353
f 3264/4062/3326 3273/4089/3353 3274/4063/3327
f 3274/4063/3327 3273/4089/3353 3269/4090/3354
f 3274/4063/3327 3269/4090/3354 3268/4064/3328
f 3268/4064/3328 3269/4090/3354 3266/4067/3331
f 2924/4091/3355 2925/4092/3356 2923/4093/3357
f 2923/4093/3357 2925/4092/3356 2922/4094/3358
f 2923/4093/3357 2922/4094/3358 3053/4095/3359
f 3053/4095/3359 2922/4094/3358 3052/4096/3360
f 3053/4095/3359 3052/4096/3360 3079/4097/3361
f 3053/4095/3359 3079/4097/3361 3081/4098/3362
f 3081/4098/3362 3079/4097/3361 3072/4099/3363
f 3081/4098/3362 3072/4099/3363 3058/4100/3364
f 3058/4100/3364 3072/4099/3363 3039/4101/3365
f 3058/4100/3364 3039/4101/3365 3038/4102/3366
f 3173/4103/3367 3174/4104/3368 3175/4105/3369
f 3173/4103/3367 3175/4105/3369 3172/4106/3370
f 3172/4106/3370 3175/4105/3369 3270/4107/3371
f 3172/4106/3370 3270/4107/3371 3271/4108/3372
f 3271/4108/3372 3270/4107/3371 3293/4109/3373
f 3293/4109/3373 3270/4107/3371 3295/4110/3374
f 3293/4109/3373 3295/4110/3374 3287/4111/3375
f 3287/4111/3375 3295/4110/3374 3277/4112/3376
f 3287/4111/3375 3277/4112/3376 3258/4113/3377
f 3258/4113/3377 3277/4112/3376 3259/4114/3378
f 3210/4115/3061 3213/4116/3062 3212/4117/3276
f 3210/4115/3061 3212/4117/3276 3174/4104/3368
f 3174/4104/3368 3212/4117/3276 3207/4118/3274
f 3174/4104/3368 3207/4118/3274 3175/4105/3369
f 3175/4105/3369 3207/4118/3274 3275/4119/3272
f 3175/4105/3369 3275/4119/3272 3270/4107/3371
f 3270/4107/3371 3275/4119/3272 3297/4120/3270
f 3270/4107/3371 3297/4120/3270 3295/4110/3374
f 3295/4110/3374 3297/4120/3270 3276/4121/3268
f 3295/4110/3374 3276/4121/3268 3277/4112/3376
f 3277/4112/3376 3276/4121/3268 3262/4122/3266
f 3277/4112/3376 3262/4122/3266 3259/4114/3378
f 3259/4114/3378 3262/4122/3266 3261/4123/3025
f 3259/4114/3378 3261/4123/3025 3260/4124/3025
f 3259/4114/3378 3260/4124/3025 3258/4113/3377
f 3258/4113/3377 3260/4124/3025 3257/4125/3379
f 3258/4113/3377 3257/4125/3379 3287/4111/3375
f 3287/4111/3375 3257/4125/3379 3288/4126/3380
f 3287/4111/3375 3288/4126/3380 3293/4109/3373
f 3293/4109/3373 3288/4126/3380 3294/4127/3381
f 3293/4109/3373 3294/4127/3381 3271/4108/3372
f 3271/4108/3372 3294/4127/3381 3272/4128/3382
f 3271/4108/3372 3272/4128/3382 3172/4106/3370
f 3172/4106/3370 3272/4128/3382 3198/4129/3383
f 3172/4106/3370 3198/4129/3383 3199/4130/3384
f 3172/4106/3370 3199/4130/3384 3173/4103/3367
f 3173/4103/3367 3199/4130/3384 3178/3658/3060
f 3173/4103/3367 3178/3658/3060 3174/4104/3368
f 3174/4104/3368 3178/3658/3060 3210/4115/3061
f 3125/4131/3385 3154/4132/3386 3126/4133/3387
f 3125/4131/3385 3126/4133/3387 3128/4134/3388
f 2966/4135/3011 2971/4136/3300 2974/4137/3013
f 2974/4137/3013 2971/4136/3300 2924/4091/3355
f 2974/4137/3013 2924/4091/3355 2973/4138/3015
f 2973/4138/3015 2924/4091/3355 2923/4093/3357
f 2973/4138/3015 2923/4093/3357 3057/4139/3017
f 3057/4139/3017 2923/4093/3357 3053/4095/3359
f 3057/4139/3017 3053/4095/3359 3082/4140/3019
f 3082/4140/3019 3053/4095/3359 3081/4098/3362
f 3082/4140/3019 3081/4098/3362 3060/4141/3021
f 3060/4141/3021 3081/4098/3362 3058/4100/3364
f 3060/4141/3021 3058/4100/3364 3041/4142/3023
f 3041/4142/3023 3058/4100/3364 3038/4102/3366
f 3041/4142/3023 3038/4102/3366 3040/4143/3025
f 3040/4143/3025 3038/4102/3366 3037/4144/3025
f 3037/4144/3025 3038/4102/3366 3039/4101/3365
f 3037/4144/3025 3039/4101/3365 3036/4145/3389
f 3036/4145/3389 3039/4101/3365 3072/4099/3363
f 3036/4145/3389 3072/4099/3363 3073/4146/3390
f 3073/4146/3390 3072/4099/3363 3079/4097/3361
f 3073/4146/3390 3079/4097/3361 3080/4147/3391
f 3080/4147/3391 3079/4097/3361 3052/4096/3360
f 3080/4147/3391 3052/4096/3360 3054/4148/3392
f 3054/4148/3392 3052/4096/3360 2922/4094/3358
f 3054/4148/3392 2922/4094/3358 2958/4149/3393
f 2958/4149/3393 2922/4094/3358 2959/4150/3394
f 2959/4150/3394 2922/4094/3358 2925/4092/3356
f 2959/4150/3394 2925/4092/3356 2930/4035/3299
f 2930/4035/3299 2925/4092/3356 2924/4091/3355
f 2930/4035/3299 2924/4091/3355 2971/4136/3300
f 2867/4151/3395 2898/4152/3396 2868/4153/3397
f 2867/4151/3395 2868/4153/3397 2870/4154/3398
f 3155/4155/3090 3154/4156/3386 3141/4157/3091
f 3141/4157/3091 3154/4156/3386 3125/4158/3385
f 3141/4157/3091 3125/4158/3385 3128/4159/3388
f 3141/4157/3091 3128/4159/3388 3127/4160/3092
f 2898/4161/3396 2899/4162/2969 2879/4163/2972
f 2898/4161/3396 2879/4163/2972 2868/4164/3397
f 2868/4164/3397 2879/4163/2972 2870/4165/3398
f 2870/4165/3398 2879/4163/2972 2869/4166/2974
f 3308/4167/3399 3311/4168/3400 3309/4169/3401
f 3309/4169/3401 3311/4168/3400 3313/4170/3402
f 3356/3859/3180 3357/4171/3403 3354/4172/3404
f 3356/3859/3180 3354/4172/3404 3355/3857/3178
f 3355/3857/3178 3354/4172/3404 3334/4173/3405
f 3355/3857/3178 3334/4173/3405 3333/3855/3176
f 3333/3855/3176 3334/4173/3405 3332/3853/3174
f 3332/3853/3174 3334/4173/3405 3380/4174/3406
f 3332/3853/3174 3380/4174/3406 3341/3850/3171
f 3341/3850/3171 3380/4174/3406 3375/3848/3169
f 3375/3848/3169 3380/4174/3406 3377/4175/3407
f 3375/3848/3169 3377/4175/3407 3374/3846/3145
f 3374/3846/3145 3377/4175/3407 3376/4176/3146
f 3361/3876/3197 3359/3858/3179 3358/3856/3177
f 3361/3876/3197 3358/3856/3177 3360/3874/3195
f 3360/3874/3195 3358/3856/3177 3381/3854/3175
f 3360/3874/3195 3381/3854/3175 3382/3872/3193
f 3382/3872/3193 3381/3854/3175 3343/3852/3173
f 3382/3872/3193 3343/3852/3173 3345/3870/3191
f 3345/3870/3191 3343/3852/3173 3342/3851/3172
f 3345/3870/3191 3342/3851/3172 3344/3869/3190
f 3344/3869/3190 3342/3851/3172 3372/3868/3189
f 3372/3868/3189 3342/3851/3172 3373/3849/3170
f 3372/3868/3189 3373/3849/3170 3388/3847/3144
f 3372/3868/3189 3388/3847/3144 3371/4177/3142
f 3372/3868/3189 3371/4177/3142 3370/3866/3187
f 3370/3866/3187 3371/4177/3142 3369/4178/3141
f 3370/3866/3187 3369/4178/3141 3368/3864/3185
f 3368/3864/3185 3369/4178/3141 3384/4179/3155
f 3368/3864/3185 3384/4179/3155 3367/3862/3183
f 3367/3862/3183 3384/4179/3155 3366/4180/3153
f 3367/3862/3183 3366/4180/3153 3385/4181/3151
f 3367/3862/3183 3385/4181/3151 3378/3860/3181
f 3378/3860/3181 3385/4181/3151 3376/4182/3146
f 3378/3860/3181 3376/4182/3146 3377/4183/3407
f 3378/3860/3181 3377/4183/3407 3379/3861/3182
f 3379/3861/3182 3377/4183/3407 3380/4184/3406
f 3379/3861/3182 3380/4184/3406 3334/4185/3405
f 3379/3861/3182 3334/4185/3405 3365/3885/3206
f 3365/3885/3206 3334/4185/3405 3352/3883/3204
f 3352/3883/3204 3334/4185/3405 3354/4186/3404
f 3352/3883/3204 3354/4186/3404 3353/3882/3203
f 3353/3882/3203 3354/4186/3404 3357/4187/3403
f 3316/4188/3408 3302/4189/3409 3317/4190/3410
f 3316/4188/3408 3317/4190/3410 3314/4191/3411
f 3312/4192/3412 3316/4193/3408 3314/4194/3411
f 3312/4192/3412 3314/4194/3411 3315/4195/3413
f 3311/4196/3400 3312/4197/3412 3313/4198/3402
f 3313/4198/3402 3312/4197/3412 3315/4199/3413
f 3302/4200/3409 3303/4201/3414 3317/4202/3410
f 3317/4202/3410 3303/4201/3414 3305/4203/3415
f 3303/4204/3414 3304/4205/3416 3305/4206/3415
f 3305/4206/3415 3304/4205/3416 3307/4207/3417
f 3304/4208/3416 3306/4209/3418 3310/4210/3419
f 3304/4208/3416 3310/4210/3419 3307/4211/3417
f 3306/4212/3418 3308/4213/3399 3309/4214/3401
f 3306/4212/3418 3309/4214/3401 3310/4215/3419
f 3339/4216/3420 3318/4217/3421 3321/4218/3422
f 3321/4218/3422 3318/4217/3421 3319/4219/3423
f 3321/4218/3422 3319/4219/3423 3320/4220/3424
f 3320/4220/3424 3319/4219/3423 3322/4221/3425
f 3320/4220/3424 3322/4221/3425 3323/4222/3426
f 3323/4222/3426 3322/4221/3425 3325/4223/3427
f 3325/4223/3427 3322/4221/3425 3324/4224/3428
f 3325/4223/3427 3324/4224/3428 3327/4225/3429
f 3327/4225/3429 3324/4224/3428 3326/4226/3430
f 3327/4225/3429 3326/4226/3430 3335/4227/3431
f 3327/4225/3429 3335/4227/3431 3336/4228/3432
f 3336/4228/3432 3335/4227/3431 3337/4229/3433
f 3336/4228/3432 3337/4229/3433 3338/4230/3434
f 3338/4230/3434 3337/4229/3433 3340/4231/3435
f 3340/4231/3435 3337/4229/3433 3339/4216/3420
f 3340/4231/3435 3339/4216/3420 3321/4218/3422
f 3469/4232/3436 3472/4233/3437 3492/4234/3438
f 3469/4232/3436 3492/4234/3438 3482/4235/3439
f 3482/4235/3439 3492/4234/3438 3491/3902/3223
f 3491/3902/3223 3492/4234/3438 3458/4236/3210
f 3491/3902/3223 3458/4236/3210 3490/4237/3209
f 3491/3902/3223 3490/4237/3209 3489/3903/3224
f 3489/3903/3224 3490/4237/3209 3501/4238/3262
f 3489/3903/3224 3501/4238/3262 3499/4239/3263
f 3489/3903/3224 3499/4239/3263 3484/3901/3222
f 3484/3901/3222 3499/4239/3263 3500/4240/3264
f 3484/3901/3222 3500/4240/3264 3498/4241/3257
f 3484/3901/3222 3498/4241/3257 3483/3899/3220
f 3483/3899/3220 3498/4241/3257 3507/4242/3258
f 3483/3899/3220 3507/4242/3258 3485/3897/3218
f 3485/3897/3218 3507/4242/3258 3509/4243/3259
f 3485/3897/3218 3509/4243/3259 3486/3894/3215
f 3486/3894/3215 3509/4243/3259 3505/4244/3260
f 3486/3894/3215 3505/4244/3260 3487/3892/3213
f 3487/3892/3213 3505/4244/3260 3488/3890/3211
f 3488/3890/3211 3505/4244/3260 3503/4245/3261
f 3488/3890/3211 3503/4245/3261 3490/3888/3209
f 3490/3888/3209 3503/4245/3261 3501/4246/3262
f 3419/4247/3440 3434/4248/3441 3421/4249/3442
f 3421/4249/3442 3434/4248/3441 3420/4250/3443
f 3421/4251/3442 3420/4252/3443 3423/4253/3444
f 3423/4253/3444 3420/4252/3443 3422/4254/3445
f 3423/4255/3444 3422/4256/3445 3425/4257/3446
f 3423/4255/3444 3425/4257/3446 3424/4258/3447
f 3424/4259/3447 3425/4260/3446 3426/4261/3448
f 3424/4259/3447 3426/4261/3448 3427/4262/3449
f 3456/4263/3450 3455/4264/3451 3436/4265/3452
f 3456/4263/3450 3436/4265/3452 3435/4266/3453
f 3435/4266/3453 3436/4265/3452 3438/4267/3454
f 3438/4267/3454 3436/4265/3452 3437/4268/3455
f 3438/4267/3454 3437/4268/3455 3440/4269/3456
f 3440/4269/3456 3437/4268/3455 3439/4270/3457
f 3440/4269/3456 3439/4270/3457 3441/4271/3458
f 3440/4269/3456 3441/4271/3458 3442/4272/3459
f 3442/4272/3459 3441/4271/3458 3443/4273/3460
f 3442/4272/3459 3443/4273/3460 3444/4274/3461
f 3444/4274/3461 3443/4273/3460 3452/4275/3462
f 3452/4275/3462 3443/4273/3460 3451/4276/3463
f 3452/4275/3462 3451/4276/3463 3454/4277/3464
f 3454/4277/3464 3451/4276/3463 3453/4278/3465
f 3454/4277/3464 3453/4278/3465 3455/4264/3451
f 3454/4277/3464 3455/4264/3451 3456/4263/3450
f 3427/4279/3449 3426/4280/3448 3428/4281/3466
f 3428/4281/3466 3426/4280/3448 3429/4282/3467
f 3430/4283/3468 3431/4284/3469 3433/4285/3470
f 3430/4283/3468 3433/4285/3470 3432/4286/3471
f 3432/4287/3471 3433/4288/3470 3434/4289/3441
f 3432/4287/3471 3434/4289/3441 3419/4290/3440
f 3492/4291/3438 3472/4292/3437 3471/4293/3472
f 3492/4291/3438 3471/4293/3472 3450/4294/3473
f 3450/4294/3473 3471/4293/3472 3475/4295/3474
f 3450/4294/3473 3475/4295/3474 3493/4296/3475
f 3493/4296/3475 3475/4295/3474 3477/4297/3476
f 3493/4296/3475 3477/4297/3476 3494/4298/3477
f 3494/4298/3477 3477/4297/3476 3495/4299/3478
f 3495/4299/3478 3477/4297/3476 3479/4300/3479
f 3495/4299/3478 3479/4300/3479 3481/4301/3480
f 3481/4301/3480 3479/4300/3479 3466/4302/3481
f 3481/4301/3480 3466/4302/3481 3445/4303/3482
f 3445/4303/3482 3466/4302/3481 3465/4304/3483
f 3445/4303/3482 3465/4304/3483 3469/4232/3436
f 3445/4303/3482 3469/4232/3436 3482/4235/3439
f 3445/4303/3482 3482/4235/3439 3491/3902/3223
f 3445/4303/3482 3491/3902/3223 3446/3900/3221
f 3445/4303/3482 3446/3900/3221 3447/4305/3484
f 3447/4305/3484 3446/3900/3221 3448/3898/3219
f 3447/4305/3484 3448/3898/3219 3464/4306/3485
f 3464/4306/3485 3448/3898/3219 3463/3896/3217
f 3464/4306/3485 3463/3896/3217 3462/4307/3486
f 3462/4307/3486 3463/3896/3217 3461/3895/3216
f 3462/4307/3486 3461/3895/3216 3459/3893/3214
f 3462/4307/3486 3459/3893/3214 3460/4308/3487
f 3460/4308/3487 3459/3893/3214 3457/3891/3212
f 3460/4308/3487 3457/3891/3212 3449/4309/3488
f 3449/4309/3488 3457/3891/3212 3458/3889/3210
f 3449/4309/3488 3458/3889/3210 3492/4291/3438
f 3449/4309/3488 3492/4291/3438 3450/4294/3473
f 3449/4309/3488 3450/4294/3473 3493/4296/3475
f 3449/4309/3488 3493/4296/3475 3460/4308/3487
f 3460/4308/3487 3493/4296/3475 3494/4298/3477
f 3460/4308/3487 3494/4298/3477 3462/4307/3486
f 3462/4307/3486 3494/4298/3477 3464/4306/3485
f 3464/4306/3485 3494/4298/3477 3495/4299/3478
f 3464/4306/3485 3495/4299/3478 3447/4305/3484
f 3447/4305/3484 3495/4299/3478 3481/4301/3480
f 3447/4305/3484 3481/4301/3480 3445/4303/3482
f 3428/4310/3466 3429/4311/3467 3430/4312/3468
f 3430/4312/3468 3429/4311/3467 3431/4313/3469
f 3472/4292/3437 3473/4314/3489 3474/4315/3490
f 3472/4292/3437 3474/4315/3490 3471/4293/3472
f 3471/4293/3472 3474/4315/3490 3476/4316/3491
f 3471/4293/3472 3476/4316/3491 3475/4295/3474
f 3475/4295/3474 3476/4316/3491 3478/4317/3492
f 3475/4295/3474 3478/4317/3492 3477/4297/3476
f 3477/4297/3476 3478/4317/3492 3479/4300/3479
f 3479/4300/3479 3478/4317/3492 3480/4318/3493
f 3479/4300/3479 3480/4318/3493 3466/4302/3481
f 3466/4302/3481 3480/4318/3493 3467/4319/3494
f 3466/4302/3481 3467/4319/3494 3465/4304/3483
f 3465/4304/3483 3467/4319/3494 3468/4320/3495
f 3465/4304/3483 3468/4320/3495 3470/4321/3496
f 3465/4304/3483 3470/4321/3496 3469/4232/3436
f 3469/4232/3436 3470/4321/3496 3472/4233/3437
f 3472/4233/3437 3470/4321/3496 3473/4322/3489
o DoofCockpit
v 0.000000 -0.067627 0.363647
v 0.000000 -0.205750 0.332825
v 0.169128 -0.238220 0.263855
v 0.222351 -0.114014 0.276855
v -0.222290 -0.114014 0.276855
v -0.169067 -0.238220 0.263855
v -0.358032 -0.206665 0.104553
v -0.265747 -0.316711 0.104553
v 0.265808 -0.316711 0.104553
v 0.358093 -0.206665 0.104553
v 0.000000 -0.286560 0.274658
v 0.091553 -0.301209 0.249451
v -0.091492 -0.301209 0.249451
v -0.129456 -0.347595 0.177734
v -0.141357 -0.388489 0.104553
v 0.129517 -0.347595 0.177734
v 0.000000 -0.352966 0.191040
v 0.000000 -0.413452 0.104553
v 0.141418 -0.388489 0.104553
v 0.000000 -0.206665 0.104553
v -0.230774 -0.206665 0.104553
v -0.222290 -0.114014 0.276855
v 0.000000 -0.067627 0.363647
v 0.230835 -0.206665 0.104553
v 0.222351 -0.114014 0.276855
v 0.358093 -0.206665 0.104553
v -0.358032 -0.206665 0.104553
v 0.239319 -0.332092 0.064148
v 0.000000 -0.363220 -0.001648
v -0.239258 -0.332092 0.064148
v -0.147949 -0.220093 -0.093201
v 0.148010 -0.220093 -0.093201
v 0.148010 -0.113403 -0.135925
v -0.147949 -0.113403 -0.135925
v 0.148010 0.108337 -0.134521
v -0.147949 0.108337 -0.134521
v 0.127563 0.202637 -0.104370
v -0.127502 0.202637 -0.104370
v -0.127502 0.202637 -0.104370
v 0.127563 0.202637 -0.104370
v 0.127563 0.216736 -0.127930
v -0.127502 0.216736 -0.127930
v -0.152588 -0.265137 -0.029297
v 0.152649 -0.265137 -0.029297
v 0.148010 -0.220093 -0.039795
v -0.147949 -0.220093 -0.039795
v 0.152649 -0.119446 -0.167114
v 0.148010 -0.113403 -0.135925
v 0.148010 0.108337 -0.134521
v 0.152649 0.122009 -0.161011
v 0.127563 0.216736 -0.127930
v 0.127563 0.202637 -0.104370
v -0.147949 -0.220093 -0.093201
v -0.147949 -0.113403 -0.135925
v -0.152588 -0.119446 -0.167114
v -0.147949 0.108337 -0.134521
v -0.152588 0.122009 -0.161011
v -0.127502 0.202637 -0.104370
v -0.127502 0.216736 -0.127930
v 0.152649 -0.265137 -0.113403
v 0.148010 -0.220093 -0.093201
v 0.148010 -0.220093 -0.039795
v 0.152649 -0.265137 -0.029297
v 0.148010 -0.220093 -0.093201
v -0.147949 -0.220093 -0.093201
v -0.147949 -0.220093 -0.039795
v 0.148010 -0.220093 -0.039795
v -0.152588 -0.265137 -0.113403
v -0.152588 -0.265137 -0.029297
v -0.147949 -0.220093 -0.039795
v 0.115723 -0.061584 0.165161
v 0.110168 -0.061585 0.174744
v 0.099548 -0.019714 0.174744
v 0.110413 -0.019714 0.156006
v 0.115723 -0.061585 0.184326
v 0.132080 -0.019714 0.193481
v 0.110413 -0.019714 0.193481
v 0.126770 -0.061585 0.184326
v 0.132263 -0.061585 0.174744
v 0.126770 -0.061584 0.165161
v 0.132080 -0.019714 0.156006
v 0.142883 -0.019714 0.174744
v 0.132080 0.070557 0.156006
v 0.110413 0.070557 0.156006
v 0.099548 0.070557 0.174744
v 0.110413 0.070557 0.193481
v 0.132080 0.070557 0.193481
v 0.142883 0.070557 0.174744
v 0.105652 0.096741 0.174744
v 0.113403 0.096741 0.161255
v 0.129028 0.096741 0.188232
v 0.113403 0.096741 0.188232
v 0.129028 0.096741 0.161255
v 0.136841 0.096741 0.174744
v 0.129028 0.096741 0.161255
v 0.113403 0.096741 0.161255
v 0.121216 0.096741 0.174744
v 0.105652 0.096741 0.174744
v 0.113403 0.096741 0.188232
v 0.129028 0.096741 0.188232
v 0.136841 0.096741 0.174744
v 0.115723 -0.061584 0.165161
v 0.115723 -0.216980 0.165161
v 0.115723 -0.061585 0.184326
v 0.110168 -0.061585 0.174744
v 0.110168 -0.216980 0.174744
v 0.115723 -0.216980 0.184326
v 0.126770 -0.216980 0.184326
v 0.132263 -0.061585 0.174744
v 0.126770 -0.061585 0.184326
v 0.132263 -0.216980 0.174744
v 0.126770 -0.061584 0.165161
v 0.126770 -0.216980 0.165161
v -0.115845 -0.061584 0.165161
v -0.132202 -0.019714 0.156006
v -0.126892 -0.061584 0.165161
v -0.132446 -0.061585 0.174744
v -0.143005 -0.019714 0.174744
v -0.126892 -0.061585 0.184326
v -0.132202 -0.019714 0.193481
v -0.115845 -0.061585 0.184326
v -0.099731 -0.019714 0.174744
v -0.110535 -0.019714 0.193481
v -0.110291 -0.061585 0.174744
v -0.110535 -0.019714 0.156006
v -0.132202 0.070557 0.156006
v -0.132202 0.070557 0.193481
v -0.143005 0.070557 0.174744
v -0.110535 0.070557 0.193481
v -0.110535 0.070557 0.156006
v -0.099731 0.070557 0.174744
v -0.129150 0.096741 0.161255
v -0.113586 0.096741 0.161255
v -0.129150 0.096741 0.188232
v -0.136963 0.096741 0.174744
v -0.113586 0.096741 0.188232
v -0.105774 0.096741 0.174744
v -0.113586 0.096741 0.161255
v -0.129150 0.096741 0.161255
v -0.121399 0.096741 0.174744
v -0.136963 0.096741 0.174744
v -0.129150 0.096741 0.188232
v -0.113586 0.096741 0.188232
v -0.105774 0.096741 0.174744
v -0.126892 -0.061584 0.165161
v -0.115845 -0.061584 0.165161
v -0.126892 -0.216980 0.165161
v -0.132446 -0.216980 0.174744
v -0.126892 -0.061585 0.184326
v -0.132446 -0.061585 0.174744
v -0.126892 -0.216980 0.184326
v -0.115845 -0.061585 0.184326
v -0.115845 -0.216980 0.184326
v -0.110291 -0.216980 0.174744
v -0.110291 -0.061585 0.174744
v -0.115845 -0.216980 0.165161
v 0.109985 0.063477 -0.497070
v 0.081604 0.097229 -0.497070
v 0.157654 0.187866 -0.448059
v 0.212402 0.122620 -0.448059
v 0.043457 0.119324 -0.497070
v 0.083923 0.230469 -0.448059
v 0.000000 0.126953 -0.497070
v 0.000000 0.245239 -0.448059
v -0.043335 0.119324 -0.497070
v -0.083801 0.230469 -0.448059
v -0.081543 0.097229 -0.497070
v -0.157593 0.187866 -0.448059
v -0.109863 0.063477 -0.497070
v -0.212341 0.122620 -0.448059
v -0.124939 0.022034 -0.497070
v -0.241455 0.042603 -0.448059
v -0.124939 -0.021973 -0.497070
v -0.241455 -0.042541 -0.448059
v -0.109863 -0.063415 -0.497070
v -0.212341 -0.122559 -0.448059
v -0.081543 -0.097168 -0.497070
v -0.157593 -0.187805 -0.448059
v -0.043335 -0.119263 -0.497070
v -0.083801 -0.230408 -0.448059
v 0.000000 -0.126892 -0.497070
v 0.000000 -0.245178 -0.448059
v 0.043457 -0.119263 -0.497070
v 0.083923 -0.230408 -0.448059
v 0.081604 -0.097168 -0.497070
v 0.157654 -0.187805 -0.448059
v 0.109985 -0.063415 -0.497070
v 0.212402 -0.122559 -0.448059
v 0.125061 -0.021973 -0.497070
v 0.241577 -0.042541 -0.448059
v 0.125061 0.022034 -0.497070
v 0.241577 0.042603 -0.448059
v -0.118530 0.325928 -0.370117
v -0.341492 0.060242 -0.370117
v 0.424805 0.245239 -0.023254
v 0.304565 0.362976 0.103638
v 0.410339 0.236877 0.103638
v 0.167786 0.460938 -0.023254
v 0.162048 0.445251 0.103638
v 0.000000 0.490540 -0.023254
v 0.000000 0.473816 0.103638
v -0.167725 0.460938 -0.023254
v -0.161987 0.445251 0.103638
v -0.304504 0.362976 0.103638
v -0.410278 0.236877 0.103638
v -0.466553 0.082275 0.103638
v -0.466553 -0.082214 0.103638
v -0.410278 -0.236816 0.103638
v -0.315247 -0.375732 -0.023254
v -0.304504 -0.362915 0.103638
v -0.167725 -0.460876 -0.023254
v -0.161987 -0.445190 0.103638
v 0.000000 -0.473755 0.103638
v 0.167786 -0.460876 -0.023254
v 0.162048 -0.445190 0.103638
v 0.304565 -0.362915 0.103638
v 0.410339 -0.236816 0.103638
v 0.466614 -0.082214 0.103638
v 0.483093 0.085205 -0.023254
v 0.466614 0.082275 0.103638
v 0.000000 0.000000 -0.513794
v 0.410339 0.236877 0.103638
v 0.304565 0.362976 0.103638
v 0.382324 0.220703 0.125916
v 0.151001 0.414795 0.125916
v 0.283752 0.338135 0.125916
v 0.162048 0.445251 0.103638
v 0.000000 0.441467 0.125916
v 0.000000 0.473816 0.103638
v -0.161987 0.445251 0.103638
v -0.304504 0.362976 0.103638
v -0.283691 0.338135 0.125916
v -0.150879 0.414795 0.125916
v -0.410278 0.236877 0.103638
v -0.382202 0.220703 0.125916
v -0.466553 0.082275 0.103638
v -0.434631 0.076660 0.125916
v -0.466553 -0.082214 0.103638
v -0.434631 -0.076599 0.125916
v -0.410278 -0.236816 0.103638
v -0.304504 -0.362915 0.103638
v -0.283691 -0.338074 0.125915
v -0.382202 -0.220642 0.125915
v -0.161987 -0.445190 0.103638
v 0.000000 -0.441406 0.125915
v -0.150879 -0.414734 0.125915
v 0.000000 -0.473755 0.103638
v 0.162048 -0.445190 0.103638
v 0.283752 -0.338074 0.125915
v 0.151001 -0.414734 0.125915
v 0.304565 -0.362915 0.103638
v 0.410339 -0.236816 0.103638
v 0.466614 -0.082214 0.103638
v 0.434753 -0.076599 0.125916
v 0.382324 -0.220642 0.125915
v 0.466614 0.082275 0.103638
v 0.434753 0.076660 0.125916
v 0.283752 0.338135 0.125916
v 0.141418 0.388550 0.104553
v 0.382324 0.220703 0.125916
v 0.265808 0.316772 0.104553
v 0.358093 0.206726 0.104553
v 0.434753 -0.076599 0.125916
v 0.434753 0.076660 0.125916
v 0.407227 0.071777 0.104553
v 0.407227 -0.071716 0.104553
v 0.382324 -0.220642 0.125915
v 0.358093 -0.206665 0.104553
v 0.265808 -0.316711 0.104553
v 0.151001 -0.414734 0.125915
v 0.283752 -0.338074 0.125915
v 0.141418 -0.388489 0.104553
v 0.000000 -0.441406 0.125915
v 0.000000 -0.413452 0.104553
v -0.150879 -0.414734 0.125915
v -0.141357 -0.388489 0.104553
v -0.382202 -0.220642 0.125915
v -0.283691 -0.338074 0.125915
v -0.265686 -0.316711 0.104553
v -0.358032 -0.206665 0.104553
v -0.434631 -0.076599 0.125916
v -0.407104 -0.071716 0.104553
v -0.382202 0.220703 0.125916
v -0.434631 0.076660 0.125916
v -0.407104 0.071777 0.104553
v -0.283691 0.338135 0.125916
v -0.358032 0.206726 0.104553
v -0.150879 0.414795 0.125916
v -0.265686 0.316772 0.104553
v -0.141357 0.388550 0.104553
v 0.000000 0.441467 0.125916
v 0.151001 0.414795 0.125916
v 0.000000 0.413513 0.104553
v 0.358093 0.206726 0.104553
v 0.358093 0.206726 -0.117065
v 0.265808 0.316772 0.104553
v 0.141418 0.388550 0.104553
v 0.265808 0.316772 -0.117065
v 0.000000 0.413513 -0.117065
v 0.141418 0.388550 -0.117065
v 0.000000 0.413513 0.104553
v -0.141357 0.388550 0.104553
v -0.265686 0.316772 0.104553
v -0.265686 0.316772 -0.117065
v -0.141357 0.388550 -0.117065
v -0.358032 0.206726 0.104553
v -0.358032 0.206726 -0.117065
v -0.407104 0.071777 0.104553
v -0.407104 -0.071716 -0.117065
v -0.407104 0.071777 -0.117065
v -0.407104 -0.071716 0.104553
v -0.358032 -0.206665 0.104553
v -0.265686 -0.316711 -0.117065
v -0.358032 -0.206665 -0.117065
v -0.265686 -0.316711 0.104553
v -0.141357 -0.388489 0.104553
v 0.000000 -0.413452 -0.117065
v -0.141357 -0.388489 -0.117065
v 0.000000 -0.413452 0.104553
v 0.141418 -0.388489 0.104553
v 0.265808 -0.316711 0.104553
v 0.141418 -0.388489 -0.117065
v 0.358093 -0.206665 0.104553
v 0.265808 -0.316711 -0.117065
v 0.407227 -0.071716 0.104553
v 0.407227 -0.071716 -0.117065
v 0.358093 -0.206665 -0.117065
v 0.407227 0.071777 0.104553
v 0.407227 0.071777 -0.117065
v 0.358093 0.206726 -0.117065
v 0.293152 0.169251 -0.173584
v 0.265808 0.316772 -0.117065
v 0.141418 0.388550 -0.117065
v 0.115784 0.318115 -0.173584
v 0.217590 0.259277 -0.173584
v 0.000000 0.413513 -0.117065
v 0.000000 0.338501 -0.173584
v -0.141357 0.388550 -0.117065
v -0.265686 0.316772 -0.117065
v -0.217529 0.259277 -0.173584
v -0.115662 0.318115 -0.173584
v -0.293091 0.169251 -0.173584
v -0.358032 0.206726 -0.117065
v -0.407104 0.071777 -0.117065
v -0.333252 0.058777 -0.173584
v -0.407104 -0.071716 -0.117065
v -0.358032 -0.206665 -0.117065
v -0.293091 -0.169189 -0.173584
v -0.333252 -0.058716 -0.173584
v -0.265686 -0.316711 -0.117065
v -0.217529 -0.259216 -0.173584
v -0.141357 -0.388489 -0.117065
v -0.115662 -0.318054 -0.173584
v 0.000000 -0.413452 -0.117065
v 0.000000 -0.338440 -0.173584
v 0.141418 -0.388489 -0.117065
v 0.115784 -0.318054 -0.173584
v 0.265808 -0.316711 -0.117065
v 0.217590 -0.259216 -0.173584
v 0.358093 -0.206665 -0.117065
v 0.293152 -0.169189 -0.173584
v 0.407227 -0.071716 -0.117065
v 0.333374 -0.058716 -0.173584
v 0.407227 0.071777 -0.117065
v 0.333374 0.058777 -0.173584
v 0.115784 0.318115 -0.173584
v 0.000000 0.338501 -0.173584
v 0.000000 -0.338440 -0.173584
v 0.115784 -0.318054 -0.173584
v 0.217590 0.259277 -0.173584
v 0.217590 -0.259216 -0.173584
v 0.293152 0.169251 -0.173584
v 0.293152 -0.169189 -0.173584
v 0.333374 -0.058716 -0.173584
v 0.333374 0.058777 -0.173584
v -0.115662 0.318115 -0.173584
v -0.115662 -0.318054 -0.173584
v -0.217529 0.259277 -0.173584
v -0.217529 -0.259216 -0.173584
v -0.293091 0.169251 -0.173584
v -0.293091 -0.169189 -0.173584
v -0.333252 0.058777 -0.173584
v -0.333252 -0.058716 -0.173584
v 0.300415 0.173401 -0.370117
v 0.222961 0.265686 -0.370117
v 0.273071 0.325439 -0.268555
v 0.367920 0.212402 -0.268555
v 0.118652 0.325928 -0.370117
v 0.145325 0.399170 -0.268555
v 0.341614 0.060242 -0.370117
v 0.418396 0.073792 -0.268555
v 0.418335 -0.073730 -0.268555
v 0.304565 0.362976 -0.150207
v 0.410339 0.236877 -0.150207
v 0.466614 0.082275 -0.150208
v 0.466614 -0.082214 -0.150208
v 0.315308 0.375793 -0.023254
v 0.300415 -0.173401 -0.370117
v 0.367859 -0.212341 -0.268555
v 0.341614 -0.060181 -0.370117
v 0.410339 -0.236877 -0.150208
v 0.424805 -0.245239 -0.023254
v 0.483093 -0.085144 -0.023254
v 0.000000 -0.346802 -0.370117
v 0.118652 -0.325867 -0.370117
v 0.145264 -0.399170 -0.268555
v 0.000000 -0.424744 -0.268555
v 0.222961 -0.265686 -0.370117
v 0.273071 -0.325378 -0.268555
v -0.118591 -0.325867 -0.370117
v -0.145264 -0.399170 -0.268555
v -0.273010 -0.325378 -0.268555
v 0.162048 -0.445190 -0.150208
v 0.000000 -0.473755 -0.150208
v 0.304565 -0.362915 -0.150208
v -0.161987 -0.445190 -0.150208
v -0.304504 -0.362915 -0.150208
v 0.000000 -0.490479 -0.023254
v 0.315308 -0.375732 -0.023254
v -0.341553 -0.060181 -0.370117
v -0.300293 -0.173340 -0.370117
v -0.367859 -0.212341 -0.268555
v -0.222900 -0.265625 -0.370117
v -0.410278 -0.236816 -0.150208
v -0.424744 -0.245178 -0.023254
v -0.300293 0.173462 -0.370117
v -0.418335 0.073792 -0.268555
v -0.367859 0.212402 -0.268555
v -0.418335 -0.073669 -0.268555
v -0.222900 0.265686 -0.370117
v -0.273010 0.325439 -0.268555
v -0.466553 0.082275 -0.150208
v -0.410278 0.236939 -0.150207
v -0.466553 -0.082214 -0.150208
v -0.304504 0.362976 -0.150207
v -0.483032 0.085205 -0.023254
v -0.424744 0.245300 -0.023254
v -0.483032 -0.085083 -0.023254
v -0.315247 0.375793 -0.023254
v 0.000000 0.346863 -0.370117
v 0.000000 0.424805 -0.268555
v -0.145203 0.399170 -0.268555
v 0.000000 0.473816 -0.150207
v 0.162048 0.445251 -0.150207
v -0.161987 0.445251 -0.150207
vt 0.795898 0.326172
vt 0.778320 0.356445
vt 0.653320 0.310547
vt 0.659180 0.277344
vt 0.519531 0.311523
vt 0.513672 0.277344
vt 0.593750 0.359375
vt 0.749023 0.359375
vt 0.599609 0.395508
vt 0.742188 0.395508
vt 0.800781 0.237305
vt 0.789062 0.269531
vt 0.657227 0.247070
vt 0.657227 0.211914
vt 0.524414 0.269531
vt 0.512695 0.237305
vt 0.593750 0.359375
vt 0.749023 0.359375
vt 0.599609 0.395508
vt 0.742188 0.395508
vt 0.593750 0.359375
vt 0.749023 0.359375
vt 0.599609 0.395508
vt 0.742188 0.395508
vt 0.593750 0.359375
vt 0.749023 0.359375
vt 0.599609 0.395508
vt 0.742188 0.395508
vt 0.593750 0.359375
vt 0.749023 0.359375
vt 0.599609 0.395508
vt 0.742188 0.395508
vt 0.593750 0.359375
vt 0.749023 0.359375
vt 0.599609 0.395508
vt 0.742188 0.395508
vt 0.659180 0.350586
vt 0.513672 0.350586
vt 0.653320 0.316406
vt 0.519531 0.316406
vt 0.879883 0.771484
vt 0.883789 0.762695
vt 0.866211 0.762695
vt 0.868164 0.771484
vt 0.861328 0.780273
vt 0.799805 0.780273
vt 0.861328 0.771484
vt 0.799805 0.771484
vt 0.883789 0.762695
vt 0.879883 0.771484
vt 0.866211 0.762695
vt 0.868164 0.771484
vt 0.881836 0.859375
vt 0.886719 0.861328
vt 0.893555 0.841797
vt 0.887695 0.839844
vt 0.894531 0.791992
vt 0.888672 0.793945
vt 0.886719 0.861328
vt 0.881836 0.859375
vt 0.893555 0.841797
vt 0.887695 0.839844
vt 0.894531 0.791992
vt 0.888672 0.793945
vt 0.798828 0.761719
vt 0.862305 0.761719
vt 0.799805 0.771484
vt 0.861328 0.771484
vt 0.803711 0.872070
vt 0.856445 0.872070
vt 0.803711 0.878906
vt 0.856445 0.878906
vt 0.856445 0.872070
vt 0.803711 0.872070
vt 0.861328 0.847656
vt 0.799805 0.847656
vt 0.861328 0.803711
vt 0.799805 0.803711
vt 0.861328 0.780273
vt 0.799805 0.780273
vt 0.893555 0.911133
vt 0.869141 0.902344
vt 0.872070 0.916992
vt 0.846680 0.900391
vt 0.846680 0.918945
vt 0.822266 0.916992
vt 0.824219 0.902344
vt 0.800781 0.911133
vt 0.902344 0.554688
vt 0.989258 0.557617
vt 0.989258 0.666992
vt 0.902344 0.661133
vt 0.989258 0.769531
vt 0.902344 0.760742
vt 0.989258 0.870117
vt 0.902344 0.857422
vt 0.989258 0.960938
vt 0.902344 0.945312
vt 0.989258 0.870117
vt 0.902344 0.857422
vt 0.989258 0.769531
vt 0.902344 0.760742
vt 0.989258 0.666992
vt 0.902344 0.661133
vt 0.989258 0.557617
vt 0.902344 0.554688
vt 0.989258 0.440430
vt 0.902344 0.442383
vt 0.989258 0.330078
vt 0.902344 0.335938
vt 0.989258 0.227539
vt 0.902344 0.236328
vt 0.989258 0.127930
vt 0.902344 0.140625
vt 0.989258 0.036133
vt 0.902344 0.051758
vt 0.989258 0.127930
vt 0.902344 0.140625
vt 0.989258 0.227539
vt 0.902344 0.236328
vt 0.989258 0.330078
vt 0.902344 0.335938
vt 0.989258 0.440430
vt 0.902344 0.442383
vt 0.330078 0.604492
vt 0.271484 0.638672
vt 0.249023 0.576172
vt 0.315430 0.564453
vt 0.249023 0.509766
vt 0.315430 0.521484
vt 0.271484 0.447266
vt 0.330078 0.480469
vt 0.313477 0.396484
vt 0.357422 0.448242
vt 0.371094 0.362305
vt 0.394531 0.425781
vt 0.437500 0.349609
vt 0.437500 0.417969
vt 0.502930 0.362305
vt 0.479492 0.425781
vt 0.560547 0.396484
vt 0.517578 0.448242
vt 0.603516 0.447266
vt 0.544922 0.480469
vt 0.625000 0.509766
vt 0.559570 0.521484
vt 0.625000 0.576172
vt 0.559570 0.564453
vt 0.603516 0.638672
vt 0.544922 0.604492
vt 0.560547 0.689453
vt 0.517578 0.637695
vt 0.502930 0.723633
vt 0.479492 0.660156
vt 0.437500 0.735352
vt 0.437500 0.666992
vt 0.371094 0.723633
vt 0.394531 0.660156
vt 0.313477 0.689453
vt 0.357422 0.637695
vt 0.398438 0.589844
vt 0.384766 0.573242
vt 0.376953 0.553711
vt 0.376953 0.532227
vt 0.384766 0.512695
vt 0.398438 0.496094
vt 0.416992 0.485352
vt 0.437500 0.481445
vt 0.458008 0.485352
vt 0.476562 0.496094
vt 0.490234 0.512695
vt 0.497070 0.532227
vt 0.497070 0.553711
vt 0.490234 0.573242
vt 0.476562 0.589844
vt 0.458008 0.600586
vt 0.437500 0.603516
vt 0.416992 0.600586
vt 0.437500 0.542969
vt 0.257812 0.387695
vt 0.178711 0.421875
vt 0.178711 0.335938
vt 0.257812 0.317383
vt 0.178711 0.238281
vt 0.257812 0.238281
vt 0.816406 0.933594
vt 0.800781 0.946289
vt 0.817383 0.946289
vt 0.818359 0.971680
vt 0.846680 0.946289
vt 0.846680 0.984375
vt 0.875977 0.971680
vt 0.876953 0.946289
vt 0.893555 0.946289
vt 0.877930 0.933594
vt 0.846680 0.923828
vt 0.338867 0.792969
vt 0.271484 0.742188
vt 0.367188 0.742188
vt 0.396484 0.840820
vt 0.468750 0.744141
vt 0.537109 0.820312
vt 0.436523 0.930664
vt 0.271484 0.881836
vt 0.271484 0.985352
vt 0.106445 0.930664
vt 0.145508 0.840820
vt 0.004883 0.820312
vt 0.074219 0.744141
vt 0.174805 0.742188
vt 0.203125 0.792969
vt 0.271484 0.809570
vt 0.010742 0.550781
vt 0.007812 0.468750
vt 0.116211 0.468750
vt 0.116211 0.550781
vt 0.223633 0.468750
vt 0.220703 0.550781
vt 0.116211 0.633789
vt 0.209961 0.633789
vt 0.116211 0.718750
vt 0.192383 0.718750
vt 0.039062 0.718750
vt 0.021484 0.633789
vt 0.096680 0.443359
vt 0.010742 0.450195
vt 0.010742 0.350586
vt 0.096680 0.346680
vt 0.010742 0.238281
vt 0.096680 0.238281
vt 0.010742 0.125000
vt 0.096680 0.128906
vt 0.010742 0.025391
vt 0.096680 0.033203
vt 0.178711 0.139648
vt 0.178711 0.053711
vt 0.257812 0.158203
vt 0.257812 0.087891
vt 0.257812 0.238281
vt 0.178711 0.238281
vt 0.178711 0.335938
vt 0.178711 0.421875
vt 0.257812 0.387695
vt 0.257812 0.317383
vt 0.010742 0.550781
vt 0.007812 0.468750
vt 0.116211 0.468750
vt 0.116211 0.550781
vt 0.223633 0.468750
vt 0.220703 0.550781
vt 0.116211 0.633789
vt 0.209961 0.633789
vt 0.116211 0.718750
vt 0.192383 0.718750
vt 0.039062 0.718750
vt 0.021484 0.633789
vt 0.096680 0.443359
vt 0.010742 0.450195
vt 0.010742 0.350586
vt 0.096680 0.346680
vt 0.010742 0.238281
vt 0.096680 0.238281
vt 0.010742 0.125000
vt 0.096680 0.128906
vt 0.010742 0.025391
vt 0.096680 0.033203
vt 0.178711 0.139648
vt 0.178711 0.053711
vt 0.257812 0.158203
vt 0.257812 0.087891
vt 0.257812 0.238281
vt 0.178711 0.238281
vt 0.178711 0.335938
vt 0.178711 0.421875
vt 0.257812 0.387695
vt 0.257812 0.317383
vt 0.010742 0.550781
vt 0.007812 0.468750
vt 0.116211 0.468750
vt 0.116211 0.550781
vt 0.223633 0.468750
vt 0.220703 0.550781
vt 0.116211 0.633789
vt 0.209961 0.633789
vt 0.116211 0.718750
vt 0.192383 0.718750
vt 0.039062 0.718750
vt 0.021484 0.633789
vt 0.096680 0.443359
vt 0.010742 0.450195
vt 0.010742 0.350586
vt 0.096680 0.346680
vt 0.010742 0.238281
vt 0.096680 0.238281
vt 0.010742 0.125000
vt 0.096680 0.128906
vt 0.010742 0.025391
vt 0.096680 0.033203
vt 0.178711 0.139648
vt 0.178711 0.053711
vt 0.257812 0.158203
vt 0.257812 0.087891
vt 0.889648 0.596680
vt 0.793945 0.596680
vt 0.889648 0.745117
vt 0.793945 0.745117
vt 0.520508 0.122070
vt 0.520508 0.090820
vt 0.531250 0.151367
vt 0.531250 0.061523
vt 0.551758 0.038086
vt 0.551758 0.174805
vt 0.578125 0.022461
vt 0.578125 0.190430
vt 0.609375 0.016602
vt 0.609375 0.195312
vt 0.639648 0.022461
vt 0.639648 0.190430
vt 0.666016 0.038086
vt 0.666016 0.174805
vt 0.686523 0.061523
vt 0.686523 0.151367
vt 0.697266 0.122070
vt 0.697266 0.090820
vt 0.622070 0.787109
vt 0.694336 0.763672
vt 0.713867 0.876953
vt 0.635742 0.876953
vt 0.695312 0.990234
vt 0.622070 0.967773
vt 0.026367 0.860352
vt 0.041016 0.873047
vt 0.030273 0.891602
vt 0.011719 0.883789
vt 0.026367 0.912109
vt 0.005859 0.911133
vt 0.029297 0.932617
vt 0.010742 0.939453
vt 0.040039 0.951172
vt 0.024414 0.963867
vt 0.055664 0.964844
vt 0.044922 0.982422
vt 0.075195 0.972656
vt 0.071289 0.992188
vt 0.096680 0.972656
vt 0.099609 0.993164
vt 0.116211 0.965820
vt 0.125977 0.984375
vt 0.132812 0.953125
vt 0.147461 0.966797
vt 0.778320 0.764648
vt 0.706055 0.786133
vt 0.718750 0.876953
vt 0.796875 0.876953
vt 0.705078 0.966797
vt 0.777344 0.990234
vt 0.611328 0.990234
vt 0.539062 0.967773
vt 0.552734 0.876953
vt 0.629883 0.876953
vt 0.539062 0.787109
vt 0.611328 0.763672
vt 0.036133 0.916992
vt 0.053711 0.907227
vt 0.066406 0.922852
vt 0.053711 0.938477
vt 0.084961 0.934570
vt 0.077148 0.953125
vt 0.105469 0.938477
vt 0.104492 0.958984
vt 0.889648 0.596680
vt 0.793945 0.596680
vt 0.889648 0.745117
vt 0.793945 0.745117
vt 0.889648 0.596680
vt 0.793945 0.596680
vt 0.889648 0.745117
vt 0.793945 0.745117
vt 0.889648 0.596680
vt 0.793945 0.596680
vt 0.889648 0.745117
vt 0.793945 0.745117
vt 0.889648 0.596680
vt 0.793945 0.596680
vt 0.889648 0.745117
vt 0.793945 0.745117
vt 0.889648 0.596680
vt 0.793945 0.596680
vt 0.889648 0.745117
vt 0.793945 0.745117
vt 0.889648 0.596680
vt 0.793945 0.596680
vt 0.889648 0.745117
vt 0.793945 0.745117
vt 0.889648 0.596680
vt 0.793945 0.596680
vt 0.889648 0.745117
vt 0.793945 0.745117
vt 0.889648 0.596680
vt 0.793945 0.596680
vt 0.889648 0.745117
vt 0.793945 0.745117
vt 0.889648 0.596680
vt 0.793945 0.596680
vt 0.889648 0.745117
vt 0.793945 0.745117
vt 0.889648 0.596680
vt 0.793945 0.596680
vt 0.889648 0.745117
vt 0.793945 0.745117
vt 0.889648 0.596680
vt 0.793945 0.596680
vt 0.889648 0.745117
vt 0.793945 0.745117
vt 0.889648 0.596680
vt 0.793945 0.596680
vt 0.889648 0.745117
vt 0.793945 0.745117
vt 0.889648 0.596680
vt 0.793945 0.596680
vt 0.889648 0.745117
vt 0.793945 0.745117
vt 0.889648 0.596680
vt 0.793945 0.596680
vt 0.889648 0.745117
vt 0.793945 0.745117
vt 0.889648 0.596680
vt 0.793945 0.596680
vt 0.889648 0.745117
vt 0.793945 0.745117
vt 0.889648 0.596680
vt 0.793945 0.596680
vt 0.889648 0.745117
vt 0.793945 0.745117
vt 0.889648 0.596680
vt 0.793945 0.596680
vt 0.889648 0.745117
vt 0.793945 0.745117
vt 0.593750 0.401367
vt 0.748047 0.401367
vt 0.599609 0.435547
vt 0.742188 0.435547
vt 0.593750 0.401367
vt 0.748047 0.401367
vt 0.599609 0.435547
vt 0.742188 0.435547
vt 0.593750 0.401367
vt 0.748047 0.401367
vt 0.599609 0.435547
vt 0.742188 0.435547
vt 0.593750 0.401367
vt 0.748047 0.401367
vt 0.599609 0.435547
vt 0.742188 0.435547
vt 0.593750 0.401367
vt 0.748047 0.401367
vt 0.599609 0.435547
vt 0.742188 0.435547
vt 0.593750 0.401367
vt 0.748047 0.401367
vt 0.599609 0.435547
vt 0.742188 0.435547
vt 0.593750 0.401367
vt 0.748047 0.401367
vt 0.599609 0.435547
vt 0.742188 0.435547
vt 0.593750 0.401367
vt 0.748047 0.401367
vt 0.599609 0.435547
vt 0.742188 0.435547
vt 0.593750 0.401367
vt 0.748047 0.401367
vt 0.599609 0.435547
vt 0.742188 0.435547
vt 0.593750 0.401367
vt 0.748047 0.401367
vt 0.599609 0.435547
vt 0.742188 0.435547
vt 0.593750 0.401367
vt 0.748047 0.401367
vt 0.599609 0.435547
vt 0.742188 0.435547
vt 0.593750 0.401367
vt 0.748047 0.401367
vt 0.599609 0.435547
vt 0.742188 0.435547
vt 0.593750 0.401367
vt 0.748047 0.401367
vt 0.599609 0.435547
vt 0.742188 0.435547
vt 0.593750 0.401367
vt 0.748047 0.401367
vt 0.599609 0.435547
vt 0.742188 0.435547
vt 0.593750 0.401367
vt 0.748047 0.401367
vt 0.599609 0.435547
vt 0.742188 0.435547
vt 0.593750 0.401367
vt 0.748047 0.401367
vt 0.599609 0.435547
vt 0.742188 0.435547
vt 0.593750 0.401367
vt 0.748047 0.401367
vt 0.599609 0.435547
vt 0.742188 0.435547
vt 0.593750 0.401367
vt 0.748047 0.401367
vt 0.599609 0.435547
vt 0.742188 0.435547
vt 0.659180 0.350586
vt 0.513672 0.350586
vt 0.653320 0.316406
vt 0.519531 0.316406
vt 0.593750 0.359375
vt 0.749023 0.359375
vt 0.599609 0.395508
vt 0.742188 0.395508
vt 0.593750 0.359375
vt 0.749023 0.359375
vt 0.599609 0.395508
vt 0.742188 0.395508
vt 0.659180 0.277344
vt 0.513672 0.277344
vt 0.653320 0.310547
vt 0.519531 0.311523
vt 0.659180 0.277344
vt 0.795898 0.326172
vt 0.653320 0.310547
vt 0.778320 0.356445
vt 0.659180 0.277344
vt 0.795898 0.326172
vt 0.653320 0.310547
vt 0.778320 0.356445
vt 0.659180 0.277344
vt 0.795898 0.326172
vt 0.653320 0.310547
vt 0.778320 0.356445
vt 0.788086 0.144531
vt 0.796875 0.144531
vt 0.788086 0.003906
vt 0.796875 0.003906
vt 0.788086 0.144531
vt 0.788086 0.003906
vt 0.778320 0.144531
vt 0.778320 0.003906
vt 0.769531 0.144531
vt 0.769531 0.003906
vt 0.778320 0.144531
vt 0.778320 0.003906
vt 0.744141 0.145508
vt 0.755859 0.145508
vt 0.746094 0.121094
vt 0.763672 0.121094
vt 0.746094 0.040039
vt 0.763672 0.040039
vt 0.742188 0.001953
vt 0.750000 0.001953
vt 0.744141 0.145508
vt 0.746094 0.121094
vt 0.746094 0.040039
vt 0.742188 0.001953
vt 0.729492 0.145508
vt 0.717773 0.145508
vt 0.726562 0.121094
vt 0.709961 0.121094
vt 0.726562 0.040039
vt 0.709961 0.040039
vt 0.731445 0.001953
vt 0.722656 0.001953
vt 0.729492 0.145508
vt 0.726562 0.121094
vt 0.726562 0.040039
vt 0.731445 0.001953
vt 0.710938 0.021484
vt 0.704102 0.034180
vt 0.696289 0.021484
vt 0.689453 0.034180
vt 0.682617 0.021484
vt 0.689453 0.009766
vt 0.704102 0.009766
vt 0.788086 0.144531
vt 0.796875 0.144531
vt 0.788086 0.003906
vt 0.796875 0.003906
vt 0.788086 0.144531
vt 0.788086 0.003906
vt 0.778320 0.144531
vt 0.778320 0.003906
vt 0.769531 0.144531
vt 0.769531 0.003906
vt 0.778320 0.144531
vt 0.778320 0.003906
vt 0.744141 0.145508
vt 0.755859 0.145508
vt 0.746094 0.121094
vt 0.763672 0.121094
vt 0.746094 0.040039
vt 0.763672 0.040039
vt 0.742188 0.001953
vt 0.750000 0.001953
vt 0.744141 0.145508
vt 0.746094 0.121094
vt 0.746094 0.040039
vt 0.742188 0.001953
vt 0.729492 0.145508
vt 0.726562 0.121094
vt 0.726562 0.040039
vt 0.731445 0.001953
vt 0.717773 0.145508
vt 0.709961 0.121094
vt 0.709961 0.040039
vt 0.722656 0.001953
vt 0.729492 0.145508
vt 0.726562 0.121094
vt 0.726562 0.040039
vt 0.731445 0.001953
vt 0.710938 0.021484
vt 0.704102 0.034180
vt 0.696289 0.021484
vt 0.689453 0.034180
vt 0.682617 0.021484
vt 0.689453 0.009766
vt 0.704102 0.009766
vn -0.2249 -0.5206 0.8237
vn -0.1624 -0.5436 0.8235
vn -0.3384 -0.4550 0.8237
vn -0.3895 -0.4123 0.8236
vn -0.4738 -0.3119 0.8236
vn -0.5070 -0.2543 0.8236
vn -0.5633 -0.0656 0.8237
vn -0.5518 -0.1311 0.8236
vn -0.5633 0.0656 0.8237
vn -0.5518 0.1311 0.8236
vn -0.5070 0.2543 0.8236
vn -0.4738 0.3119 0.8236
vn -0.3384 0.4550 0.8237
vn -0.3895 0.4123 0.8236
vn -0.1625 0.5435 0.8235
vn -0.2249 0.5205 0.8237
vn 0.0334 0.5667 0.8233
vn -0.0333 0.5666 0.8233
vn 0.2249 0.5207 0.8236
vn 0.1625 0.5437 0.8234
vn 0.3896 0.4125 0.8235
vn 0.3385 0.4552 0.8236
vn 0.5076 0.2546 0.8231
vn 0.4741 0.3122 0.8233
vn -0.9949 0.0766 0.0655
vn -0.9953 0.0744 0.0626
vn -0.9947 0.1024 0.0000
vn 0.0000 1.0000 0.0000
vn 0.9953 0.0744 0.0626
vn 0.9949 0.0766 0.0655
vn 0.9947 0.1024 0.0000
vn -0.9679 0.1729 0.1825
vn -0.9689 0.2122 0.1270
vn -0.9772 0.1142 0.1790
vn -0.9817 0.0427 0.1854
vn -0.9892 0.0239 0.1448
vn -0.9895 0.0268 0.1420
vn 0.9689 0.2122 0.1270
vn 0.9679 0.1729 0.1825
vn 0.9772 0.1142 0.1790
vn 0.9817 0.0427 0.1854
vn 0.9892 0.0239 0.1448
vn 0.9895 0.0268 0.1420
vn 0.0000 0.2270 0.9739
vn 0.0000 0.8581 0.5135
vn 0.0000 -0.3046 0.9525
vn -0.0000 -0.2073 0.9783
vn 0.0000 -0.1068 0.9943
vn 0.0000 0.1217 0.9926
vn 0.0000 0.2499 0.9683
vn 0.0000 0.3718 0.9283
vn 0.5076 -0.6410 0.5757
vn 0.3052 -0.7609 0.5727
vn 0.2247 -0.8205 0.5257
vn -0.0000 -0.8226 0.5686
vn -0.0000 -0.8195 0.5731
vn -0.2247 -0.8205 0.5257
vn -0.3052 -0.7608 0.5727
vn -0.5076 -0.6410 0.5757
vn 0.9646 0.2293 0.1305
vn 0.9848 0.1737 0.0001
vn 0.8660 0.5000 0.0000
vn 0.8281 0.5452 0.1304
vn 0.6428 0.7660 0.0000
vn 0.5916 0.7956 0.1304
vn 0.3420 0.9397 0.0000
vn 0.2838 0.9500 0.1303
vn -0.0582 0.9898 0.1304
vn -0.3420 0.9397 0.0000
vn -0.3931 0.9102 0.1303
vn -0.6427 0.7661 0.0000
vn -0.6808 0.7208 0.1305
vn -0.8660 0.5000 0.0001
vn -0.8862 0.4445 0.1306
vn -0.9848 0.1737 0.0000
vn -0.9848 0.1146 0.1305
vn -0.9848 -0.1737 0.0000
vn -0.9646 -0.2292 0.1304
vn -0.8661 -0.5000 0.0000
vn -0.8281 -0.5452 0.1304
vn -0.6428 -0.7660 0.0000
vn -0.5916 -0.7956 0.1304
vn -0.3420 -0.9397 0.0000
vn -0.2839 -0.9499 0.1303
vn -0.0000 -1.0000 0.0000
vn 0.0582 -0.9898 0.1304
vn 0.3420 -0.9397 0.0000
vn 0.3931 -0.9102 0.1303
vn 0.6427 -0.7661 0.0000
vn 0.6808 -0.7208 0.1305
vn 0.8660 -0.5000 0.0001
vn 0.8862 -0.4445 0.1306
vn 0.9848 -0.1737 0.0000
vn 0.9848 -0.1146 0.1305
vn 0.4361 0.2443 -0.8661
vn 0.6148 0.3488 -0.7074
vn 0.6970 0.1175 -0.7073
vn 0.4933 0.0803 -0.8661
vn 0.6953 -0.1281 -0.7072
vn 0.4910 -0.0934 -0.8661
vn 0.6095 -0.3581 -0.7073
vn 0.4294 -0.2557 -0.8661
vn 0.4501 -0.5449 -0.7074
vn 0.3161 -0.3871 -0.8662
vn 0.2366 -0.6660 -0.7074
vn 0.1648 -0.4719 -0.8661
vn -0.0054 -0.7068 -0.7074
vn -0.0067 -0.4998 -0.8661
vn -0.2469 -0.6622 -0.7075
vn -0.1772 -0.4674 -0.8661
vn -0.4585 -0.5379 -0.7074
vn -0.3264 -0.3786 -0.8661
vn -0.6148 -0.3488 -0.7074
vn -0.4361 -0.2442 -0.8661
vn -0.6969 -0.1174 -0.7075
vn -0.4933 -0.0802 -0.8662
vn -0.6950 0.1281 -0.7075
vn -0.4910 0.0933 -0.8661
vn -0.6094 0.3580 -0.7074
vn -0.4295 0.2556 -0.8661
vn -0.4501 0.5450 -0.7074
vn -0.3161 0.3871 -0.8661
vn -0.2368 0.6661 -0.7073
vn -0.1647 0.4719 -0.8661
vn 0.0054 0.7068 -0.7074
vn 0.0066 0.4998 -0.8661
vn 0.2468 0.6623 -0.7074
vn 0.1772 0.4674 -0.8661
vn 0.4585 0.5380 -0.7074
vn 0.3264 0.3785 -0.8661
vn 0.1931 0.2089 -0.9587
vn 0.2527 0.1304 -0.9587
vn 0.2821 0.0359 -0.9587
vn 0.2774 -0.0627 -0.9587
vn 0.2392 -0.1539 -0.9587
vn 0.1723 -0.2263 -0.9587
vn 0.0844 -0.2716 -0.9587
vn -0.0137 -0.2841 -0.9587
vn -0.1100 -0.2623 -0.9587
vn -0.1931 -0.2088 -0.9587
vn -0.2528 -0.1302 -0.9587
vn -0.2821 -0.0359 -0.9587
vn -0.2774 0.0627 -0.9587
vn -0.2392 0.1538 -0.9587
vn -0.1723 0.2263 -0.9587
vn -0.0844 0.2716 -0.9587
vn 0.0135 0.2841 -0.9587
vn 0.1100 0.2622 -0.9587
vn -0.0001 -0.0000 -1.0000
vn 0.2997 0.8124 -0.5002
vn 0.5595 0.6609 -0.5002
vn 0.7518 0.4298 -0.5001
vn -0.0515 0.3939 -0.9177
vn -0.0000 0.6400 -0.7683
vn 0.0000 0.6400 -0.7684
vn 0.0003 0.8809 -0.4733
vn -0.0000 0.6947 -0.7193
vn 0.0000 0.8811 -0.4728
vn -0.0003 0.8809 -0.4733
vn 0.0515 0.3939 -0.9177
vn -0.0000 0.5614 -0.8276
vn 0.1887 -0.6784 0.7100
vn 0.4623 -0.4935 0.7367
vn 0.6233 -0.4276 0.6547
vn 0.4362 -0.2678 0.8591
vn -0.0000 -0.3993 0.9168
vn -0.0000 -0.2178 0.9760
vn -0.4362 -0.2678 0.8591
vn -0.4623 -0.4936 0.7367
vn -0.6233 -0.4276 0.6547
vn -0.1888 -0.6784 0.7100
vn -0.0000 -0.6906 0.7233
vn -0.3285 0.9083 -0.2589
vn 0.0019 0.9659 -0.2589
vn 0.3322 0.9070 -0.2589
vn 0.0037 0.8659 -0.5002
vn -0.2925 0.8150 -0.5003
vn -0.9516 -0.1658 -0.2588
vn -0.9509 0.1696 -0.2588
vn -0.8355 0.4847 -0.2589
vn -0.6193 0.7412 -0.2589
vn -0.5536 0.6658 -0.5003
vn -0.7479 0.4362 -0.5003
vn -0.8521 0.1542 -0.5002
vn -0.8534 -0.1467 -0.5002
vn -0.6225 -0.7386 -0.2589
vn -0.8375 -0.4813 -0.2588
vn -0.7518 -0.4296 -0.5003
vn -0.5596 -0.6608 -0.5002
vn 0.6194 -0.7412 -0.2589
vn 0.3285 -0.9083 -0.2588
vn -0.0020 -0.9659 -0.2588
vn -0.3321 -0.9071 -0.2588
vn -0.2997 -0.8124 -0.5002
vn -0.0038 -0.8659 -0.5002
vn 0.2925 -0.8150 -0.5002
vn 0.5538 -0.6658 -0.5001
vn 0.9509 -0.1697 -0.2589
vn 0.8355 -0.4846 -0.2590
vn 0.7481 -0.4362 -0.5001
vn 0.8521 -0.1542 -0.5002
vn 0.6224 0.7387 -0.2589
vn 0.8375 0.4813 -0.2588
vn 0.9516 0.1658 -0.2588
vn 0.8534 0.1466 -0.5002
vn 0.8352 -0.5499 -0.0000
vn 0.9730 -0.2309 -0.0000
vn 0.8940 -0.4482 -0.0000
vn 0.9933 -0.1154 -0.0000
vn 0.0000 -0.0000 1.0000
vn -0.5862 -0.1393 0.7981
vn -0.5985 -0.0696 0.7981
vn -0.5387 -0.2701 0.7980
vn -0.5032 -0.3313 0.7981
vn -0.4136 -0.4379 0.7982
vn -0.3595 -0.4834 0.7981
vn -0.5985 0.0696 0.7981
vn -0.5862 0.1393 0.7981
vn -0.5386 0.2702 0.7980
vn -0.5032 0.3313 0.7981
vn -0.4137 0.4379 0.7982
vn -0.3596 0.4834 0.7982
vn -0.2389 0.5532 0.7981
vn -0.1725 0.5774 0.7980
vn -0.0354 0.6015 0.7981
vn 0.0354 0.6015 0.7981
vn 0.1726 0.5773 0.7981
vn 0.2390 0.5531 0.7981
vn 0.3596 0.4835 0.7981
vn 0.4137 0.4381 0.7981
vn 0.5033 0.3313 0.7981
vn 0.5387 0.2700 0.7981
vn 0.5863 0.1391 0.7981
vn 0.5985 0.0696 0.7981
vn 0.5985 -0.0696 0.7981
vn 0.5863 -0.1391 0.7981
vn 0.5387 -0.2701 0.7981
vn 0.5033 -0.3314 0.7981
vn 0.4137 -0.4381 0.7981
vn 0.3596 -0.4835 0.7981
vn 0.2389 -0.5531 0.7981
vn 0.1726 -0.5773 0.7981
vn 0.0354 -0.6015 0.7981
vn -0.0353 -0.6015 0.7981
vn -0.1726 -0.5774 0.7980
vn -0.2390 -0.5532 0.7981
vn -0.9933 -0.1156 -0.0000
vn -0.8939 -0.4483 -0.0000
vn -0.9729 -0.2312 -0.0000
vn -0.8353 -0.5498 -0.0000
vn -0.9729 0.2312 0.0000
vn -0.9933 0.1156 0.0000
vn -0.8353 0.5498 0.0000
vn -0.8939 0.4483 0.0000
vn -0.5967 0.8025 0.0000
vn -0.6867 0.7269 0.0000
vn -0.2863 0.9581 0.0000
vn -0.3965 0.9180 0.0000
vn 0.0588 0.9983 0.0000
vn -0.0587 0.9983 0.0000
vn 0.3967 0.9180 0.0000
vn 0.2865 0.9581 0.0000
vn 0.6866 0.7270 0.0000
vn 0.5967 0.8025 0.0000
vn 0.8940 0.4482 0.0000
vn 0.8352 0.5499 0.0000
vn 0.9933 0.1154 0.0000
vn 0.9730 0.2309 0.0000
vn 0.5967 -0.8025 -0.0000
vn 0.6866 -0.7270 -0.0000
vn 0.2865 -0.9581 -0.0000
vn 0.3967 -0.9180 -0.0000
vn -0.0587 -0.9983 -0.0000
vn 0.0588 -0.9983 -0.0000
vn -0.3965 -0.9180 -0.0000
vn -0.2863 -0.9581 -0.0000
vn -0.6867 -0.7269 -0.0000
vn -0.5967 -0.8025 -0.0000
vn -0.2413 -0.5583 0.7937
vn -0.0357 -0.6069 0.7940
vn -0.1741 -0.5825 0.7939
vn 0.0358 -0.6069 0.7939
vn 0.1743 -0.5827 0.7938
vn 0.2412 -0.5584 0.7937
vn 0.3629 -0.4881 0.7938
vn 0.4176 -0.4421 0.7938
vn 0.5080 -0.3345 0.7938
vn 0.5436 -0.2726 0.7938
vn 0.5915 -0.1405 0.7939
vn 0.6038 -0.0702 0.7941
vn 0.6038 0.0702 0.7941
vn 0.5916 0.1405 0.7939
vn 0.5436 0.2726 0.7938
vn 0.5080 0.3344 0.7938
vn 0.4175 0.4421 0.7938
vn 0.3629 0.4881 0.7938
vn 0.2413 0.5584 0.7937
vn 0.1743 0.5827 0.7938
vn 0.0358 0.6069 0.7940
vn -0.0357 0.6069 0.7940
vn -0.1742 0.5825 0.7939
vn -0.2412 0.5584 0.7937
vn -0.3630 0.4882 0.7936
vn -0.4176 0.4423 0.7937
vn -0.5077 0.3343 0.7940
vn -0.5432 0.2724 0.7942
vn -0.5913 0.1405 0.7941
vn -0.6038 0.0703 0.7941
vn -0.6038 -0.0702 0.7941
vn -0.5913 -0.1405 0.7941
vn -0.5431 -0.2725 0.7942
vn -0.5077 -0.3344 0.7940
vn -0.4177 -0.4422 0.7937
vn -0.3631 -0.4882 0.7936
vn 0.5640 0.0656 0.8232
vn 0.5524 0.1313 0.8231
vn 0.5524 -0.1313 0.8231
vn 0.5640 -0.0656 0.8232
vn 0.4741 -0.3121 0.8233
vn 0.5076 -0.2546 0.8231
vn 0.3385 -0.4551 0.8236
vn 0.3896 -0.4125 0.8234
vn 0.1625 -0.5437 0.8234
vn 0.2250 -0.5207 0.8236
vn -0.0333 -0.5666 0.8233
vn 0.0332 -0.5666 0.8233
vn 0.3282 0.0000 -0.9446
vn 0.9822 0.0001 -0.1877
vn 0.6563 0.0000 -0.7545
vn 0.9822 -0.0001 0.1877
vn 0.6563 -0.0000 0.7545
vn 0.3282 -0.0000 0.9446
vn -0.3269 -0.0000 0.9451
vn -0.6537 -0.0000 0.7567
vn -0.9818 -0.0000 0.1897
vn -0.9818 0.0000 -0.1897
vn -0.6537 0.0000 -0.7567
vn -0.3269 0.0000 -0.9451
vn 0.3188 0.2219 -0.9215
vn 0.9576 0.2216 -0.1842
vn 0.4951 0.1139 -0.8613
vn 0.9935 0.1136 -0.0015
vn 0.4983 -0.1239 -0.8581
vn 0.9922 -0.1243 0.0026
vn 0.6362 -0.2414 -0.7328
vn 0.9530 -0.2413 0.1830
vn 0.6382 0.2216 0.7373
vn 0.4986 0.1140 0.8593
vn 0.4948 -0.1241 0.8601
vn 0.3185 -0.2409 0.9168
vn -0.3198 0.2212 0.9213
vn -0.9574 0.2220 0.1849
vn -0.4949 0.1138 0.8615
vn -0.9934 0.1142 0.0025
vn -0.4973 -0.1239 0.8587
vn -0.9922 -0.1243 -0.0023
vn -0.6344 -0.2411 0.7345
vn -0.9527 -0.2416 -0.1841
vn -0.6384 0.2218 -0.7371
vn -0.4976 0.1136 -0.8599
vn -0.4934 -0.1240 -0.8609
vn -0.3172 -0.2408 -0.9173
vn 0.3269 0.0000 -0.9451
vn 0.9818 0.0000 -0.1897
vn 0.6537 0.0000 -0.7567
vn 0.9818 -0.0000 0.1897
vn 0.6537 -0.0000 0.7567
vn 0.3269 -0.0000 0.9451
vn 0.9923 -0.1237 0.0018
vn 0.6351 -0.2406 -0.7340
vn 0.9531 -0.2408 0.1833
vn 0.4941 -0.1239 0.8605
vn 0.3172 -0.2408 0.9173
vn -0.3188 0.2219 0.9215
vn -0.4951 0.1139 0.8613
vn -0.4983 -0.1239 0.8581
vn -0.6351 -0.2406 0.7340
vn -0.9576 0.2216 0.1842
vn -0.9935 0.1136 0.0015
vn -0.9923 -0.1237 -0.0018
vn -0.9531 -0.2408 -0.1833
vn -0.6382 0.2216 -0.7373
vn -0.4986 0.1140 -0.8593
vn -0.4941 -0.1239 -0.8605
usemtl DoofCockpit
s 1
f 3779/4323/3497 3781/4324/3498 3777/4325/3499
f 3779/4323/3497 3777/4325/3499 3776/4326/3500
f 3776/4326/3500 3777/4325/3499 3778/4327/3501
f 3776/4326/3500 3778/4327/3501 3775/4328/3502
f 3773/4329/3503 3775/4330/3502 3774/4331/3504
f 3774/4331/3504 3775/4330/3502 3778/4332/3501
f 3773/4333/3503 3774/4334/3504 3772/4335/3505
f 3773/4333/3503 3772/4335/3505 3771/4336/3506
f 3771/4336/3506 3772/4335/3505 3770/4337/3507
f 3771/4336/3506 3770/4337/3507 3769/4338/3508
f 3766/4339/3509 3769/4340/3508 3767/4341/3510
f 3767/4341/3510 3769/4340/3508 3770/4342/3507
f 3765/4343/3511 3766/4344/3509 3768/4345/3512
f 3768/4345/3512 3766/4344/3509 3767/4346/3510
f 3764/4347/3513 3765/4348/3511 3763/4349/3514
f 3763/4349/3514 3765/4348/3511 3768/4350/3512
f 3762/4351/3515 3764/4352/3513 3760/4353/3516
f 3760/4353/3516 3764/4352/3513 3763/4354/3514
f 3758/4355/3517 3762/4356/3515 3761/4357/3518
f 3761/4357/3518 3762/4356/3515 3760/4358/3516
f 3757/4359/3519 3758/4360/3517 3759/4361/3520
f 3759/4361/3520 3758/4360/3517 3761/4362/3518
f 3588/4363/3521 3603/4364/3522 3604/4365/3523
f 3588/4363/3521 3604/4365/3523 3605/4366/3523
f 3599/4367/3524 3600/4368/3524 3602/4369/3524
f 3602/4369/3524 3600/4368/3524 3601/4370/3524
f 3595/4371/3525 3596/4372/3526 3598/4373/3527
f 3598/4373/3527 3596/4372/3526 3597/4374/3527
f 3593/4375/3528 3594/4376/3529 3592/4377/3530
f 3593/4375/3528 3592/4377/3530 3591/4378/3531
f 3591/4378/3531 3592/4377/3530 3590/4379/3532
f 3591/4378/3531 3590/4379/3532 3589/4380/3533
f 3589/4380/3533 3590/4379/3532 3588/4363/3521
f 3588/4363/3521 3590/4379/3532 3603/4364/3522
f 3586/4381/3534 3587/4382/3535 3585/4383/3536
f 3585/4383/3536 3587/4382/3535 3584/4384/3537
f 3585/4383/3536 3584/4384/3537 3582/4385/3538
f 3582/4385/3538 3584/4384/3537 3583/4386/3539
f 3582/4385/3538 3583/4386/3539 3596/4372/3526
f 3582/4385/3538 3596/4372/3526 3595/4371/3525
f 3578/4387/3540 3579/4388/3540 3581/4389/3540
f 3581/4389/3540 3579/4388/3540 3580/4390/3540
f 3574/4391/3541 3575/4392/3541 3577/4393/3541
f 3577/4393/3541 3575/4392/3541 3576/4394/3541
f 3572/4395/3542 3573/4396/3542 3570/4397/3543
f 3570/4397/3543 3573/4396/3542 3571/4398/3544
f 3570/4397/3543 3571/4398/3544 3568/4399/3545
f 3568/4399/3545 3571/4398/3544 3569/4400/3546
f 3568/4399/3545 3569/4400/3546 3567/4401/3547
f 3567/4401/3547 3569/4400/3546 3566/4402/3547
f 3544/4403/3548 3551/4404/3549 3554/4405/3550
f 3554/4405/3550 3551/4404/3549 3552/4406/3551
f 3554/4405/3550 3552/4406/3551 3553/4407/3552
f 3553/4407/3552 3552/4406/3551 3550/4408/3553
f 3550/4408/3553 3552/4406/3551 3549/4409/3554
f 3550/4408/3553 3549/4409/3554 3543/4410/3555
f 3755/4411/3556 3754/4412/3557 3730/4413/3558
f 3755/4411/3556 3730/4413/3558 3732/4414/3559
f 3732/4414/3559 3730/4413/3558 3932/4415/3560
f 3732/4414/3559 3932/4415/3560 3731/4416/3561
f 3731/4416/3561 3932/4415/3560 3733/4417/3562
f 3731/4416/3561 3733/4417/3562 3734/4418/3563
f 3734/4418/3563 3733/4417/3562 3735/4419/3524
f 3734/4418/3563 3735/4419/3524 3736/4420/3564
f 3736/4420/3564 3735/4419/3524 3737/4421/3565
f 3736/4420/3564 3737/4421/3565 3738/4422/3566
f 3738/4422/3566 3737/4421/3565 3974/4423/3567
f 3738/4422/3566 3974/4423/3567 3739/4424/3568
f 3739/4424/3568 3974/4423/3567 3972/4425/3569
f 3739/4424/3568 3972/4425/3569 3740/4426/3570
f 3740/4426/3570 3972/4425/3569 3971/4427/3571
f 3740/4426/3570 3971/4427/3571 3741/4428/3572
f 3741/4428/3572 3971/4427/3571 3973/4429/3573
f 3741/4428/3572 3973/4429/3573 3742/4430/3574
f 3742/4430/3574 3973/4429/3573 3960/4431/3575
f 3742/4430/3574 3960/4431/3575 3743/4432/3576
f 3743/4432/3576 3960/4431/3575 3744/4433/3577
f 3743/4432/3576 3744/4433/3577 3745/4434/3578
f 3745/4434/3578 3744/4433/3577 3746/4435/3579
f 3745/4434/3578 3746/4435/3579 3747/4436/3580
f 3747/4436/3580 3746/4435/3579 3953/4437/3581
f 3747/4436/3580 3953/4437/3581 3748/4438/3582
f 3748/4438/3582 3953/4437/3581 3749/4439/3583
f 3748/4438/3582 3749/4439/3583 3750/4440/3584
f 3750/4440/3584 3749/4439/3583 3954/4441/3585
f 3750/4440/3584 3954/4441/3585 3751/4442/3586
f 3751/4442/3586 3954/4441/3585 3937/4443/3587
f 3751/4442/3586 3937/4443/3587 3752/4444/3588
f 3752/4444/3588 3937/4443/3587 3938/4445/3589
f 3752/4444/3588 3938/4445/3589 3753/4446/3590
f 3753/4446/3590 3938/4445/3589 3754/4412/3557
f 3753/4446/3590 3754/4412/3557 3755/4411/3556
f 3695/4447/3591 3919/4448/3592 3925/4449/3593
f 3695/4447/3591 3925/4449/3593 3727/4450/3594
f 3727/4450/3594 3925/4449/3593 3935/4451/3595
f 3727/4450/3594 3935/4451/3595 3725/4452/3596
f 3725/4452/3596 3935/4451/3595 3933/4453/3597
f 3725/4452/3596 3933/4453/3597 3723/4454/3598
f 3723/4454/3598 3933/4453/3597 3943/4455/3599
f 3723/4454/3598 3943/4455/3599 3721/4456/3600
f 3721/4456/3600 3943/4455/3599 3940/4457/3601
f 3721/4456/3600 3940/4457/3601 3719/4458/3602
f 3719/4458/3602 3940/4457/3601 3939/4459/3603
f 3719/4458/3602 3939/4459/3603 3717/4460/3604
f 3717/4460/3604 3939/4459/3603 3945/4461/3605
f 3717/4460/3604 3945/4461/3605 3715/4462/3606
f 3715/4462/3606 3945/4461/3605 3958/4463/3607
f 3715/4462/3606 3958/4463/3607 3713/4464/3608
f 3713/4464/3608 3958/4463/3607 3956/4465/3609
f 3713/4464/3608 3956/4465/3609 3711/4466/3610
f 3711/4466/3610 3956/4465/3609 3955/4467/3611
f 3711/4466/3610 3955/4467/3611 3709/4468/3612
f 3709/4468/3612 3955/4467/3611 3729/4469/3613
f 3709/4468/3612 3729/4469/3613 3707/4470/3614
f 3707/4470/3614 3729/4469/3613 3961/4471/3615
f 3707/4470/3614 3961/4471/3615 3705/4472/3616
f 3705/4472/3616 3961/4471/3615 3965/4473/3617
f 3705/4472/3616 3965/4473/3617 3703/4474/3618
f 3703/4474/3618 3965/4473/3617 3728/4475/3619
f 3703/4474/3618 3728/4475/3619 3701/4476/3620
f 3701/4476/3620 3728/4475/3619 3975/4477/3621
f 3701/4476/3620 3975/4477/3621 3699/4478/3622
f 3699/4478/3622 3975/4477/3621 3923/4479/3623
f 3699/4478/3622 3923/4479/3623 3697/4480/3624
f 3697/4480/3624 3923/4479/3623 3920/4481/3625
f 3697/4480/3624 3920/4481/3625 3694/4482/3626
f 3694/4482/3626 3920/4481/3625 3919/4448/3592
f 3694/4482/3626 3919/4448/3592 3695/4447/3591
f 3694/4482/3626 3695/4447/3591 3693/4483/3627
f 3693/4483/3627 3695/4447/3591 3692/4484/3628
f 3692/4484/3628 3695/4447/3591 3727/4450/3594
f 3692/4484/3628 3727/4450/3594 3726/4485/3629
f 3726/4485/3629 3727/4450/3594 3725/4452/3596
f 3726/4485/3629 3725/4452/3596 3724/4486/3630
f 3724/4486/3630 3725/4452/3596 3723/4454/3598
f 3724/4486/3630 3723/4454/3598 3722/4487/3631
f 3722/4487/3631 3723/4454/3598 3721/4456/3600
f 3722/4487/3631 3721/4456/3600 3720/4488/3632
f 3720/4488/3632 3721/4456/3600 3719/4458/3602
f 3720/4488/3632 3719/4458/3602 3718/4489/3633
f 3718/4489/3633 3719/4458/3602 3717/4460/3604
f 3718/4489/3633 3717/4460/3604 3716/4490/3634
f 3716/4490/3634 3717/4460/3604 3715/4462/3606
f 3716/4490/3634 3715/4462/3606 3714/4491/3635
f 3714/4491/3635 3715/4462/3606 3713/4464/3608
f 3714/4491/3635 3713/4464/3608 3712/4492/3636
f 3712/4492/3636 3713/4464/3608 3711/4466/3610
f 3712/4492/3636 3711/4466/3610 3710/4493/3637
f 3710/4493/3637 3711/4466/3610 3709/4468/3612
f 3710/4493/3637 3709/4468/3612 3708/4494/3638
f 3708/4494/3638 3709/4468/3612 3707/4470/3614
f 3708/4494/3638 3707/4470/3614 3706/4495/3639
f 3706/4495/3639 3707/4470/3614 3705/4472/3616
f 3706/4495/3639 3705/4472/3616 3704/4496/3640
f 3704/4496/3640 3705/4472/3616 3703/4474/3618
f 3704/4496/3640 3703/4474/3618 3702/4497/3641
f 3702/4497/3641 3703/4474/3618 3701/4476/3620
f 3702/4497/3641 3701/4476/3620 3700/4498/3642
f 3700/4498/3642 3701/4476/3620 3699/4478/3622
f 3700/4498/3642 3699/4478/3622 3698/4499/3643
f 3698/4499/3643 3699/4478/3622 3697/4480/3624
f 3698/4499/3643 3697/4480/3624 3696/4500/3644
f 3696/4500/3644 3697/4480/3624 3694/4482/3626
f 3696/4500/3644 3694/4482/3626 3693/4483/3627
f 3696/4500/3644 3693/4483/3627 3756/4501/3645
f 3756/4501/3645 3693/4483/3627 3692/4484/3628
f 3756/4501/3645 3692/4484/3628 3726/4485/3629
f 3756/4501/3645 3726/4485/3629 3724/4486/3630
f 3756/4501/3645 3724/4486/3630 3722/4487/3631
f 3756/4501/3645 3722/4487/3631 3720/4488/3632
f 3756/4501/3645 3720/4488/3632 3718/4489/3633
f 3756/4501/3645 3718/4489/3633 3716/4490/3634
f 3756/4501/3645 3716/4490/3634 3714/4491/3635
f 3756/4501/3645 3714/4491/3635 3712/4492/3636
f 3756/4501/3645 3712/4492/3636 3710/4493/3637
f 3756/4501/3645 3710/4493/3637 3708/4494/3638
f 3756/4501/3645 3708/4494/3638 3706/4495/3639
f 3756/4501/3645 3706/4495/3639 3704/4496/3640
f 3756/4501/3645 3704/4496/3640 3702/4497/3641
f 3756/4501/3645 3702/4497/3641 3700/4498/3642
f 3756/4501/3645 3700/4498/3642 3698/4499/3643
f 3756/4501/3645 3698/4499/3643 3696/4500/3644
f 3923/4502/3623 3924/4503/3646 3921/4504/3647
f 3923/4502/3623 3921/4504/3647 3920/4505/3625
f 3920/4505/3625 3921/4504/3647 3922/4506/3648
f 3920/4505/3625 3922/4506/3648 3919/4507/3592
f 3565/4508/3649 3562/4509/3650 3556/4510/3651
f 3556/4510/3651 3562/4509/3650 3557/4511/3652
f 3556/4510/3651 3557/4511/3652 3555/4512/3653
f 3555/4512/3653 3557/4511/3652 3558/4513/3654
f 3555/4512/3653 3558/4513/3654 3560/4514/3655
f 3555/4512/3653 3560/4514/3655 3559/4515/3651
f 3559/4515/3651 3560/4514/3655 3561/4516/3650
f 3559/4515/3651 3561/4516/3650 3563/4517/3656
f 3559/4515/3651 3563/4517/3656 3555/4512/3653
f 3555/4512/3653 3563/4517/3656 3564/4518/3657
f 3555/4512/3653 3564/4518/3657 3565/4508/3649
f 3555/4512/3653 3565/4508/3649 3556/4510/3651
f 3547/4519/3658 3552/4520/3551 3551/4521/3549
f 3547/4519/3658 3551/4521/3549 3538/4522/3659
f 3538/4522/3659 3551/4521/3549 3544/4523/3548
f 3538/4522/3659 3544/4523/3548 3545/4524/3660
f 3538/4522/3659 3545/4524/3660 3539/4525/3661
f 3538/4522/3659 3539/4525/3661 3537/4526/3662
f 3537/4526/3662 3539/4525/3661 3536/4527/3663
f 3537/4526/3662 3536/4527/3663 3540/4528/3664
f 3537/4526/3662 3540/4528/3664 3541/4529/3665
f 3541/4529/3665 3540/4528/3664 3542/4530/3666
f 3541/4529/3665 3542/4530/3666 3543/4531/3555
f 3541/4529/3665 3543/4531/3555 3549/4532/3554
f 3541/4529/3665 3549/4532/3554 3548/4533/3667
f 3548/4533/3667 3549/4532/3554 3552/4520/3551
f 3548/4533/3667 3552/4520/3551 3546/4534/3668
f 3546/4534/3668 3552/4520/3551 3547/4519/3658
f 3546/4534/3668 3547/4519/3658 3537/4526/3662
f 3537/4526/3662 3547/4519/3658 3538/4522/3659
f 3546/4534/3668 3537/4526/3662 3548/4533/3667
f 3548/4533/3667 3537/4526/3662 3541/4529/3665
f 3980/4535/3669 3737/4536/3565 3735/4537/3524
f 3980/4535/3669 3735/4537/3524 3978/4538/3670
f 3978/4538/3670 3735/4537/3524 3733/4539/3562
f 3978/4538/3670 3733/4539/3562 3979/4540/3671
f 3978/4538/3670 3979/4540/3671 3976/4541/3672
f 3976/4541/3672 3979/4540/3671 3924/4542/3646
f 3976/4541/3672 3924/4542/3646 3975/4543/3621
f 3975/4543/3621 3924/4542/3646 3923/4544/3623
f 3975/4543/3621 3728/4545/3619 3976/4541/3672
f 3976/4541/3672 3728/4545/3619 3977/4546/3673
f 3976/4541/3672 3977/4546/3673 3978/4538/3670
f 3978/4538/3670 3977/4546/3673 3980/4535/3669
f 3969/4547/3674 3973/4548/3573 3971/4549/3571
f 3969/4547/3674 3971/4549/3571 3967/4550/3675
f 3967/4550/3675 3971/4549/3571 3972/4551/3569
f 3967/4550/3675 3972/4551/3569 3968/4552/3676
f 3968/4552/3676 3972/4551/3569 3974/4553/3567
f 3968/4552/3676 3974/4553/3567 3970/4554/3677
f 3970/4554/3677 3974/4553/3567 3737/4555/3565
f 3970/4554/3677 3737/4555/3565 3980/4556/3669
f 3970/4554/3677 3980/4556/3669 3966/4557/3678
f 3966/4557/3678 3980/4556/3669 3977/4558/3673
f 3966/4557/3678 3977/4558/3673 3965/4559/3617
f 3965/4559/3617 3977/4558/3673 3728/4560/3619
f 3965/4559/3617 3961/4561/3615 3966/4557/3678
f 3966/4557/3678 3961/4561/3615 3963/4562/3679
f 3966/4557/3678 3963/4562/3679 3970/4554/3677
f 3970/4554/3677 3963/4562/3679 3968/4552/3676
f 3968/4552/3676 3963/4562/3679 3962/4563/3680
f 3968/4552/3676 3962/4563/3680 3967/4550/3675
f 3967/4550/3675 3962/4563/3680 3964/4564/3681
f 3967/4550/3675 3964/4564/3681 3969/4547/3674
f 3955/4565/3611 3964/4564/3681 3962/4563/3680
f 3955/4565/3611 3962/4563/3680 3729/4566/3613
f 3729/4566/3613 3962/4563/3680 3963/4562/3679
f 3729/4566/3613 3963/4562/3679 3961/4561/3615
f 3952/4567/3682 3744/4568/3577 3960/4569/3575
f 3952/4567/3682 3960/4569/3575 3959/4570/3683
f 3959/4570/3683 3960/4569/3575 3973/4571/3573
f 3959/4570/3683 3973/4571/3573 3969/4572/3674
f 3959/4570/3683 3969/4572/3674 3957/4573/3684
f 3957/4573/3684 3969/4572/3674 3964/4574/3681
f 3957/4573/3684 3964/4574/3681 3956/4575/3609
f 3956/4575/3609 3964/4574/3681 3955/4576/3611
f 3956/4575/3609 3958/4577/3607 3957/4573/3684
f 3957/4573/3684 3958/4577/3607 3947/4578/3685
f 3957/4573/3684 3947/4578/3685 3959/4570/3683
f 3959/4570/3683 3947/4578/3685 3952/4567/3682
f 3950/4579/3686 3954/4580/3585 3749/4581/3583
f 3950/4579/3686 3749/4581/3583 3948/4582/3687
f 3948/4582/3687 3749/4581/3583 3953/4583/3581
f 3948/4582/3687 3953/4583/3581 3949/4584/3688
f 3949/4584/3688 3953/4583/3581 3746/4585/3579
f 3949/4584/3688 3746/4585/3579 3951/4586/3689
f 3951/4586/3689 3746/4585/3579 3744/4587/3577
f 3951/4586/3689 3744/4587/3577 3952/4588/3682
f 3951/4586/3689 3952/4588/3682 3946/4589/3690
f 3946/4589/3690 3952/4588/3682 3947/4590/3685
f 3946/4589/3690 3947/4590/3685 3945/4591/3605
f 3945/4591/3605 3947/4590/3685 3958/4592/3607
f 3945/4591/3605 3939/4593/3603 3946/4589/3690
f 3946/4589/3690 3939/4593/3603 3942/4594/3691
f 3946/4589/3690 3942/4594/3691 3951/4586/3689
f 3951/4586/3689 3942/4594/3691 3949/4584/3688
f 3949/4584/3688 3942/4594/3691 3941/4595/3692
f 3949/4584/3688 3941/4595/3692 3948/4582/3687
f 3948/4582/3687 3941/4595/3692 3944/4596/3693
f 3948/4582/3687 3944/4596/3693 3950/4579/3686
f 3943/4597/3599 3944/4596/3693 3941/4595/3692
f 3943/4597/3599 3941/4595/3692 3940/4598/3601
f 3940/4598/3601 3941/4595/3692 3942/4594/3691
f 3940/4598/3601 3942/4594/3691 3939/4593/3603
f 3931/4599/3694 3938/4600/3589 3937/4601/3587
f 3931/4599/3694 3937/4601/3587 3936/4602/3695
f 3936/4602/3695 3937/4601/3587 3954/4603/3585
f 3936/4602/3695 3954/4603/3585 3950/4604/3686
f 3936/4602/3695 3950/4604/3686 3934/4605/3696
f 3934/4605/3696 3950/4604/3686 3944/4606/3693
f 3934/4605/3696 3944/4606/3693 3933/4607/3597
f 3933/4607/3597 3944/4606/3693 3943/4608/3599
f 3933/4607/3597 3935/4609/3595 3934/4605/3696
f 3934/4605/3696 3935/4609/3595 3927/4610/3697
f 3934/4605/3696 3927/4610/3697 3936/4602/3695
f 3936/4602/3695 3927/4610/3697 3931/4599/3694
f 3979/4611/3671 3733/4612/3562 3932/4613/3560
f 3979/4611/3671 3932/4613/3560 3928/4614/3698
f 3928/4614/3698 3932/4613/3560 3730/4615/3558
f 3928/4614/3698 3730/4615/3558 3929/4616/3699
f 3929/4616/3699 3730/4615/3558 3754/4617/3557
f 3929/4616/3699 3754/4617/3557 3930/4618/3700
f 3930/4618/3700 3754/4617/3557 3938/4619/3589
f 3930/4618/3700 3938/4619/3589 3931/4620/3694
f 3930/4618/3700 3931/4620/3694 3926/4621/3701
f 3926/4621/3701 3931/4620/3694 3927/4622/3697
f 3926/4621/3701 3927/4622/3697 3925/4623/3593
f 3925/4623/3593 3927/4622/3697 3935/4624/3595
f 3925/4623/3593 3919/4507/3592 3926/4621/3701
f 3926/4621/3701 3919/4507/3592 3922/4506/3648
f 3926/4621/3701 3922/4506/3648 3930/4618/3700
f 3930/4618/3700 3922/4506/3648 3929/4616/3699
f 3929/4616/3699 3922/4506/3648 3921/4504/3647
f 3929/4616/3699 3921/4504/3647 3928/4614/3698
f 3928/4614/3698 3921/4504/3647 3924/4503/3646
f 3928/4614/3698 3924/4503/3646 3979/4611/3671
f 3841/4625/3702 3843/4626/3703 3842/4627/3704
f 3842/4627/3704 3843/4626/3703 3845/4628/3705
f 3917/4629/3706 3918/4630/3706 3915/4631/3706
f 3915/4631/3706 3918/4630/3706 3916/4632/3706
f 3915/4631/3706 3916/4632/3706 3914/4633/3706
f 3915/4631/3706 3914/4633/3706 3913/4634/3706
f 3913/4634/3706 3914/4633/3706 3912/4635/3706
f 3913/4634/3706 3912/4635/3706 3911/4636/3706
f 3911/4636/3706 3912/4635/3706 3903/4637/3706
f 3911/4636/3706 3903/4637/3706 3902/4638/3706
f 3902/4638/3706 3903/4637/3706 3904/4639/3706
f 3902/4638/3706 3904/4639/3706 3901/4640/3706
f 3901/4640/3706 3904/4639/3706 3906/4641/3706
f 3901/4640/3706 3906/4641/3706 3905/4642/3706
f 3905/4642/3706 3906/4641/3706 3908/4643/3706
f 3905/4642/3706 3908/4643/3706 3907/4644/3706
f 3907/4644/3706 3908/4643/3706 3910/4645/3706
f 3910/4645/3706 3908/4643/3706 3909/4646/3706
f 3900/4647/3707 3899/4648/3708 3865/4649/3709
f 3900/4647/3707 3865/4649/3709 3866/4650/3710
f 3866/4650/3710 3865/4649/3709 3867/4651/3711
f 3866/4650/3710 3867/4651/3711 3870/4652/3712
f 3899/4653/3708 3900/4654/3707 3898/4655/3713
f 3899/4653/3708 3898/4655/3713 3897/4656/3714
f 3897/4656/3714 3898/4655/3713 3896/4657/3715
f 3897/4656/3714 3896/4657/3715 3895/4658/3716
f 3895/4658/3716 3896/4657/3715 3894/4659/3717
f 3895/4658/3716 3894/4659/3717 3893/4660/3718
f 3893/4660/3718 3894/4659/3717 3892/4661/3719
f 3893/4660/3718 3892/4661/3719 3891/4662/3720
f 3891/4662/3720 3892/4661/3719 3890/4663/3721
f 3891/4662/3720 3890/4663/3721 3889/4664/3722
f 3889/4664/3722 3890/4663/3721 3888/4665/3723
f 3889/4664/3722 3888/4665/3723 3887/4666/3724
f 3887/4666/3724 3888/4665/3723 3886/4667/3725
f 3887/4666/3724 3886/4667/3725 3885/4668/3726
f 3885/4668/3726 3886/4667/3725 3883/4669/3727
f 3885/4668/3726 3883/4669/3727 3882/4670/3728
f 3882/4670/3728 3883/4669/3727 3884/4671/3729
f 3882/4670/3728 3884/4671/3729 3881/4672/3730
f 3881/4673/3730 3884/4674/3729 3880/4675/3731
f 3881/4673/3730 3880/4675/3731 3879/4676/3732
f 3879/4676/3732 3880/4675/3731 3877/4677/3733
f 3879/4676/3732 3877/4677/3733 3878/4678/3734
f 3878/4679/3734 3877/4680/3733 3875/4681/3735
f 3878/4679/3734 3875/4681/3735 3874/4682/3736
f 3874/4682/3736 3875/4681/3735 3876/4683/3737
f 3874/4682/3736 3876/4683/3737 3873/4684/3738
f 3873/4685/3738 3876/4686/3737 3872/4687/3739
f 3873/4685/3738 3872/4687/3739 3871/4688/3740
f 3871/4688/3740 3872/4687/3739 3869/4689/3741
f 3871/4688/3740 3869/4689/3741 3868/4690/3742
f 3868/4690/3742 3869/4689/3741 3870/4691/3712
f 3868/4690/3742 3870/4691/3712 3867/4692/3711
f 3863/4693/3743 3829/4694/3744 3864/4695/3745
f 3864/4695/3745 3829/4694/3744 3830/4696/3746
f 3860/4697/3747 3863/4698/3743 3861/4699/3748
f 3861/4699/3748 3863/4698/3743 3864/4700/3745
f 3858/4701/3749 3860/4702/3747 3862/4703/3750
f 3862/4703/3750 3860/4702/3747 3861/4704/3748
f 3856/4705/3751 3858/4706/3749 3859/4707/3752
f 3859/4707/3752 3858/4706/3749 3862/4708/3750
f 3855/4709/3753 3856/4710/3751 3857/4711/3754
f 3857/4711/3754 3856/4710/3751 3859/4712/3752
f 3854/4713/3755 3855/4714/3753 3852/4715/3756
f 3852/4715/3756 3855/4714/3753 3857/4716/3754
f 3851/4717/3757 3854/4718/3755 3853/4719/3758
f 3853/4719/3758 3854/4718/3755 3852/4720/3756
f 3850/4721/3759 3851/4722/3757 3848/4723/3760
f 3848/4723/3760 3851/4722/3757 3853/4724/3758
f 3847/4725/3761 3850/4726/3759 3849/4727/3762
f 3849/4727/3762 3850/4726/3759 3848/4728/3760
f 3846/4729/3763 3847/4730/3761 3844/4731/3764
f 3844/4731/3764 3847/4730/3761 3849/4732/3762
f 3843/4733/3703 3846/4734/3763 3845/4735/3705
f 3845/4735/3705 3846/4734/3763 3844/4736/3764
f 3838/4737/3765 3841/4738/3702 3839/4739/3766
f 3839/4739/3766 3841/4738/3702 3842/4740/3704
f 3837/4741/3767 3838/4742/3765 3840/4743/3768
f 3840/4743/3768 3838/4742/3765 3839/4744/3766
f 3836/4745/3769 3837/4746/3767 3834/4747/3770
f 3834/4747/3770 3837/4746/3767 3840/4748/3768
f 3832/4749/3771 3836/4750/3769 3835/4751/3772
f 3835/4751/3772 3836/4750/3769 3834/4752/3770
f 3831/4753/3773 3832/4754/3771 3833/4755/3774
f 3833/4755/3774 3832/4754/3771 3835/4756/3772
f 3829/4757/3744 3831/4758/3773 3830/4759/3746
f 3830/4759/3746 3831/4758/3773 3833/4760/3774
f 3827/4761/3775 3826/4762/3776 3794/4763/3777
f 3794/4763/3777 3826/4762/3776 3828/4764/3778
f 3826/4765/3776 3823/4766/3779 3828/4767/3778
f 3828/4767/3778 3823/4766/3779 3825/4768/3780
f 3823/4769/3779 3821/4770/3781 3825/4771/3780
f 3825/4771/3780 3821/4770/3781 3824/4772/3782
f 3821/4773/3781 3818/4774/3783 3824/4775/3782
f 3824/4775/3782 3818/4774/3783 3822/4776/3784
f 3818/4777/3783 3819/4778/3785 3822/4779/3784
f 3822/4779/3784 3819/4778/3785 3820/4780/3786
f 3819/4781/3785 3816/4782/3787 3820/4783/3786
f 3820/4783/3786 3816/4782/3787 3817/4784/3788
f 3816/4785/3787 3812/4786/3789 3817/4787/3788
f 3817/4787/3788 3812/4786/3789 3815/4788/3790
f 3812/4789/3789 3813/4790/3791 3815/4791/3790
f 3815/4791/3790 3813/4790/3791 3814/4792/3792
f 3813/4793/3791 3810/4794/3793 3814/4795/3792
f 3814/4795/3792 3810/4794/3793 3811/4796/3794
f 3810/4797/3793 3808/4798/3795 3811/4799/3794
f 3811/4799/3794 3808/4798/3795 3809/4800/3796
f 3808/4801/3795 3805/4802/3797 3809/4803/3796
f 3809/4803/3796 3805/4802/3797 3807/4804/3798
f 3805/4805/3797 3806/4806/3799 3807/4807/3798
f 3807/4807/3798 3806/4806/3799 3804/4808/3800
f 3806/4809/3799 3802/4810/3801 3804/4811/3800
f 3804/4811/3800 3802/4810/3801 3803/4812/3802
f 3802/4813/3801 3798/4814/3803 3803/4815/3802
f 3803/4815/3802 3798/4814/3803 3801/4816/3804
f 3798/4817/3803 3799/4818/3805 3801/4819/3804
f 3801/4819/3804 3799/4818/3805 3800/4820/3806
f 3799/4821/3805 3795/4822/3807 3800/4823/3806
f 3800/4823/3806 3795/4822/3807 3797/4824/3808
f 3795/4825/3807 3793/4826/3809 3797/4827/3808
f 3797/4827/3808 3793/4826/3809 3796/4828/3810
f 3793/4829/3809 3827/4830/3775 3796/4831/3810
f 3796/4831/3810 3827/4830/3775 3794/4832/3777
f 3791/4833/3811 3757/4834/3519 3792/4835/3812
f 3792/4835/3812 3757/4834/3519 3759/4836/3520
f 3788/4837/3813 3791/4838/3811 3789/4839/3814
f 3789/4839/3814 3791/4838/3811 3792/4840/3812
f 3787/4841/3815 3788/4842/3813 3790/4843/3816
f 3790/4843/3816 3788/4842/3813 3789/4844/3814
f 3786/4845/3817 3787/4846/3815 3784/4847/3818
f 3784/4847/3818 3787/4846/3815 3790/4848/3816
f 3783/4849/3819 3786/4850/3817 3785/4851/3820
f 3785/4851/3820 3786/4850/3817 3784/4852/3818
f 3782/4853/3821 3783/4854/3819 3780/4855/3822
f 3780/4855/3822 3783/4854/3819 3785/4856/3820
f 3779/4857/3497 3782/4858/3821 3781/4859/3498
f 3781/4859/3498 3782/4858/3821 3780/4860/3822
f 3647/4861/3823 3644/4862/3824 3648/4863/3825
f 3648/4863/3825 3644/4862/3824 3646/4864/3826
f 3644/4862/3824 3645/4865/3827 3646/4864/3826
f 3646/4864/3826 3645/4865/3827 3643/4866/3828
f 3645/4865/3827 3639/4867/3829 3643/4866/3828
f 3643/4866/3828 3639/4867/3829 3642/4868/3830
f 3639/4867/3829 3640/4869/3831 3642/4868/3830
f 3642/4868/3830 3640/4869/3831 3641/4870/3832
f 3640/4869/3831 3637/4871/3833 3641/4870/3832
f 3641/4870/3832 3637/4871/3833 3638/4872/3834
f 3637/4871/3833 3647/4861/3823 3638/4872/3834
f 3638/4872/3834 3647/4861/3823 3648/4863/3825
f 3628/4873/3835 3629/4874/3836 3618/4875/3837
f 3618/4875/3837 3629/4874/3836 3623/4876/3838
f 3618/4875/3837 3623/4876/3838 3616/4877/3839
f 3616/4877/3839 3623/4876/3838 3617/4878/3840
f 3616/4877/3839 3617/4878/3840 3615/4879/3841
f 3615/4879/3841 3617/4878/3840 3614/4880/3842
f 3629/4874/3836 3626/4881/3843 3623/4876/3838
f 3623/4876/3838 3626/4881/3843 3622/4882/3844
f 3623/4876/3838 3622/4882/3844 3617/4878/3840
f 3617/4878/3840 3622/4882/3844 3611/4883/3845
f 3617/4878/3840 3611/4883/3845 3614/4880/3842
f 3614/4880/3842 3611/4883/3845 3613/4884/3846
f 3627/4885/3847 3624/4886/3848 3621/4887/3849
f 3621/4887/3849 3624/4886/3848 3620/4888/3850
f 3621/4887/3849 3620/4888/3850 3612/4889/3851
f 3612/4889/3851 3620/4888/3850 3608/4890/3852
f 3612/4889/3851 3608/4890/3852 3610/4891/3853
f 3610/4891/3853 3608/4890/3852 3607/4892/3854
f 3624/4886/3848 3625/4893/3855 3620/4888/3850
f 3620/4888/3850 3625/4893/3855 3619/4894/3856
f 3620/4888/3850 3619/4894/3856 3608/4890/3852
f 3608/4890/3852 3619/4894/3856 3609/4895/3857
f 3608/4890/3852 3609/4895/3857 3607/4892/3854
f 3607/4892/3854 3609/4895/3857 3606/4896/3858
f 3625/4893/3855 3628/4873/3835 3619/4894/3856
f 3619/4894/3856 3628/4873/3835 3618/4875/3837
f 3619/4894/3856 3618/4875/3837 3609/4895/3857
f 3609/4895/3857 3618/4875/3837 3616/4877/3839
f 3609/4895/3857 3616/4877/3839 3606/4896/3858
f 3606/4896/3858 3616/4877/3839 3615/4879/3841
f 3636/4897/3524 3630/4898/3524 3632/4899/3524
f 3632/4899/3524 3630/4898/3524 3631/4900/3524
f 3632/4899/3524 3631/4900/3524 3633/4901/3524
f 3632/4899/3524 3633/4901/3524 3634/4902/3524
f 3632/4899/3524 3634/4902/3524 3635/4903/3524
f 3632/4899/3524 3635/4903/3524 3636/4897/3524
f 3626/4881/3843 3627/4885/3847 3622/4882/3844
f 3622/4882/3844 3627/4885/3847 3621/4887/3849
f 3622/4882/3844 3621/4887/3849 3611/4883/3845
f 3611/4883/3845 3621/4887/3849 3612/4889/3851
f 3611/4883/3845 3612/4889/3851 3613/4884/3846
f 3613/4884/3846 3612/4889/3851 3610/4891/3853
f 3681/4904/3859 3690/4905/3860 3691/4906/3861
f 3691/4906/3861 3690/4905/3860 3689/4907/3862
f 3690/4905/3860 3687/4908/3863 3689/4907/3862
f 3689/4907/3862 3687/4908/3863 3688/4909/3864
f 3687/4908/3863 3684/4910/3829 3688/4909/3864
f 3688/4909/3864 3684/4910/3829 3686/4911/3830
f 3684/4910/3829 3685/4912/3831 3686/4911/3830
f 3686/4911/3830 3685/4912/3831 3683/4913/3832
f 3685/4912/3831 3680/4914/3833 3683/4913/3832
f 3683/4913/3832 3680/4914/3833 3682/4915/3834
f 3680/4914/3833 3681/4904/3859 3682/4915/3834
f 3682/4915/3834 3681/4904/3859 3691/4906/3861
f 3668/4916/3835 3672/4917/3836 3665/4918/3837
f 3665/4918/3837 3672/4917/3836 3666/4919/3838
f 3665/4918/3837 3666/4919/3838 3660/4920/3839
f 3660/4920/3839 3666/4919/3838 3657/4921/3865
f 3660/4920/3839 3657/4921/3865 3649/4922/3866
f 3649/4922/3866 3657/4921/3865 3659/4923/3867
f 3672/4917/3836 3671/4924/3843 3666/4919/3838
f 3666/4919/3838 3671/4924/3843 3664/4925/3844
f 3666/4919/3838 3664/4925/3844 3657/4921/3865
f 3657/4921/3865 3664/4925/3844 3658/4926/3868
f 3657/4921/3865 3658/4926/3868 3659/4923/3867
f 3659/4923/3867 3658/4926/3868 3656/4927/3869
f 3671/4924/3843 3669/4928/3870 3664/4925/3844
f 3664/4925/3844 3669/4928/3870 3662/4929/3871
f 3664/4925/3844 3662/4929/3871 3658/4926/3868
f 3658/4926/3868 3662/4929/3871 3655/4930/3872
f 3658/4926/3868 3655/4930/3872 3656/4927/3869
f 3656/4927/3869 3655/4930/3872 3654/4931/3873
f 3669/4928/3870 3670/4932/3874 3662/4929/3871
f 3662/4929/3871 3670/4932/3874 3663/4933/3875
f 3662/4929/3871 3663/4933/3875 3655/4930/3872
f 3655/4930/3872 3663/4933/3875 3653/4934/3876
f 3655/4930/3872 3653/4934/3876 3654/4931/3873
f 3654/4931/3873 3653/4934/3876 3652/4935/3877
f 3670/4932/3874 3667/4936/3878 3663/4933/3875
f 3663/4933/3875 3667/4936/3878 3661/4937/3879
f 3663/4933/3875 3661/4937/3879 3653/4934/3876
f 3653/4934/3876 3661/4937/3879 3650/4938/3880
f 3653/4934/3876 3650/4938/3880 3652/4935/3877
f 3652/4935/3877 3650/4938/3880 3651/4939/3858
f 3667/4936/3878 3668/4916/3835 3661/4937/3879
f 3661/4937/3879 3668/4916/3835 3665/4918/3837
f 3661/4937/3879 3665/4918/3837 3650/4938/3880
f 3650/4938/3880 3665/4918/3837 3660/4920/3839
f 3650/4938/3880 3660/4920/3839 3651/4939/3858
f 3651/4939/3858 3660/4920/3839 3649/4922/3866
f 3679/4940/3524 3673/4941/3524 3675/4942/3524
f 3675/4942/3524 3673/4941/3524 3674/4943/3524
f 3675/4942/3524 3674/4943/3524 3676/4944/3524
f 3675/4942/3524 3676/4944/3524 3677/4945/3524
f 3675/4942/3524 3677/4945/3524 3678/4946/3524
f 3675/4942/3524 3678/4946/3524 3679/4940/3524
