# Blender v2.93.18 OBJ File: 'sadd.blend'
# www.blender.org
mtllib Dr_Doof_lo.mtl
o Dr_Doof_lo
v 0.111694 0.049683 0.220703
v 0.085938 0.070435 0.101440
v 0.085938 0.072388 -0.023804
v 0.108521 0.047119 0.046631
v 0.108887 0.063477 0.101440
v 0.133179 0.044311 0.156372
v 0.111816 0.066406 0.161255
v 0.109863 0.019409 0.248657
v 0.040283 -0.002686 0.229248
v 0.040283 0.019409 0.221558
v 0.038696 0.033936 0.206543
v 0.032471 0.018799 0.199097
v 0.038574 0.044311 0.156372
v 0.028809 0.018799 0.152588
v 0.043335 0.045410 0.101440
v 0.034424 0.017944 0.101440
v 0.045776 0.017212 0.046631
v 0.027710 -0.002686 0.152466
v 0.030396 -0.002686 0.194824
v -0.046021 0.044434 -0.034668
v -0.034790 0.018066 -0.073120
v -0.085815 0.072388 -0.023804
v -0.120850 0.065674 -0.038940
v -0.108521 0.047119 0.046631
v -0.085815 0.052979 0.046631
v -0.108887 0.063477 0.101440
v -0.111694 0.066406 0.161255
v -0.085815 0.074707 0.163818
v -0.085815 0.057373 0.228516
v -0.060059 0.049683 0.220703
v -0.062744 0.063477 0.101440
v -0.053101 0.034790 0.046631
v -0.050659 0.065674 -0.038940
v -0.063110 0.047119 0.046631
v -0.085815 0.070435 0.101440
v -0.059814 0.066406 0.161255
v -0.124390 0.045410 -0.109497
v -0.133911 0.045532 -0.071533
v -0.129517 0.063599 -0.069580
v -0.125488 0.044434 -0.034668
v -0.118530 0.034790 0.046631
v -0.128418 0.045410 0.101440
v -0.111572 0.049683 0.220703
v -0.109741 0.019409 0.248657
v -0.131348 -0.002686 0.229248
v -0.085815 0.019409 0.262573
v -0.061768 -0.002197 0.256714
v -0.061890 0.019409 0.248657
v -0.030396 -0.002686 0.194824
v -0.040161 0.019409 0.221558
v -0.038574 0.033936 0.206543
v -0.032349 0.018799 0.199097
v -0.038574 0.044311 0.156372
v -0.043213 0.045410 0.101440
v -0.043335 0.018066 -0.027588
v -0.045776 0.017212 0.046631
v -0.034058 -0.002686 0.101318
v -0.034302 0.017944 0.101440
v -0.027710 -0.002686 0.152466
v -0.028687 0.018799 0.152588
v -0.037720 0.045532 -0.071533
v -0.042114 0.063599 -0.069580
v -0.120850 0.066040 -0.098022
v -0.085815 0.069336 -0.115967
v -0.128174 0.018066 -0.116577
v -0.085815 0.018066 -0.137573
v -0.128174 -0.001465 -0.119507
v -0.085815 -0.001465 -0.140503
v -0.043335 -0.001465 -0.119507
v -0.085815 0.043701 -0.130371
v -0.047241 0.045410 -0.109497
v -0.050659 0.066040 -0.098022
v -0.043335 0.018066 -0.116577
v -0.043335 -0.001465 -0.027588
v -0.085815 0.018066 -0.027588
v -0.044800 -0.002686 0.046631
v -0.085815 -0.002686 0.101318
v -0.040283 -0.002686 0.229248
v -0.085815 -0.002686 0.271118
v -0.085815 -0.002686 0.195190
v -0.109863 -0.002197 0.256714
v -0.141235 -0.002686 0.194824
v -0.143921 -0.002686 0.152466
v -0.085815 -0.002686 0.152466
v -0.137573 -0.002686 0.101318
v -0.085815 -0.002686 0.046631
v -0.128174 0.018066 -0.027588
v -0.128174 -0.001465 -0.027588
v -0.136841 0.018066 -0.073120
v -0.136841 -0.001465 -0.073120
v -0.085815 -0.001465 -0.072998
v -0.085815 -0.001465 -0.027588
v -0.034790 -0.001465 -0.073120
v -0.131348 0.019409 0.221558
v -0.132935 0.033936 0.206543
v -0.139282 0.018799 0.199097
v -0.133057 0.044311 0.156372
v -0.137207 0.017944 0.101440
v -0.125854 0.017212 0.046631
v -0.126831 -0.002686 0.046631
v -0.142822 0.018799 0.152588
v -0.037964 1.413574 0.234741
v -0.036499 1.414673 0.234009
v -0.037964 1.416138 0.232666
v -0.035889 1.415527 0.232666
v -0.037964 1.416626 0.231201
v -0.037964 1.416138 0.228028
v -0.037964 1.415039 0.226807
v -0.036499 1.414673 0.226807
v -0.037109 1.413452 0.225952
v -0.036621 1.412842 0.234741
v -0.033936 1.412231 0.232666
v -0.033325 1.412231 0.231201
v -0.033936 1.414307 0.229492
v -0.034424 1.414063 0.228028
v -0.035400 1.413574 0.226807
v -0.036377 1.412231 0.225952
v -0.036621 1.412842 0.225952
v -0.040649 1.413574 0.234009
v -0.041504 1.414062 0.232666
v -0.041992 1.412231 0.232666
v -0.041992 1.414307 0.231201
v -0.041992 1.414307 0.229492
v -0.041992 1.412232 0.228028
v -0.041504 1.414062 0.228028
v -0.041016 1.412232 0.226807
v -0.039307 1.412842 0.225952
v -0.039307 1.412842 0.234741
v -0.040039 1.415527 0.232666
v -0.040283 1.416016 0.229492
v -0.040649 1.413574 0.226807
v -0.038818 1.413452 0.225952
v -0.038818 1.413452 0.234741
v -0.039429 1.414673 0.234009
v -0.037964 1.415039 0.234009
v -0.040283 1.416016 0.231201
v -0.037964 1.416626 0.229492
v -0.040039 1.415527 0.228028
v -0.039429 1.414673 0.226807
v -0.037964 1.413574 0.225952
v -0.037109 1.413452 0.234741
v -0.035400 1.413574 0.234009
v -0.034424 1.414063 0.232666
v -0.035645 1.416016 0.231201
v -0.033936 1.414307 0.231201
v -0.035645 1.416016 0.229492
v -0.035889 1.415527 0.228028
v -0.037964 1.412232 0.235108
v -0.039551 1.412232 0.234741
v -0.041016 1.412231 0.234009
v -0.042603 1.412231 0.231201
v -0.042603 1.412231 0.229492
v -0.039551 1.412231 0.225952
v -0.037964 1.412231 0.225586
v -0.034912 1.412231 0.226807
v -0.033936 1.412232 0.228028
v -0.033325 1.412231 0.229492
v -0.034912 1.412231 0.234009
v -0.036377 1.412231 0.234741
v 0.050781 0.066040 -0.098022
v 0.042236 0.063599 -0.069580
v 0.050781 0.065674 -0.038940
v 0.046143 0.044434 -0.034668
v 0.053101 0.034790 0.046631
v 0.059937 0.066406 0.161255
v 0.061890 0.019409 0.248657
v 0.124390 0.045410 -0.109497
v 0.133911 0.045532 -0.071533
v 0.129517 0.063599 -0.069580
v 0.125610 0.044434 -0.034668
v 0.120972 0.065674 -0.038940
v 0.085938 0.043701 -0.130371
v 0.085938 -0.001465 -0.140503
v 0.085938 -0.001465 -0.072998
v 0.085938 0.018066 -0.137573
v 0.085938 0.069336 -0.115967
v 0.120972 0.066040 -0.098022
v 0.128296 -0.001465 -0.119507
v 0.085938 -0.001465 -0.027588
v 0.085938 0.018066 -0.027588
v 0.085938 -0.002686 0.046631
v 0.085938 -0.002686 0.101318
v 0.137695 -0.002686 0.101318
v 0.109985 -0.002197 0.256714
v 0.085938 -0.002686 0.271118
v 0.085938 -0.002686 0.195190
v 0.085938 -0.002686 0.152466
v 0.034058 -0.002686 0.101318
v 0.044922 -0.002686 0.046631
v 0.034912 0.018066 -0.073120
v 0.034912 -0.001465 -0.073120
v 0.043457 -0.001465 -0.119507
v 0.043457 -0.001465 -0.027588
v 0.128296 -0.001465 -0.027588
v 0.136841 -0.001465 -0.073120
v 0.063232 0.047119 0.046631
v 0.085938 0.052979 0.046631
v 0.062866 0.063477 0.101440
v 0.085938 0.074707 0.163818
v 0.060059 0.049683 0.220703
v 0.085938 0.057373 0.228516
v 0.061768 -0.002197 0.256714
v 0.085938 0.019409 0.262573
v 0.131470 -0.002686 0.229248
v 0.131470 0.019409 0.221558
v 0.133057 0.033936 0.206543
v 0.139404 0.018799 0.199097
v 0.128418 0.045410 0.101440
v 0.137329 0.017944 0.101440
v 0.118652 0.034790 0.046631
v 0.125977 0.017212 0.046631
v 0.126831 -0.002686 0.046631
v 0.144043 -0.002686 0.152466
v 0.142944 0.018799 0.152588
v 0.141357 -0.002686 0.194824
v 0.128296 0.018066 -0.027588
v 0.136841 0.018066 -0.073120
v 0.128296 0.018066 -0.116577
v 0.043457 0.018066 -0.027588
v 0.037842 0.045532 -0.071533
v 0.047363 0.045410 -0.109497
v 0.043457 0.018066 -0.116577
v 0.036621 1.412842 0.234741
v 0.035400 1.413574 0.234009
v 0.034424 1.414062 0.232666
v 0.036011 1.415527 0.232666
v 0.033936 1.414307 0.229492
v 0.035400 1.413574 0.226807
v 0.036499 1.414673 0.226807
v 0.037231 1.413452 0.225952
v 0.037231 1.413452 0.234741
v 0.037964 1.412231 0.235108
v 0.036499 1.414673 0.234009
v 0.035645 1.416016 0.231201
v 0.035645 1.416016 0.229492
v 0.036011 1.415527 0.228028
v 0.037964 1.413574 0.225952
v 0.037964 1.413574 0.234741
v 0.038818 1.413452 0.234741
v 0.037964 1.415039 0.234009
v 0.037964 1.416138 0.232666
v 0.040039 1.415527 0.232666
v 0.037964 1.416626 0.231201
v 0.040283 1.416016 0.231201
v 0.037964 1.416626 0.229492
v 0.040283 1.416016 0.229492
v 0.037964 1.416138 0.228028
v 0.040039 1.415527 0.228028
v 0.037964 1.415039 0.226807
v 0.038818 1.413452 0.225952
v 0.039551 1.414673 0.234009
v 0.041504 1.414062 0.232666
v 0.041992 1.414307 0.231201
v 0.041992 1.414307 0.229492
v 0.039551 1.414673 0.226807
v 0.039429 1.412842 0.225952
v 0.037964 1.412231 0.225586
v 0.034912 1.412232 0.234009
v 0.033936 1.414307 0.231201
v 0.033325 1.412231 0.229492
v 0.033936 1.412231 0.228028
v 0.034424 1.414062 0.228028
v 0.034912 1.412231 0.226807
v 0.036377 1.412232 0.225952
v 0.036621 1.412842 0.225952
v 0.039429 1.412842 0.234741
v 0.039551 1.412231 0.234741
v 0.040649 1.413574 0.234009
v 0.041016 1.412232 0.234009
v 0.042603 1.412231 0.231201
v 0.042603 1.412231 0.229492
v 0.041504 1.414063 0.228028
v 0.040649 1.413574 0.226807
v 0.039551 1.412231 0.225952
v 0.036377 1.412231 0.234741
v 0.033936 1.412231 0.232666
v 0.033325 1.412232 0.231201
v 0.041016 1.412231 0.226807
v 0.042114 1.412232 0.228028
v 0.042114 1.412231 0.232666
v -0.056641 0.601196 0.013428
v 0.000000 0.651855 0.013794
v -0.057495 0.651855 0.007446
v -0.108276 0.651855 -0.006836
v -0.090210 0.593506 -0.128784
v -0.053467 0.586060 -0.154053
v 0.000000 0.543945 -0.119263
v 0.106567 0.651855 -0.135010
v 0.000000 0.583618 -0.163330
v -0.056274 0.651856 -0.186035
v -0.059692 0.537720 -0.052734
v -0.055298 0.523071 -0.011475
v -0.066040 0.459839 -0.019287
v -0.060059 0.465454 0.005371
v -0.070801 0.390747 0.006226
v -0.064453 0.393311 0.025635
v -0.066040 0.338989 0.035889
v -0.072144 0.338989 0.061890
v -0.085693 0.338989 0.072266
v -0.085693 0.397705 0.059204
v -0.099243 0.338989 0.061890
v -0.100586 0.396484 0.048828
v -0.105347 0.338989 0.035889
v -0.100586 0.390747 0.005127
v -0.105347 0.459839 -0.019287
v -0.111328 0.465454 0.005371
v -0.114868 0.525024 -0.012573
v -0.117920 0.554321 -0.021362
v -0.106323 0.536377 0.015747
v -0.107666 0.568115 0.009155
v -0.085693 0.541260 0.025757
v -0.062012 0.536377 0.018799
v -0.066040 0.472412 0.030518
v -0.070801 0.396484 0.046631
v -0.085693 0.475830 0.041504
v -0.106934 0.393311 0.025635
v -0.105347 0.472412 0.030029
v 0.052490 0.545532 -0.017578
v 0.062256 0.512329 -0.041138
v 0.064575 0.393311 0.025635
v 0.072388 0.338989 0.014526
v 0.071045 0.396484 0.046631
v 0.072388 0.338989 0.061890
v 0.085938 0.338989 0.072266
v 0.100830 0.396484 0.048828
v 0.099365 0.338989 0.014526
v 0.115112 0.525024 -0.012573
v 0.114136 0.537720 -0.052734
v 0.085938 0.541260 0.025757
v 0.062256 0.536377 0.018799
v 0.055542 0.523071 -0.011475
v 0.060303 0.465454 0.005371
v 0.066162 0.472412 0.030518
v 0.085938 0.397705 0.059204
v 0.107178 0.393311 0.025635
v 0.111450 0.465454 0.005371
v 0.105591 0.472412 0.030029
v 0.106445 0.536377 0.015747
v 0.085938 0.475830 0.041504
v 0.059937 0.568115 0.015381
v 0.056885 0.601196 0.013428
v 0.086304 0.573975 0.017456
v 0.108765 0.599854 0.003174
v 0.107910 0.568115 0.009155
v 0.118164 0.554321 -0.021362
v 0.089111 0.533813 -0.067139
v 0.086060 0.557251 -0.099121
v 0.059937 0.537720 -0.052734
v -0.037231 0.534058 -0.061645
v -0.037842 0.544678 -0.017334
v -0.052368 0.545532 -0.017578
v -0.044922 0.568481 0.012085
v -0.059692 0.568115 0.015381
v -0.086060 0.573975 0.017456
v -0.087280 0.603760 0.009644
v -0.108521 0.599854 0.003174
v -0.118408 0.592163 -0.038086
v -0.108643 0.570190 -0.085083
v -0.088867 0.533813 -0.067139
v -0.085815 0.557251 -0.099121
v -0.046021 0.544922 -0.111572
v 0.000000 0.532837 -0.067749
v 0.053711 0.586060 -0.154053
v 0.046265 0.544922 -0.111572
v 0.090454 0.593506 -0.128784
v 0.108887 0.570190 -0.085083
v 0.119385 0.651855 -0.062500
v 0.118652 0.592163 -0.038086
v 0.087402 0.603760 0.009644
v 0.000000 0.568481 0.012085
v 0.000000 0.544189 -0.019287
v 0.037476 0.534058 -0.061645
v 0.038086 0.544678 -0.017334
v 0.045166 0.568481 0.012085
v 0.000000 0.602051 0.016968
v 0.085938 0.324097 -0.007446
v 0.098877 0.308594 0.042969
v 0.085938 0.239136 0.021606
v 0.072876 0.308594 0.042969
v 0.067627 0.314697 0.021362
v 0.072876 0.321777 0.000366
v 0.067017 0.260864 -0.048828
v 0.104858 0.260864 -0.048828
v 0.119995 0.162964 -0.047119
v 0.110352 0.248901 -0.010986
v 0.104858 0.242554 0.011841
v 0.067017 0.242554 0.011841
v 0.061523 0.248901 -0.010986
v 0.051758 0.162964 -0.047119
v 0.058716 0.171997 -0.083130
v 0.085938 0.263550 -0.056641
v 0.085938 0.174072 -0.096436
v 0.113159 0.171997 -0.085693
v 0.127075 0.060425 -0.019043
v 0.113159 0.158325 -0.010132
v 0.085938 0.158325 0.003418
v 0.085938 0.066406 0.002441
v 0.058716 0.158325 -0.010132
v 0.044678 0.060425 -0.019043
v 0.085938 0.055542 -0.134399
v 0.044678 0.053711 -0.114258
v 0.127075 0.053711 -0.114258
v 0.035034 0.052002 -0.066162
v 0.136719 0.052002 -0.066162
v -0.072754 0.321777 0.000366
v -0.066772 0.260864 -0.048828
v -0.066772 0.242554 0.011841
v -0.072754 0.308594 0.042969
v -0.085693 0.305908 0.051636
v -0.098633 0.308594 0.042969
v -0.104614 0.242554 0.011841
v -0.104004 0.314697 0.021362
v -0.110107 0.248901 -0.010986
v -0.104614 0.260864 -0.048828
v -0.085693 0.324097 -0.007446
v -0.085693 0.263550 -0.056641
v -0.051514 0.162964 -0.047119
v -0.061279 0.248901 -0.010986
v -0.058472 0.158325 -0.010132
v -0.085693 0.239136 0.021606
v -0.085693 0.158325 0.003418
v -0.119873 0.162964 -0.047119
v -0.085693 0.174072 -0.096436
v -0.058472 0.171997 -0.083130
v -0.044434 0.053711 -0.114258
v -0.034912 0.052002 -0.066162
v -0.044434 0.060425 -0.019043
v -0.085693 0.066406 0.002441
v -0.112915 0.158325 -0.010132
v -0.126953 0.060425 -0.019043
v -0.112915 0.171997 -0.085693
v -0.085693 0.055542 -0.134399
v -0.126953 0.053711 -0.114258
v -0.136475 0.052002 -0.066162
v -0.062012 0.512329 -0.041138
v -0.085693 0.338989 0.004639
v -0.072144 0.338989 0.014526
v -0.067383 0.314697 0.021362
v -0.099243 0.338989 0.014526
v -0.098633 0.321777 0.000366
v -0.085693 0.389526 -0.004639
v -0.110352 0.512329 -0.041138
v -0.114014 0.537720 -0.052734
v -0.087524 0.508667 -0.053955
v -0.085693 0.456421 -0.029785
v -0.034424 1.243164 0.230713
v -0.033081 1.239380 0.164795
v -0.026855 1.230713 0.174805
v -0.028076 1.234497 0.230591
v 0.000000 1.245483 0.288452
v 0.018677 1.237915 0.255005
v 0.022827 1.246582 0.265015
v 0.000000 1.253784 0.274658
v 0.066162 0.459839 -0.019287
v 0.085938 0.456421 -0.029785
v 0.087769 0.508667 -0.053955
v 0.110596 0.512329 -0.041138
v 0.105591 0.459839 -0.019287
v 0.100830 0.390747 0.005127
v 0.098877 0.321777 0.000366
v 0.104126 0.314697 0.021362
v 0.105591 0.338989 0.035889
v 0.099365 0.338989 0.061890
v 0.085938 0.305908 0.051636
v 0.066284 0.338989 0.035889
v 0.085938 0.338989 0.004639
v 0.071045 0.390747 0.006226
v 0.085938 0.389526 -0.004639
v -0.034790 1.210205 0.188965
v -0.041382 1.245117 0.206543
v -0.035645 1.212280 0.234375
v -0.042480 1.246704 0.237793
v -0.032715 1.213623 0.262818
v -0.023438 1.214600 0.281983
v -0.012939 1.215088 0.292969
v 0.000000 1.249634 0.299805
v 0.000000 1.215210 0.296387
v 0.013062 1.215088 0.292969
v 0.026245 1.248901 0.285523
v 0.023560 1.214600 0.281983
v 0.036499 1.248047 0.266236
v 0.032837 1.213623 0.262818
v 0.035767 1.212280 0.234375
v 0.034912 1.210205 0.188965
v 0.041504 1.245117 0.206543
v 0.051636 1.245117 0.206543
v 0.042603 1.246704 0.237793
v 0.014404 1.249512 0.296387
v 0.017944 1.249878 0.305298
v 0.000000 1.250122 0.308960
v -0.014282 1.249512 0.296387
v -0.034058 1.249268 0.291016
v -0.026123 1.248901 0.285523
v -0.036377 1.248047 0.266236
v -0.046875 1.248169 0.268677
v 0.043335 1.210205 0.188965
v 0.044434 1.212402 0.237183
v 0.052979 1.246826 0.240601
v 0.042358 1.213745 0.265259
v 0.046997 1.248169 0.268677
v 0.030762 1.214844 0.287476
v 0.034180 1.249268 0.291016
v 0.016235 1.215454 0.301758
v 0.000000 1.215698 0.305420
v -0.017822 1.249878 0.305298
v -0.016113 1.215454 0.301758
v -0.030640 1.214844 0.287476
v -0.042236 1.213745 0.265259
v -0.052856 1.246826 0.240601
v -0.044312 1.212402 0.237183
v -0.051514 1.245117 0.206543
v -0.043213 1.210205 0.188965
v -0.046631 1.267700 0.213989
v -0.037476 1.267700 0.213989
v -0.041382 1.272461 0.275269
v -0.032104 1.272339 0.273438
v -0.030029 1.273804 0.292237
v -0.015747 1.274658 0.303101
v 0.000000 1.274902 0.305908
v 0.012695 1.274170 0.296387
v 0.023071 1.273560 0.288086
v 0.030151 1.273804 0.292237
v 0.032227 1.272339 0.273438
v 0.041504 1.272461 0.275269
v 0.037964 1.270630 0.251709
v -0.043701 1.301392 0.202393
v -0.037842 1.270630 0.251709
v -0.039551 1.307129 0.256104
v -0.032104 1.308716 0.277832
v -0.022949 1.273560 0.288086
v -0.022949 1.309937 0.292481
v -0.012573 1.274170 0.296387
v -0.012573 1.310547 0.300781
v 0.000000 1.310791 0.303467
v 0.000000 1.274292 0.299072
v 0.012695 1.310547 0.300781
v 0.023071 1.309937 0.292481
v 0.032227 1.308716 0.277832
v 0.039673 1.307129 0.256104
v 0.037598 1.267700 0.213989
v 0.043823 1.301392 0.202393
v 0.046753 1.267700 0.213989
v 0.054565 1.301392 0.202393
v 0.047241 1.270874 0.253906
v 0.049438 1.307251 0.258301
v 0.041504 1.308960 0.279663
v 0.030151 1.310181 0.296631
v 0.015869 1.274658 0.303101
v 0.015869 1.311035 0.307495
v 0.000000 1.311279 0.310303
v -0.015747 1.311035 0.307495
v -0.030029 1.310181 0.296631
v -0.041382 1.308960 0.279663
v -0.049316 1.307251 0.258301
v -0.047119 1.270874 0.253906
v -0.054443 1.301392 0.202393
v 0.028198 1.234497 0.230591
v 0.026978 1.230713 0.174805
v 0.000000 1.230957 0.156494
v 0.000000 1.239746 0.142212
v 0.033203 1.239380 0.164795
v 0.034546 1.243164 0.230713
v 0.018677 1.255249 0.255127
v -0.018555 1.255249 0.255127
v -0.022705 1.246582 0.265015
v 0.000000 1.237793 0.273194
v -0.018555 1.238037 0.254883
v 0.028198 1.251831 0.230835
v -0.028076 1.251831 0.230835
v 0.026978 1.248047 0.174927
v 0.000000 1.248169 0.156738
v -0.026855 1.248047 0.174927
v -0.017334 1.496826 0.228760
v 0.012817 1.529907 0.159424
v 0.011108 1.506958 0.162964
v -0.024780 1.512939 0.157471
v -0.001709 1.502319 0.194336
v -0.024292 1.486572 0.222290
v -0.033203 1.479248 0.240479
v -0.032715 1.488037 0.220825
v -0.031616 1.507324 0.188965
v -0.018433 1.550781 0.131836
v -0.032959 1.524048 0.147461
v -0.057495 1.565674 0.174317
v -0.087036 1.535522 0.192139
v -0.083008 1.559204 0.197632
v -0.113770 1.537109 0.211426
v -0.066162 1.576172 0.158814
v -0.031128 1.559448 0.145630
v -0.010376 1.540405 0.101563
v -0.041992 1.555542 0.097046
v -0.045654 1.553833 0.067505
v -0.032227 1.599243 0.086792
v -0.036621 1.594482 0.103394
v -0.117920 1.593262 0.090454
v -0.082520 1.608521 0.082032
v -0.039673 1.594482 0.068482
v -0.080811 1.613281 0.092163
v -0.078369 1.608887 0.099488
v -0.078003 1.590332 0.098145
v -0.003052 1.545288 0.157837
v 0.004272 1.547241 0.130738
v 0.012451 1.545410 0.100952
v 0.029785 1.533325 0.104004
v 0.016846 1.558594 0.076538
v 0.028687 1.565063 0.044922
v 0.032349 1.549683 0.068482
v 0.066650 1.488403 0.040528
v 0.080444 1.474487 0.041382
v 0.077515 1.467407 0.037720
v 0.073975 1.497192 0.043946
v 0.060791 1.517456 0.051880
v 0.034424 1.536499 0.073242
v 0.053711 1.507935 0.050293
v 0.085815 1.466675 0.087525
v 0.087158 1.473877 0.081909
v 0.077637 1.489258 0.088745
v 0.080322 1.497803 0.083130
v 0.061401 1.505371 0.091309
v 0.067139 1.510986 0.085205
v -0.052368 1.526123 0.121826
v -0.095825 1.537109 0.175415
v -0.100342 1.560547 0.176880
v -0.008789 1.506348 0.099732
v 0.029785 1.507202 0.100464
v -0.013184 1.536865 0.194947
v -0.023926 1.543335 0.156128
v -0.031616 1.527466 0.189331
v -0.037598 1.498901 0.224854
v -0.025391 1.509399 0.225830
v 0.002075 1.521118 0.198609
v 0.020630 1.532227 0.130860
v 0.060669 1.514160 0.111817
v 0.020630 1.506226 0.140015
v 0.048218 1.508789 0.145874
v 0.051514 1.507324 0.106690
v 0.070312 1.486328 0.112793
v 0.036011 1.500122 0.146485
v 0.061523 1.486084 0.155884
v 0.064331 1.463135 0.161621
v 0.084229 1.459717 0.122437
v 0.075928 1.494019 0.117798
v 0.078979 1.449341 0.115845
v 0.052612 1.476440 0.157227
v 0.056274 1.454102 0.163819
v -0.004883 1.540405 0.085449
v 0.014160 1.546753 0.055664
v -0.001099 1.554199 0.077149
v 0.015015 1.543457 0.090454
v 0.019531 1.574463 0.047974
v 0.008179 1.570068 0.048218
v 0.022705 1.576172 0.010742
v 0.016846 1.561890 0.037110
v 0.030273 1.512573 0.067871
v -0.006836 1.506592 0.070801
v 0.018188 1.492554 0.025513
v -0.019043 1.458496 0.037842
v -0.009644 1.487915 0.037476
v 0.012085 1.460083 0.022827
v 0.024902 1.488037 0.029175
v 0.029663 1.503906 0.037354
v -0.006958 1.503662 0.045777
v 0.022705 1.532227 0.062500
v -0.004517 1.511719 0.042115
v 0.021484 1.511719 0.035645
v 0.006470 1.466797 0.020142
v -0.007568 1.492554 0.031983
v -0.017700 1.464600 0.031128
v -0.083130 1.588745 0.081665
v -0.055054 1.570435 0.071045
v -0.052490 1.573730 0.097412
v -0.016724 1.565552 0.101441
v -0.011841 1.567993 0.085083
v -0.007324 1.528198 0.059571
v -0.016846 1.559570 0.062134
v -0.044922 1.536255 0.065796
v -0.060425 1.504639 0.063233
v -0.071655 1.518921 0.058228
v -0.092163 1.481567 0.051880
v -0.082886 1.487305 0.056275
v -0.085449 1.487305 0.063111
v -0.094604 1.481567 0.058594
v -0.076660 1.518921 0.071656
v -0.065308 1.504639 0.076660
v -0.040039 1.536255 0.097779
v -0.040649 1.515991 0.108399
v -0.052612 1.551636 0.108765
v -0.033325 1.560791 0.121216
v -0.061646 1.560303 0.120728
v -0.043579 1.569702 0.133057
v -0.082520 1.566528 0.146729
v -0.095093 1.567993 0.190430
v -0.052734 1.533936 0.166748
v -0.070190 1.534424 0.142090
v -0.019897 1.512817 0.134522
v -0.034058 1.506714 0.094605
v -0.035400 1.506714 0.070679
v 0.980103 1.084351 -0.064697
v 0.967163 1.076172 -0.064697
v 0.968750 1.080933 -0.071533
v 0.786865 1.073975 -0.049072
v 0.787354 1.070190 -0.064697
v 0.800659 1.075562 -0.077637
v 0.786865 1.111816 -0.079956
v 0.800659 1.111450 -0.064453
v 0.800659 1.089844 -0.045776
v 0.800659 1.075562 -0.050659
v 0.800659 1.072144 -0.064697
v 0.822998 1.074951 -0.064697
v 0.800659 1.089844 -0.081543
v 0.822998 1.090454 -0.078857
v 0.800659 1.108887 -0.077270
v 0.800659 1.106812 -0.050293
v 0.822998 1.090454 -0.049072
v 0.822998 1.103638 -0.052978
v 0.822998 1.107300 -0.064453
v 0.839233 1.102539 -0.073974
v 0.822998 1.103638 -0.075195
v 0.822998 1.079712 -0.075195
v 0.853271 1.075317 -0.064697
v 0.822998 1.079712 -0.052978
v 0.839233 1.090454 -0.051513
v 0.853271 1.091431 -0.051636
v 0.839233 1.102539 -0.054809
v 0.853394 1.106201 -0.064453
v 0.839233 1.106201 -0.064453
v 0.853394 1.102539 -0.074097
v 0.839233 1.090454 -0.077148
v 0.853271 1.091431 -0.077392
v 0.853271 1.080078 -0.074097
v 0.889038 1.073486 -0.064697
v 0.889038 1.078247 -0.053222
v 0.853271 1.080078 -0.054809
v 0.889038 1.102539 -0.053222
v 0.853394 1.102539 -0.054809
v 0.889038 1.106201 -0.064453
v 0.889038 1.092041 -0.080200
v 0.889038 1.078247 -0.076294
v 0.913208 1.074829 -0.077637
v 0.913208 1.070068 -0.064697
v 0.900635 1.092163 -0.048340
v 0.889038 1.092041 -0.049560
v 0.889038 1.102539 -0.076294
v 0.900635 1.102539 -0.077270
v 0.900635 1.092163 -0.081543
v 0.927368 1.072998 -0.077270
v 0.913208 1.074829 -0.051880
v 0.913452 1.102661 -0.051758
v 0.900635 1.102539 -0.052246
v 0.900635 1.106201 -0.064453
v 0.913452 1.106323 -0.064453
v 0.913452 1.102661 -0.077881
v 0.913330 1.091919 -0.082275
v 0.947510 1.073486 -0.075439
v 0.947510 1.068726 -0.064697
v 0.927368 1.068237 -0.064697
v 0.927368 1.072998 -0.052368
v 0.930176 1.092041 -0.048218
v 0.913330 1.091919 -0.047729
v 0.930420 1.102661 -0.052124
v 0.930420 1.106323 -0.064453
v 0.954712 1.102661 -0.075683
v 0.930420 1.102661 -0.077514
v 0.930176 1.092041 -0.081787
v 0.954102 1.092285 -0.079346
v 0.978394 1.102539 -0.072754
v 0.954712 1.106201 -0.064453
v 0.954712 1.102661 -0.054077
v 0.954102 1.092285 -0.050903
v 0.947510 1.073486 -0.054321
v 0.983887 1.106201 -0.064453
v 0.977173 1.092651 -0.075439
v 0.968750 1.080933 -0.058472
v 0.977173 1.092651 -0.055054
v 0.985840 1.092651 -0.064819
v 0.978394 1.102539 -0.057129
v 0.660889 1.088257 -0.024902
v 0.630493 1.072998 -0.070923
v 0.630493 1.091431 -0.090332
v 0.641968 1.091431 -0.089233
v 0.630493 1.105835 -0.083984
v 0.641968 1.105835 -0.082763
v 0.641968 1.111206 -0.069580
v 0.662964 1.115112 -0.043091
v 0.662476 1.111938 -0.030762
v 0.641968 1.091553 -0.050903
v 0.630493 1.091431 -0.052246
v 0.641968 1.105835 -0.056030
v 0.630493 1.105835 -0.057373
v 0.630493 1.111206 -0.070923
v 0.617676 1.111206 -0.072388
v 0.617554 1.091431 -0.091553
v 0.630493 1.078247 -0.083984
v 0.630493 1.078247 -0.057373
v 0.617676 1.105835 -0.058838
v 0.562256 1.105835 -0.065063
v 0.617676 1.105835 -0.085449
v 0.562256 1.105835 -0.091675
v 0.562256 1.091431 -0.096802
v 0.617676 1.078247 -0.085449
v 0.617676 1.072998 -0.072388
v 0.562256 1.078247 -0.065063
v 0.617676 1.078247 -0.058838
v 0.562256 1.091431 -0.059936
v 0.617676 1.091431 -0.053711
v -0.799194 1.089966 -0.040161
v -0.799194 1.075928 -0.036499
v -0.819580 1.079956 -0.035034
v -0.799194 1.072510 -0.024902
v -0.819580 1.075317 -0.024902
v -0.799194 1.089966 -0.007812
v -0.819580 1.103394 -0.013672
v -0.819580 1.090454 -0.009888
v -0.834229 1.102295 -0.015137
v -0.834229 1.090454 -0.011719
v -0.801147 1.072144 -0.064697
v -0.787720 1.070190 -0.064697
v -0.790527 1.089600 -0.083862
v -0.801147 1.108887 -0.077270
v -0.787231 1.111816 -0.049072
v -0.790527 1.089600 -0.044555
v -0.801147 1.089844 -0.045776
v -0.801147 1.075562 -0.050659
v -0.823486 1.074951 -0.064697
v -0.801147 1.075562 -0.077637
v -0.823486 1.079712 -0.075195
v -0.823486 1.090454 -0.078857
v -0.801147 1.089844 -0.081543
v -0.823486 1.103638 -0.075195
v -0.823486 1.107300 -0.064453
v -0.801147 1.111450 -0.064453
v -0.823486 1.103638 -0.052978
v -0.801147 1.106812 -0.050293
v -0.823486 1.090454 -0.049072
v -0.839600 1.090454 -0.051513
v -0.839722 1.106201 -0.064453
v -0.839600 1.090454 -0.077148
v -0.853760 1.075317 -0.064697
v -0.823486 1.079712 -0.052978
v -0.853760 1.080078 -0.054809
v -0.839722 1.102539 -0.054809
v -0.853760 1.106201 -0.064453
v -0.839722 1.102539 -0.073974
v -0.853760 1.091431 -0.077392
v -0.853760 1.080078 -0.074097
v -0.889404 1.073486 -0.064697
v -0.853760 1.091431 -0.051636
v -0.853760 1.102539 -0.054809
v -0.853760 1.102539 -0.074097
v -0.889404 1.092041 -0.080200
v -0.889404 1.078247 -0.076294
v -0.901001 1.092163 -0.081543
v -0.913696 1.074829 -0.077637
v -0.913696 1.070068 -0.064697
v -0.913696 1.074829 -0.051880
v -0.889404 1.078247 -0.053222
v -0.889404 1.092041 -0.049560
v -0.901123 1.102539 -0.052246
v -0.889526 1.102539 -0.053222
v -0.889526 1.106201 -0.064453
v -0.901123 1.106201 -0.064453
v -0.889526 1.102539 -0.076294
v -0.913940 1.102661 -0.077881
v -0.913818 1.091919 -0.082275
v -0.913818 1.091919 -0.047729
v -0.901001 1.092163 -0.048340
v -0.913940 1.102661 -0.051758
v -0.913940 1.106323 -0.064453
v -0.901123 1.102539 -0.077270
v -0.930908 1.102661 -0.077514
v -0.930542 1.092041 -0.081787
v -0.927856 1.072998 -0.077270
v -0.927856 1.068237 -0.064697
v -0.947998 1.068726 -0.064697
v -0.927856 1.072998 -0.052368
v -0.955200 1.102661 -0.075683
v -0.954468 1.092285 -0.079346
v -0.978882 1.102539 -0.072754
v -0.955200 1.106201 -0.064453
v -0.930908 1.106323 -0.064453
v -0.930908 1.102661 -0.052124
v -0.930542 1.092041 -0.048218
v -0.947998 1.073486 -0.054321
v -0.954468 1.092285 -0.050903
v -0.977661 1.092651 -0.055054
v -0.955200 1.102661 -0.054077
v -0.978882 1.102539 -0.057129
v -0.984375 1.106201 -0.064453
v -0.986328 1.092651 -0.064819
v -0.977661 1.092651 -0.075439
v -0.969238 1.080933 -0.071533
v -0.947998 1.073486 -0.075439
v -0.969238 1.080933 -0.058472
v -0.980591 1.084351 -0.064697
v -0.967651 1.076172 -0.064697
v -0.718872 1.077148 0.073364
v -0.723755 1.090454 0.073364
v -0.718994 1.102539 0.073487
v -0.702148 1.109375 -0.002685
v -0.719116 1.105225 -0.001098
v -0.723877 1.085938 0.000244
v -0.720215 1.087891 0.012573
v -0.680176 1.057739 -0.012573
v -0.698120 1.049805 -0.057861
v -0.698120 1.052246 -0.065430
v -0.693848 1.085327 -0.119751
v -0.722046 1.117798 -0.097290
v -0.701050 1.110474 -0.010254
v -0.689697 1.087891 0.012573
v -0.680298 1.085938 -0.004394
v -0.693481 1.071167 0.012573
v -0.685181 1.064941 -0.004394
v -0.674561 1.085083 -0.012573
v -0.668457 1.055298 -0.031372
v -0.663696 1.055542 -0.065918
v -0.642456 1.078247 -0.082763
v -0.665771 1.057495 -0.102173
v -0.664551 1.084595 -0.110229
v -0.665039 1.111938 -0.102173
v -0.693237 1.116821 -0.094971
v -0.692993 1.118652 -0.065552
v -0.722046 1.119507 -0.065185
v -0.722168 1.117798 -0.033081
v -0.696655 1.113892 -0.021362
v -0.680176 1.106445 -0.012573
v -0.787354 1.073975 -0.090942
v -0.797363 1.106445 -0.091186
v -0.787231 1.112915 -0.104126
v -0.797363 1.111084 -0.104126
v -0.797363 1.089966 -0.120972
v -0.797363 1.075928 -0.116821
v -0.787354 1.073975 -0.117676
v -0.797363 1.072510 -0.104370
v -0.797363 1.075928 -0.091553
v -0.797363 1.089966 -0.087158
v -0.819580 1.107056 -0.104126
v -0.797363 1.105957 -0.116577
v -0.819580 1.090454 -0.117920
v -0.819580 1.079956 -0.114380
v -0.846924 1.080200 -0.113403
v -0.879272 1.078491 -0.114746
v -0.879272 1.073853 -0.104248
v -0.901123 1.070557 -0.104248
v -0.913940 1.068726 -0.104248
v -0.932251 1.073853 -0.114014
v -0.932251 1.069214 -0.104248
v -0.949951 1.076416 -0.104248
v -0.913940 1.073364 -0.093139
v -0.901123 1.075195 -0.092651
v -0.847046 1.075562 -0.104248
v -0.819580 1.075317 -0.104248
v -0.846924 1.080200 -0.094848
v -0.819580 1.079956 -0.093139
v -0.834229 1.090454 -0.091553
v -0.819580 1.090454 -0.089355
v -0.819580 1.103394 -0.093139
v -0.819580 1.103394 -0.114380
v -0.834229 1.090454 -0.116455
v -0.847046 1.091431 -0.116455
v -0.834229 1.102295 -0.113281
v -0.834229 1.105835 -0.104126
v -0.834229 1.102295 -0.094848
v -0.847046 1.091431 -0.091797
v -0.879272 1.092041 -0.090576
v -0.879272 1.078491 -0.093872
v -0.916504 1.092041 -0.089355
v -0.932251 1.073853 -0.094848
v -0.938110 1.092285 -0.091797
v -0.960083 1.102295 -0.097534
v -0.965088 1.105835 -0.104126
v -0.966919 1.092529 -0.104370
v -0.961670 1.084473 -0.104370
v -0.958984 1.092529 -0.095581
v -0.951416 1.081055 -0.098633
v -0.951416 1.081055 -0.110473
v -0.958984 1.092529 -0.113891
v -0.960083 1.102295 -0.111572
v -0.938721 1.105957 -0.104126
v -0.916748 1.105957 -0.104126
v -0.938721 1.102417 -0.094604
v -0.916748 1.102417 -0.092895
v -0.901245 1.091919 -0.088867
v -0.901367 1.102539 -0.092529
v -0.889771 1.092163 -0.089477
v -0.889771 1.102295 -0.093017
v -0.847046 1.102295 -0.094848
v -0.847046 1.105835 -0.104126
v -0.879272 1.105835 -0.104126
v -0.847046 1.102295 -0.113403
v -0.901123 1.075195 -0.116089
v -0.901245 1.091919 -0.120117
v -0.913940 1.073364 -0.115722
v -0.916504 1.092041 -0.119751
v -0.938110 1.092285 -0.117554
v -0.938721 1.102417 -0.114258
v -0.916748 1.102417 -0.115845
v -0.901367 1.106079 -0.104126
v -0.879272 1.102295 -0.093872
v -0.889771 1.105835 -0.104126
v -0.879272 1.102295 -0.114746
v -0.879272 1.092041 -0.118286
v -0.889771 1.102295 -0.115600
v -0.889771 1.092163 -0.119507
v -0.901367 1.102539 -0.116211
v 0.846558 1.091431 -0.012451
v 0.878906 1.105835 -0.024658
v 0.846558 1.102295 -0.015381
v 0.846558 1.080200 -0.015381
v 0.819214 1.090454 -0.009888
v 0.819214 1.103394 -0.013672
v 0.833740 1.090454 -0.011719
v 0.786743 1.110962 -0.037597
v 0.819092 1.079956 -0.035034
v 0.846558 1.080200 -0.033935
v 0.878784 1.092041 -0.038818
v 0.889282 1.092163 -0.040039
v 0.889282 1.102295 -0.036133
v 0.916382 1.102417 -0.036499
v 0.916382 1.105957 -0.024658
v 0.916382 1.102417 -0.013428
v 0.938232 1.102417 -0.015259
v 0.958618 1.092529 -0.016113
v 0.951050 1.081055 -0.019287
v 0.951050 1.081055 -0.031006
v 0.949463 1.076416 -0.024902
v 0.931763 1.073853 -0.034546
v 0.931763 1.069214 -0.024902
v 0.931763 1.073853 -0.015503
v 0.913574 1.073364 -0.013672
v 0.901001 1.102539 -0.013183
v 0.790039 1.089600 -0.041504
v 0.786865 1.073975 -0.037842
v 0.759399 1.067383 -0.010620
v 0.786865 1.089600 -0.007080
v 0.819092 1.075317 -0.024902
v 0.798828 1.072510 -0.024902
v 0.798828 1.075928 -0.036499
v 0.786865 1.070679 -0.024902
v 0.786865 1.073975 -0.011841
v 0.761108 1.067749 -0.064697
v 0.790039 1.089600 -0.044555
v 0.786743 1.111816 -0.049072
v 0.787231 1.115723 -0.064453
v 0.770142 1.111450 -0.103638
v 0.786865 1.110596 -0.090332
v 0.786743 1.107910 -0.117309
v 0.761108 1.068237 -0.118896
v 0.761108 1.068115 -0.100342
v 0.786865 1.073975 -0.079834
v 0.790039 1.089600 -0.083862
v 0.770142 1.111572 -0.024414
v 0.798828 1.108521 -0.036255
v 0.786743 1.112915 -0.024658
v 0.663330 1.055542 -0.065918
v 0.665283 1.057495 -0.102173
v 0.698120 1.050049 -0.113037
v 0.693115 1.113892 -0.112182
v 0.664673 1.111938 -0.102173
v 0.721558 1.119507 -0.065185
v 0.721680 1.117798 -0.033081
v 0.722290 1.113525 -0.014892
v 0.700562 1.110474 -0.010254
v 0.689209 1.087891 0.012573
v 0.684692 1.064941 -0.004394
v 0.674072 1.085083 -0.012573
v 0.667969 1.055298 -0.031372
v 0.641968 1.078247 -0.056030
v 0.641968 1.072998 -0.069580
v 0.641968 1.078247 -0.082763
v 0.664185 1.084595 -0.110229
v 0.664062 1.115112 -0.090454
v 0.692749 1.116821 -0.094971
v 0.692505 1.118652 -0.065552
v 0.663452 1.117188 -0.065918
v 0.693481 1.116821 -0.038208
v 0.696167 1.113892 -0.021362
v 0.679810 1.106445 -0.012573
v 0.679932 1.085938 -0.004394
v 0.691162 1.088989 0.024292
v 0.694458 1.102539 0.024292
v 0.704590 1.106567 0.035767
v 0.704468 1.106567 0.012573
v 0.718628 1.105225 -0.001098
v 0.721313 1.106445 -0.007812
v 0.718628 1.064941 -0.000244
v 0.694336 1.077759 0.035767
v 0.690918 1.089966 0.035767
v 0.691528 1.102539 0.057007
v 0.694336 1.102539 0.035767
v 0.714600 1.102539 0.024292
v 0.704468 1.106567 0.024292
v 0.715820 1.102539 0.012573
v 0.718018 1.088989 0.024292
v 0.719727 1.087891 0.012573
v 0.723511 1.085938 0.000244
v 0.701660 1.060547 -0.002319
v 0.721313 1.057739 -0.006714
v 0.700562 1.053345 -0.009643
v 0.679810 1.057739 -0.012573
v 0.704468 1.066772 0.012573
v 0.715820 1.071167 0.012573
v 0.714844 1.077759 0.035767
v 0.714844 1.102539 0.035767
v 0.704712 1.106567 0.057007
v 0.704712 1.106567 0.064820
v 0.687256 1.090576 0.057007
v 0.691528 1.079590 0.057007
v 0.704834 1.072754 0.073364
v 0.704712 1.075195 0.057007
v 0.722900 1.090698 0.064820
v 0.718262 1.102539 0.064820
v 0.722534 1.090698 0.086670
v 0.704834 1.070190 0.086426
v 0.691895 1.074585 0.086426
v 0.696899 1.078369 0.103028
v 0.705078 1.074951 0.106445
v 0.694214 1.091064 0.114990
v 0.687622 1.090698 0.086670
v 0.697021 1.102539 0.109741
v 0.704834 1.106567 0.086548
v 0.705078 1.106567 0.114746
v 0.713013 1.102539 0.109741
v 0.705688 1.091064 0.122437
v 0.716309 1.091064 0.114990
v 0.713135 1.078369 0.103028
v 0.717773 1.074585 0.086426
v 0.718140 1.102539 0.086548
v 0.704834 1.106567 0.073487
v 0.691650 1.102539 0.086548
v 0.691040 1.102539 0.073487
v 0.691162 1.077148 0.073364
v 0.686768 1.090454 0.073364
v 0.687012 1.090698 0.064820
v 0.691284 1.102539 0.064820
v 0.717896 1.102539 0.057007
v 0.722412 1.090576 0.057007
v 0.718262 1.089966 0.035767
v 0.717896 1.079590 0.057007
v 0.704590 1.073364 0.035767
v 0.692993 1.071167 0.012573
v 0.692993 1.102539 0.012573
v 0.684692 1.105225 -0.004394
v 0.701660 1.109375 -0.002685
v 0.753418 1.114990 -0.027221
v 0.753418 1.117188 -0.064819
v 0.721558 1.117798 -0.097290
v 0.721558 1.113525 -0.115722
v 0.693359 1.085327 -0.119751
v 0.734985 1.052368 -0.087158
v 0.697754 1.049805 -0.073730
v 0.697754 1.052246 -0.065430
v 0.732056 1.057251 -0.064819
v 0.697754 1.049805 -0.057861
v 0.699951 1.046753 -0.023071
v 0.729858 1.052490 -0.013305
v 0.727051 1.085083 -0.005981
v 0.753418 1.086792 -0.006347
v 0.786743 1.107910 -0.011352
v 0.753418 1.112183 -0.010132
v 0.770386 1.114746 -0.064697
v 0.753418 1.115112 -0.100097
v 0.753418 1.112183 -0.117431
v 0.722534 1.085938 -0.122680
v 0.753418 1.086792 -0.123535
v 0.732056 1.052856 -0.116577
v 0.735840 1.052246 -0.039062
v 0.759521 1.067871 -0.031250
v 0.798828 1.106445 -0.011841
v 0.798828 1.111084 -0.024658
v 0.798706 1.089966 -0.040161
v 0.819214 1.090454 -0.038452
v 0.833740 1.090454 -0.037353
v 0.846558 1.091431 -0.037109
v 0.901001 1.106079 -0.024658
v 0.889282 1.092163 -0.010010
v 0.900879 1.091919 -0.009521
v 0.900757 1.070557 -0.024902
v 0.913574 1.068726 -0.024902
v 0.913574 1.073364 -0.036255
v 0.916016 1.092041 -0.040283
v 0.937622 1.092285 -0.038086
v 0.961304 1.084473 -0.024902
v 0.958618 1.092529 -0.034546
v 0.938232 1.102417 -0.034790
v 0.959717 1.102295 -0.032226
v 0.938232 1.105957 -0.024658
v 0.964722 1.105835 -0.024658
v 0.959717 1.102295 -0.018066
v 0.966431 1.092529 -0.024902
v 0.718384 1.077148 0.073364
v 0.723267 1.090454 0.073364
v 0.718628 1.102539 0.073487
v -0.960083 1.102295 -0.032226
v -0.965088 1.105835 -0.024658
v -0.960083 1.102295 -0.018066
v -0.938721 1.102417 -0.034790
v -0.938110 1.092285 -0.038086
v -0.958984 1.092529 -0.034546
v -0.966919 1.092529 -0.024902
v -0.938721 1.105957 -0.024658
v -0.916748 1.102417 -0.036499
v -0.913940 1.068726 -0.024902
v -0.913940 1.073364 -0.013672
v -0.889771 1.092163 -0.010010
v -0.889771 1.105835 -0.024658
v -0.879272 1.102295 -0.035278
v -0.847046 1.091431 -0.037109
v -0.819580 1.090454 -0.038452
v -0.819580 1.103394 -0.035034
v -0.799194 1.106445 -0.011841
v -0.787354 1.089600 -0.007080
v -0.759888 1.067383 -0.010620
v -0.732544 1.057251 -0.064819
v -0.761597 1.067749 -0.064697
v -0.761597 1.068237 -0.118896
v -0.732544 1.052856 -0.116577
v -0.753906 1.086792 -0.123535
v -0.753906 1.112183 -0.117431
v -0.753906 1.115112 -0.100097
v -0.770630 1.111450 -0.103638
v -0.787231 1.111816 -0.079956
v -0.787598 1.115723 -0.064453
v -0.787231 1.110962 -0.037597
v -0.787354 1.073975 -0.037842
v -0.760010 1.067871 -0.031250
v -0.787354 1.073975 -0.049072
v -0.787354 1.073975 -0.079834
v -0.761597 1.068115 -0.100342
v -0.787354 1.070679 -0.104248
v -0.787354 1.089600 -0.122558
v -0.787231 1.107910 -0.117309
v -0.787231 1.110596 -0.090332
v -0.790527 1.089600 -0.087036
v -0.951416 1.081055 -0.031006
v -0.949951 1.076416 -0.024902
v -0.961670 1.084473 -0.024902
v -0.958984 1.092529 -0.016113
v -0.951416 1.081055 -0.019287
v -0.932251 1.073853 -0.034546
v -0.932251 1.069214 -0.024902
v -0.932251 1.073853 -0.015503
v -0.916504 1.092041 -0.010010
v -0.901245 1.091919 -0.009521
v -0.901367 1.102539 -0.013183
v -0.901367 1.106079 -0.024658
v -0.901367 1.102539 -0.036743
v -0.916504 1.092041 -0.040283
v -0.913940 1.073364 -0.036255
v -0.901123 1.075195 -0.036621
v -0.901123 1.070557 -0.024902
v -0.901123 1.075195 -0.013305
v -0.879272 1.078491 -0.014404
v -0.889771 1.102295 -0.013672
v -0.879272 1.102295 -0.014404
v -0.879272 1.105835 -0.024658
v -0.847046 1.102295 -0.033935
v -0.834229 1.090454 -0.037353
v -0.834229 1.102295 -0.034180
v -0.819580 1.107056 -0.024658
v -0.847046 1.105835 -0.024658
v -0.847046 1.102295 -0.015381
v -0.879272 1.092041 -0.011108
v -0.846924 1.075562 -0.024902
v -0.879272 1.073853 -0.024902
v -0.879272 1.078491 -0.035278
v -0.889771 1.092163 -0.040039
v -0.901245 1.091919 -0.040771
v -0.916748 1.105957 -0.024658
v -0.938721 1.102417 -0.015259
v -0.916748 1.102417 -0.013428
v -0.938110 1.092285 -0.012329
v -0.889771 1.102295 -0.036133
v -0.879272 1.092041 -0.038818
v -0.846924 1.080200 -0.033935
v -0.819580 1.079956 -0.013672
v -0.846924 1.080200 -0.015381
v -0.847046 1.091431 -0.012451
v -0.834229 1.105835 -0.024658
v -0.799194 1.075928 -0.012085
v -0.787354 1.073975 -0.011841
v -0.787354 1.070679 -0.024902
v -0.790527 1.089600 -0.041504
v -0.799194 1.108521 -0.036255
v -0.770508 1.111572 -0.024414
v -0.787231 1.112915 -0.024658
v -0.787231 1.107910 -0.011352
v -0.799194 1.111084 -0.024658
v -0.642456 1.105835 -0.056030
v -0.663330 1.115112 -0.043091
v -0.663818 1.117188 -0.065918
v -0.662964 1.111938 -0.030762
v -0.661255 1.088257 -0.024902
v -0.642456 1.091553 -0.050903
v -0.642456 1.078247 -0.056030
v -0.642456 1.072998 -0.069580
v -0.630859 1.072998 -0.070923
v -0.630859 1.078247 -0.083984
v -0.642456 1.091431 -0.089233
v -0.630859 1.091431 -0.090332
v -0.630859 1.105835 -0.083984
v -0.642456 1.105835 -0.082763
v -0.642456 1.111206 -0.069580
v -0.664429 1.115112 -0.090454
v -0.693970 1.116821 -0.038208
v -0.630859 1.091431 -0.052246
v -0.630859 1.078247 -0.057373
v -0.618042 1.078247 -0.058838
v -0.618042 1.072998 -0.072388
v -0.618042 1.078247 -0.085449
v -0.618042 1.091431 -0.091553
v -0.618042 1.105835 -0.085449
v -0.630859 1.111206 -0.070923
v -0.630859 1.105835 -0.057373
v -0.618042 1.091431 -0.053711
v -0.562744 1.091431 -0.059936
v -0.562744 1.078247 -0.065063
v -0.562744 1.072998 -0.078613
v -0.562744 1.078247 -0.091675
v -0.562744 1.111206 -0.078613
v -0.618042 1.111206 -0.072388
v -0.562744 1.105835 -0.065063
v -0.618042 1.105835 -0.058838
v -0.753906 1.086792 -0.006347
v -0.727417 1.085083 -0.005981
v -0.730347 1.052490 -0.013305
v -0.736328 1.052246 -0.039062
v -0.698120 1.049805 -0.073730
v -0.735474 1.052368 -0.087158
v -0.698608 1.050049 -0.113037
v -0.723022 1.085938 -0.122680
v -0.721924 1.113525 -0.115722
v -0.693481 1.113892 -0.112182
v -0.753906 1.117188 -0.064819
v -0.770752 1.114746 -0.064697
v -0.753906 1.114990 -0.027221
v -0.753906 1.112183 -0.010132
v -0.722778 1.113525 -0.014892
v -0.721802 1.106445 -0.007812
v -0.685181 1.105225 -0.004394
v -0.693481 1.102539 0.012573
v -0.691528 1.088989 0.024292
v -0.704956 1.073364 0.035767
v -0.722900 1.090576 0.057007
v -0.718697 1.102489 0.056953
v -0.718750 1.102539 0.064820
v -0.691406 1.102539 0.073487
v -0.687378 1.090698 0.064820
v -0.687134 1.090454 0.073364
v -0.692017 1.102539 0.086548
v -0.705200 1.106567 0.073487
v -0.718628 1.102539 0.086548
v -0.713501 1.102539 0.109741
v -0.718262 1.074585 0.086426
v -0.705322 1.070190 0.086426
v -0.713501 1.078369 0.103028
v -0.716675 1.091064 0.114990
v -0.705322 1.106567 0.086548
v -0.697388 1.102539 0.109741
v -0.688110 1.090698 0.086670
v -0.694702 1.091064 0.114990
v -0.705444 1.106567 0.114746
v -0.706177 1.091064 0.122437
v -0.705444 1.074951 0.106445
v -0.697388 1.078369 0.103028
v -0.692383 1.074585 0.086426
v -0.723022 1.090698 0.086670
v -0.723267 1.090698 0.064820
v -0.718384 1.079590 0.057007
v -0.705200 1.072754 0.073364
v -0.705200 1.075195 0.057007
v -0.691650 1.077148 0.073364
v -0.692017 1.079590 0.057007
v -0.691772 1.102539 0.064820
v -0.692017 1.102539 0.057007
v -0.705200 1.106567 0.064820
v -0.715210 1.102539 0.035767
v -0.718750 1.089966 0.035767
v -0.715088 1.102539 0.024292
v -0.715210 1.077759 0.035767
v -0.702148 1.060547 -0.002319
v -0.700439 1.046753 -0.023071
v -0.701050 1.053345 -0.009643
v -0.721802 1.057739 -0.006714
v -0.719116 1.064941 -0.000244
v -0.704834 1.066772 0.012573
v -0.716309 1.071167 0.012573
v -0.718384 1.088989 0.024292
v -0.716309 1.102539 0.012573
v -0.704834 1.106567 0.012573
v -0.704956 1.106567 0.024292
v -0.694824 1.102539 0.024292
v -0.704956 1.106567 0.035767
v -0.705200 1.106567 0.057007
v -0.694702 1.102539 0.035767
v -0.691406 1.089966 0.035767
v -0.687744 1.090576 0.057007
v -0.694702 1.077759 0.035767
v 0.786865 1.073975 -0.090942
v 0.786865 1.070679 -0.104248
v 0.786865 1.073975 -0.117676
v 0.796997 1.075928 -0.116821
v 0.786865 1.089600 -0.122558
v 0.796875 1.089966 -0.120972
v 0.796875 1.105957 -0.116577
v 0.786743 1.112915 -0.104126
v 0.790039 1.089600 -0.087036
v 0.796997 1.089966 -0.087158
v 0.819092 1.079956 -0.093139
v 0.796997 1.075928 -0.091553
v 0.819092 1.075317 -0.104248
v 0.796997 1.072510 -0.104370
v 0.819092 1.079956 -0.114380
v 0.819214 1.090454 -0.117920
v 0.796875 1.111084 -0.104126
v 0.796875 1.106445 -0.091186
v 0.819214 1.103394 -0.093139
v 0.819214 1.090454 -0.089355
v 0.833862 1.102295 -0.094848
v 0.819214 1.107056 -0.104126
v 0.833862 1.102295 -0.113281
v 0.819214 1.103394 -0.114380
v 0.833740 1.090454 -0.116455
v 0.846558 1.080200 -0.113403
v 0.846558 1.080200 -0.094848
v 0.833740 1.090454 -0.091553
v 0.833862 1.105835 -0.104126
v 0.878784 1.078491 -0.114746
v 0.846558 1.075562 -0.104248
v 0.878784 1.092041 -0.090576
v 0.846558 1.091431 -0.091797
v 0.878906 1.102295 -0.093872
v 0.846558 1.102295 -0.094848
v 0.846558 1.105835 -0.104126
v 0.846558 1.102295 -0.113403
v 0.846558 1.091431 -0.116455
v 0.878906 1.102295 -0.114746
v 0.878784 1.092041 -0.118286
v 0.900757 1.075195 -0.116089
v 0.900757 1.070557 -0.104248
v 0.878784 1.073853 -0.104248
v 0.900757 1.075195 -0.092651
v 0.878784 1.078491 -0.093872
v 0.889282 1.092163 -0.089477
v 0.878906 1.105835 -0.104126
v 0.889282 1.105835 -0.104126
v 0.889282 1.102295 -0.115600
v 0.901001 1.106079 -0.104126
v 0.889282 1.102295 -0.093017
v 0.913574 1.073364 -0.093139
v 0.889282 1.092163 -0.119507
v 0.938232 1.102417 -0.114258
v 0.938232 1.105957 -0.104126
v 0.964722 1.105835 -0.104126
v 0.938232 1.102417 -0.094604
v 0.916382 1.105957 -0.104126
v 0.916382 1.102417 -0.092895
v 0.901001 1.102539 -0.092529
v 0.916016 1.092041 -0.089355
v 0.900879 1.091919 -0.088867
v 0.931763 1.069214 -0.104248
v 0.913574 1.068726 -0.104248
v 0.913574 1.073364 -0.115722
v 0.916016 1.092041 -0.119751
v 0.900879 1.091919 -0.120117
v 0.901001 1.102539 -0.116211
v 0.916382 1.102417 -0.115845
v 0.937622 1.092285 -0.117554
v 0.959717 1.102295 -0.111572
v 0.966431 1.092529 -0.104370
v 0.961304 1.084473 -0.104370
v 0.958618 1.092529 -0.095581
v 0.959717 1.102295 -0.097534
v 0.937622 1.092285 -0.091797
v 0.951050 1.081055 -0.098633
v 0.949463 1.076416 -0.104248
v 0.931763 1.073853 -0.094848
v 0.931763 1.073853 -0.114014
v 0.951050 1.081055 -0.110473
v 0.958618 1.092529 -0.113891
v 0.937622 1.092285 -0.012329
v 0.916016 1.092041 -0.010010
v 0.901001 1.102539 -0.036743
v 0.900879 1.091919 -0.040771
v 0.900757 1.075195 -0.036621
v 0.878784 1.078491 -0.035278
v 0.878784 1.073853 -0.024902
v 0.846558 1.075562 -0.024902
v 0.819092 1.079956 -0.013672
v 0.798828 1.075928 -0.012085
v 0.798828 1.089966 -0.007812
v 0.833862 1.102295 -0.015137
v 0.846558 1.105835 -0.024658
v 0.846558 1.102295 -0.033935
v 0.833862 1.105835 -0.024658
v 0.819214 1.107056 -0.024658
v 0.819214 1.103394 -0.035034
v 0.833862 1.102295 -0.034180
v 0.878906 1.102295 -0.035278
v 0.889282 1.105835 -0.024658
v 0.878906 1.102295 -0.014404
v 0.889282 1.102295 -0.013672
v 0.878784 1.092041 -0.011108
v 0.878784 1.078491 -0.014404
v 0.900757 1.075195 -0.013305
v 0.068726 1.080566 0.027588
v 0.000000 1.117310 -0.151001
v 0.051147 1.110229 -0.141846
v 0.115112 0.728760 -0.173340
v 0.119751 0.640991 -0.173340
v 0.069946 0.542236 -0.213745
v 0.071655 0.450928 -0.213745
v 0.073608 0.354248 -0.213745
v 0.129395 0.354248 -0.173340
v 0.069580 0.354248 -0.202270
v 0.122314 0.354248 -0.161621
v 0.052734 1.162231 0.044800
v 0.051636 1.135986 0.036133
v 0.068237 1.129883 0.045899
v 0.111328 1.090454 0.020020
v 0.125122 1.095459 -0.007080
v -0.070312 1.083008 0.020630
v -0.079712 1.102661 -0.016357
v -0.121948 0.899292 -0.095825
v -0.112793 0.984131 -0.083130
v -0.100342 1.004639 -0.150268
v -0.100098 1.052856 -0.054077
v -0.067261 1.139038 -0.048340
v -0.052856 1.148193 0.023926
v -0.043823 1.175903 0.005371
v 0.106323 1.136230 0.004151
v 0.095215 1.134033 0.031250
v 0.079956 1.170288 0.006348
v 0.045532 1.201416 0.025513
v 0.073120 1.169556 0.032349
v 0.075317 1.143677 0.025635
v 0.076538 1.141479 0.025147
v 0.104126 1.089844 0.012573
v 0.078735 1.085815 0.023071
v -0.026245 1.176636 0.029297
v -0.079224 1.029297 0.012451
v -0.097412 0.893188 -0.010620
v -0.103760 0.810913 -0.014282
v -0.106934 0.728760 -0.013672
v -0.119141 0.651855 -0.062500
v -0.122070 0.728760 -0.101196
v -0.106323 0.651855 -0.135010
v -0.108765 0.728760 -0.161621
v 0.000000 0.728760 -0.214844
v 0.000000 0.651856 -0.196777
v 0.059326 0.728760 -0.202270
v 0.056396 0.651856 -0.186035
v 0.107178 0.728760 -0.013672
v 0.108398 0.651855 -0.006836
v 0.057617 0.651855 0.007446
v 0.097534 0.893188 -0.010620
v 0.038940 1.158081 0.035523
v -0.076294 1.141479 0.025147
v -0.103882 1.089844 0.012573
v -0.078491 1.085815 0.023071
v -0.083374 1.085083 0.034424
v -0.111084 1.090454 0.020020
v 0.000000 1.193359 0.017700
v -0.017212 1.199951 0.017822
v 0.000000 1.202393 0.016846
v 0.017456 1.199951 0.017822
v 0.017090 1.188110 0.018555
v -0.016968 1.188110 0.018555
v -0.039673 1.186890 0.021240
v -0.047119 1.152222 0.028687
v -0.031494 1.176392 0.022095
v -0.052246 1.142456 0.029663
v -0.060425 1.164185 0.026001
v -0.075195 1.143677 0.025635
v -0.079712 1.170288 0.006348
v -0.106079 1.136230 0.004151
v -0.136475 1.026611 -0.024902
v -0.139771 1.060181 -0.022827
v -0.110352 1.070312 0.005127
v -0.112671 1.028198 -0.000976
v -0.084229 1.029541 0.010376
v -0.086914 1.077026 0.019043
v -0.068604 1.080566 0.027588
v -0.088745 0.968750 -0.002930
v -0.111938 0.893677 -0.012207
v -0.126831 0.967041 -0.023681
v -0.119629 1.028076 0.003540
v -0.118774 1.067627 0.012329
v -0.086426 1.075562 0.032471
v 0.026489 1.176636 0.029297
v 0.014648 1.187012 0.025391
v -0.014404 1.187012 0.025391
v -0.093506 1.029175 0.019043
v -0.098267 0.968140 0.004761
v -0.115967 0.967407 -0.006347
v -0.101685 0.893433 -0.006592
v -0.038696 1.158081 0.035523
v -0.052490 1.162231 0.044800
v -0.051392 1.135986 0.036133
v -0.124878 1.095459 -0.007080
v -0.048096 1.197144 0.003906
v -0.045288 1.201416 0.025513
v -0.072998 1.169556 0.032349
v -0.034424 1.188599 0.038696
v -0.067993 1.129883 0.045899
v -0.094971 1.134033 0.031250
v 0.000000 1.191528 0.024414
v 0.034668 1.188599 0.038696
v 0.020752 1.215942 0.020020
v 0.000000 1.218872 0.018433
v 0.000000 1.211914 -0.000366
v -0.019043 1.209839 0.000611
v -0.020630 1.215942 0.020020
v -0.017578 1.200073 0.032837
v 0.000000 1.204834 0.030152
v 0.017700 1.200073 0.032837
v 0.083496 1.085083 0.034424
v 0.019287 1.209839 0.000611
v 0.031738 1.176392 0.022095
v 0.039795 1.186890 0.021240
v 0.048218 1.197144 0.003906
v 0.060669 1.164185 0.026001
v 0.110596 1.070312 0.005127
v 0.084473 1.029541 0.010376
v 0.070557 1.083008 0.020630
v 0.112793 1.028198 -0.000976
v 0.140015 1.060181 -0.022827
v 0.087158 1.077026 0.019043
v 0.079468 1.029297 0.012451
v 0.093750 1.029175 0.019043
v 0.088989 0.968750 -0.002930
v 0.098511 0.968140 0.004761
v 0.101929 0.893433 -0.006592
v 0.112183 0.893677 -0.012207
v 0.116089 0.967407 -0.006347
v 0.136719 1.026611 -0.024902
v 0.119751 1.028076 0.003540
v 0.119019 1.067627 0.012329
v 0.086670 1.075562 0.032471
v 0.148193 1.069092 -0.093017
v 0.111816 1.069092 -0.087158
v 0.083862 1.069092 -0.083374
v 0.063599 1.090454 -0.089722
v 0.144653 1.090454 -0.101440
v 0.140869 1.113525 -0.093017
v 0.104492 1.113525 -0.087158
v 0.076538 1.113525 -0.083374
v 0.075195 1.121948 -0.061889
v 0.042114 1.121948 -0.057861
v 0.104492 1.113525 -0.043457
v 0.076538 1.113525 -0.039673
v 0.058472 1.121948 -0.059814
v 0.059814 1.113525 -0.037597
v 0.108276 1.090454 -0.035034
v 0.080322 1.090454 -0.031250
v 0.063599 1.090454 -0.029175
v 0.043457 1.113525 -0.035522
v 0.111816 1.069092 -0.043457
v 0.083862 1.069092 -0.039673
v 0.067139 1.069092 -0.037597
v 0.050781 1.069092 -0.035522
v 0.047241 1.090454 -0.027099
v 0.085327 1.060425 -0.061889
v 0.113281 1.060425 -0.065796
v 0.067139 1.069092 -0.081299
v 0.068604 1.060425 -0.059814
v 0.050781 1.069092 -0.079223
v 0.052246 1.060425 -0.057861
v 0.108276 1.090454 -0.095581
v 0.080322 1.090454 -0.091797
v 0.059814 1.113525 -0.081299
v 0.047241 1.090454 -0.087646
v 0.043457 1.113525 -0.079223
v 0.140869 1.113525 -0.049316
v 0.103149 1.121948 -0.065796
v 0.149658 1.060425 -0.071533
v 0.320435 1.055664 -0.099243
v 0.352173 1.053833 -0.101074
v 0.382080 1.051270 -0.099243
v 0.475830 1.053833 -0.120483
v 0.618286 1.033936 -0.107422
v 0.618286 1.011841 -0.072632
v 0.320435 1.117432 -0.073364
v 0.382080 1.090454 -0.061157
v 0.382080 1.120728 -0.071533
v 0.475830 1.090210 -0.053711
v 0.475830 1.129517 -0.064575
v 0.475830 1.144287 -0.093017
v 0.475830 1.090210 -0.131225
v 0.352173 1.118896 -0.126953
v 0.320435 1.117432 -0.124145
v 0.320435 1.127319 -0.099243
v -0.220947 1.068359 -0.062256
v -0.320801 1.065674 -0.124145
v -0.220947 1.090454 -0.115478
v -0.320801 1.090454 -0.133911
v -0.220947 1.114502 -0.106933
v -0.320801 1.090454 -0.063598
v -0.382446 1.120728 -0.071533
v -0.476318 1.090210 -0.053711
v -0.476318 1.129517 -0.120483
v -0.382446 1.120728 -0.125000
v -0.382446 1.090454 -0.135254
v -0.476318 1.090210 -0.131225
v -0.476318 1.053833 -0.120483
v -0.382446 1.051270 -0.099243
v -0.476318 1.039307 -0.093017
v -0.382446 1.062500 -0.071533
v -0.320801 1.065674 -0.073364
v -0.352539 1.053833 -0.101074
v -0.320801 1.055664 -0.099243
v -0.352539 1.064331 -0.126953
v -0.352539 1.090454 -0.137085
v -0.320801 1.117432 -0.124145
v -0.320801 1.127319 -0.099243
v -0.320801 1.117432 -0.073364
v -0.352539 1.129395 -0.101074
v -0.382446 1.131958 -0.099243
v -0.352539 1.118896 -0.126953
v -0.382446 1.062500 -0.125000
v -0.112305 1.069092 -0.043457
v -0.052734 1.060425 -0.057861
v -0.051270 1.069092 -0.035522
v -0.084351 1.069092 -0.039673
v -0.080811 1.090454 -0.031250
v -0.067993 1.069092 -0.037597
v -0.064453 1.090454 -0.029175
v -0.047729 1.090454 -0.027099
v -0.104980 1.113525 -0.043457
v -0.108765 1.090454 -0.035034
v -0.060669 1.113525 -0.037597
v -0.075562 1.121948 -0.061889
v -0.077026 1.113525 -0.039673
v -0.059204 1.121948 -0.059936
v -0.042480 1.121948 -0.057861
v -0.043945 1.113525 -0.035522
v -0.141235 1.113525 -0.093017
v -0.104980 1.113525 -0.087158
v -0.108765 1.090454 -0.095581
v -0.148682 1.069092 -0.093017
v -0.150024 1.060425 -0.071533
v -0.141235 1.113525 -0.049316
v -0.067993 1.069092 -0.081421
v -0.047729 1.090454 -0.087646
v -0.112305 1.069092 -0.087158
v -0.113770 1.060425 -0.065796
v -0.084351 1.069092 -0.083374
v -0.085815 1.060425 -0.061889
v -0.069458 1.060425 -0.059936
v -0.051270 1.069092 -0.079223
v -0.080811 1.090454 -0.091797
v -0.077026 1.113525 -0.083374
v -0.064453 1.090454 -0.089722
v -0.060669 1.113525 -0.081421
v -0.043945 1.113525 -0.079223
v -0.103516 1.121948 -0.065796
v 0.067139 0.640991 -0.213745
v 0.065674 0.728760 -0.213745
v 0.063843 0.817871 -0.213867
v 0.062134 0.921509 -0.206299
v 0.059814 1.021606 -0.189453
v 0.000000 1.026611 -0.201172
v -0.069336 0.354248 -0.202270
v -0.129272 0.354248 -0.173340
v -0.128052 0.450928 -0.173340
v -0.071533 0.450928 -0.213745
v -0.069702 0.542236 -0.213745
v -0.112183 0.817261 -0.172851
v -0.063599 0.817871 -0.213867
v -0.062012 0.921509 -0.206299
v -0.059692 1.021606 -0.189453
v -0.083740 1.086182 -0.108887
v -0.040283 1.168457 -0.069092
v -0.024170 1.191528 -0.001343
v 0.000000 1.198608 -0.001831
v 0.024414 1.191528 -0.001343
v 0.043945 1.175903 0.005371
v 0.047363 1.152222 0.028687
v 0.052368 1.142456 0.029663
v 0.079834 1.102661 -0.016357
v 0.122192 0.899292 -0.095825
v 0.113037 0.984131 -0.083130
v 0.107300 0.909424 -0.169189
v 0.100586 1.004639 -0.150268
v 0.100342 1.052856 -0.054077
v 0.083862 1.086182 -0.108887
v 0.067505 1.139038 -0.048340
v 0.053101 1.148193 0.023926
v 0.040527 1.168457 -0.069092
v 0.000000 1.177979 -0.074341
v -0.050903 1.110229 -0.141846
v 0.000000 0.924194 -0.218872
v 0.000000 0.817749 -0.227539
v 0.000000 0.728760 -0.227173
v -0.065552 0.728760 -0.213745
v 0.000000 0.640991 -0.227173
v -0.066895 0.640991 -0.213745
v 0.000000 0.542236 -0.227173
v 0.000000 0.450928 -0.227173
v 0.000000 0.354248 -0.227173
v -0.073364 0.354248 -0.213745
v 0.000000 0.354248 -0.214844
v -0.118042 0.542480 -0.161621
v -0.065918 0.542358 -0.202270
v 0.062378 0.640991 -0.202270
v 0.113403 0.640991 -0.161621
v 0.121582 0.450928 -0.161621
v 0.066162 0.542358 -0.202270
v 0.000000 0.542358 -0.214844
v 0.000000 0.450928 -0.214844
v -0.067505 0.450928 -0.202270
v 0.132202 0.542847 -0.100952
v 0.118286 0.542480 -0.161621
v 0.127075 0.640991 -0.101074
v 0.122314 0.728760 -0.101196
v 0.109009 0.728760 -0.161621
v 0.000000 0.640991 -0.214844
v -0.059204 0.728760 -0.202270
v -0.062256 0.640991 -0.202270
v -0.113159 0.640991 -0.161621
v -0.113159 0.640991 -0.013672
v -0.126831 0.640991 -0.101074
v -0.132080 0.542847 -0.100952
v -0.121338 0.451050 -0.014160
v -0.122070 0.354248 -0.014404
v -0.135742 0.451050 -0.101074
v -0.122070 0.354248 -0.161621
v -0.121338 0.450928 -0.161621
v 0.067749 0.450928 -0.202270
v 0.137695 0.354248 -0.101074
v 0.135986 0.451050 -0.101074
v 0.121582 0.451050 -0.014160
v 0.118286 0.543213 -0.014282
v 0.113403 0.640991 -0.013672
v 0.112427 0.817261 -0.172851
v 0.130493 0.728760 -0.101196
v 0.135376 0.640991 -0.101074
v 0.124756 0.542480 -0.173340
v 0.128174 0.450928 -0.173340
v 0.144775 0.451050 -0.101074
v 0.147095 0.354248 -0.101074
v 0.128296 0.354248 -0.020752
v 0.122314 0.354248 -0.014404
v 0.118652 0.640991 -0.020630
v 0.114136 0.728760 -0.020752
v 0.106079 0.893433 -0.017822
v 0.126587 0.813354 -0.100952
v 0.111450 0.811035 -0.022583
v 0.123657 0.543213 -0.020752
v 0.140747 0.542847 -0.101074
v 0.127075 0.451172 -0.020508
v -0.107178 0.909424 -0.169189
v -0.114868 0.728760 -0.173340
v -0.130249 0.728760 -0.101196
v -0.119507 0.640991 -0.173340
v -0.135132 0.640991 -0.101074
v -0.124512 0.542480 -0.173340
v -0.140625 0.542847 -0.101074
v -0.144653 0.451050 -0.101074
v -0.146973 0.354248 -0.101074
v -0.137573 0.354248 -0.101074
v -0.128052 0.354248 -0.020752
v -0.118042 0.543213 -0.014282
v -0.111206 0.811035 -0.022583
v -0.126465 0.813354 -0.100952
v -0.113892 0.728760 -0.020752
v -0.118530 0.640991 -0.020630
v -0.123413 0.543213 -0.020752
v -0.126953 0.451172 -0.020508
v -0.109741 0.892212 -0.015991
v 0.103882 0.810913 -0.014282
v 0.115356 0.893799 -0.020752
v 0.097412 0.969116 -0.007812
v 0.109985 0.892212 -0.015991
v 0.111694 0.968140 -0.010864
v 0.126953 0.967041 -0.023681
v -0.097168 0.969116 -0.007812
v -0.105957 0.893433 -0.017822
v -0.111572 0.968140 -0.010864
v -0.115112 0.893799 -0.020752
v 0.475830 1.053833 -0.064575
v 0.475830 1.039307 -0.093017
v 0.382080 1.062500 -0.071533
v 0.220581 1.059326 -0.084961
v 0.220581 1.068359 -0.062256
v 0.148193 1.069092 -0.049316
v 0.382080 1.062500 -0.125000
v 0.382080 1.090454 -0.135254
v 0.352173 1.064331 -0.126953
v 0.352173 1.090454 -0.137085
v 0.320435 1.090454 -0.133911
v 0.320435 1.065674 -0.124145
v 0.220581 1.068359 -0.106933
v 0.220581 1.090454 -0.115478
v 0.220581 1.114502 -0.106933
v 0.220581 1.123291 -0.084961
v 0.139404 1.121948 -0.071533
v 0.220581 1.114502 -0.062256
v 0.144653 1.090454 -0.040893
v 0.220581 1.090454 -0.053711
v 0.320435 1.090454 -0.063598
v 0.320435 1.065674 -0.073364
v 0.475830 1.129517 -0.120483
v 0.382080 1.120728 -0.125000
v 0.352173 1.129395 -0.101074
v 0.382080 1.131958 -0.099243
v 0.618286 1.089355 -0.121094
v 0.618286 1.149536 -0.107422
v 0.618286 1.142822 -0.103271
v 0.618286 1.089722 -0.115356
v 0.618286 1.172119 -0.072632
v 0.618286 1.149536 -0.036377
v 0.618286 1.162720 -0.072510
v 0.618286 1.089355 -0.022705
v 0.618286 1.033936 -0.036377
v 0.618286 1.089722 -0.028442
v 0.618286 1.040649 -0.040527
v 0.562256 1.072998 -0.078613
v 0.562256 1.078247 -0.091675
v 0.562256 1.111206 -0.078613
v -0.618774 1.033936 -0.036377
v -0.618774 1.011841 -0.072632
v -0.618774 1.033936 -0.107422
v -0.476318 1.144287 -0.093017
v -0.476318 1.129517 -0.064575
v -0.618774 1.089355 -0.022705
v -0.476318 1.053833 -0.064575
v -0.618774 1.142822 -0.040527
v -0.618774 1.149536 -0.036377
v -0.618774 1.040649 -0.040527
v -0.618774 1.172119 -0.072632
v -0.618774 1.162720 -0.072510
v -0.618774 1.089722 -0.028442
v -0.562744 1.091431 -0.096802
v -0.618774 1.089722 -0.115356
v -0.562744 1.105835 -0.091675
v -0.618774 1.089355 -0.121094
v -0.382446 1.090454 -0.061157
v -0.148682 1.069092 -0.049316
v -0.220947 1.090454 -0.053711
v -0.145142 1.090454 -0.040893
v -0.220947 1.114502 -0.062256
v -0.139893 1.121948 -0.071533
v -0.220947 1.123291 -0.084961
v -0.145142 1.090454 -0.101440
v -0.220947 1.068359 -0.106933
v -0.220947 1.059326 -0.084961
v -0.618774 1.149536 -0.107422
v -0.034058 1.331421 0.234986
v -0.032715 1.331421 0.233399
v -0.034058 1.331421 0.225708
v -0.035889 1.331421 0.224610
v -0.037964 1.331421 0.224243
v -0.040039 1.331421 0.224610
v -0.041870 1.331421 0.225708
v -0.043945 1.331421 0.229248
v -0.041870 1.331421 0.234986
v -0.040039 1.331421 0.236084
v -0.041382 1.330567 0.234986
v -0.042480 1.330200 0.233399
v -0.043213 1.331421 0.233399
v -0.043945 1.331421 0.231446
v -0.043213 1.331421 0.227295
v -0.042480 1.330200 0.227295
v -0.039795 1.330933 0.224610
v -0.035889 1.331421 0.236084
v -0.034546 1.330566 0.234986
v -0.031982 1.331421 0.231446
v -0.032837 1.329956 0.231446
v -0.031982 1.331421 0.229248
v -0.032837 1.329956 0.229248
v -0.032715 1.331421 0.227295
v -0.034546 1.330566 0.225708
v -0.036133 1.330933 0.224610
v -0.036987 1.330688 0.236084
v -0.036133 1.330933 0.236084
v -0.035400 1.329102 0.233399
v -0.033447 1.330200 0.233399
v -0.033447 1.330200 0.227295
v -0.037964 1.331421 0.236450
v -0.036011 1.329712 0.234986
v -0.037964 1.328613 0.233399
v -0.035034 1.328735 0.231446
v -0.035034 1.328735 0.229248
v -0.035400 1.329102 0.227295
v -0.037964 1.328613 0.227295
v -0.036011 1.329712 0.225708
v -0.036987 1.330688 0.224610
v -0.037964 1.330444 0.236084
v -0.037964 1.329468 0.234986
v -0.037964 1.328247 0.231446
v -0.040894 1.328735 0.231446
v -0.040894 1.328735 0.229248
v -0.037964 1.328247 0.229248
v -0.037964 1.329468 0.225708
v -0.037964 1.330444 0.224610
v -0.039063 1.330688 0.236084
v -0.039795 1.330933 0.236084
v -0.039917 1.329712 0.234986
v -0.040649 1.329102 0.233399
v -0.043091 1.329956 0.231446
v -0.043091 1.329956 0.229248
v -0.040649 1.329102 0.227295
v -0.041382 1.330566 0.225708
v -0.039917 1.329712 0.225708
v -0.039062 1.330688 0.224610
v 0.036255 1.330933 0.236084
v 0.035889 1.331421 0.236084
v 0.033447 1.330200 0.233399
v 0.031982 1.331421 0.231446
v 0.032837 1.329956 0.229248
v 0.034668 1.330567 0.225708
v 0.035889 1.331421 0.224610
v 0.036255 1.330933 0.224610
v 0.039795 1.330933 0.236084
v 0.040039 1.331421 0.236084
v 0.041870 1.331421 0.234986
v 0.042603 1.330200 0.233399
v 0.043213 1.331421 0.233399
v 0.043213 1.329956 0.231446
v 0.043945 1.331421 0.229248
v 0.043213 1.329956 0.229248
v 0.042603 1.330200 0.227295
v 0.041870 1.331421 0.225708
v 0.039062 1.330688 0.236084
v 0.041382 1.330566 0.234986
v 0.040649 1.329102 0.233399
v 0.041016 1.328735 0.231446
v 0.041016 1.328735 0.229248
v 0.040649 1.329102 0.227295
v 0.041382 1.330566 0.225708
v 0.039917 1.329712 0.225708
v 0.039795 1.330933 0.224610
v 0.037964 1.330444 0.236084
v 0.037964 1.329468 0.234986
v 0.039917 1.329712 0.234986
v 0.037964 1.328613 0.233399
v 0.037964 1.328613 0.227295
v 0.037964 1.329468 0.225708
v 0.039062 1.330688 0.224610
v 0.037964 1.330444 0.224610
v 0.037964 1.331421 0.236450
v 0.036011 1.329712 0.234986
v 0.037964 1.328247 0.231446
v 0.037964 1.328247 0.229248
v 0.035400 1.329102 0.227295
v 0.036011 1.329712 0.225708
v 0.036987 1.330688 0.236084
v 0.034668 1.330566 0.234986
v 0.035400 1.329102 0.233399
v 0.035034 1.328735 0.231446
v 0.032837 1.329956 0.231446
v 0.035034 1.328735 0.229248
v 0.033447 1.330200 0.227295
v 0.036987 1.330688 0.224610
v 0.043945 1.331421 0.231446
v 0.043213 1.331421 0.227295
v 0.040039 1.331421 0.224610
v 0.037964 1.331421 0.224243
v 0.034058 1.331421 0.225708
v 0.032715 1.331421 0.227295
v 0.031982 1.331421 0.229248
v 0.032715 1.331421 0.233399
v 0.034058 1.331421 0.234986
v 0.010498 1.456665 0.260864
v 0.024536 1.462524 0.266358
v 0.026123 1.459351 0.259888
v 0.051270 1.458374 0.254517
v 0.073364 1.442139 0.248657
v 0.063354 1.438721 0.243286
v 0.068604 1.425659 0.236450
v 0.071045 1.416260 0.227539
v 0.072021 1.418091 0.228760
v 0.073975 1.427856 0.237793
v 0.073730 1.450806 0.244141
v 0.059814 1.464478 0.263550
v 0.038574 1.482178 0.262818
v 0.039307 1.467163 0.266114
v 0.021973 1.472656 0.265991
v 0.010254 1.456421 0.260987
v 0.011108 1.456421 0.260742
v 0.010986 1.456909 0.261231
v 0.010864 1.456177 0.260864
v 0.062012 1.480225 0.259400
v 0.051636 1.466675 0.251831
v 0.073730 1.431641 0.234741
v 0.068848 1.427979 0.234131
v 0.011719 1.456421 0.260376
v 0.011353 1.456543 0.260254
v 0.011841 1.456299 0.260132
v 0.010742 1.456909 0.260864
v 0.064087 1.442749 0.240723
v 0.035767 1.462524 0.257569
v 0.037476 1.471802 0.255249
v 0.025146 1.466431 0.259644
v 0.010254 1.456055 0.261963
v 0.010742 1.455811 0.261841
v 0.010742 1.456909 0.261475
v 0.053101 1.372314 0.187012
v 0.062988 1.387085 0.194824
v 0.071899 1.392212 0.206909
v 0.076660 1.395020 0.221680
v 0.076904 1.395020 0.237549
v 0.082886 1.372314 0.237427
v 0.072266 1.392212 0.252442
v 0.077637 1.372314 0.252320
v 0.063599 1.357544 0.264649
v 0.018433 1.337769 0.252930
v 0.008911 1.372314 0.265137
v 0.012939 1.387085 0.265015
v 0.004028 1.392212 0.253052
v 0.038208 1.401855 0.264771
v 0.057861 1.406860 0.252564
v 0.038086 1.412231 0.252686
v 0.015625 1.411621 0.238037
v 0.018433 1.406860 0.252930
v -0.000732 1.395020 0.238159
v -0.006714 1.372314 0.238281
v -0.001221 1.372314 0.253052
v 0.004028 1.352417 0.253052
v -0.000732 1.349609 0.238159
v 0.015625 1.333008 0.238037
v 0.038086 1.332397 0.252686
v 0.057861 1.337769 0.252564
v 0.076904 1.349609 0.237549
v 0.072266 1.352417 0.252442
v 0.082764 1.372314 0.221680
v 0.076660 1.349609 0.221680
v 0.060425 1.333008 0.237671
v 0.037964 1.327026 0.237793
v 0.037842 1.327026 0.222046
v -0.000854 1.349609 0.222412
v -0.006836 1.372314 0.222412
v 0.015381 1.411621 0.222168
v 0.037964 1.417603 0.237793
v 0.060425 1.411621 0.237671
v 0.060303 1.411621 0.221802
v 0.057495 1.406860 0.207031
v 0.045410 1.385986 0.187012
v 0.051025 1.380249 0.187012
v 0.066895 1.372314 0.194824
v 0.077148 1.372314 0.206787
v 0.060303 1.333008 0.221802
v 0.037720 1.332397 0.207154
v 0.015381 1.333008 0.222168
v 0.003540 1.352417 0.207520
v -0.001587 1.372314 0.207520
v -0.000854 1.395020 0.222412
v 0.018066 1.406860 0.207276
v 0.037720 1.412231 0.207154
v 0.037842 1.417603 0.222046
v 0.052246 1.397949 0.194947
v 0.037598 1.388062 0.187134
v 0.003540 1.392212 0.207520
v 0.008301 1.372314 0.195313
v 0.012329 1.357544 0.195313
v 0.022949 1.346680 0.195191
v 0.018066 1.337769 0.207276
v 0.057495 1.337769 0.207031
v 0.071899 1.352417 0.206909
v 0.062988 1.357544 0.194824
v 0.051025 1.364502 0.187012
v 0.037598 1.401855 0.195069
v 0.029785 1.385986 0.187256
v 0.037598 1.372314 0.184448
v 0.022949 1.397949 0.195191
v 0.012329 1.387085 0.195313
v 0.024048 1.380249 0.187256
v 0.045410 1.358643 0.187012
v 0.052246 1.346680 0.194947
v 0.037598 1.356567 0.187134
v 0.037598 1.342773 0.195069
v 0.029785 1.358643 0.187256
v 0.024048 1.364502 0.187256
v 0.021973 1.372314 0.187256
v 0.067505 1.372314 0.264527
v 0.063599 1.387085 0.264649
v 0.046143 1.385986 0.272705
v 0.052856 1.397949 0.264649
v 0.038330 1.388062 0.272705
v 0.023560 1.397949 0.265015
v 0.024780 1.380249 0.272827
v 0.022705 1.372314 0.272827
v 0.012939 1.357544 0.265015
v 0.023560 1.346680 0.265015
v 0.038208 1.342773 0.264771
v 0.052856 1.346680 0.264649
v 0.051758 1.380249 0.272583
v 0.030518 1.385986 0.272827
v 0.024780 1.364502 0.272827
v 0.030518 1.358643 0.272827
v 0.038330 1.356567 0.272705
v 0.038330 1.372314 0.275513
v 0.046143 1.358643 0.272705
v 0.051758 1.364502 0.272583
v 0.053833 1.372314 0.272583
v -0.030273 1.358643 0.188111
v -0.023438 1.346680 0.195923
v -0.038086 1.356567 0.188111
v -0.038086 1.342651 0.196045
v -0.023926 1.380127 0.273560
v -0.029541 1.385864 0.273682
v -0.062744 1.387085 0.265991
v -0.050903 1.380127 0.273804
v -0.066650 1.372314 0.266114
v -0.052979 1.372314 0.273804
v -0.050903 1.364380 0.273804
v -0.037354 1.356567 0.273682
v -0.037476 1.342651 0.265747
v -0.029541 1.358643 0.273682
v -0.012085 1.357544 0.265625
v -0.008179 1.372314 0.265503
v -0.037354 1.372314 0.276489
v -0.037354 1.388062 0.273682
v -0.045166 1.385864 0.273804
v -0.045166 1.358643 0.273804
v -0.023926 1.364380 0.273560
v -0.021851 1.372314 0.273560
v -0.063354 1.357544 0.196289
v -0.051636 1.364380 0.188233
v -0.053711 1.372314 0.188233
v -0.045898 1.358643 0.188233
v -0.038086 1.372314 0.185425
v 0.000977 1.394897 0.238526
v -0.017822 1.406738 0.253540
v -0.015259 1.411499 0.238648
v -0.037720 1.418213 0.238892
v -0.060059 1.411499 0.239014
v -0.057251 1.406738 0.253906
v -0.071655 1.392212 0.254029
v -0.037598 1.332397 0.253662
v -0.037720 1.327026 0.238892
v -0.015259 1.333008 0.238648
v -0.017822 1.337769 0.253540
v 0.000977 1.349609 0.238526
v -0.012695 1.387085 0.195801
v 0.000854 1.394897 0.222656
v -0.012085 1.387085 0.265625
v 0.001709 1.372314 0.253296
v -0.003418 1.352417 0.253418
v -0.022827 1.346680 0.265625
v -0.057251 1.337769 0.253906
v -0.052124 1.346680 0.265869
v -0.071655 1.352417 0.254029
v -0.062744 1.357544 0.265991
v -0.077026 1.372314 0.254029
v -0.052124 1.397949 0.265869
v -0.037598 1.412109 0.253662
v -0.037476 1.401855 0.265747
v -0.022827 1.397949 0.265625
v -0.003418 1.392212 0.253418
v 0.007080 1.372314 0.238404
v 0.000854 1.349609 0.222656
v -0.015381 1.333008 0.222779
v -0.060059 1.333008 0.239014
v -0.076538 1.349609 0.239136
v -0.082520 1.372314 0.239258
v -0.076538 1.394897 0.239136
v -0.076660 1.394897 0.223389
v -0.037842 1.418213 0.222901
v -0.015381 1.411499 0.222779
v -0.018188 1.406738 0.208008
v -0.003784 1.392212 0.207886
v -0.030273 1.385864 0.188111
v -0.024658 1.380127 0.187989
v -0.022583 1.372314 0.187989
v -0.008789 1.372314 0.195801
v 0.001343 1.372314 0.207886
v 0.006958 1.372314 0.222656
v -0.003784 1.352417 0.207886
v -0.037842 1.327026 0.223023
v -0.060181 1.333008 0.223267
v -0.057617 1.337769 0.208374
v -0.076660 1.349609 0.223389
v -0.082642 1.372314 0.223389
v -0.072021 1.392212 0.208496
v -0.060181 1.411499 0.223267
v -0.023438 1.397949 0.195923
v -0.037964 1.412109 0.208130
v -0.057617 1.406738 0.208374
v -0.063354 1.387085 0.196289
v -0.077393 1.372314 0.208496
v -0.072021 1.352417 0.208496
v -0.052734 1.346680 0.196167
v -0.037964 1.332397 0.208130
v -0.018188 1.337769 0.208008
v -0.012695 1.357544 0.195801
v -0.024658 1.364380 0.187989
v -0.038086 1.401855 0.196045
v -0.052734 1.397949 0.196167
v -0.038086 1.388062 0.188111
v -0.045898 1.385864 0.188233
v -0.067261 1.372314 0.196289
v -0.051636 1.380127 0.188233
v -0.012695 1.456421 0.260498
v -0.012817 1.456177 0.260132
v -0.012085 1.456421 0.260742
v -0.011963 1.456787 0.261231
v -0.011841 1.456787 0.260742
v -0.011719 1.455933 0.261841
v -0.011475 1.456665 0.260864
v -0.011230 1.456421 0.261109
v -0.024536 1.462646 0.266236
v -0.026001 1.459473 0.259888
v -0.052246 1.458252 0.254517
v -0.077515 1.442749 0.248780
v -0.079224 1.419312 0.229004
v -0.078247 1.417603 0.227661
v -0.074951 1.428955 0.234253
v -0.079956 1.428955 0.237915
v -0.079956 1.432861 0.234986
v -0.078003 1.451538 0.244263
v -0.060791 1.464355 0.263550
v -0.063110 1.480103 0.259400
v -0.038574 1.467041 0.266236
v -0.011719 1.456299 0.260987
v -0.012329 1.456543 0.260254
v -0.011719 1.456909 0.261475
v -0.025024 1.466553 0.259644
v -0.021851 1.472900 0.265991
v -0.037964 1.482178 0.262818
v -0.052612 1.466431 0.251953
v -0.068237 1.443359 0.240845
v -0.074585 1.426758 0.236573
v -0.067139 1.439209 0.243286
v -0.036865 1.471680 0.255371
v -0.035156 1.462524 0.257691
v -0.011230 1.456055 0.261963
v -0.033936 1.412231 0.232666
v -0.033325 1.412231 0.231201
v -0.036377 1.412231 0.225952
v -0.041992 1.412231 0.232666
v -0.041992 1.412232 0.228028
v -0.041016 1.412232 0.226807
v -0.033325 1.411865 0.229492
v -0.033936 1.411865 0.228028
v -0.041992 1.411865 0.228028
v -0.041016 1.411865 0.226807
v -0.039551 1.411865 0.225952
v -0.037964 1.412232 0.235108
v -0.037964 1.412231 0.235352
v -0.039551 1.412232 0.234741
v -0.039673 1.412231 0.235108
v -0.041016 1.412231 0.234009
v -0.041138 1.412232 0.234253
v -0.042358 1.412231 0.232910
v -0.042603 1.412231 0.231201
v -0.042603 1.412231 0.229492
v -0.041138 1.412231 0.226563
v -0.039551 1.412231 0.225952
v -0.039673 1.412231 0.225708
v -0.037964 1.412231 0.225586
v -0.036255 1.412231 0.225708
v -0.034912 1.412231 0.226807
v -0.033936 1.412232 0.228028
v -0.033691 1.412232 0.227905
v -0.033325 1.412231 0.229492
v -0.033081 1.412231 0.229492
v -0.033691 1.412231 0.232910
v -0.034912 1.412231 0.234009
v -0.036377 1.412231 0.234741
v -0.034790 1.411865 0.234253
v -0.036255 1.412231 0.235108
v -0.041138 1.411865 0.234253
v -0.042358 1.411865 0.232910
v -0.042847 1.412232 0.231201
v -0.042847 1.412232 0.229492
v -0.042358 1.412231 0.227905
v -0.042358 1.411865 0.227905
v -0.039673 1.411865 0.225708
v -0.037964 1.412231 0.225342
v -0.036255 1.411865 0.225708
v -0.034790 1.412231 0.226563
v -0.034790 1.411865 0.226563
v -0.033081 1.412231 0.231201
v -0.034790 1.412232 0.234253
v -0.033936 1.411865 0.232666
v -0.036255 1.411865 0.235108
v -0.036377 1.411865 0.234741
v -0.037964 1.411865 0.235352
v -0.037964 1.411865 0.235108
v -0.039673 1.411865 0.235108
v -0.041992 1.411865 0.232666
v -0.042847 1.411865 0.231201
v -0.042603 1.411865 0.231201
v -0.042847 1.411865 0.229492
v -0.042603 1.411865 0.229492
v -0.041138 1.411865 0.226563
v -0.037964 1.411865 0.225342
v -0.037964 1.411865 0.225586
v -0.036377 1.411865 0.225952
v -0.034912 1.411865 0.226807
v -0.033691 1.411865 0.227905
v -0.033081 1.411865 0.229492
v -0.033081 1.411865 0.231201
v -0.033325 1.411865 0.231201
v -0.033691 1.411865 0.232910
v -0.041016 1.411865 0.234009
v -0.034912 1.411865 0.234009
v -0.039551 1.411865 0.234741
v 0.037964 1.412231 0.235108
v 0.037964 1.412231 0.225586
v 0.034912 1.412232 0.234009
v 0.033325 1.412231 0.229492
v 0.033936 1.412231 0.228028
v 0.034912 1.412231 0.226807
v 0.036377 1.412232 0.225952
v 0.039551 1.412231 0.234741
v 0.041016 1.412232 0.234009
v 0.042603 1.412231 0.231201
v 0.042603 1.412231 0.229492
v 0.039551 1.412231 0.225952
v 0.039673 1.412231 0.235108
v 0.036377 1.412231 0.234741
v 0.036255 1.412231 0.235108
v 0.034790 1.412231 0.234253
v 0.033936 1.412231 0.232666
v 0.033691 1.412231 0.232910
v 0.033325 1.412232 0.231201
v 0.033691 1.412231 0.227905
v 0.034790 1.412231 0.226563
v 0.036255 1.412231 0.225708
v 0.039673 1.412232 0.225708
v 0.041016 1.412231 0.226807
v 0.041260 1.412231 0.226563
v 0.042114 1.412232 0.228028
v 0.042358 1.412231 0.227905
v 0.042969 1.412231 0.231201
v 0.042114 1.412231 0.232666
v 0.039673 1.411865 0.235108
v 0.037964 1.412232 0.235352
v 0.034790 1.411865 0.234253
v 0.033691 1.411865 0.232910
v 0.033081 1.412232 0.231201
v 0.033081 1.411865 0.231201
v 0.033081 1.412231 0.229492
v 0.033081 1.411865 0.229492
v 0.034790 1.411865 0.226563
v 0.037964 1.412231 0.225342
v 0.037964 1.411865 0.225342
v 0.039673 1.411865 0.225708
v 0.041260 1.411865 0.226563
v 0.042969 1.412232 0.229492
v 0.042969 1.411865 0.229492
v 0.042969 1.411865 0.231201
v 0.042358 1.412232 0.232910
v 0.041260 1.412231 0.234253
v 0.042358 1.411865 0.232910
v 0.041260 1.411865 0.234253
v 0.041016 1.411865 0.234009
v 0.037964 1.411865 0.235352
v 0.036255 1.411865 0.235108
v 0.034912 1.411865 0.234009
v 0.033325 1.411865 0.229492
v 0.033691 1.411865 0.227905
v 0.033936 1.411865 0.228028
v 0.034912 1.411865 0.226807
v 0.036255 1.411865 0.225708
v 0.036377 1.411865 0.225952
v 0.039551 1.411865 0.225952
v 0.041016 1.411865 0.226807
v 0.042358 1.411865 0.227905
v 0.042603 1.411865 0.231201
v 0.042114 1.411865 0.232666
v 0.036377 1.411865 0.234741
v 0.039551 1.411865 0.234741
v 0.037964 1.411865 0.235108
v 0.033936 1.411865 0.232666
v 0.033325 1.411865 0.231201
v 0.042603 1.411865 0.229492
v 0.042114 1.411865 0.228028
v 0.037964 1.411865 0.225586
v -0.035767 1.331421 0.236450
v -0.034058 1.331421 0.234986
v -0.032715 1.331421 0.233399
v -0.032349 1.331421 0.233521
v -0.031616 1.331421 0.231446
v -0.034058 1.331421 0.225708
v -0.033813 1.331421 0.225464
v -0.035889 1.331421 0.224610
v -0.037964 1.331421 0.224243
v -0.037964 1.331421 0.223877
v -0.040039 1.331421 0.224610
v -0.040161 1.331421 0.224365
v -0.041870 1.331421 0.225708
v -0.042114 1.331421 0.225464
v -0.043579 1.331421 0.227173
v -0.043945 1.331421 0.229248
v -0.044312 1.331421 0.229248
v -0.044312 1.331421 0.231446
v -0.041870 1.331421 0.234986
v -0.040039 1.331421 0.236084
v -0.040161 1.331421 0.236450
v -0.040161 1.331787 0.236450
v -0.037964 1.331421 0.236817
v -0.037964 1.331787 0.236817
v -0.033813 1.331421 0.235352
v -0.033813 1.331787 0.235352
v -0.032349 1.331787 0.233521
v -0.031616 1.331787 0.231446
v -0.031616 1.331421 0.229248
v -0.032349 1.331421 0.227173
v -0.033813 1.331787 0.225464
v -0.035767 1.331421 0.224365
v -0.035767 1.331787 0.224365
v -0.037964 1.331787 0.223877
v -0.043579 1.331787 0.227173
v -0.044312 1.331787 0.231446
v -0.043579 1.331421 0.233521
v -0.043579 1.331787 0.233521
v -0.042114 1.331421 0.235352
v -0.042114 1.331787 0.235352
v -0.041870 1.331787 0.234986
v -0.037964 1.331787 0.236450
v -0.035767 1.331787 0.236450
v -0.031616 1.331787 0.229248
v -0.031982 1.331787 0.229248
v -0.032349 1.331787 0.227173
v -0.032715 1.331787 0.227295
v -0.034058 1.331787 0.225708
v -0.040161 1.331787 0.224365
v -0.042114 1.331787 0.225464
v -0.041870 1.331787 0.225708
v -0.043213 1.331787 0.227295
v -0.044312 1.331787 0.229248
v -0.043945 1.331787 0.231446
v -0.043213 1.331787 0.233399
v -0.034058 1.331787 0.234986
v -0.035889 1.331787 0.236084
v -0.040039 1.331787 0.236084
v -0.043213 1.331421 0.233399
v -0.043945 1.331421 0.231446
v -0.043213 1.331421 0.227295
v -0.035889 1.331421 0.236084
v -0.031982 1.331421 0.231446
v -0.031982 1.331421 0.229248
v -0.032715 1.331421 0.227295
v -0.037964 1.331421 0.236450
v -0.032715 1.331787 0.233399
v -0.031982 1.331787 0.231446
v -0.043945 1.331787 0.229248
v -0.040039 1.331787 0.224610
v -0.035889 1.331787 0.224610
v -0.037964 1.331787 0.224243
v 0.031982 1.331787 0.231446
v 0.043213 1.331787 0.233399
v 0.043945 1.331787 0.231446
v 0.043945 1.331787 0.229248
v 0.032715 1.331787 0.227295
v 0.041870 1.331787 0.225708
v 0.035889 1.331787 0.224610
v 0.040039 1.331787 0.224610
v 0.037964 1.331787 0.224243
v 0.035889 1.331421 0.236084
v 0.031982 1.331421 0.231446
v 0.035889 1.331421 0.224610
v 0.040039 1.331421 0.236084
v 0.041870 1.331421 0.234986
v 0.043213 1.331421 0.233399
v 0.043945 1.331421 0.229248
v 0.041870 1.331421 0.225708
v 0.037964 1.331421 0.236450
v 0.037964 1.331421 0.236817
v 0.043579 1.331421 0.233521
v 0.043945 1.331421 0.231446
v 0.044312 1.331421 0.231446
v 0.044312 1.331421 0.229248
v 0.043213 1.331421 0.227295
v 0.043579 1.331421 0.227173
v 0.042114 1.331421 0.225464
v 0.040039 1.331421 0.224610
v 0.037964 1.331421 0.224243
v 0.037964 1.331421 0.223877
v 0.034058 1.331421 0.225708
v 0.033813 1.331421 0.225464
v 0.032715 1.331421 0.227295
v 0.031982 1.331421 0.229248
v 0.031616 1.331421 0.231446
v 0.032715 1.331421 0.233399
v 0.032471 1.331421 0.233521
v 0.034058 1.331421 0.234986
v 0.033813 1.331787 0.235352
v 0.035767 1.331421 0.236450
v 0.035767 1.331787 0.236450
v 0.037964 1.331787 0.236817
v 0.040161 1.331421 0.236450
v 0.040161 1.331787 0.236450
v 0.042114 1.331421 0.235352
v 0.042114 1.331787 0.235352
v 0.043579 1.331787 0.233521
v 0.044312 1.331787 0.231446
v 0.044312 1.331787 0.229248
v 0.043579 1.331787 0.227173
v 0.040161 1.331421 0.224365
v 0.035767 1.331421 0.224365
v 0.032471 1.331421 0.227173
v 0.031616 1.331421 0.229248
v 0.033813 1.331421 0.235352
v 0.035889 1.331787 0.236084
v 0.037964 1.331787 0.236450
v 0.040039 1.331787 0.236084
v 0.043213 1.331787 0.227295
v 0.042114 1.331787 0.225464
v 0.040161 1.331787 0.224365
v 0.037964 1.331787 0.223877
v 0.035767 1.331787 0.224365
v 0.033813 1.331787 0.225464
v 0.034058 1.331787 0.225708
v 0.032471 1.331787 0.227173
v 0.031616 1.331787 0.229248
v 0.031982 1.331787 0.229248
v 0.031616 1.331787 0.231446
v 0.032471 1.331787 0.233521
v 0.032715 1.331787 0.233399
v 0.041870 1.331787 0.234986
v 0.034058 1.331787 0.234986
v 0.000000 1.316528 0.134644
v 0.033813 1.316284 0.139038
v 0.032715 1.270752 0.145264
v 0.000000 1.270874 0.139771
v -0.033691 1.316284 0.139038
v -0.061523 1.270508 0.157471
v -0.033081 1.379639 0.224121
v -0.058716 1.336304 0.250122
v -0.074829 1.351074 0.212769
v 0.033203 1.379639 0.224121
v 0.021118 1.343506 0.261963
v 0.058960 1.336304 0.250122
v 0.070190 1.342407 0.224732
v 0.076050 1.336304 0.226074
v -0.028809 1.229004 0.146240
v -0.032593 1.270752 0.145264
v -0.069946 1.342407 0.224732
v -0.063965 1.328613 0.253296
v -0.042603 1.338013 0.258545
v -0.032471 1.337646 0.270508
v 0.079834 1.350708 0.210449
v 0.080322 1.371826 0.213379
v -0.066650 1.306519 0.149414
v -0.009033 1.355713 0.261963
v -0.022461 1.338989 0.283692
v -0.020874 1.343506 0.261963
v 0.077881 1.325439 0.128784
v 0.093262 1.305420 0.117920
v 0.080444 1.302368 0.139771
v -0.105225 1.341919 0.105835
v -0.111328 1.323486 0.108399
v -0.093506 1.326660 0.134278
v -0.109253 1.306519 0.122559
v -0.071655 1.314331 0.165283
v -0.077026 1.343140 0.155518
v -0.077759 1.325439 0.128784
v -0.093018 1.305420 0.117920
v -0.075073 1.348511 0.117920
v -0.070190 1.343872 0.143799
v 0.025146 1.171509 0.233277
v 0.000000 1.168335 0.232422
v 0.000000 1.140747 0.364014
v 0.000000 1.144043 0.390869
v 0.014893 1.146240 0.384522
v 0.000000 1.149780 0.329590
v 0.022217 1.153809 0.329834
v 0.000000 1.160278 0.283203
v 0.093628 1.326660 0.134278
v 0.096680 1.303589 0.144409
v 0.109375 1.306519 0.122559
v 0.091064 1.349731 0.123413
v 0.111450 1.323486 0.108399
v 0.095337 1.322266 0.103760
v 0.105469 1.341919 0.105835
v 0.089233 1.340698 0.101197
v 0.075317 1.348511 0.117920
v 0.070312 1.343872 0.143799
v 0.074951 1.351074 0.212769
v 0.042725 1.338013 0.258545
v 0.009155 1.355713 0.261963
v 0.007324 1.356445 0.268921
v 0.001465 1.367676 0.259888
v 0.046997 1.330933 0.267578
v 0.022583 1.338989 0.283692
v 0.032715 1.337646 0.270508
v -0.025024 1.171509 0.233277
v -0.047241 1.172974 0.282715
v -0.023804 1.163940 0.283203
v -0.021973 1.153809 0.329834
v -0.019165 1.144897 0.365479
v -0.028320 1.156372 0.365723
v -0.014771 1.146240 0.384522
v -0.018921 1.158813 0.387818
v 0.000000 1.159790 0.397217
v 0.019043 1.158813 0.387818
v 0.028442 1.156372 0.365723
v 0.019409 1.144897 0.365479
v 0.038330 1.163696 0.328125
v 0.024048 1.163940 0.283203
v 0.042480 1.182861 0.180664
v -0.080322 1.302368 0.139771
v -0.096436 1.303589 0.144409
v -0.095093 1.322266 0.103760
v -0.089111 1.340698 0.101197
v -0.090942 1.349731 0.123413
v 0.000000 1.526123 0.096192
v -0.011353 1.518188 0.128662
v -0.007568 1.523315 0.096314
v -0.010864 1.509277 0.072510
v -0.012817 1.520508 0.096314
v -0.022827 1.515015 0.121460
v 0.000000 1.520996 0.133545
v -0.033936 1.350220 0.131104
v 0.000000 1.350220 0.128906
v -0.033569 1.372925 0.124268
v 0.000000 1.373291 0.123780
v -0.031616 1.394653 0.117188
v -0.018311 1.474609 0.085694
v 0.000000 1.512085 0.072022
v 0.011597 1.518188 0.128662
v 0.016113 1.474731 0.186280
v 0.021729 1.444702 0.209107
v 0.000000 1.474854 0.195557
v -0.015991 1.474731 0.186280
v -0.034790 1.475098 0.169556
v -0.056274 1.432495 0.169678
v -0.018188 1.517578 0.096314
v -0.025146 1.439209 0.099610
v -0.052002 1.439209 0.107666
v -0.067749 1.373413 0.132691
v 0.033691 1.372925 0.124268
v 0.031738 1.394653 0.117188
v 0.000000 1.394287 0.117554
v 0.000000 1.439209 0.100098
v 0.000000 1.474731 0.085205
v 0.010986 1.509277 0.072510
v 0.007812 1.523315 0.096314
v 0.022949 1.515015 0.121460
v 0.035034 1.475098 0.169556
v 0.049927 1.436768 0.191651
v 0.040527 1.432617 0.245606
v 0.000000 1.412964 0.249268
v -0.003906 1.412964 0.256104
v -0.020630 1.428711 0.254517
v -0.018311 1.440063 0.235840
v -0.039795 1.432007 0.247193
v -0.034668 1.438599 0.227295
v -0.056519 1.425171 0.232910
v -0.050903 1.433350 0.212525
v -0.084229 1.376831 0.186890
v -0.081421 1.376465 0.173462
v -0.067627 1.351685 0.140137
v -0.065186 1.395020 0.124878
v -0.043579 1.474487 0.117920
v -0.039673 1.474487 0.092407
v -0.029541 1.511230 0.094971
v -0.022827 1.506470 0.075196
v -0.028442 1.512207 0.110718
v -0.043823 1.474854 0.147949
v -0.060791 1.439209 0.139405
v -0.076294 1.397583 0.163819
v -0.063721 1.425049 0.195679
v -0.044434 1.436890 0.192749
v -0.018066 1.443848 0.212281
v 0.000000 1.439209 0.230591
v 0.019775 1.440918 0.233277
v 0.037354 1.439087 0.225098
v 0.034058 1.350220 0.131104
v 0.067871 1.373413 0.132691
v 0.065430 1.395020 0.124878
v 0.052246 1.439209 0.107666
v 0.025269 1.439209 0.099610
v 0.018433 1.474609 0.085694
v 0.023071 1.506470 0.075196
v 0.012939 1.520508 0.096314
v 0.028687 1.512207 0.110718
v 0.043945 1.474854 0.147949
v 0.055176 1.433105 0.211914
v 0.073120 1.416382 0.219239
v 0.058960 1.424927 0.232666
v 0.058960 1.421021 0.244751
v 0.020630 1.429199 0.253296
v 0.023071 1.415161 0.265259
v 0.009888 1.422363 0.256226
v 0.004150 1.413208 0.256104
v 0.000000 1.383179 0.260620
v 0.000000 1.367920 0.262573
v 0.000000 1.358154 0.276367
v 0.019409 1.323853 0.304688
v 0.012939 1.327271 0.323242
v 0.009644 1.348145 0.318726
v 0.007568 1.351929 0.349732
v 0.000000 1.357666 0.349976
v -0.007446 1.351929 0.349732
v -0.015991 1.330444 0.408447
v -0.007812 1.318237 0.407471
v -0.012085 1.324951 0.439942
v -0.006592 1.318115 0.440796
v 0.000000 1.316162 0.466431
v 0.000000 1.316162 0.441773
v 0.006714 1.318115 0.440796
v 0.000000 1.316040 0.408570
v 0.000000 1.316040 0.379639
v -0.004150 1.318237 0.379639
v -0.011230 1.330810 0.379517
v 0.000000 1.354126 0.319092
v 0.000000 1.355469 0.295899
v 0.009155 1.350098 0.292725
v -0.008911 1.350098 0.292725
v -0.007202 1.356445 0.268921
v 0.000000 1.372314 0.258301
v 0.000000 1.393677 0.257691
v -0.010010 1.421875 0.257080
v -0.022827 1.415161 0.265259
v -0.042847 1.421265 0.261719
v -0.073608 1.412598 0.228150
v -0.070190 1.417480 0.217530
v -0.080811 1.399658 0.201416
v -0.084961 1.372314 0.209473
v -0.081787 1.355469 0.183228
v -0.079712 1.350708 0.210449
v -0.075806 1.336304 0.226074
v -0.046753 1.330933 0.267578
v -0.042969 1.321167 0.286988
v -0.019531 1.323853 0.304688
v -0.009399 1.348145 0.318726
v -0.010376 1.329712 0.349976
v -0.004639 1.318237 0.327027
v -0.003662 1.318237 0.352661
v 0.007935 1.318237 0.407471
v 0.000000 1.342895 0.447510
v 0.000000 1.326172 0.459961
v -0.011475 1.338989 0.441406
v -0.012817 1.352173 0.413208
v -0.007812 1.354248 0.379273
v 0.007935 1.354248 0.379273
v 0.011475 1.330810 0.379517
v 0.010498 1.329712 0.349976
v 0.004761 1.318237 0.327027
v 0.003784 1.318237 0.352661
v 0.000000 1.316040 0.354492
v 0.004272 1.318237 0.379639
v 0.012329 1.324951 0.439942
v 0.011597 1.338989 0.441406
v 0.000000 1.357910 0.418823
v 0.000000 1.361206 0.379395
v 0.013062 1.352173 0.413208
v 0.016113 1.330444 0.408447
v 0.039062 1.222900 0.302857
v 0.027588 1.223633 0.322754
v 0.057617 1.199951 0.175415
v 0.066040 1.235718 0.189453
v 0.052612 1.220093 0.158447
v 0.061646 1.270508 0.157471
v 0.072754 1.297363 0.173340
v 0.071777 1.314331 0.165283
v 0.061646 1.311157 0.261231
v 0.067139 1.292480 0.233887
v 0.071289 1.309448 0.220459
v 0.077148 1.343140 0.155518
v 0.066772 1.306519 0.149414
v -0.054932 1.232544 0.222046
v 0.000000 1.220093 0.247559
v -0.012695 1.327271 0.323242
v 0.000000 1.316040 0.327637
v 0.019287 1.311401 0.308472
v 0.057861 1.281372 0.269165
v 0.061523 1.277344 0.251465
v 0.055542 1.257324 0.258301
v 0.055420 1.257935 0.243286
v 0.060791 1.247681 0.232910
v 0.059570 1.239746 0.251831
v 0.067993 1.225708 0.224121
v 0.064819 1.213257 0.258789
v 0.065674 1.210083 0.228882
v 0.061890 1.202026 0.268921
v 0.047363 1.172974 0.282715
v 0.037354 1.187134 0.349732
v 0.021606 1.187988 0.376465
v -0.021484 1.187988 0.376465
v -0.038208 1.163696 0.328125
v -0.058105 1.187622 0.277344
v -0.048096 1.179688 0.233765
v -0.062622 1.194336 0.233765
v -0.042358 1.182861 0.180664
v -0.069214 1.271484 0.174439
v -0.070923 1.309570 0.220459
v -0.060669 1.311279 0.261109
v -0.066772 1.292725 0.233887
v -0.072510 1.297363 0.173340
v -0.065918 1.235718 0.189453
v -0.062866 1.215942 0.181763
v -0.065552 1.210083 0.228882
v -0.049072 1.188721 0.319580
v -0.037231 1.187134 0.349732
v 0.000854 1.199463 0.373169
v 0.000000 1.188354 0.384644
v 0.024536 1.197876 0.364746
v 0.041748 1.196655 0.342041
v 0.049194 1.188721 0.319580
v 0.051514 1.197021 0.313111
v 0.058350 1.187622 0.277344
v 0.048462 1.229492 0.280030
v 0.056274 1.250732 0.266358
v 0.056396 1.250610 0.258667
v 0.058228 1.266357 0.262085
v 0.048584 1.295532 0.283814
v 0.036621 1.304688 0.299439
v 0.019165 1.302246 0.311646
v 0.000000 1.310547 0.315552
v 0.000000 1.313354 0.314331
v -0.019531 1.311401 0.308472
v -0.058838 1.318237 0.266602
v -0.059326 1.297974 0.264893
v -0.061279 1.277588 0.251343
v -0.064331 1.279297 0.222290
v -0.059692 1.268921 0.248169
v -0.055908 1.258667 0.241944
v -0.056396 1.251709 0.257324
v -0.060181 1.248657 0.232666
v -0.067871 1.225708 0.224121
v -0.064697 1.213257 0.258789
v -0.061768 1.202026 0.268921
v -0.052246 1.197021 0.313111
v -0.040039 1.203369 0.334961
v -0.040283 1.196655 0.342041
v -0.023071 1.207153 0.350952
v -0.022705 1.197876 0.364746
v 0.026489 1.207153 0.350952
v 0.043091 1.203369 0.334961
v 0.052856 1.203491 0.307984
v 0.001587 1.208740 0.359131
v -0.034668 1.222900 0.302857
v -0.054565 1.203491 0.307984
v -0.052368 1.239746 0.280518
v -0.056030 1.251099 0.266236
v -0.055664 1.257812 0.258179
v -0.059204 1.239990 0.251831
v -0.046387 1.229492 0.280030
v 0.000000 1.301514 0.317505
v -0.039673 1.311523 0.294434
v -0.053467 1.307983 0.276734
v -0.049561 1.302979 0.280274
v -0.057739 1.288940 0.265869
v 0.029541 1.287720 0.300781
v 0.040039 1.286133 0.284424
v 0.035278 1.291016 0.305786
v 0.019165 1.295654 0.314453
v 0.000000 1.295166 0.320069
v 0.000000 1.288452 0.323120
v -0.019531 1.295654 0.314453
v -0.035034 1.291016 0.305786
v -0.046875 1.289062 0.287598
v -0.056274 1.281372 0.269165
v -0.054443 1.274414 0.273194
v -0.056396 1.258301 0.268921
v -0.058105 1.266724 0.261963
v -0.048096 1.295532 0.283814
v -0.036377 1.304688 0.299439
v -0.036011 1.297852 0.302490
v -0.019653 1.302246 0.311646
v 0.036255 1.297852 0.302490
v 0.047241 1.289062 0.287598
v 0.056152 1.274414 0.273194
v 0.042603 1.241211 0.293335
v 0.035645 1.237915 0.290772
v -0.046753 1.272339 0.271485
v -0.038330 1.241211 0.293335
v -0.049561 1.247803 0.270874
v -0.024170 1.241333 0.313233
v -0.040894 1.233154 0.302857
v -0.012207 1.243408 0.327515
v 0.000000 1.236206 0.342774
v 0.000000 1.244263 0.332520
v 0.014526 1.243408 0.327515
v 0.029297 1.241333 0.313233
v 0.054443 1.239746 0.280518
v 0.056274 1.257935 0.269043
v 0.000000 1.231689 0.140869
v 0.000000 1.216675 0.120728
v -0.011597 1.199829 0.087525
v -0.018311 1.214111 0.121948
v -0.007202 1.186279 0.050293
v 0.000000 1.187866 0.049561
v 0.000000 1.202026 0.087280
v 0.007446 1.186279 0.050293
v 0.011841 1.199829 0.087525
v 0.018555 1.214111 0.121948
v 0.028931 1.229004 0.146240
v 0.000000 1.168579 0.099854
v 0.009521 1.170654 0.099243
v 0.000000 1.171509 0.140015
v 0.013062 1.173950 0.139527
v 0.014038 1.174805 0.057373
v 0.012695 1.181030 0.053223
v 0.019409 1.193115 0.089234
v 0.020752 1.184082 0.092407
v 0.030640 1.206299 0.125611
v 0.032104 1.193237 0.131470
v 0.023682 1.175415 0.184571
v 0.023804 1.179932 0.137085
v 0.007690 1.165405 0.065308
v 0.016113 1.174561 0.096924
v 0.012695 1.168945 0.062256
v 0.000000 1.163452 0.067261
v -0.009399 1.170654 0.099243
v 0.000000 1.172485 0.185181
v -0.020508 1.184082 0.092407
v -0.023560 1.179932 0.137085
v -0.012573 1.181030 0.053223
v -0.019165 1.193115 0.089234
v -0.030518 1.206299 0.125611
v -0.031982 1.193237 0.131470
v -0.052368 1.220093 0.158447
v -0.057495 1.199951 0.175415
v -0.023560 1.175415 0.184571
v -0.012817 1.173950 0.139527
v -0.007446 1.165405 0.065308
v -0.015991 1.174561 0.096924
v 0.048218 1.179688 0.233765
v 0.062744 1.194336 0.233765
v 0.062988 1.215942 0.181763
v 0.069336 1.271484 0.174439
v 0.059814 1.268555 0.248169
v 0.064575 1.279175 0.222290
v 0.060425 1.297852 0.265015
v 0.059448 1.288940 0.265869
v 0.049927 1.302979 0.280274
v 0.054077 1.307983 0.276734
v 0.039917 1.311523 0.294434
v 0.043213 1.321167 0.286988
v 0.059326 1.318237 0.266602
v 0.064209 1.328613 0.253296
v 0.082031 1.355469 0.183228
v -0.070801 1.406006 0.232056
v -0.081543 1.399292 0.220825
v -0.078125 1.394287 0.221924
v -0.080200 1.371826 0.213379
v -0.006348 1.400879 0.257935
v 0.002930 1.366821 0.259522
v -0.001587 1.390381 0.253174
v 0.006470 1.400879 0.257935
v 0.000977 1.390259 0.251587
v 0.001709 1.390381 0.253174
v -0.000732 1.390259 0.251587
v -0.001343 1.367676 0.259766
v -0.002808 1.366821 0.259522
v 0.074951 1.411377 0.230469
v 0.071045 1.405273 0.233887
v 0.081665 1.399292 0.220825
v 0.085205 1.372314 0.209473
v 0.078247 1.394287 0.221924
v 0.080933 1.399658 0.201416
v 0.084351 1.376831 0.186890
v 0.067749 1.351685 0.140137
v 0.081665 1.376465 0.173462
v 0.076416 1.397583 0.163819
v 0.061035 1.439209 0.139405
v 0.043823 1.474487 0.117920
v 0.039917 1.474487 0.092407
v 0.029663 1.511230 0.094971
v 0.018433 1.517578 0.096314
v 0.062866 1.431519 0.169800
v 0.068604 1.424194 0.196533
v 0.057129 1.414429 0.247681
v 0.011963 1.403687 0.261353
v 0.042236 1.416504 0.257447
v -0.012207 1.403320 0.261963
v -0.010864 1.407104 0.263184
v -0.001221 1.401245 0.254761
v -0.057983 1.414307 0.247681
v -0.023926 1.408325 0.262573
v -0.058716 1.421143 0.244751
v -0.042236 1.415771 0.257813
v 0.045288 1.233154 0.302857
v 0.033081 1.233276 0.322876
v 0.014404 1.226440 0.337036
v 0.014526 1.235352 0.337891
v 0.000000 1.227661 0.341919
v -0.012207 1.235352 0.337891
v -0.012207 1.226440 0.337036
v -0.022461 1.223633 0.322754
v -0.027832 1.233276 0.322876
v 0.051636 1.247803 0.270874
v -0.019531 1.288940 0.317871
v 0.000000 1.284546 0.316284
v 0.019165 1.288940 0.317871
v 0.015625 1.285034 0.311524
v -0.009033 1.239502 0.322266
v -0.009766 1.209473 0.326172
v -0.018921 1.237427 0.309082
v 0.000000 1.240356 0.326538
v 0.000000 1.210449 0.326294
v 0.011230 1.239502 0.322266
v 0.024658 1.206665 0.311768
v 0.024048 1.237427 0.309082
v 0.034424 1.206543 0.292847
v 0.039062 1.214844 0.271240
v 0.042969 1.245728 0.269531
v 0.055298 1.232422 0.222046
v 0.000000 1.226685 0.180420
v 0.000000 1.228271 0.302124
v 0.011963 1.209473 0.326172
v -0.019409 1.206665 0.311768
v -0.030029 1.206543 0.292847
v -0.031250 1.237915 0.290772
v -0.040894 1.245728 0.269531
v -0.036987 1.214844 0.271240
v -0.049316 1.258911 0.258057
v -0.041626 1.302246 0.267945
v -0.039551 1.286133 0.284424
v -0.033569 1.312500 0.281006
v -0.029297 1.287720 0.300781
v -0.023560 1.313721 0.294312
v -0.015991 1.285156 0.311524
v 0.000000 1.309814 0.306397
v 0.011597 1.310547 0.302735
v 0.034058 1.312500 0.281006
v 0.048340 1.272339 0.271485
v 0.049438 1.258545 0.258179
v 0.000000 1.273193 0.170166
v 0.000000 1.329956 0.172730
v -0.047852 1.288330 0.244751
v -0.011963 1.310547 0.302735
v 0.000000 1.328003 0.290894
v 0.023804 1.313721 0.294312
v 0.043335 1.302246 0.267945
v 0.000000 1.337036 0.238526
v 0.048462 1.288208 0.244751
v 0.023926 1.408325 0.262451
v 0.010620 1.407349 0.262696
v 0.001465 1.401245 0.254761
v 0.043091 1.421265 0.261719
v -0.013794 1.174805 0.057373
v -0.012573 1.168945 0.062256
v 0.000000 0.651855 0.013794
v -0.057495 0.651855 0.007446
v -0.108276 0.651855 -0.006836
v 0.106567 0.651855 -0.135010
v -0.056274 0.651856 -0.186035
v 0.119385 0.651855 -0.062500
v -0.007202 1.186279 0.050293
v 0.000000 1.187866 0.049561
v 0.007446 1.186279 0.050293
v 0.014038 1.174805 0.057373
v 0.012695 1.181030 0.053223
v 0.007690 1.165405 0.065308
v 0.012695 1.168945 0.062256
v 0.000000 1.163452 0.067261
v -0.012573 1.181030 0.053223
v -0.007446 1.165405 0.065308
v 0.068726 1.080566 0.027588
v 0.051636 1.135986 0.036133
v -0.013794 1.174805 0.057373
v -0.022217 1.174561 0.056641
v -0.019897 1.164429 0.065186
v -0.012573 1.168945 0.062256
v -0.011841 1.159668 0.069824
v 0.012085 1.159668 0.069824
v 0.000000 1.195923 0.044312
v -0.011475 1.193115 0.045288
v -0.020142 1.185425 0.049195
v 0.000000 1.156860 0.072754
v 0.020142 1.164429 0.065186
v 0.027344 1.157837 0.065430
v 0.022461 1.174561 0.056641
v 0.030762 1.172119 0.053223
v 0.027832 1.187622 0.042725
v 0.020386 1.185425 0.049195
v 0.015869 1.197632 0.037842
v 0.011719 1.193115 0.045288
v 0.000000 1.201660 0.036499
v -0.028564 1.181274 0.032959
v -0.030518 1.172119 0.053223
v -0.031616 1.164062 0.043701
v -0.027222 1.157837 0.065430
v -0.016235 1.151733 0.071655
v 0.000000 1.148315 0.075562
v 0.016357 1.151733 0.071655
v 0.031860 1.164062 0.043701
v 0.028687 1.181274 0.032959
v 0.000000 1.197998 0.027466
v -0.015747 1.197632 0.037842
v -0.027710 1.187622 0.042725
v -0.026245 1.176636 0.029297
v -0.044922 1.126953 0.045044
v -0.079224 1.029297 0.012451
v -0.045044 0.967285 0.013306
v -0.097412 0.893188 -0.010620
v -0.053711 0.810425 0.000000
v -0.103760 0.810913 -0.014282
v -0.106934 0.728760 -0.013672
v -0.119141 0.651855 -0.062500
v -0.122070 0.728760 -0.101196
v -0.106323 0.651855 -0.135010
v -0.108765 0.728760 -0.161621
v 0.000000 0.728760 -0.214844
v 0.000000 0.651856 -0.196777
v 0.059326 0.728760 -0.202270
v 0.056396 0.651856 -0.186035
v 0.107178 0.728760 -0.013672
v 0.108398 0.651855 -0.006836
v 0.057617 0.651855 0.007446
v -0.056763 0.728760 0.001343
v 0.000000 1.026978 0.034790
v 0.033447 1.075195 0.043823
v 0.039429 1.027344 0.028809
v 0.045288 0.967285 0.013306
v 0.051392 0.892212 0.002930
v 0.097534 0.893188 -0.010620
v 0.057007 0.728760 0.001343
v 0.038940 1.158081 0.035523
v 0.029419 1.161377 0.039429
v -0.068604 1.080566 0.027588
v -0.088745 0.968750 -0.002930
v -0.029175 1.161377 0.039429
v -0.025269 1.148193 0.051148
v -0.027710 1.150024 0.056275
v -0.016235 1.144165 0.062988
v 0.000000 1.140625 0.066773
v 0.016479 1.144165 0.062988
v 0.014893 1.143555 0.056153
v 0.027832 1.150024 0.056275
v 0.025513 1.148193 0.051148
v 0.026489 1.176636 0.029297
v 0.016113 1.193237 0.028565
v -0.015869 1.193237 0.028565
v -0.038696 1.158081 0.035523
v -0.051392 1.135986 0.036133
v 0.079468 1.029297 0.012451
v 0.088989 0.968750 -0.002930
v 0.122314 0.728760 -0.101196
v 0.109009 0.728760 -0.161621
v -0.059204 0.728760 -0.202270
v 0.000000 0.728760 0.009766
v 0.000000 0.810303 0.008545
v -0.051270 0.892212 0.002930
v 0.000000 0.891968 0.011475
v -0.039185 1.027344 0.028809
v 0.000000 1.074341 0.049927
v -0.033203 1.075195 0.043823
v -0.014771 1.143555 0.056153
v 0.000000 1.117554 0.060791
v 0.000000 1.140503 0.059570
v 0.024048 1.120239 0.055176
v 0.045166 1.126953 0.045044
v -0.023804 1.120239 0.055176
v 0.053955 0.810425 0.000000
v 0.000000 0.967163 0.021851
v 0.103882 0.810913 -0.014282
v 0.127075 0.060425 -0.019043
v 0.085938 0.066406 0.002441
v 0.044678 0.060425 -0.019043
v 0.085938 0.055542 -0.134399
v 0.044678 0.053711 -0.114258
v 0.127075 0.053711 -0.114258
v 0.035034 0.052002 -0.066162
v 0.136719 0.052002 -0.066162
v -0.044434 0.053711 -0.114258
v -0.034912 0.052002 -0.066162
v -0.044434 0.060425 -0.019043
v -0.085693 0.066406 0.002441
v -0.126953 0.060425 -0.019043
v -0.085693 0.055542 -0.134399
v -0.126953 0.053711 -0.114258
v -0.136475 0.052002 -0.066162
v 0.562256 1.105835 -0.065063
v 0.562256 1.105835 -0.091675
v 0.562256 1.091431 -0.096802
v 0.562256 1.078247 -0.065063
v 0.562256 1.091431 -0.059936
v -0.562744 1.091431 -0.059936
v -0.562744 1.078247 -0.065063
v -0.562744 1.072998 -0.078613
v -0.562744 1.078247 -0.091675
v -0.562744 1.111206 -0.078613
v -0.562744 1.105835 -0.065063
v 0.618286 1.040649 -0.103271
v 0.618286 1.142822 -0.040527
v 0.562256 1.072998 -0.078613
v 0.618286 1.021240 -0.072510
v 0.562256 1.078247 -0.091675
v 0.562256 1.111206 -0.078613
v -0.618774 1.021240 -0.072510
v -0.618774 1.040649 -0.103271
v -0.562744 1.091431 -0.096802
v -0.562744 1.105835 -0.091675
v -0.618774 1.142822 -0.103271
v -0.028564 1.181274 0.032959
v -0.031616 1.164062 0.043701
v 0.031860 1.164062 0.043701
v 0.028687 1.181274 0.032959
v 0.000000 1.197998 0.027466
v -0.026245 1.176636 0.029297
v 0.029419 1.161377 0.039429
v -0.029175 1.161377 0.039429
v -0.025269 1.148193 0.051148
v -0.027710 1.150024 0.056275
v -0.016235 1.144165 0.062988
v 0.000000 1.140625 0.066773
v 0.016479 1.144165 0.062988
v 0.014893 1.143555 0.056153
v 0.027832 1.150024 0.056275
v 0.025513 1.148193 0.051148
v 0.026489 1.176636 0.029297
v 0.014648 1.187012 0.025391
v 0.016113 1.193237 0.028565
v -0.015869 1.193237 0.028565
v -0.014404 1.187012 0.025391
v 0.000000 1.191528 0.024414
v -0.014771 1.143555 0.056153
v 0.000000 1.140503 0.059570
vt 0.717773 0.141602
vt 0.747070 0.141602
vt 0.717773 0.156250
vt 0.747070 0.156250
vt 0.717773 0.175781
vt 0.747070 0.175781
vt 0.717773 0.184570
vt 0.747070 0.184570
vt 0.717773 0.192383
vt 0.747070 0.192383
vt 0.717773 0.225586
vt 0.779297 0.225586
vt 0.862305 0.100586
vt 0.779297 0.192383
vt 0.779297 0.184570
vt 0.779297 0.175781
vt 0.779297 0.156250
vt 0.779297 0.141602
vt 0.747070 0.033203
vt 0.747070 0.141602
vt 0.779297 0.033203
vt 0.779297 0.141602
vt 0.793945 0.033203
vt 0.793945 0.090820
vt 0.793945 0.141602
vt 0.812500 0.141602
vt 0.812500 0.076172
vt 0.821289 0.141602
vt 0.821289 0.075195
vt 0.830078 0.141602
vt 0.830078 0.086914
vt 0.862305 0.033203
vt 0.830078 0.033203
vt 0.821289 0.033203
vt 0.812500 0.033203
vt 0.830078 0.141602
vt 0.862305 0.100586
vt 0.862305 0.033203
vt 0.875000 0.033203
vt 0.875000 0.097656
vt 0.830078 0.141602
vt 0.862305 0.033203
vt 0.862305 0.100586
vt 0.875000 0.033203
vt 0.875000 0.097656
vt 0.887695 0.090820
vt 0.887695 0.033203
vt 0.779297 0.225586
vt 0.747070 0.192383
vt 0.717773 0.225586
vt 0.717773 0.192383
vt 0.747070 0.184570
vt 0.717773 0.184570
vt 0.747070 0.175781
vt 0.717773 0.175781
vt 0.747070 0.156250
vt 0.717773 0.156250
vt 0.747070 0.141602
vt 0.717773 0.141602
vt 0.747070 0.141602
vt 0.747070 0.156250
vt 0.779297 0.141602
vt 0.779297 0.156250
vt 0.747070 0.175781
vt 0.779297 0.175781
vt 0.747070 0.184570
vt 0.779297 0.184570
vt 0.747070 0.192383
vt 0.779297 0.192383
vt 0.779297 0.225586
vt 0.887695 0.033203
vt 0.887695 0.090820
vt 0.887695 0.141602
vt 0.875000 0.141602
vt 0.862305 0.141602
vt 0.779297 0.192383
vt 0.779297 0.184570
vt 0.779297 0.175781
vt 0.779297 0.156250
vt 0.779297 0.141602
vt 0.779297 0.033203
vt 0.747070 0.033203
vt 0.717773 0.033203
vt 0.747070 0.033203
vt 0.779297 0.033203
vt 0.793945 0.033203
vt 0.793945 0.090820
vt 0.793945 0.141602
vt 0.812500 0.141602
vt 0.812500 0.076172
vt 0.821289 0.141602
vt 0.821289 0.075195
vt 0.830078 0.086914
vt 0.830078 0.033203
vt 0.821289 0.033203
vt 0.812500 0.033203
vt 0.887695 0.141602
vt 0.875000 0.141602
vt 0.862305 0.141602
vt 0.918945 0.127930
vt 0.918945 0.066406
vt 0.868164 0.127930
vt 0.864258 0.066406
vt 0.810547 0.127930
vt 0.810547 0.066406
vt 0.810547 0.127930
vt 0.810547 0.066406
vt 0.797852 0.066406
vt 0.810547 0.127930
vt 0.810547 0.127930
vt 0.868164 0.127930
vt 0.918945 0.127930
vt 0.797852 0.127930
vt 0.797852 0.127930
vt 0.784180 0.127930
vt 0.784180 0.127930
vt 0.784180 0.066406
vt 0.784180 0.066406
vt 0.751953 0.127930
vt 0.751953 0.066406
vt 0.744141 0.066406
vt 0.744141 0.127930
vt 0.734375 0.066406
vt 0.734375 0.127930
vt 0.715820 0.127930
vt 0.715820 0.081055
vt 0.701172 0.127930
vt 0.701172 0.095703
vt 0.701172 0.066406
vt 0.701172 0.095703
vt 0.701172 0.127930
vt 0.715820 0.127930
vt 0.734375 0.127930
vt 0.744141 0.127930
vt 0.751953 0.127930
vt 0.784180 0.127930
vt 0.784180 0.127930
vt 0.797852 0.127930
vt 0.797852 0.127930
vt 0.793945 0.033203
vt 0.793945 0.090820
vt 0.793945 0.141602
vt 0.812500 0.141602
vt 0.812500 0.076172
vt 0.821289 0.141602
vt 0.821289 0.075195
vt 0.830078 0.086914
vt 0.830078 0.033203
vt 0.821289 0.033203
vt 0.812500 0.033203
vt 0.669922 0.692383
vt 0.665039 0.686523
vt 0.673828 0.686523
vt 0.673828 0.679688
vt 0.665039 0.679688
vt 0.673828 0.672852
vt 0.665039 0.672852
vt 0.673828 0.666016
vt 0.665039 0.666016
vt 0.673828 0.660156
vt 0.665039 0.660156
vt 0.673828 0.653320
vt 0.665039 0.653320
vt 0.673828 0.646484
vt 0.665039 0.646484
vt 0.673828 0.639648
vt 0.665039 0.639648
vt 0.669922 0.633789
vt 0.667969 0.692383
vt 0.664062 0.686523
vt 0.671875 0.686523
vt 0.671875 0.679688
vt 0.664062 0.679688
vt 0.671875 0.672852
vt 0.664062 0.672852
vt 0.671875 0.666016
vt 0.664062 0.666016
vt 0.671875 0.660156
vt 0.664062 0.660156
vt 0.664062 0.653320
vt 0.671875 0.653320
vt 0.664062 0.646484
vt 0.671875 0.646484
vt 0.664062 0.639648
vt 0.671875 0.639648
vt 0.667969 0.633789
vt 0.694336 0.692383
vt 0.690430 0.686523
vt 0.698242 0.686523
vt 0.690430 0.679688
vt 0.698242 0.679688
vt 0.690430 0.672852
vt 0.698242 0.672852
vt 0.690430 0.666016
vt 0.698242 0.666016
vt 0.698242 0.660156
vt 0.690430 0.660156
vt 0.698242 0.653320
vt 0.690430 0.653320
vt 0.698242 0.646484
vt 0.690430 0.646484
vt 0.698242 0.639648
vt 0.690430 0.639648
vt 0.694336 0.633789
vt 0.685547 0.692383
vt 0.681641 0.686523
vt 0.681641 0.679688
vt 0.681641 0.672852
vt 0.681641 0.666016
vt 0.681641 0.660156
vt 0.681641 0.653320
vt 0.681641 0.646484
vt 0.681641 0.639648
vt 0.685547 0.633789
vt 0.677734 0.692383
vt 0.677734 0.633789
vt 0.661133 0.692383
vt 0.657227 0.686523
vt 0.657227 0.679688
vt 0.657227 0.672852
vt 0.657227 0.666016
vt 0.657227 0.660156
vt 0.657227 0.653320
vt 0.657227 0.646484
vt 0.657227 0.639648
vt 0.661133 0.633789
vt 0.887695 0.090820
vt 0.875000 0.097656
vt 0.887695 0.141602
vt 0.875000 0.141602
vt 0.862305 0.100586
vt 0.862305 0.141602
vt 0.747070 0.192383
vt 0.779297 0.192383
vt 0.779297 0.184570
vt 0.747070 0.184570
vt 0.779297 0.175781
vt 0.747070 0.175781
vt 0.779297 0.156250
vt 0.747070 0.156250
vt 0.887695 0.090820
vt 0.887695 0.141602
vt 0.875000 0.097656
vt 0.875000 0.141602
vt 0.862305 0.141602
vt 0.918945 0.127930
vt 0.918945 0.066406
vt 0.868164 0.127930
vt 0.864258 0.066406
vt 0.810547 0.127930
vt 0.810547 0.066406
vt 0.810547 0.127930
vt 0.810547 0.066406
vt 0.797852 0.066406
vt 0.810547 0.127930
vt 0.810547 0.127930
vt 0.868164 0.127930
vt 0.918945 0.127930
vt 0.797852 0.127930
vt 0.797852 0.127930
vt 0.784180 0.127930
vt 0.784180 0.127930
vt 0.784180 0.066406
vt 0.784180 0.066406
vt 0.751953 0.127930
vt 0.751953 0.066406
vt 0.744141 0.066406
vt 0.744141 0.127930
vt 0.734375 0.066406
vt 0.734375 0.127930
vt 0.715820 0.127930
vt 0.715820 0.081055
vt 0.701172 0.127930
vt 0.701172 0.095703
vt 0.701172 0.066406
vt 0.701172 0.095703
vt 0.701172 0.127930
vt 0.715820 0.127930
vt 0.734375 0.127930
vt 0.744141 0.127930
vt 0.751953 0.127930
vt 0.784180 0.127930
vt 0.784180 0.127930
vt 0.797852 0.127930
vt 0.797852 0.127930
vt 0.779297 0.225586
vt 0.717773 0.033203
vt 0.747070 0.033203
vt 0.779297 0.033203
vt 0.793945 0.033203
vt 0.793945 0.090820
vt 0.793945 0.141602
vt 0.812500 0.141602
vt 0.812500 0.076172
vt 0.821289 0.141602
vt 0.821289 0.075195
vt 0.830078 0.141602
vt 0.830078 0.086914
vt 0.862305 0.033203
vt 0.830078 0.033203
vt 0.821289 0.033203
vt 0.812500 0.033203
vt 0.875000 0.033203
vt 0.887695 0.033203
vt 0.875000 0.033203
vt 0.887695 0.033203
vt 0.685547 0.692383
vt 0.681641 0.686523
vt 0.690430 0.686523
vt 0.690430 0.679688
vt 0.681641 0.679688
vt 0.690430 0.672852
vt 0.681641 0.672852
vt 0.690430 0.666016
vt 0.681641 0.666016
vt 0.690430 0.660156
vt 0.681641 0.660156
vt 0.690430 0.653320
vt 0.681641 0.653320
vt 0.690430 0.646484
vt 0.681641 0.646484
vt 0.690430 0.639648
vt 0.681641 0.639648
vt 0.685547 0.633789
vt 0.677734 0.692383
vt 0.673828 0.686523
vt 0.673828 0.679688
vt 0.673828 0.672852
vt 0.673828 0.666016
vt 0.673828 0.660156
vt 0.673828 0.653320
vt 0.673828 0.646484
vt 0.673828 0.639648
vt 0.677734 0.633789
vt 0.669922 0.692383
vt 0.665039 0.686523
vt 0.665039 0.679688
vt 0.665039 0.672852
vt 0.665039 0.666016
vt 0.665039 0.660156
vt 0.665039 0.653320
vt 0.665039 0.646484
vt 0.665039 0.639648
vt 0.669922 0.633789
vt 0.661133 0.692383
vt 0.657227 0.686523
vt 0.657227 0.679688
vt 0.657227 0.672852
vt 0.657227 0.666016
vt 0.657227 0.660156
vt 0.657227 0.653320
vt 0.657227 0.646484
vt 0.657227 0.639648
vt 0.661133 0.633789
vt 0.694336 0.692383
vt 0.698242 0.686523
vt 0.698242 0.679688
vt 0.698242 0.672852
vt 0.698242 0.666016
vt 0.698242 0.660156
vt 0.698242 0.653320
vt 0.698242 0.646484
vt 0.698242 0.639648
vt 0.694336 0.633789
vt 0.667969 0.692383
vt 0.664062 0.686523
vt 0.671875 0.686523
vt 0.671875 0.679688
vt 0.664062 0.679688
vt 0.671875 0.672852
vt 0.664062 0.672852
vt 0.671875 0.666016
vt 0.664062 0.666016
vt 0.671875 0.660156
vt 0.664062 0.660156
vt 0.664062 0.653320
vt 0.671875 0.653320
vt 0.664062 0.646484
vt 0.671875 0.646484
vt 0.664062 0.639648
vt 0.671875 0.639648
vt 0.667969 0.633789
vt 0.822266 0.632812
vt 0.822266 0.662109
vt 0.822266 0.657227
vt 0.822266 0.665039
vt 0.822266 0.677734
vt 0.822266 0.677734
vt 0.859375 0.677734
vt 0.859375 0.677734
vt 0.904297 0.677734
vt 0.904297 0.677734
vt 0.904297 0.672852
vt 0.904297 0.668945
vt 0.904297 0.646484
vt 0.904297 0.648438
vt 0.904297 0.632812
vt 0.904297 0.632812
vt 0.904297 0.648438
vt 0.904297 0.650391
vt 0.904297 0.677734
vt 0.904297 0.672852
vt 0.904297 0.632812
vt 0.904297 0.650391
vt 0.958008 0.710938
vt 0.919922 0.710938
vt 0.958008 0.699219
vt 0.919922 0.699219
vt 0.958008 0.676758
vt 0.919922 0.676758
vt 0.958008 0.645508
vt 0.919922 0.645508
vt 0.958008 0.628906
vt 0.919922 0.628906
vt 0.875977 0.645508
vt 0.875977 0.628906
vt 0.837891 0.645508
vt 0.837891 0.628906
vt 0.875977 0.628906
vt 0.875977 0.645508
vt 0.919922 0.628906
vt 0.919922 0.645508
vt 0.958008 0.628906
vt 0.958008 0.645508
vt 0.919922 0.676758
vt 0.958008 0.676758
vt 0.958008 0.699219
vt 0.919922 0.699219
vt 0.958008 0.710938
vt 0.919922 0.710938
vt 0.875977 0.699219
vt 0.875977 0.710938
vt 0.837891 0.699219
vt 0.837891 0.710938
vt 0.875977 0.710938
vt 0.875977 0.699219
vt 0.875977 0.676758
vt 0.837891 0.676758
vt 0.875977 0.676758
vt 0.958008 0.710938
vt 0.958008 0.699219
vt 0.919922 0.710938
vt 0.919922 0.699219
vt 0.958008 0.676758
vt 0.919922 0.676758
vt 0.958008 0.645508
vt 0.919922 0.645508
vt 0.958008 0.628906
vt 0.919922 0.628906
vt 0.875977 0.645508
vt 0.875977 0.628906
vt 0.837891 0.645508
vt 0.837891 0.628906
vt 0.875977 0.628906
vt 0.875977 0.645508
vt 0.919922 0.628906
vt 0.919922 0.645508
vt 0.958008 0.628906
vt 0.958008 0.645508
vt 0.919922 0.676758
vt 0.958008 0.676758
vt 0.958008 0.699219
vt 0.919922 0.699219
vt 0.958008 0.710938
vt 0.919922 0.710938
vt 0.875977 0.699219
vt 0.875977 0.710938
vt 0.837891 0.699219
vt 0.837891 0.710938
vt 0.875977 0.710938
vt 0.875977 0.699219
vt 0.875977 0.676758
vt 0.837891 0.676758
vt 0.875977 0.676758
vt 0.822266 0.655273
vt 0.822266 0.666992
vt 0.822266 0.657227
vt 0.822266 0.665039
vt 0.822266 0.677734
vt 0.822266 0.677734
vt 0.859375 0.677734
vt 0.859375 0.677734
vt 0.904297 0.677734
vt 0.904297 0.677734
vt 0.904297 0.666992
vt 0.904297 0.668945
vt 0.904297 0.658203
vt 0.904297 0.646484
vt 0.878906 0.647461
vt 0.881836 0.632812
vt 0.859375 0.632812
vt 0.878906 0.647461
vt 0.859375 0.647461
vt 0.904297 0.658203
vt 0.859375 0.652344
vt 0.822266 0.647461
vt 0.822266 0.655273
vt 0.822266 0.666992
vt 0.822266 0.677734
vt 0.859375 0.677734
vt 0.904297 0.677734
vt 0.904297 0.666992
vt 0.859375 0.677734
vt 0.822266 0.677734
vt 0.822266 0.662109
vt 0.822266 0.632812
vt 0.822266 0.632812
vt 0.859375 0.647461
vt 0.859375 0.652344
vt 0.822266 0.647461
vt 0.904297 0.677734
vt 0.904297 0.639648
vt 0.904297 0.639648
vt 0.904297 0.677734
vt 0.904297 0.677734
vt 0.866211 0.677734
vt 0.866211 0.677734
vt 0.822266 0.677734
vt 0.822266 0.677734
vt 0.822266 0.639648
vt 0.822266 0.639648
vt 0.822266 0.677734
vt 0.822266 0.677734
vt 0.866211 0.677734
vt 0.866211 0.677734
vt 0.904297 0.677734
vt 0.904297 0.639648
vt 0.904297 0.677734
vt 0.866211 0.677734
vt 0.822266 0.677734
vt 0.822266 0.639648
vt 0.822266 0.677734
vt 0.866211 0.677734
vt 0.904297 0.677734
vt 0.904297 0.639648
vt 0.904297 0.677734
vt 0.866211 0.677734
vt 0.822266 0.677734
vt 0.822266 0.639648
vt 0.822266 0.677734
vt 0.866211 0.677734
vt 0.904297 0.677734
vt 0.904297 0.639648
vt 0.904297 0.677734
vt 0.904297 0.639648
vt 0.904297 0.639648
vt 0.904297 0.677734
vt 0.904297 0.677734
vt 0.866211 0.677734
vt 0.866211 0.677734
vt 0.822266 0.677734
vt 0.822266 0.677734
vt 0.822266 0.639648
vt 0.822266 0.639648
vt 0.822266 0.677734
vt 0.822266 0.677734
vt 0.866211 0.677734
vt 0.866211 0.677734
vt 0.904297 0.677734
vt 0.904297 0.639648
vt 0.904297 0.677734
vt 0.866211 0.677734
vt 0.822266 0.677734
vt 0.822266 0.639648
vt 0.822266 0.677734
vt 0.866211 0.677734
vt 0.904297 0.677734
vt 0.904297 0.639648
vt 0.904297 0.677734
vt 0.866211 0.677734
vt 0.822266 0.677734
vt 0.822266 0.639648
vt 0.822266 0.677734
vt 0.866211 0.677734
vt 0.904297 0.677734
vt 0.904297 0.639648
vt 0.975586 0.677734
vt 0.953125 0.677734
vt 0.953125 0.639648
vt 0.920898 0.639648
vt 0.920898 0.677734
vt 0.904297 0.677734
vt 0.866211 0.677734
vt 0.822266 0.677734
vt 0.822266 0.639648
vt 0.822266 0.677734
vt 0.866211 0.677734
vt 0.904297 0.677734
vt 0.920898 0.677734
vt 0.953125 0.677734
vt 0.975586 0.677734
vt 0.975586 0.639648
vt 0.986328 0.677734
vt 0.986328 0.639648
vt 0.986328 0.677734
vt 0.322266 0.354492
vt 0.323242 0.372070
vt 0.325195 0.368164
vt 0.336914 0.374023
vt 0.347656 0.368164
vt 0.325195 0.354492
vt 0.348633 0.354492
vt 0.329102 0.340820
vt 0.336914 0.331055
vt 0.336914 0.334961
vt 0.345703 0.337891
vt 0.344727 0.340820
vt 0.350586 0.354492
vt 0.344727 0.340820
vt 0.336914 0.334961
vt 0.953125 0.677734
vt 0.975586 0.677734
vt 0.953125 0.639648
vt 0.975586 0.639648
vt 0.986328 0.677734
vt 0.986328 0.639648
vt 0.986328 0.677734
vt 0.975586 0.677734
vt 0.953125 0.677734
vt 0.920898 0.639648
vt 0.920898 0.677734
vt 0.904297 0.677734
vt 0.866211 0.677734
vt 0.822266 0.677734
vt 0.822266 0.639648
vt 0.822266 0.677734
vt 0.866211 0.677734
vt 0.904297 0.677734
vt 0.920898 0.677734
vt 0.140625 0.395508
vt 0.125000 0.388672
vt 0.145508 0.375000
vt 0.128906 0.369141
vt 0.148438 0.360352
vt 0.131836 0.355469
vt 0.150391 0.349609
vt 0.133789 0.345703
vt 0.151367 0.341797
vt 0.135742 0.339844
vt 0.151367 0.334961
vt 0.135742 0.334961
vt 0.135742 0.330078
vt 0.151367 0.329102
vt 0.133789 0.324219
vt 0.150391 0.321289
vt 0.131836 0.315430
vt 0.148438 0.310547
vt 0.128906 0.300781
vt 0.145508 0.295898
vt 0.125000 0.281250
vt 0.140625 0.275391
vt 0.243164 0.333008
vt 0.243164 0.309570
vt 0.248047 0.333008
vt 0.248047 0.308594
vt 0.241211 0.294922
vt 0.245117 0.293945
vt 0.240234 0.282227
vt 0.236328 0.285156
vt 0.231445 0.279297
vt 0.233398 0.274414
vt 0.225586 0.277344
vt 0.225586 0.272461
vt 0.217773 0.274414
vt 0.219727 0.279297
vt 0.210938 0.282227
vt 0.214844 0.285156
vt 0.209961 0.294922
vt 0.206055 0.293945
vt 0.203125 0.308594
vt 0.208008 0.309570
vt 0.203125 0.333008
vt 0.207031 0.333008
vt 0.120117 0.401367
vt 0.104492 0.395508
vt 0.125000 0.379883
vt 0.109375 0.374023
vt 0.127930 0.365234
vt 0.112305 0.360352
vt 0.130859 0.353516
vt 0.114258 0.349609
vt 0.131836 0.342773
vt 0.116211 0.340820
vt 0.131836 0.334961
vt 0.116211 0.334961
vt 0.116211 0.329102
vt 0.131836 0.328125
vt 0.114258 0.321289
vt 0.130859 0.317383
vt 0.112305 0.309570
vt 0.127930 0.304688
vt 0.109375 0.296875
vt 0.125000 0.291016
vt 0.104492 0.275391
vt 0.120117 0.268555
vt 0.245117 0.398438
vt 0.244141 0.371094
vt 0.249023 0.398438
vt 0.249023 0.370117
vt 0.246094 0.355469
vt 0.242188 0.356445
vt 0.241211 0.343750
vt 0.237305 0.346680
vt 0.234375 0.336914
vt 0.232422 0.341797
vt 0.226562 0.334961
vt 0.226562 0.339844
vt 0.220703 0.341797
vt 0.218750 0.336914
vt 0.214844 0.346680
vt 0.211914 0.343750
vt 0.210938 0.356445
vt 0.206055 0.355469
vt 0.208008 0.371094
vt 0.204102 0.370117
vt 0.203125 0.398438
vt 0.208008 0.398438
vt 0.146484 0.388672
vt 0.152344 0.365234
vt 0.165039 0.396484
vt 0.169922 0.373047
vt 0.172852 0.359375
vt 0.154297 0.352539
vt 0.174805 0.348633
vt 0.156250 0.343750
vt 0.175781 0.340820
vt 0.157227 0.338867
vt 0.176758 0.333984
vt 0.158203 0.333984
vt 0.157227 0.330078
vt 0.175781 0.328125
vt 0.156250 0.325195
vt 0.174805 0.320312
vt 0.154297 0.316406
vt 0.172852 0.309570
vt 0.152344 0.303711
vt 0.169922 0.295898
vt 0.165039 0.272461
vt 0.146484 0.280273
vt 0.168945 0.392578
vt 0.173828 0.368164
vt 0.187500 0.400391
vt 0.192383 0.375977
vt 0.195312 0.362305
vt 0.176758 0.355469
vt 0.197266 0.350586
vt 0.178711 0.344727
vt 0.198242 0.340820
vt 0.180664 0.337891
vt 0.199219 0.332031
vt 0.180664 0.332031
vt 0.180664 0.327148
vt 0.198242 0.324219
vt 0.178711 0.320312
vt 0.197266 0.314453
vt 0.176758 0.309570
vt 0.195312 0.302734
vt 0.173828 0.296875
vt 0.192383 0.289062
vt 0.187500 0.263672
vt 0.168945 0.272461
vt 0.350586 0.372070
vt 0.336914 0.378906
vt 0.336914 0.374023
vt 0.347656 0.368164
vt 0.348633 0.354492
vt 0.329102 0.340820
vt 0.327148 0.337891
vt 0.325195 0.354492
vt 0.325195 0.368164
vt 0.927734 0.806641
vt 0.927734 0.806641
vt 0.927734 0.846680
vt 0.927734 0.806641
vt 0.927734 0.846680
vt 0.927734 0.806641
vt 0.927734 0.846680
vt 0.927734 0.806641
vt 0.887695 0.806641
vt 0.887695 0.806641
vt 0.887695 0.806641
vt 0.908203 0.806641
vt 0.896484 0.806641
vt 0.900391 0.806641
vt 0.887695 0.846680
vt 0.887695 0.846680
vt 0.887695 0.846680
vt 0.887695 0.846680
vt 0.887695 0.806641
vt 0.887695 0.846680
vt 0.887695 0.806641
vt 0.887695 0.846680
vt 0.887695 0.817383
vt 0.887695 0.846680
vt 0.887695 0.825195
vt 0.872070 0.846680
vt 0.872070 0.846680
vt 0.872070 0.846680
vt 0.873047 0.846680
vt 0.847656 0.846680
vt 0.847656 0.846680
vt 0.847656 0.846680
vt 0.847656 0.846680
vt 0.847656 0.846680
vt 0.847656 0.846680
vt 0.847656 0.846680
vt 0.847656 0.846680
vt 0.847656 0.846680
vt 0.847656 0.846680
vt 0.847656 0.846680
vt 0.847656 0.846680
vt 0.847656 0.846680
vt 0.847656 0.846680
vt 0.847656 0.846680
vt 0.847656 0.846680
vt 0.847656 0.846680
vt 0.847656 0.846680
vt 0.912109 0.846680
vt 0.912109 0.846680
vt 0.887695 0.885742
vt 0.912109 0.885742
vt 0.927734 0.846680
vt 0.927734 0.885742
vt 0.912109 0.885742
vt 0.927734 0.885742
vt 0.912109 0.885742
vt 0.927734 0.885742
vt 0.927734 0.885742
vt 0.912109 0.885742
vt 0.917969 0.903320
vt 0.919922 0.921875
vt 0.919922 0.921875
vt 0.919922 0.922852
vt 0.919922 0.923828
vt 0.927734 0.885742
vt 0.927734 0.925781
vt 0.927734 0.885742
vt 0.927734 0.925781
vt 0.927734 0.885742
vt 0.927734 0.925781
vt 0.927734 0.885742
vt 0.927734 0.885742
vt 0.927734 0.885742
vt 0.919922 0.925781
vt 0.927734 0.925781
vt 0.927734 0.925781
vt 0.927734 0.925781
vt 0.887695 0.826172
vt 0.887695 0.833984
vt 0.847656 0.846680
vt 0.847656 0.846680
vt 0.887695 0.846680
vt 0.847656 0.846680
vt 0.887695 0.835938
vt 0.847656 0.846680
vt 0.887695 0.965820
vt 0.887695 0.925781
vt 0.927734 0.965820
vt 0.912109 0.846680
vt 0.912109 0.846680
vt 0.927734 0.846680
vt 0.967773 0.846680
vt 0.967773 0.846680
vt 0.967773 0.806641
vt 0.967773 0.806641
vt 0.927734 0.806641
vt 0.927734 0.846680
vt 0.967773 0.846680
vt 0.967773 0.806641
vt 0.927734 0.806641
vt 0.927734 0.846680
vt 0.967773 0.846680
vt 0.967773 0.806641
vt 0.927734 0.806641
vt 0.987305 0.806641
vt 0.942383 0.892578
vt 0.875977 0.806641
vt 0.828125 0.905273
vt 0.967773 0.829102
vt 0.971680 0.851562
vt 0.968750 0.843750
vt 0.839844 0.893555
vt 0.839844 0.893555
vt 0.828125 0.806641
vt 0.828125 0.806641
vt 0.839844 0.893555
vt 0.828125 0.806641
vt 0.901367 0.846680
vt 0.968750 0.843750
vt 0.828125 0.806641
vt 0.946289 0.806641
vt 0.878906 0.877930
vt 0.987305 0.911133
vt 0.967773 0.806641
vt 0.967773 0.829102
vt 0.967773 0.806641
vt 0.967773 0.829102
vt 0.967773 0.806641
vt 0.967773 0.829102
vt 0.967773 0.806641
vt 0.971680 0.851562
vt 0.987305 0.881836
vt 0.987305 0.881836
vt 0.987305 0.881836
vt 0.987305 0.881836
vt 0.971680 0.851562
vt 0.971680 0.851562
vt 0.847656 0.846680
vt 0.847656 0.846680
vt 0.847656 0.846680
vt 0.847656 0.846680
vt 0.847656 0.806641
vt 0.847656 0.806641
vt 0.847656 0.806641
vt 0.847656 0.806641
vt 0.847656 0.846680
vt 0.847656 0.846680
vt 0.847656 0.846680
vt 0.847656 0.806641
vt 0.847656 0.806641
vt 0.847656 0.806641
vt 0.847656 0.806641
vt 0.296875 0.095703
vt 0.296875 0.089844
vt 0.302734 0.090820
vt 0.296875 0.085938
vt 0.191406 0.105469
vt 0.191406 0.101562
vt 0.200195 0.101562
vt 0.191406 0.091797
vt 0.200195 0.091797
vt 0.200195 0.082031
vt 0.191406 0.082031
vt 0.195312 0.079102
vt 0.203125 0.079102
vt 0.200195 0.082031
vt 0.191406 0.082031
vt 0.191406 0.091797
vt 0.200195 0.091797
vt 0.191406 0.101562
vt 0.200195 0.101562
vt 0.200195 0.105469
vt 0.219727 0.100586
vt 0.219727 0.091797
vt 0.219727 0.082031
vt 0.219727 0.079102
vt 0.219727 0.082031
vt 0.219727 0.091797
vt 0.219727 0.100586
vt 0.219727 0.104492
vt 0.230469 0.103516
vt 0.230469 0.100586
vt 0.230469 0.091797
vt 0.230469 0.082031
vt 0.230469 0.079102
vt 0.240234 0.082031
vt 0.240234 0.091797
vt 0.240234 0.100586
vt 0.240234 0.103516
vt 0.240234 0.100586
vt 0.240234 0.091797
vt 0.240234 0.082031
vt 0.240234 0.079102
vt 0.264648 0.083984
vt 0.264648 0.090820
vt 0.264648 0.098633
vt 0.264648 0.101562
vt 0.264648 0.098633
vt 0.264648 0.090820
vt 0.264648 0.083984
vt 0.264648 0.081055
vt 0.271484 0.080078
vt 0.280273 0.083008
vt 0.280273 0.090820
vt 0.280273 0.099609
vt 0.271484 0.102539
vt 0.271484 0.099609
vt 0.271484 0.090820
vt 0.271484 0.083008
vt 0.280273 0.083008
vt 0.280273 0.080078
vt 0.284180 0.083984
vt 0.284180 0.090820
vt 0.284180 0.098633
vt 0.280273 0.101562
vt 0.280273 0.099609
vt 0.280273 0.090820
vt 0.286133 0.083984
vt 0.286133 0.081055
vt 0.289062 0.084961
vt 0.289062 0.090820
vt 0.289062 0.097656
vt 0.286133 0.100586
vt 0.286133 0.098633
vt 0.286133 0.090820
vt 0.294922 0.084961
vt 0.293945 0.082031
vt 0.307617 0.083984
vt 0.308594 0.085938
vt 0.294922 0.093750
vt 0.294922 0.097656
vt 0.293945 0.099609
vt 0.307617 0.097656
vt 0.308594 0.096680
vt 0.308594 0.090820
vt 0.307617 0.092773
vt 0.103516 0.083984
vt 0.086914 0.068359
vt 0.102539 0.087891
vt 0.086914 0.064453
vt 0.078125 0.067383
vt 0.078125 0.063477
vt 0.086914 0.054688
vt 0.078125 0.053711
vt 0.086914 0.043945
vt 0.078125 0.042969
vt 0.086914 0.039062
vt 0.078125 0.038086
vt 0.078125 0.042969
vt 0.086914 0.043945
vt 0.078125 0.053711
vt 0.086914 0.054688
vt 0.102539 0.046875
vt 0.102539 0.060547
vt 0.103516 0.072266
vt 0.086914 0.064453
vt 0.078125 0.063477
vt 0.068359 0.062500
vt 0.068359 0.051758
vt 0.068359 0.041992
vt 0.068359 0.037109
vt 0.068359 0.041992
vt 0.068359 0.051758
vt 0.068359 0.062500
vt 0.068359 0.066406
vt 0.026367 0.061523
vt 0.026367 0.057617
vt 0.026367 0.047852
vt 0.026367 0.037109
vt 0.026367 0.033203
vt 0.026367 0.037109
vt 0.026367 0.047852
vt 0.026367 0.057617
vt 0.203125 0.079102
vt 0.200195 0.082031
vt 0.219727 0.082031
vt 0.219727 0.091797
vt 0.240234 0.082031
vt 0.200195 0.091797
vt 0.191406 0.091797
vt 0.191406 0.101562
vt 0.200195 0.101562
vt 0.219727 0.100586
vt 0.200195 0.105469
vt 0.219727 0.104492
vt 0.219727 0.100586
vt 0.230469 0.100586
vt 0.230469 0.103516
vt 0.191406 0.105469
vt 0.200195 0.101562
vt 0.191406 0.101562
vt 0.191406 0.091797
vt 0.200195 0.091797
vt 0.200195 0.082031
vt 0.191406 0.082031
vt 0.195312 0.079102
vt 0.203125 0.079102
vt 0.200195 0.082031
vt 0.191406 0.082031
vt 0.191406 0.091797
vt 0.200195 0.091797
vt 0.191406 0.101562
vt 0.200195 0.101562
vt 0.200195 0.105469
vt 0.219727 0.100586
vt 0.219727 0.091797
vt 0.219727 0.082031
vt 0.219727 0.079102
vt 0.219727 0.082031
vt 0.219727 0.091797
vt 0.219727 0.100586
vt 0.219727 0.104492
vt 0.230469 0.103516
vt 0.230469 0.100586
vt 0.230469 0.091797
vt 0.230469 0.082031
vt 0.230469 0.079102
vt 0.240234 0.082031
vt 0.240234 0.091797
vt 0.240234 0.100586
vt 0.240234 0.103516
vt 0.240234 0.100586
vt 0.240234 0.091797
vt 0.240234 0.082031
vt 0.240234 0.079102
vt 0.264648 0.083984
vt 0.264648 0.090820
vt 0.264648 0.098633
vt 0.264648 0.101562
vt 0.264648 0.098633
vt 0.264648 0.090820
vt 0.264648 0.083984
vt 0.264648 0.081055
vt 0.271484 0.080078
vt 0.280273 0.083008
vt 0.280273 0.090820
vt 0.280273 0.099609
vt 0.271484 0.102539
vt 0.271484 0.099609
vt 0.271484 0.090820
vt 0.271484 0.083008
vt 0.280273 0.083008
vt 0.280273 0.080078
vt 0.284180 0.083984
vt 0.284180 0.090820
vt 0.284180 0.098633
vt 0.280273 0.101562
vt 0.280273 0.099609
vt 0.280273 0.090820
vt 0.286133 0.083984
vt 0.286133 0.081055
vt 0.289062 0.084961
vt 0.289062 0.090820
vt 0.289062 0.097656
vt 0.286133 0.100586
vt 0.286133 0.098633
vt 0.286133 0.090820
vt 0.294922 0.084961
vt 0.293945 0.082031
vt 0.307617 0.083984
vt 0.308594 0.085938
vt 0.294922 0.093750
vt 0.294922 0.097656
vt 0.293945 0.099609
vt 0.307617 0.097656
vt 0.308594 0.096680
vt 0.308594 0.090820
vt 0.307617 0.092773
vt 0.302734 0.090820
vt 0.296875 0.085938
vt 0.296875 0.089844
vt 0.296875 0.095703
vt 0.142578 0.162109
vt 0.145508 0.162109
vt 0.146484 0.155273
vt 0.142578 0.162109
vt 0.123047 0.135742
vt 0.119141 0.127930
vt 0.120117 0.135742
vt 0.122070 0.127930
vt 0.123047 0.135742
vt 0.132812 0.135742
vt 0.122070 0.120117
vt 0.132812 0.120117
vt 0.132812 0.107422
vt 0.144531 0.108398
vt 0.145508 0.103516
vt 0.148438 0.109375
vt 0.149414 0.105469
vt 0.144531 0.109375
vt 0.145508 0.104492
vt 0.143555 0.120117
vt 0.147461 0.120117
vt 0.120117 0.100586
vt 0.127930 0.090820
vt 0.102539 0.083008
vt 0.127930 0.071289
vt 0.102539 0.060547
vt 0.127930 0.061523
vt 0.127930 0.051758
vt 0.102539 0.031250
vt 0.127930 0.028320
vt 0.124023 0.023438
vt 0.102539 0.026367
vt 0.124023 0.028320
vt 0.103516 0.032227
vt 0.124023 0.044922
vt 0.145508 0.042969
vt 0.145508 0.061523
vt 0.166016 0.061523
vt 0.145508 0.080078
vt 0.166016 0.090820
vt 0.145508 0.098633
vt 0.125000 0.091797
vt 0.132812 0.102539
vt 0.120117 0.100586
vt 0.120117 0.106445
vt 0.116211 0.106445
vt 0.118164 0.120117
vt 0.122070 0.120117
vt 0.120117 0.106445
vt 0.115234 0.100586
vt 0.102539 0.087891
vt 0.086914 0.064453
vt 0.086914 0.054688
vt 0.086914 0.043945
vt 0.086914 0.039062
vt 0.086914 0.043945
vt 0.102539 0.046875
vt 0.124023 0.061523
vt 0.124023 0.076172
vt 0.103516 0.083984
vt 0.191406 0.101562
vt 0.191406 0.105469
vt 0.200195 0.101562
vt 0.200195 0.105469
vt 0.200195 0.101562
vt 0.191406 0.101562
vt 0.200195 0.091797
vt 0.191406 0.091797
vt 0.191406 0.082031
vt 0.200195 0.082031
vt 0.195312 0.079102
vt 0.203125 0.079102
vt 0.200195 0.082031
vt 0.191406 0.082031
vt 0.200195 0.091797
vt 0.191406 0.091797
vt 0.219727 0.091797
vt 0.219727 0.100586
vt 0.219727 0.104492
vt 0.219727 0.100586
vt 0.219727 0.091797
vt 0.219727 0.082031
vt 0.219727 0.079102
vt 0.219727 0.082031
vt 0.240234 0.082031
vt 0.240234 0.091797
vt 0.264648 0.083984
vt 0.264648 0.090820
vt 0.280273 0.083008
vt 0.280273 0.090820
vt 0.284180 0.083984
vt 0.284180 0.090820
vt 0.289062 0.084961
vt 0.289062 0.090820
vt 0.296875 0.089844
vt 0.289062 0.097656
vt 0.284180 0.098633
vt 0.280273 0.099609
vt 0.264648 0.098633
vt 0.240234 0.100586
vt 0.230469 0.103516
vt 0.230469 0.100586
vt 0.230469 0.091797
vt 0.230469 0.082031
vt 0.230469 0.079102
vt 0.240234 0.079102
vt 0.240234 0.082031
vt 0.240234 0.091797
vt 0.240234 0.100586
vt 0.240234 0.103516
vt 0.264648 0.101562
vt 0.271484 0.102539
vt 0.280273 0.101562
vt 0.286133 0.100586
vt 0.293945 0.099609
vt 0.307617 0.097656
vt 0.294922 0.097656
vt 0.308594 0.096680
vt 0.294922 0.093750
vt 0.308594 0.090820
vt 0.308594 0.085938
vt 0.307617 0.092773
vt 0.302734 0.090820
vt 0.296875 0.095703
vt 0.296875 0.085938
vt 0.307617 0.083984
vt 0.294922 0.084961
vt 0.286133 0.090820
vt 0.286133 0.098633
vt 0.280273 0.099609
vt 0.271484 0.099609
vt 0.264648 0.098633
vt 0.264648 0.090820
vt 0.264648 0.083984
vt 0.264648 0.081055
vt 0.271484 0.080078
vt 0.280273 0.080078
vt 0.286133 0.081055
vt 0.293945 0.082031
vt 0.286133 0.083984
vt 0.280273 0.090820
vt 0.271484 0.090820
vt 0.271484 0.083008
vt 0.280273 0.083008
vt 0.264648 0.098633
vt 0.264648 0.101562
vt 0.240234 0.100586
vt 0.240234 0.103516
vt 0.264648 0.098633
vt 0.240234 0.100586
vt 0.264648 0.090820
vt 0.230469 0.100586
vt 0.230469 0.103516
vt 0.219727 0.100586
vt 0.219727 0.104492
vt 0.200195 0.105469
vt 0.219727 0.100586
vt 0.191406 0.082031
vt 0.200195 0.082031
vt 0.195312 0.079102
vt 0.203125 0.079102
vt 0.200195 0.082031
vt 0.219727 0.082031
vt 0.219727 0.091797
vt 0.240234 0.082031
vt 0.240234 0.091797
vt 0.264648 0.083984
vt 0.264648 0.081055
vt 0.271484 0.080078
vt 0.271484 0.083008
vt 0.280273 0.083008
vt 0.280273 0.090820
vt 0.286133 0.083984
vt 0.286133 0.090820
vt 0.286133 0.098633
vt 0.294922 0.097656
vt 0.293945 0.099609
vt 0.307617 0.097656
vt 0.289062 0.097656
vt 0.296875 0.095703
vt 0.302734 0.090820
vt 0.296875 0.089844
vt 0.296875 0.085938
vt 0.289062 0.084961
vt 0.289062 0.090820
vt 0.284180 0.090820
vt 0.284180 0.098633
vt 0.286133 0.100586
vt 0.280273 0.101562
vt 0.280273 0.099609
vt 0.191406 0.082031
vt 0.191406 0.091797
vt 0.176758 0.086914
vt 0.170898 0.101562
vt 0.191406 0.101562
vt 0.191406 0.105469
vt 0.200195 0.101562
vt 0.200195 0.091797
vt 0.181641 0.032227
vt 0.191406 0.050781
vt 0.171875 0.061523
vt 0.191406 0.061523
vt 0.191406 0.073242
vt 0.195312 0.077148
vt 0.191406 0.073242
vt 0.178711 0.091797
vt 0.178711 0.061523
vt 0.191406 0.061523
vt 0.191406 0.050781
vt 0.178711 0.033203
vt 0.191406 0.042969
vt 0.191406 0.033203
vt 0.191406 0.022461
vt 0.166016 0.023438
vt 0.166016 0.018555
vt 0.191406 0.018555
vt 0.171875 0.021484
vt 0.191406 0.022461
vt 0.191406 0.032227
vt 0.191406 0.041992
vt 0.195312 0.047852
vt 0.195312 0.044922
vt 0.191406 0.101562
vt 0.191406 0.091797
vt 0.200195 0.091797
vt 0.120117 0.100586
vt 0.102539 0.083008
vt 0.127930 0.090820
vt 0.127930 0.071289
vt 0.102539 0.060547
vt 0.127930 0.061523
vt 0.127930 0.051758
vt 0.102539 0.031250
vt 0.127930 0.028320
vt 0.124023 0.023438
vt 0.102539 0.026367
vt 0.124023 0.028320
vt 0.103516 0.032227
vt 0.124023 0.044922
vt 0.145508 0.042969
vt 0.145508 0.061523
vt 0.124023 0.061523
vt 0.124023 0.076172
vt 0.145508 0.080078
vt 0.125000 0.091797
vt 0.145508 0.098633
vt 0.132812 0.102539
vt 0.120117 0.100586
vt 0.120117 0.106445
vt 0.116211 0.106445
vt 0.118164 0.120117
vt 0.122070 0.120117
vt 0.120117 0.106445
vt 0.115234 0.100586
vt 0.123047 0.135742
vt 0.120117 0.135742
vt 0.119141 0.127930
vt 0.122070 0.127930
vt 0.123047 0.135742
vt 0.132812 0.135742
vt 0.122070 0.120117
vt 0.132812 0.120117
vt 0.132812 0.107422
vt 0.144531 0.108398
vt 0.145508 0.103516
vt 0.148438 0.109375
vt 0.149414 0.105469
vt 0.144531 0.109375
vt 0.145508 0.104492
vt 0.132812 0.149414
vt 0.124023 0.149414
vt 0.121094 0.149414
vt 0.124023 0.149414
vt 0.132812 0.149414
vt 0.142578 0.135742
vt 0.142578 0.127930
vt 0.132812 0.127930
vt 0.143555 0.120117
vt 0.146484 0.127930
vt 0.147461 0.120117
vt 0.143555 0.120117
vt 0.132812 0.120117
vt 0.132812 0.107422
vt 0.132812 0.102539
vt 0.132812 0.135742
vt 0.142578 0.135742
vt 0.145508 0.135742
vt 0.141602 0.149414
vt 0.132812 0.155273
vt 0.123047 0.155273
vt 0.120117 0.155273
vt 0.123047 0.162109
vt 0.132812 0.162109
vt 0.142578 0.162109
vt 0.141602 0.149414
vt 0.146484 0.155273
vt 0.145508 0.149414
vt 0.142578 0.155273
vt 0.142578 0.162109
vt 0.132812 0.162109
vt 0.140625 0.171875
vt 0.143555 0.172852
vt 0.145508 0.162109
vt 0.140625 0.167969
vt 0.132812 0.167969
vt 0.125000 0.167969
vt 0.122070 0.172852
vt 0.125000 0.186523
vt 0.126953 0.176758
vt 0.132812 0.176758
vt 0.133789 0.186523
vt 0.132812 0.185547
vt 0.126953 0.185547
vt 0.125000 0.171875
vt 0.132812 0.171875
vt 0.139648 0.185547
vt 0.141602 0.186523
vt 0.138672 0.176758
vt 0.123047 0.162109
vt 0.120117 0.162109
vt 0.166016 0.101562
vt 0.166016 0.090820
vt 0.166016 0.061523
vt 0.166016 0.035156
vt 0.145508 0.024414
vt 0.146484 0.019531
vt 0.153320 0.024414
vt 0.153320 0.042969
vt 0.153320 0.061523
vt 0.153320 0.081055
vt 0.153320 0.099609
vt 0.166016 0.106445
vt 0.171875 0.035156
vt 0.200195 0.101562
vt 0.219727 0.091797
vt 0.219727 0.082031
vt 0.219727 0.079102
vt 0.230469 0.079102
vt 0.240234 0.079102
vt 0.264648 0.083984
vt 0.271484 0.090820
vt 0.271484 0.099609
vt 0.271484 0.102539
vt 0.280273 0.099609
vt 0.280273 0.090820
vt 0.284180 0.083984
vt 0.286133 0.081055
vt 0.293945 0.082031
vt 0.294922 0.084961
vt 0.294922 0.093750
vt 0.308594 0.096680
vt 0.307617 0.092773
vt 0.307617 0.083984
vt 0.308594 0.085938
vt 0.308594 0.090820
vt 0.307617 0.083984
vt 0.307617 0.092773
vt 0.308594 0.085938
vt 0.308594 0.090820
vt 0.308594 0.096680
vt 0.294922 0.093750
vt 0.294922 0.084961
vt 0.293945 0.082031
vt 0.289062 0.084961
vt 0.296875 0.085938
vt 0.302734 0.090820
vt 0.307617 0.097656
vt 0.294922 0.097656
vt 0.286133 0.090820
vt 0.286133 0.083984
vt 0.286133 0.081055
vt 0.284180 0.083984
vt 0.284180 0.090820
vt 0.280273 0.090820
vt 0.284180 0.098633
vt 0.280273 0.099609
vt 0.280273 0.101562
vt 0.271484 0.102539
vt 0.280273 0.099609
vt 0.271484 0.099609
vt 0.280273 0.090820
vt 0.271484 0.090820
vt 0.271484 0.083008
vt 0.264648 0.083984
vt 0.264648 0.081055
vt 0.240234 0.079102
vt 0.230469 0.079102
vt 0.219727 0.079102
vt 0.219727 0.082031
vt 0.200195 0.082031
vt 0.219727 0.091797
vt 0.200195 0.091797
vt 0.200195 0.101562
vt 0.191406 0.101562
vt 0.191406 0.105469
vt 0.166016 0.106445
vt 0.170898 0.101562
vt 0.153320 0.099609
vt 0.176758 0.086914
vt 0.153320 0.081055
vt 0.171875 0.061523
vt 0.153320 0.061523
vt 0.153320 0.042969
vt 0.171875 0.035156
vt 0.153320 0.024414
vt 0.171875 0.021484
vt 0.166016 0.018555
vt 0.146484 0.019531
vt 0.166016 0.023438
vt 0.145508 0.024414
vt 0.166016 0.035156
vt 0.178711 0.033203
vt 0.178711 0.061523
vt 0.191406 0.050781
vt 0.191406 0.061523
vt 0.191406 0.073242
vt 0.178711 0.091797
vt 0.191406 0.082031
vt 0.195312 0.077148
vt 0.195312 0.079102
vt 0.191406 0.082031
vt 0.191406 0.073242
vt 0.191406 0.061523
vt 0.191406 0.050781
vt 0.181641 0.032227
vt 0.191406 0.041992
vt 0.191406 0.032227
vt 0.191406 0.022461
vt 0.191406 0.018555
vt 0.191406 0.022461
vt 0.191406 0.033203
vt 0.191406 0.042969
vt 0.195312 0.047852
vt 0.195312 0.044922
vt 0.296875 0.089844
vt 0.296875 0.095703
vt 0.289062 0.097656
vt 0.289062 0.090820
vt 0.286133 0.100586
vt 0.286133 0.098633
vt 0.280273 0.083008
vt 0.280273 0.080078
vt 0.280273 0.083008
vt 0.264648 0.090820
vt 0.264648 0.098633
vt 0.264648 0.101562
vt 0.264648 0.098633
vt 0.264648 0.090820
vt 0.240234 0.082031
vt 0.230469 0.082031
vt 0.230469 0.091797
vt 0.240234 0.091797
vt 0.240234 0.100586
vt 0.240234 0.103516
vt 0.240234 0.100586
vt 0.240234 0.091797
vt 0.264648 0.083984
vt 0.271484 0.080078
vt 0.293945 0.099609
vt 0.191406 0.091797
vt 0.078125 0.053711
vt 0.086914 0.054688
vt 0.078125 0.063477
vt 0.086914 0.064453
vt 0.103516 0.072266
vt 0.102539 0.060547
vt 0.086914 0.068359
vt 0.078125 0.067383
vt 0.078125 0.063477
vt 0.078125 0.053711
vt 0.078125 0.042969
vt 0.078125 0.038086
vt 0.078125 0.042969
vt 0.068359 0.066406
vt 0.068359 0.062500
vt 0.068359 0.051758
vt 0.068359 0.041992
vt 0.068359 0.037109
vt 0.068359 0.041992
vt 0.068359 0.051758
vt 0.068359 0.062500
vt 0.026367 0.061523
vt 0.026367 0.057617
vt 0.026367 0.047852
vt 0.026367 0.037109
vt 0.026367 0.033203
vt 0.026367 0.037109
vt 0.026367 0.047852
vt 0.026367 0.057617
vt 0.166016 0.101562
vt 0.132812 0.135742
vt 0.132812 0.149414
vt 0.142578 0.135742
vt 0.141602 0.149414
vt 0.145508 0.135742
vt 0.145508 0.149414
vt 0.141602 0.149414
vt 0.142578 0.155273
vt 0.132812 0.155273
vt 0.132812 0.162109
vt 0.123047 0.155273
vt 0.123047 0.162109
vt 0.120117 0.155273
vt 0.120117 0.162109
vt 0.123047 0.162109
vt 0.122070 0.172852
vt 0.125000 0.171875
vt 0.132812 0.171875
vt 0.140625 0.171875
vt 0.139648 0.185547
vt 0.143555 0.172852
vt 0.141602 0.186523
vt 0.140625 0.167969
vt 0.138672 0.176758
vt 0.132812 0.167969
vt 0.132812 0.176758
vt 0.133789 0.186523
vt 0.132812 0.185547
vt 0.126953 0.185547
vt 0.125000 0.186523
vt 0.126953 0.176758
vt 0.125000 0.167969
vt 0.132812 0.162109
vt 0.124023 0.149414
vt 0.121094 0.149414
vt 0.124023 0.149414
vt 0.132812 0.149414
vt 0.142578 0.135742
vt 0.142578 0.127930
vt 0.146484 0.127930
vt 0.143555 0.120117
vt 0.132812 0.120117
vt 0.132812 0.107422
vt 0.132812 0.102539
vt 0.132812 0.127930
vt 0.191406 0.105469
vt 0.191406 0.101562
vt 0.200195 0.101562
vt 0.200195 0.091797
vt 0.191406 0.091797
vt 0.191406 0.082031
vt 0.200195 0.082031
vt 0.195312 0.079102
vt 0.203125 0.079102
vt 0.200195 0.082031
vt 0.191406 0.082031
vt 0.200195 0.091797
vt 0.191406 0.091797
vt 0.191406 0.101562
vt 0.200195 0.101562
vt 0.200195 0.105469
vt 0.219727 0.100586
vt 0.219727 0.091797
vt 0.219727 0.082031
vt 0.219727 0.079102
vt 0.219727 0.082031
vt 0.219727 0.091797
vt 0.219727 0.100586
vt 0.219727 0.104492
vt 0.230469 0.103516
vt 0.230469 0.100586
vt 0.230469 0.091797
vt 0.230469 0.082031
vt 0.230469 0.079102
vt 0.240234 0.082031
vt 0.240234 0.091797
vt 0.240234 0.100586
vt 0.240234 0.103516
vt 0.240234 0.100586
vt 0.240234 0.091797
vt 0.240234 0.082031
vt 0.240234 0.079102
vt 0.264648 0.081055
vt 0.264648 0.083984
vt 0.264648 0.090820
vt 0.264648 0.098633
vt 0.264648 0.101562
vt 0.264648 0.098633
vt 0.264648 0.090820
vt 0.264648 0.083984
vt 0.271484 0.083008
vt 0.271484 0.080078
vt 0.280273 0.083008
vt 0.280273 0.090820
vt 0.280273 0.099609
vt 0.271484 0.102539
vt 0.271484 0.099609
vt 0.271484 0.090820
vt 0.280273 0.090820
vt 0.280273 0.099609
vt 0.280273 0.101562
vt 0.284180 0.098633
vt 0.284180 0.090820
vt 0.284180 0.083984
vt 0.280273 0.080078
vt 0.280273 0.083008
vt 0.286133 0.083984
vt 0.286133 0.090820
vt 0.294922 0.084961
vt 0.294922 0.093750
vt 0.308594 0.085938
vt 0.308594 0.090820
vt 0.307617 0.092773
vt 0.308594 0.096680
vt 0.294922 0.097656
vt 0.286133 0.098633
vt 0.286133 0.100586
vt 0.289062 0.097656
vt 0.289062 0.090820
vt 0.289062 0.084961
vt 0.286133 0.081055
vt 0.293945 0.082031
vt 0.307617 0.083984
vt 0.302734 0.090820
vt 0.307617 0.097656
vt 0.293945 0.099609
vt 0.296875 0.095703
vt 0.296875 0.089844
vt 0.296875 0.085938
vt 0.280273 0.080078
vt 0.280273 0.083008
vt 0.264648 0.090820
vt 0.230469 0.091797
vt 0.240234 0.091797
vt 0.240234 0.082031
vt 0.230469 0.082031
vt 0.106445 0.263672
vt 0.241211 0.321289
vt 0.242188 0.263672
vt 0.106445 0.263672
vt 0.242188 0.263672
vt 0.241211 0.321289
vt 0.111328 0.320312
vt 0.111328 0.312500
vt 0.115234 0.320312
vt 0.115234 0.312500
vt 0.112305 0.301758
vt 0.115234 0.301758
vt 0.172852 0.331055
vt 0.180664 0.331055
vt 0.172852 0.331055
vt 0.180664 0.331055
vt 0.191406 0.331055
vt 0.191406 0.331055
vt 0.180664 0.331055
vt 0.191406 0.331055
vt 0.180664 0.331055
vt 0.191406 0.331055
vt 0.180664 0.348633
vt 0.191406 0.348633
vt 0.180664 0.365234
vt 0.191406 0.365234
vt 0.180664 0.365234
vt 0.191406 0.365234
vt 0.180664 0.365234
vt 0.191406 0.365234
vt 0.180664 0.365234
vt 0.191406 0.365234
vt 0.180664 0.365234
vt 0.191406 0.365234
vt 0.180664 0.365234
vt 0.191406 0.365234
vt 0.106445 0.399414
vt 0.106445 0.381836
vt 0.110352 0.399414
vt 0.110352 0.381836
vt 0.106445 0.364258
vt 0.110352 0.365234
vt 0.109375 0.343750
vt 0.117188 0.347656
vt 0.115234 0.366211
vt 0.124023 0.350586
vt 0.124023 0.366211
vt 0.124023 0.357422
vt 0.191406 0.331055
vt 0.191406 0.331055
vt 0.191406 0.312500
vt 0.191406 0.312500
vt 0.191406 0.308594
vt 0.191406 0.312500
vt 0.191406 0.299805
vt 0.191406 0.296875
vt 0.191406 0.312500
vt 0.191406 0.296875
vt 0.191406 0.312500
vt 0.191406 0.296875
vt 0.191406 0.312500
vt 0.191406 0.331055
vt 0.191406 0.331055
vt 0.191406 0.331055
vt 0.191406 0.331055
vt 0.124023 0.382812
vt 0.115234 0.382812
vt 0.124023 0.399414
vt 0.115234 0.399414
vt 0.242188 0.399414
vt 0.106445 0.399414
vt 0.242188 0.378906
vt 0.111328 0.338867
vt 0.106445 0.339844
vt 0.106445 0.263672
vt 0.242188 0.263672
vt 0.242188 0.331055
vt 0.242188 0.399414
vt 0.242188 0.378906
vt 0.106445 0.399414
vt 0.111328 0.338867
vt 0.106445 0.339844
vt 0.106445 0.263672
vt 0.242188 0.263672
vt 0.242188 0.331055
vt 0.242188 0.299805
vt 0.226562 0.263672
vt 0.221680 0.299805
vt 0.173828 0.299805
vt 0.157227 0.263672
vt 0.106445 0.298828
vt 0.242188 0.399414
vt 0.242188 0.339844
vt 0.106445 0.399414
vt 0.106445 0.339844
vt 0.242188 0.263672
vt 0.106445 0.263672
vt 0.242188 0.263672
vt 0.242188 0.339844
vt 0.242188 0.399414
vt 0.242188 0.399414
vt 0.242188 0.339844
vt 0.106445 0.399414
vt 0.106445 0.339844
vt 0.242188 0.263672
vt 0.106445 0.263672
vt 0.242188 0.399414
vt 0.242188 0.339844
vt 0.106445 0.399414
vt 0.106445 0.339844
vt 0.106445 0.263672
vt 0.242188 0.263672
vt 0.106445 0.399414
vt 0.242188 0.399414
vt 0.106445 0.339844
vt 0.242188 0.339844
vt 0.106445 0.263672
vt 0.242188 0.263672
vt 0.242188 0.263672
vt 0.106445 0.263672
vt 0.242188 0.333984
vt 0.106445 0.320312
vt 0.106445 0.372070
vt 0.242188 0.399414
vt 0.106445 0.399414
vt 0.106445 0.399414
vt 0.242188 0.399414
vt 0.106445 0.333984
vt 0.242188 0.333984
vt 0.106445 0.263672
vt 0.242188 0.263672
vt 0.242188 0.285156
vt 0.188477 0.263672
vt 0.184570 0.288086
vt 0.132812 0.291016
vt 0.124023 0.263672
vt 0.108398 0.263672
vt 0.106445 0.312500
vt 0.109375 0.343750
vt 0.113281 0.341797
vt 0.108398 0.320312
vt 0.111328 0.320312
vt 0.109375 0.312500
vt 0.111328 0.312500
vt 0.110352 0.301758
vt 0.112305 0.301758
vt 0.114258 0.272461
vt 0.115234 0.301758
vt 0.120117 0.302734
vt 0.115234 0.312500
vt 0.121094 0.313477
vt 0.122070 0.320312
vt 0.115234 0.320312
vt 0.124023 0.334961
vt 0.119141 0.338867
vt 0.106445 0.399414
vt 0.110352 0.399414
vt 0.106445 0.381836
vt 0.110352 0.381836
vt 0.106445 0.364258
vt 0.110352 0.365234
vt 0.117188 0.347656
vt 0.115234 0.366211
vt 0.124023 0.350586
vt 0.124023 0.366211
vt 0.124023 0.357422
vt 0.124023 0.382812
vt 0.115234 0.382812
vt 0.124023 0.399414
vt 0.115234 0.399414
vt 0.106445 0.263672
vt 0.106445 0.326172
vt 0.141602 0.263672
vt 0.141602 0.326172
vt 0.106445 0.399414
vt 0.141602 0.399414
vt 0.141602 0.326172
vt 0.106445 0.326172
vt 0.141602 0.263672
vt 0.106445 0.263672
vt 0.174805 0.263672
vt 0.174805 0.326172
vt 0.242188 0.263672
vt 0.242188 0.326172
vt 0.174805 0.399414
vt 0.242188 0.399414
vt 0.242188 0.326172
vt 0.174805 0.326172
vt 0.174805 0.263672
vt 0.242188 0.299805
vt 0.221680 0.299805
vt 0.226562 0.263672
vt 0.173828 0.299805
vt 0.157227 0.263672
vt 0.106445 0.298828
vt 0.242188 0.399414
vt 0.106445 0.399414
vt 0.242188 0.339844
vt 0.106445 0.339844
vt 0.106445 0.263672
vt 0.242188 0.399414
vt 0.106445 0.399414
vt 0.242188 0.339844
vt 0.106445 0.339844
vt 0.106445 0.263672
vt 0.242188 0.263672
vt 0.106445 0.399414
vt 0.106445 0.339844
vt 0.242188 0.399414
vt 0.242188 0.339844
vt 0.106445 0.263672
vt 0.242188 0.263672
vt 0.242188 0.263672
vt 0.242188 0.333984
vt 0.106445 0.263672
vt 0.106445 0.320312
vt 0.106445 0.372070
vt 0.242188 0.399414
vt 0.106445 0.399414
vt 0.106445 0.399414
vt 0.106445 0.333984
vt 0.242188 0.399414
vt 0.242188 0.333984
vt 0.106445 0.263672
vt 0.242188 0.263672
vt 0.242188 0.285156
vt 0.184570 0.288086
vt 0.188477 0.263672
vt 0.132812 0.291016
vt 0.124023 0.263672
vt 0.108398 0.263672
vt 0.106445 0.312500
vt 0.108398 0.320312
vt 0.113281 0.341797
vt 0.109375 0.312500
vt 0.110352 0.301758
vt 0.114258 0.272461
vt 0.120117 0.302734
vt 0.121094 0.313477
vt 0.122070 0.320312
vt 0.124023 0.334961
vt 0.119141 0.338867
vt 0.035156 0.885742
vt 0.070312 0.885742
vt 0.035156 0.920898
vt 0.070312 0.920898
vt 0.035156 0.885742
vt 0.070312 0.885742
vt 0.035156 0.920898
vt 0.070312 0.920898
vt 0.035156 0.885742
vt 0.070312 0.885742
vt 0.035156 0.920898
vt 0.070312 0.920898
vt 0.070312 0.885742
vt 0.070312 0.901367
vt 0.035156 0.885742
vt 0.035156 0.901367
vt 0.070312 0.911133
vt 0.035156 0.911133
vt 0.070312 0.920898
vt 0.035156 0.920898
vt 0.070312 0.885742
vt 0.070312 0.920898
vt 0.035156 0.885742
vt 0.035156 0.920898
vt 0.070312 0.885742
vt 0.070312 0.920898
vt 0.035156 0.885742
vt 0.035156 0.920898
vt 0.070312 0.885742
vt 0.070312 0.920898
vt 0.035156 0.885742
vt 0.035156 0.920898
vt 0.035156 0.885742
vt 0.070312 0.885742
vt 0.035156 0.920898
vt 0.070312 0.920898
vt 0.070312 0.885742
vt 0.070312 0.901367
vt 0.035156 0.885742
vt 0.035156 0.901367
vt 0.070312 0.911133
vt 0.035156 0.911133
vt 0.070312 0.920898
vt 0.035156 0.920898
vt 0.070312 0.885742
vt 0.070312 0.901367
vt 0.035156 0.885742
vt 0.035156 0.901367
vt 0.070312 0.911133
vt 0.035156 0.911133
vt 0.070312 0.920898
vt 0.035156 0.920898
vt 0.035156 0.885742
vt 0.070312 0.885742
vt 0.035156 0.901367
vt 0.070312 0.901367
vt 0.035156 0.911133
vt 0.070312 0.911133
vt 0.035156 0.920898
vt 0.070312 0.920898
vt 0.035156 0.885742
vt 0.070312 0.885742
vt 0.035156 0.901367
vt 0.070312 0.901367
vt 0.035156 0.911133
vt 0.070312 0.911133
vt 0.035156 0.920898
vt 0.070312 0.920898
vt 0.035156 0.885742
vt 0.070312 0.885742
vt 0.035156 0.901367
vt 0.070312 0.901367
vt 0.035156 0.911133
vt 0.070312 0.911133
vt 0.035156 0.920898
vt 0.070312 0.920898
vt 0.035156 0.885742
vt 0.070312 0.885742
vt 0.035156 0.901367
vt 0.070312 0.901367
vt 0.035156 0.911133
vt 0.070312 0.911133
vt 0.035156 0.920898
vt 0.070312 0.920898
vt 0.070312 0.885742
vt 0.070312 0.901367
vt 0.035156 0.885742
vt 0.035156 0.901367
vt 0.070312 0.911133
vt 0.035156 0.911133
vt 0.070312 0.920898
vt 0.035156 0.920898
vt 0.070312 0.885742
vt 0.070312 0.920898
vt 0.035156 0.885742
vt 0.035156 0.920898
vt 0.161133 0.381836
vt 0.161133 0.365234
vt 0.165039 0.381836
vt 0.165039 0.365234
vt 0.170898 0.381836
vt 0.170898 0.365234
vt 0.172852 0.381836
vt 0.172852 0.365234
vt 0.174805 0.365234
vt 0.174805 0.381836
vt 0.179688 0.365234
vt 0.179688 0.381836
vt 0.185547 0.365234
vt 0.185547 0.381836
vt 0.165039 0.277344
vt 0.170898 0.277344
vt 0.165039 0.296875
vt 0.170898 0.296875
vt 0.174805 0.277344
vt 0.174805 0.296875
vt 0.179688 0.277344
vt 0.179688 0.296875
vt 0.185547 0.277344
vt 0.185547 0.296875
vt 0.185547 0.314453
vt 0.179688 0.314453
vt 0.185547 0.331055
vt 0.179688 0.331055
vt 0.185547 0.350586
vt 0.179688 0.350586
vt 0.174805 0.331055
vt 0.174805 0.350586
vt 0.172852 0.331055
vt 0.172852 0.350586
vt 0.170898 0.350586
vt 0.170898 0.331055
vt 0.165039 0.350586
vt 0.165039 0.331055
vt 0.170898 0.314453
vt 0.165039 0.314453
vt 0.165039 0.399414
vt 0.170898 0.399414
vt 0.165039 0.381836
vt 0.170898 0.381836
vt 0.165039 0.365234
vt 0.170898 0.365234
vt 0.165039 0.350586
vt 0.170898 0.350586
vt 0.170898 0.331055
vt 0.165039 0.331055
vt 0.170898 0.314453
vt 0.165039 0.314453
vt 0.170898 0.296875
vt 0.165039 0.296875
vt 0.170898 0.277344
vt 0.165039 0.277344
vt 0.174805 0.277344
vt 0.174805 0.296875
vt 0.179688 0.277344
vt 0.179688 0.296875
vt 0.179688 0.314453
vt 0.174805 0.314453
vt 0.179688 0.331055
vt 0.174805 0.331055
vt 0.179688 0.350586
vt 0.174805 0.350586
vt 0.174805 0.365234
vt 0.179688 0.365234
vt 0.174805 0.381836
vt 0.179688 0.381836
vt 0.174805 0.399414
vt 0.179688 0.399414
vt 0.172852 0.381836
vt 0.172852 0.365234
vt 0.172852 0.350586
vt 0.172852 0.331055
vt 0.172852 0.314453
vt 0.035156 0.885742
vt 0.035156 0.920898
vt 0.070312 0.885742
vt 0.070312 0.920898
vt 0.035156 0.885742
vt 0.035156 0.901367
vt 0.070312 0.885742
vt 0.070312 0.901367
vt 0.035156 0.911133
vt 0.070312 0.911133
vt 0.035156 0.920898
vt 0.070312 0.920898
vt 0.035156 0.885742
vt 0.035156 0.901367
vt 0.070312 0.885742
vt 0.070312 0.901367
vt 0.035156 0.911133
vt 0.070312 0.911133
vt 0.035156 0.920898
vt 0.070312 0.920898
vt 0.035156 0.885742
vt 0.035156 0.901367
vt 0.070312 0.885742
vt 0.070312 0.901367
vt 0.035156 0.911133
vt 0.070312 0.911133
vt 0.035156 0.920898
vt 0.070312 0.920898
vt 0.070312 0.885742
vt 0.035156 0.885742
vt 0.070312 0.901367
vt 0.035156 0.901367
vt 0.070312 0.911133
vt 0.035156 0.911133
vt 0.070312 0.920898
vt 0.035156 0.920898
vt 0.035156 0.920898
vt 0.070312 0.920898
vt 0.035156 0.885742
vt 0.070312 0.885742
vt 0.035156 0.920898
vt 0.070312 0.920898
vt 0.035156 0.885742
vt 0.070312 0.885742
vt 0.035156 0.920898
vt 0.070312 0.920898
vt 0.035156 0.885742
vt 0.070312 0.885742
vt 0.035156 0.885742
vt 0.035156 0.920898
vt 0.070312 0.885742
vt 0.070312 0.920898
vt 0.035156 0.885742
vt 0.035156 0.920898
vt 0.070312 0.885742
vt 0.070312 0.920898
vt 0.035156 0.885742
vt 0.035156 0.920898
vt 0.070312 0.885742
vt 0.070312 0.920898
vt 0.035156 0.920898
vt 0.070312 0.920898
vt 0.035156 0.885742
vt 0.070312 0.885742
vt 0.070312 0.885742
vt 0.035156 0.885742
vt 0.070312 0.901367
vt 0.035156 0.901367
vt 0.070312 0.911133
vt 0.035156 0.911133
vt 0.070312 0.920898
vt 0.035156 0.920898
vt 0.035156 0.885742
vt 0.035156 0.901367
vt 0.070312 0.885742
vt 0.070312 0.901367
vt 0.035156 0.911133
vt 0.070312 0.911133
vt 0.035156 0.920898
vt 0.070312 0.920898
vt 0.070312 0.885742
vt 0.035156 0.885742
vt 0.070312 0.901367
vt 0.035156 0.901367
vt 0.070312 0.911133
vt 0.035156 0.911133
vt 0.070312 0.920898
vt 0.035156 0.920898
vt 0.070312 0.885742
vt 0.035156 0.885742
vt 0.070312 0.901367
vt 0.035156 0.901367
vt 0.070312 0.911133
vt 0.035156 0.911133
vt 0.070312 0.920898
vt 0.035156 0.920898
vt 0.172852 0.365234
vt 0.172852 0.365234
vt 0.172852 0.365234
vt 0.172852 0.365234
vt 0.172852 0.365234
vt 0.172852 0.365234
vt 0.172852 0.348633
vt 0.172852 0.331055
vt 0.172852 0.331055
vt 0.191406 0.365234
vt 0.191406 0.365234
vt 0.180664 0.365234
vt 0.180664 0.365234
vt 0.191406 0.365234
vt 0.180664 0.365234
vt 0.191406 0.365234
vt 0.180664 0.365234
vt 0.191406 0.365234
vt 0.180664 0.365234
vt 0.191406 0.365234
vt 0.180664 0.365234
vt 0.191406 0.348633
vt 0.180664 0.348633
vt 0.180664 0.331055
vt 0.180664 0.331055
vt 0.180664 0.331055
vt 0.180664 0.331055
vt 0.180664 0.331055
vt 0.180664 0.331055
vt 0.172852 0.331055
vt 0.172852 0.331055
vt 0.180664 0.331055
vt 0.180664 0.331055
vt 0.191406 0.331055
vt 0.191406 0.331055
vt 0.191406 0.312500
vt 0.191406 0.312500
vt 0.191406 0.308594
vt 0.191406 0.312500
vt 0.191406 0.299805
vt 0.191406 0.296875
vt 0.191406 0.312500
vt 0.191406 0.296875
vt 0.191406 0.312500
vt 0.191406 0.296875
vt 0.191406 0.312500
vt 0.630859 0.106445
vt 0.592773 0.106445
vt 0.626953 0.155273
vt 0.590820 0.155273
vt 0.623047 0.208008
vt 0.587891 0.208008
vt 0.544922 0.155273
vt 0.544922 0.208008
vt 0.587891 0.208008
vt 0.590820 0.155273
vt 0.623047 0.208008
vt 0.626953 0.155273
vt 0.592773 0.106445
vt 0.630859 0.106445
vt 0.544922 0.106445
vt 0.641602 0.106445
vt 0.636719 0.155273
vt 0.632812 0.208008
vt 0.625977 0.253906
vt 0.617188 0.253906
vt 0.584961 0.253906
vt 0.544922 0.253906
vt 0.584961 0.253906
vt 0.617188 0.253906
vt 0.625977 0.253906
vt 0.632812 0.208008
vt 0.636719 0.155273
vt 0.641602 0.106445
vt 0.616211 0.253906
vt 0.623047 0.208008
vt 0.626953 0.155273
vt 0.630859 0.106445
vt 0.633789 0.055664
vt 0.644531 0.055664
vt 0.633789 0.055664
vt 0.595703 0.055664
vt 0.544922 0.055664
vt 0.595703 0.055664
vt 0.633789 0.055664
vt 0.644531 0.055664
vt 0.633789 0.055664
vt 0.630859 0.106445
vt 0.626953 0.155273
vt 0.623047 0.208008
vt 0.616211 0.253906
vt 0.224609 0.296875
vt 0.206055 0.296875
vt 0.224609 0.279297
vt 0.206055 0.279297
vt 0.224609 0.263672
vt 0.206055 0.263672
vt 0.224609 0.263672
vt 0.206055 0.263672
vt 0.224609 0.263672
vt 0.206055 0.263672
vt 0.224609 0.263672
vt 0.206055 0.263672
vt 0.224609 0.263672
vt 0.206055 0.263672
vt 0.224609 0.263672
vt 0.206055 0.263672
vt 0.191406 0.263672
vt 0.191406 0.263672
vt 0.191406 0.263672
vt 0.191406 0.263672
vt 0.191406 0.263672
vt 0.190430 0.263672
vt 0.191406 0.263672
vt 0.190430 0.263672
vt 0.191406 0.263672
vt 0.190430 0.263672
vt 0.191406 0.279297
vt 0.189453 0.279297
vt 0.224609 0.296875
vt 0.224609 0.279297
vt 0.206055 0.296875
vt 0.206055 0.279297
vt 0.224609 0.263672
vt 0.206055 0.263672
vt 0.224609 0.263672
vt 0.206055 0.263672
vt 0.224609 0.263672
vt 0.206055 0.263672
vt 0.224609 0.263672
vt 0.206055 0.263672
vt 0.224609 0.263672
vt 0.206055 0.263672
vt 0.224609 0.263672
vt 0.206055 0.263672
vt 0.191406 0.263672
vt 0.191406 0.263672
vt 0.191406 0.263672
vt 0.191406 0.263672
vt 0.191406 0.263672
vt 0.190430 0.263672
vt 0.191406 0.263672
vt 0.190430 0.263672
vt 0.191406 0.263672
vt 0.190430 0.263672
vt 0.191406 0.279297
vt 0.189453 0.279297
vt 0.106445 0.399414
vt 0.242188 0.298828
vt 0.106445 0.333984
vt 0.106445 0.263672
vt 0.106445 0.399414
vt 0.106445 0.333984
vt 0.242188 0.298828
vt 0.106445 0.263672
vt 0.106445 0.399414
vt 0.106445 0.333984
vt 0.242188 0.399414
vt 0.242188 0.333984
vt 0.242188 0.263672
vt 0.106445 0.263672
vt 0.106445 0.399414
vt 0.242188 0.399414
vt 0.106445 0.333984
vt 0.242188 0.333984
vt 0.242188 0.263672
vt 0.106445 0.263672
vt 0.185547 0.399414
vt 0.179688 0.399414
vt 0.174805 0.399414
vt 0.170898 0.399414
vt 0.165039 0.399414
vt 0.161133 0.399414
vt 0.161133 0.350586
vt 0.161133 0.331055
vt 0.161133 0.314453
vt 0.161133 0.296875
vt 0.161133 0.277344
vt 0.161133 0.263672
vt 0.165039 0.263672
vt 0.170898 0.263672
vt 0.174805 0.263672
vt 0.179688 0.263672
vt 0.185547 0.263672
vt 0.174805 0.314453
vt 0.172852 0.314453
vt 0.242188 0.263672
vt 0.242188 0.399414
vt 0.106445 0.263672
vt 0.106445 0.399414
vt 0.242188 0.263672
vt 0.242188 0.399414
vt 0.106445 0.263672
vt 0.106445 0.399414
vt 0.106445 0.263672
vt 0.242188 0.263672
vt 0.106445 0.399414
vt 0.242188 0.399414
vt 0.106445 0.263672
vt 0.242188 0.263672
vt 0.106445 0.399414
vt 0.242188 0.399414
vt 0.242188 0.263672
vt 0.242188 0.399414
vt 0.106445 0.263672
vt 0.106445 0.399414
vt 0.242188 0.263672
vt 0.242188 0.399414
vt 0.106445 0.263672
vt 0.106445 0.399414
vt 0.106445 0.263672
vt 0.242188 0.263672
vt 0.106445 0.399414
vt 0.242188 0.399414
vt 0.106445 0.263672
vt 0.242188 0.263672
vt 0.106445 0.399414
vt 0.242188 0.399414
vt 0.106445 0.399414
vt 0.242188 0.399414
vt 0.106445 0.263672
vt 0.242188 0.263672
vt 0.185547 0.399414
vt 0.185547 0.381836
vt 0.185547 0.365234
vt 0.185547 0.350586
vt 0.185547 0.331055
vt 0.185547 0.314453
vt 0.185547 0.296875
vt 0.185547 0.277344
vt 0.179688 0.263672
vt 0.185547 0.263672
vt 0.106445 0.263672
vt 0.106445 0.399414
vt 0.242188 0.263672
vt 0.242188 0.399414
vt 0.106445 0.263672
vt 0.106445 0.399414
vt 0.242188 0.263672
vt 0.242188 0.399414
vt 0.106445 0.399414
vt 0.242188 0.399414
vt 0.106445 0.263672
vt 0.242188 0.263672
vt 0.106445 0.399414
vt 0.242188 0.399414
vt 0.106445 0.263672
vt 0.242188 0.263672
vt 0.106445 0.263672
vt 0.106445 0.399414
vt 0.242188 0.263672
vt 0.242188 0.399414
vt 0.106445 0.263672
vt 0.106445 0.399414
vt 0.242188 0.263672
vt 0.242188 0.399414
vt 0.174805 0.263672
vt 0.170898 0.263672
vt 0.165039 0.263672
vt 0.161133 0.263672
vt 0.161133 0.277344
vt 0.161133 0.296875
vt 0.161133 0.314453
vt 0.161133 0.331055
vt 0.161133 0.350586
vt 0.161133 0.365234
vt 0.161133 0.381836
vt 0.161133 0.399414
vt 0.106445 0.399414
vt 0.242188 0.399414
vt 0.106445 0.263672
vt 0.242188 0.263672
vt 0.667969 0.692383
vt 0.664062 0.686523
vt 0.671875 0.686523
vt 0.671875 0.679688
vt 0.664062 0.679688
vt 0.671875 0.672852
vt 0.664062 0.672852
vt 0.671875 0.666016
vt 0.664062 0.666016
vt 0.671875 0.660156
vt 0.664062 0.660156
vt 0.664062 0.653320
vt 0.671875 0.653320
vt 0.664062 0.646484
vt 0.671875 0.646484
vt 0.664062 0.639648
vt 0.671875 0.639648
vt 0.667969 0.633789
vt 0.694336 0.692383
vt 0.690430 0.686523
vt 0.698242 0.686523
vt 0.690430 0.679688
vt 0.698242 0.679688
vt 0.690430 0.672852
vt 0.698242 0.672852
vt 0.690430 0.666016
vt 0.698242 0.666016
vt 0.698242 0.660156
vt 0.690430 0.660156
vt 0.698242 0.653320
vt 0.690430 0.653320
vt 0.698242 0.646484
vt 0.690430 0.646484
vt 0.698242 0.639648
vt 0.690430 0.639648
vt 0.694336 0.633789
vt 0.685547 0.692383
vt 0.681641 0.686523
vt 0.681641 0.679688
vt 0.681641 0.672852
vt 0.681641 0.666016
vt 0.681641 0.660156
vt 0.681641 0.653320
vt 0.681641 0.646484
vt 0.681641 0.639648
vt 0.685547 0.633789
vt 0.677734 0.692383
vt 0.673828 0.686523
vt 0.673828 0.679688
vt 0.673828 0.672852
vt 0.673828 0.666016
vt 0.673828 0.660156
vt 0.673828 0.653320
vt 0.673828 0.646484
vt 0.673828 0.639648
vt 0.677734 0.633789
vt 0.669922 0.692383
vt 0.665039 0.686523
vt 0.665039 0.679688
vt 0.665039 0.672852
vt 0.665039 0.666016
vt 0.665039 0.660156
vt 0.665039 0.653320
vt 0.665039 0.646484
vt 0.665039 0.639648
vt 0.669922 0.633789
vt 0.661133 0.692383
vt 0.657227 0.686523
vt 0.657227 0.679688
vt 0.657227 0.672852
vt 0.657227 0.666016
vt 0.657227 0.660156
vt 0.657227 0.653320
vt 0.657227 0.646484
vt 0.657227 0.639648
vt 0.661133 0.633789
vt 0.667969 0.692383
vt 0.664062 0.686523
vt 0.671875 0.686523
vt 0.671875 0.679688
vt 0.664062 0.679688
vt 0.671875 0.672852
vt 0.664062 0.672852
vt 0.671875 0.666016
vt 0.664062 0.666016
vt 0.671875 0.660156
vt 0.664062 0.660156
vt 0.664062 0.653320
vt 0.671875 0.653320
vt 0.664062 0.646484
vt 0.671875 0.646484
vt 0.664062 0.639648
vt 0.671875 0.639648
vt 0.667969 0.633789
vt 0.694336 0.692383
vt 0.690430 0.686523
vt 0.698242 0.686523
vt 0.690430 0.679688
vt 0.698242 0.679688
vt 0.690430 0.672852
vt 0.698242 0.672852
vt 0.690430 0.666016
vt 0.698242 0.666016
vt 0.698242 0.660156
vt 0.690430 0.660156
vt 0.698242 0.653320
vt 0.690430 0.653320
vt 0.698242 0.646484
vt 0.690430 0.646484
vt 0.698242 0.639648
vt 0.690430 0.639648
vt 0.694336 0.633789
vt 0.685547 0.692383
vt 0.681641 0.686523
vt 0.681641 0.679688
vt 0.681641 0.672852
vt 0.681641 0.666016
vt 0.681641 0.660156
vt 0.681641 0.653320
vt 0.681641 0.646484
vt 0.681641 0.639648
vt 0.685547 0.633789
vt 0.677734 0.692383
vt 0.673828 0.686523
vt 0.673828 0.679688
vt 0.673828 0.672852
vt 0.673828 0.666016
vt 0.673828 0.660156
vt 0.673828 0.653320
vt 0.673828 0.646484
vt 0.673828 0.639648
vt 0.677734 0.633789
vt 0.669922 0.692383
vt 0.665039 0.686523
vt 0.665039 0.679688
vt 0.665039 0.672852
vt 0.665039 0.666016
vt 0.665039 0.660156
vt 0.665039 0.653320
vt 0.665039 0.646484
vt 0.665039 0.639648
vt 0.669922 0.633789
vt 0.661133 0.692383
vt 0.657227 0.686523
vt 0.657227 0.679688
vt 0.657227 0.672852
vt 0.657227 0.666016
vt 0.657227 0.660156
vt 0.657227 0.653320
vt 0.657227 0.646484
vt 0.657227 0.639648
vt 0.661133 0.633789
vt 0.918945 0.135742
vt 0.868164 0.135742
vt 0.918945 0.129883
vt 0.868164 0.129883
vt 0.918945 0.124023
vt 0.868164 0.124023
vt 0.868164 0.116211
vt 0.918945 0.116211
vt 0.868164 0.103516
vt 0.918945 0.103516
vt 0.918945 0.098633
vt 0.868164 0.097656
vt 0.918945 0.094727
vt 0.868164 0.093750
vt 0.918945 0.090820
vt 0.842773 0.090820
vt 0.817383 0.094727
vt 0.741211 0.090820
vt 0.766602 0.094727
vt 0.715820 0.094727
vt 0.715820 0.098633
vt 0.766602 0.098633
vt 0.715820 0.103516
vt 0.766602 0.103516
vt 0.715820 0.116211
vt 0.766602 0.116211
vt 0.766602 0.123047
vt 0.715820 0.124023
vt 0.766602 0.129883
vt 0.715820 0.129883
vt 0.715820 0.135742
vt 0.766602 0.135742
vt 0.715820 0.141602
vt 0.817383 0.135742
vt 0.817383 0.129883
vt 0.817383 0.123047
vt 0.817383 0.116211
vt 0.817383 0.103516
vt 0.817383 0.098633
vt 0.715820 0.192383
vt 0.766602 0.192383
vt 0.766602 0.141602
vt 0.817383 0.141602
vt 0.868164 0.141602
vt 0.918945 0.141602
vt 0.217773 0.319336
vt 0.219727 0.325195
vt 0.215820 0.325195
vt 0.215820 0.330078
vt 0.219727 0.330078
vt 0.215820 0.335938
vt 0.219727 0.335938
vt 0.215820 0.341797
vt 0.219727 0.341797
vt 0.215820 0.347656
vt 0.219727 0.347656
vt 0.219727 0.353516
vt 0.215820 0.353516
vt 0.219727 0.358398
vt 0.215820 0.358398
vt 0.211914 0.358398
vt 0.211914 0.353516
vt 0.207031 0.358398
vt 0.207031 0.353516
vt 0.203125 0.358398
vt 0.203125 0.353516
vt 0.199219 0.353516
vt 0.199219 0.358398
vt 0.194336 0.353516
vt 0.194336 0.358398
vt 0.190430 0.353516
vt 0.190430 0.358398
vt 0.186523 0.358398
vt 0.186523 0.353516
vt 0.181641 0.358398
vt 0.181641 0.353516
vt 0.177734 0.358398
vt 0.177734 0.353516
vt 0.173828 0.353516
vt 0.173828 0.358398
vt 0.168945 0.353516
vt 0.168945 0.358398
vt 0.168945 0.347656
vt 0.173828 0.347656
vt 0.177734 0.347656
vt 0.181641 0.347656
vt 0.186523 0.347656
vt 0.190430 0.347656
vt 0.194336 0.347656
vt 0.199219 0.347656
vt 0.203125 0.347656
vt 0.207031 0.347656
vt 0.211914 0.347656
vt 0.211914 0.341797
vt 0.207031 0.341797
vt 0.203125 0.341797
vt 0.199219 0.341797
vt 0.194336 0.341797
vt 0.190430 0.341797
vt 0.186523 0.341797
vt 0.181641 0.341797
vt 0.177734 0.341797
vt 0.173828 0.341797
vt 0.168945 0.341797
vt 0.173828 0.335938
vt 0.168945 0.335938
vt 0.173828 0.330078
vt 0.168945 0.330078
vt 0.173828 0.325195
vt 0.168945 0.325195
vt 0.170898 0.319336
vt 0.213867 0.319336
vt 0.211914 0.325195
vt 0.211914 0.330078
vt 0.211914 0.335938
vt 0.207031 0.335938
vt 0.203125 0.335938
vt 0.199219 0.335938
vt 0.194336 0.335938
vt 0.190430 0.335938
vt 0.186523 0.335938
vt 0.181641 0.335938
vt 0.177734 0.335938
vt 0.177734 0.330078
vt 0.177734 0.325195
vt 0.175781 0.319336
vt 0.181641 0.330078
vt 0.186523 0.330078
vt 0.190430 0.330078
vt 0.194336 0.330078
vt 0.199219 0.330078
vt 0.203125 0.330078
vt 0.207031 0.330078
vt 0.207031 0.325195
vt 0.208984 0.319336
vt 0.181641 0.325195
vt 0.179688 0.319336
vt 0.186523 0.325195
vt 0.183594 0.319336
vt 0.190430 0.325195
vt 0.188477 0.319336
vt 0.205078 0.319336
vt 0.203125 0.325195
vt 0.199219 0.325195
vt 0.201172 0.319336
vt 0.194336 0.325195
vt 0.196289 0.319336
vt 0.192383 0.319336
vt 0.565430 0.718750
vt 0.528320 0.856445
vt 0.460938 0.817383
vt 0.389648 0.889648
vt 0.427734 0.957031
vt 0.291016 0.916016
vt 0.291016 0.993164
vt 0.153320 0.957031
vt 0.192383 0.889648
vt 0.052734 0.856445
vt 0.120117 0.817383
vt 0.016602 0.718750
vt 0.093750 0.718750
vt 0.120117 0.620117
vt 0.052734 0.582031
vt 0.192383 0.548828
vt 0.153320 0.481445
vt 0.291016 0.522461
vt 0.291016 0.444336
vt 0.427734 0.481445
vt 0.389648 0.548828
vt 0.528320 0.582031
vt 0.460938 0.620117
vt 0.487305 0.718750
vt 0.291016 0.718750
vt 0.205078 0.319336
vt 0.207031 0.325195
vt 0.203125 0.325195
vt 0.207031 0.330078
vt 0.203125 0.330078
vt 0.199219 0.330078
vt 0.199219 0.325195
vt 0.201172 0.319336
vt 0.565430 0.718750
vt 0.528320 0.856445
vt 0.460938 0.817383
vt 0.389648 0.889648
vt 0.427734 0.957031
vt 0.291016 0.916016
vt 0.291016 0.993164
vt 0.153320 0.957031
vt 0.192383 0.889648
vt 0.052734 0.856445
vt 0.120117 0.817383
vt 0.016602 0.718750
vt 0.093750 0.718750
vt 0.120117 0.620117
vt 0.052734 0.582031
vt 0.192383 0.548828
vt 0.153320 0.481445
vt 0.291016 0.522461
vt 0.291016 0.444336
vt 0.427734 0.481445
vt 0.389648 0.548828
vt 0.528320 0.582031
vt 0.460938 0.620117
vt 0.487305 0.718750
vt 0.291016 0.718750
vt 0.194336 0.330078
vt 0.190430 0.330078
vt 0.194336 0.325195
vt 0.190430 0.325195
vt 0.192383 0.319336
vt 0.196289 0.319336
vt 0.168945 0.353516
vt 0.168945 0.347656
vt 0.173828 0.353516
vt 0.173828 0.347656
vt 0.177734 0.353516
vt 0.177734 0.347656
vt 0.181641 0.347656
vt 0.181641 0.353516
vt 0.186523 0.347656
vt 0.186523 0.353516
vt 0.190430 0.347656
vt 0.190430 0.353516
vt 0.194336 0.353516
vt 0.194336 0.347656
vt 0.199219 0.353516
vt 0.199219 0.347656
vt 0.203125 0.353516
vt 0.203125 0.347656
vt 0.207031 0.347656
vt 0.207031 0.353516
vt 0.211914 0.347656
vt 0.211914 0.353516
vt 0.215820 0.347656
vt 0.215820 0.353516
vt 0.217773 0.319336
vt 0.219727 0.325195
vt 0.215820 0.325195
vt 0.215820 0.330078
vt 0.219727 0.330078
vt 0.215820 0.335938
vt 0.219727 0.335938
vt 0.215820 0.341797
vt 0.219727 0.341797
vt 0.219727 0.347656
vt 0.219727 0.353516
vt 0.219727 0.358398
vt 0.215820 0.358398
vt 0.211914 0.358398
vt 0.207031 0.358398
vt 0.203125 0.358398
vt 0.199219 0.358398
vt 0.194336 0.358398
vt 0.190430 0.358398
vt 0.186523 0.358398
vt 0.181641 0.358398
vt 0.177734 0.358398
vt 0.173828 0.358398
vt 0.168945 0.358398
vt 0.211914 0.341797
vt 0.207031 0.341797
vt 0.203125 0.341797
vt 0.199219 0.341797
vt 0.194336 0.341797
vt 0.190430 0.341797
vt 0.186523 0.341797
vt 0.181641 0.341797
vt 0.177734 0.341797
vt 0.173828 0.341797
vt 0.168945 0.341797
vt 0.173828 0.335938
vt 0.168945 0.335938
vt 0.173828 0.330078
vt 0.168945 0.330078
vt 0.173828 0.325195
vt 0.168945 0.325195
vt 0.170898 0.319336
vt 0.213867 0.319336
vt 0.211914 0.325195
vt 0.211914 0.330078
vt 0.211914 0.335938
vt 0.207031 0.335938
vt 0.203125 0.335938
vt 0.199219 0.335938
vt 0.194336 0.335938
vt 0.190430 0.335938
vt 0.186523 0.335938
vt 0.181641 0.335938
vt 0.177734 0.335938
vt 0.177734 0.330078
vt 0.177734 0.325195
vt 0.175781 0.319336
vt 0.181641 0.330078
vt 0.186523 0.330078
vt 0.208984 0.319336
vt 0.181641 0.325195
vt 0.179688 0.319336
vt 0.186523 0.325195
vt 0.183594 0.319336
vt 0.188477 0.319336
vt 0.715820 0.192383
vt 0.766602 0.192383
vt 0.715820 0.141602
vt 0.766602 0.141602
vt 0.766602 0.135742
vt 0.817383 0.141602
vt 0.817383 0.135742
vt 0.868164 0.141602
vt 0.868164 0.135742
vt 0.918945 0.135742
vt 0.918945 0.141602
vt 0.918945 0.129883
vt 0.868164 0.129883
vt 0.918945 0.124023
vt 0.868164 0.124023
vt 0.868164 0.116211
vt 0.918945 0.116211
vt 0.868164 0.103516
vt 0.918945 0.103516
vt 0.918945 0.098633
vt 0.868164 0.097656
vt 0.918945 0.094727
vt 0.868164 0.093750
vt 0.918945 0.090820
vt 0.842773 0.090820
vt 0.817383 0.094727
vt 0.741211 0.090820
vt 0.766602 0.094727
vt 0.715820 0.094727
vt 0.715820 0.098633
vt 0.766602 0.098633
vt 0.715820 0.103516
vt 0.766602 0.103516
vt 0.715820 0.116211
vt 0.766602 0.116211
vt 0.766602 0.123047
vt 0.715820 0.124023
vt 0.766602 0.129883
vt 0.715820 0.129883
vt 0.715820 0.135742
vt 0.817383 0.129883
vt 0.817383 0.123047
vt 0.817383 0.116211
vt 0.817383 0.103516
vt 0.817383 0.098633
vt 0.828125 0.083008
vt 0.826172 0.083008
vt 0.850586 0.083008
vt 0.850586 0.083008
vt 0.826172 0.083008
vt 0.849609 0.083008
vt 0.828125 0.083008
vt 0.846680 0.083008
vt 0.831055 0.083008
vt 0.842773 0.083008
vt 0.834961 0.083008
vt 0.838867 0.083008
vt 0.842773 0.121094
vt 0.838867 0.121094
vt 0.842773 0.121094
vt 0.838867 0.121094
vt 0.834961 0.121094
vt 0.833984 0.121094
vt 0.831055 0.121094
vt 0.830078 0.121094
vt 0.828125 0.121094
vt 0.827148 0.121094
vt 0.826172 0.121094
vt 0.826172 0.121094
vt 0.826172 0.121094
vt 0.826172 0.121094
vt 0.828125 0.121094
vt 0.827148 0.121094
vt 0.831055 0.121094
vt 0.830078 0.121094
vt 0.834961 0.121094
vt 0.833984 0.121094
vt 0.838867 0.121094
vt 0.838867 0.121094
vt 0.842773 0.121094
vt 0.842773 0.121094
vt 0.846680 0.121094
vt 0.847656 0.121094
vt 0.849609 0.121094
vt 0.850586 0.121094
vt 0.850586 0.121094
vt 0.851562 0.121094
vt 0.850586 0.121094
vt 0.851562 0.121094
vt 0.849609 0.121094
vt 0.850586 0.121094
vt 0.846680 0.121094
vt 0.847656 0.121094
vt 0.847656 0.083008
vt 0.842773 0.083008
vt 0.838867 0.083008
vt 0.833984 0.083008
vt 0.830078 0.083008
vt 0.827148 0.083008
vt 0.826172 0.083008
vt 0.826172 0.083008
vt 0.827148 0.083008
vt 0.830078 0.083008
vt 0.833984 0.083008
vt 0.838867 0.083008
vt 0.842773 0.083008
vt 0.847656 0.083008
vt 0.850586 0.083008
vt 0.851562 0.083008
vt 0.851562 0.083008
vt 0.850586 0.083008
vt 0.849609 0.083008
vt 0.846680 0.083008
vt 0.842773 0.083008
vt 0.838867 0.083008
vt 0.834961 0.083008
vt 0.831055 0.083008
vt 0.862305 0.121094
vt 0.858398 0.121094
vt 0.863281 0.121094
vt 0.858398 0.121094
vt 0.854492 0.121094
vt 0.853516 0.121094
vt 0.850586 0.121094
vt 0.849609 0.121094
vt 0.847656 0.121094
vt 0.846680 0.121094
vt 0.846680 0.121094
vt 0.845703 0.121094
vt 0.846680 0.121094
vt 0.845703 0.121094
vt 0.847656 0.121094
vt 0.846680 0.121094
vt 0.850586 0.121094
vt 0.849609 0.121094
vt 0.854492 0.121094
vt 0.853516 0.121094
vt 0.858398 0.121094
vt 0.858398 0.121094
vt 0.862305 0.121094
vt 0.863281 0.121094
vt 0.866211 0.121094
vt 0.867188 0.121094
vt 0.869141 0.121094
vt 0.870117 0.121094
vt 0.871094 0.121094
vt 0.871094 0.121094
vt 0.871094 0.121094
vt 0.871094 0.121094
vt 0.869141 0.121094
vt 0.870117 0.121094
vt 0.866211 0.121094
vt 0.867188 0.121094
vt 0.867188 0.083008
vt 0.863281 0.083008
vt 0.858398 0.083008
vt 0.853516 0.083008
vt 0.849609 0.083008
vt 0.846680 0.083008
vt 0.845703 0.083008
vt 0.845703 0.083008
vt 0.846680 0.083008
vt 0.849609 0.083008
vt 0.853516 0.083008
vt 0.858398 0.083008
vt 0.863281 0.083008
vt 0.867188 0.083008
vt 0.870117 0.083008
vt 0.871094 0.083008
vt 0.871094 0.083008
vt 0.870117 0.083008
vt 0.869141 0.083008
vt 0.866211 0.083008
vt 0.862305 0.083008
vt 0.858398 0.083008
vt 0.854492 0.083008
vt 0.850586 0.083008
vt 0.847656 0.083008
vt 0.846680 0.083008
vt 0.846680 0.083008
vt 0.847656 0.083008
vt 0.850586 0.083008
vt 0.854492 0.083008
vt 0.858398 0.083008
vt 0.862305 0.083008
vt 0.866211 0.083008
vt 0.869141 0.083008
vt 0.871094 0.083008
vt 0.871094 0.083008
vt 0.834961 0.075195
vt 0.838867 0.075195
vt 0.833984 0.075195
vt 0.838867 0.075195
vt 0.842773 0.075195
vt 0.842773 0.075195
vt 0.846680 0.075195
vt 0.847656 0.075195
vt 0.849609 0.075195
vt 0.850586 0.075195
vt 0.850586 0.075195
vt 0.851562 0.075195
vt 0.850586 0.075195
vt 0.851562 0.075195
vt 0.849609 0.075195
vt 0.850586 0.075195
vt 0.846680 0.075195
vt 0.847656 0.075195
vt 0.842773 0.075195
vt 0.842773 0.075195
vt 0.838867 0.075195
vt 0.838867 0.075195
vt 0.834961 0.075195
vt 0.833984 0.075195
vt 0.831055 0.075195
vt 0.830078 0.075195
vt 0.828125 0.075195
vt 0.827148 0.075195
vt 0.826172 0.075195
vt 0.826172 0.075195
vt 0.826172 0.075195
vt 0.826172 0.075195
vt 0.828125 0.075195
vt 0.827148 0.075195
vt 0.831055 0.075195
vt 0.830078 0.075195
vt 0.830078 0.113281
vt 0.833984 0.113281
vt 0.838867 0.113281
vt 0.842773 0.113281
vt 0.847656 0.113281
vt 0.850586 0.113281
vt 0.851562 0.113281
vt 0.851562 0.113281
vt 0.850586 0.113281
vt 0.847656 0.113281
vt 0.842773 0.113281
vt 0.838867 0.113281
vt 0.833984 0.113281
vt 0.830078 0.113281
vt 0.827148 0.113281
vt 0.826172 0.113281
vt 0.826172 0.113281
vt 0.827148 0.113281
vt 0.828125 0.113281
vt 0.831055 0.113281
vt 0.834961 0.113281
vt 0.838867 0.113281
vt 0.842773 0.113281
vt 0.846680 0.113281
vt 0.849609 0.113281
vt 0.850586 0.113281
vt 0.850586 0.113281
vt 0.849609 0.113281
vt 0.846680 0.113281
vt 0.842773 0.113281
vt 0.838867 0.113281
vt 0.834961 0.113281
vt 0.831055 0.113281
vt 0.828125 0.113281
vt 0.826172 0.113281
vt 0.826172 0.113281
vt 0.869141 0.113281
vt 0.871094 0.113281
vt 0.846680 0.113281
vt 0.846680 0.113281
vt 0.871094 0.113281
vt 0.847656 0.113281
vt 0.869141 0.113281
vt 0.850586 0.113281
vt 0.866211 0.113281
vt 0.854492 0.113281
vt 0.862305 0.113281
vt 0.858398 0.113281
vt 0.854492 0.075195
vt 0.858398 0.075195
vt 0.853516 0.075195
vt 0.858398 0.075195
vt 0.862305 0.075195
vt 0.863281 0.075195
vt 0.866211 0.075195
vt 0.867188 0.075195
vt 0.869141 0.075195
vt 0.870117 0.075195
vt 0.871094 0.075195
vt 0.871094 0.075195
vt 0.871094 0.075195
vt 0.871094 0.075195
vt 0.869141 0.075195
vt 0.870117 0.075195
vt 0.866211 0.075195
vt 0.867188 0.075195
vt 0.862305 0.075195
vt 0.863281 0.075195
vt 0.858398 0.075195
vt 0.858398 0.075195
vt 0.854492 0.075195
vt 0.853516 0.075195
vt 0.850586 0.075195
vt 0.849609 0.075195
vt 0.847656 0.075195
vt 0.846680 0.075195
vt 0.846680 0.075195
vt 0.845703 0.075195
vt 0.846680 0.075195
vt 0.845703 0.075195
vt 0.847656 0.075195
vt 0.846680 0.075195
vt 0.850586 0.075195
vt 0.849609 0.075195
vt 0.849609 0.113281
vt 0.853516 0.113281
vt 0.858398 0.113281
vt 0.863281 0.113281
vt 0.867188 0.113281
vt 0.870117 0.113281
vt 0.871094 0.113281
vt 0.871094 0.113281
vt 0.870117 0.113281
vt 0.867188 0.113281
vt 0.863281 0.113281
vt 0.858398 0.113281
vt 0.853516 0.113281
vt 0.849609 0.113281
vt 0.846680 0.113281
vt 0.845703 0.113281
vt 0.845703 0.113281
vt 0.846680 0.113281
vt 0.847656 0.113281
vt 0.850586 0.113281
vt 0.854492 0.113281
vt 0.858398 0.113281
vt 0.862305 0.113281
vt 0.866211 0.113281
vt 0.204102 0.133789
vt 0.204102 0.128906
vt 0.194336 0.133789
vt 0.194336 0.129883
vt 0.186523 0.133789
vt 0.186523 0.129883
vt 0.194336 0.129883
vt 0.194336 0.133789
vt 0.204102 0.128906
vt 0.204102 0.133789
vt 0.201172 0.136719
vt 0.193359 0.136719
vt 0.186523 0.136719
vt 0.193359 0.136719
vt 0.201172 0.136719
vt 0.750977 0.086914
vt 0.785156 0.154297
vt 0.818359 0.086914
vt 0.750977 0.086914
vt 0.818359 0.086914
vt 0.750977 0.086914
vt 0.818359 0.086914
vt 0.750977 0.086914
vt 0.818359 0.086914
vt 0.750977 0.086914
vt 0.818359 0.086914
vt 0.749023 0.047852
vt 0.824219 0.124023
vt 0.824219 0.047852
vt 0.750977 0.086914
vt 0.818359 0.086914
vt 0.785156 0.154297
vt 0.750977 0.086914
vt 0.818359 0.086914
vt 0.750977 0.086914
vt 0.818359 0.086914
vt 0.750977 0.086914
vt 0.818359 0.086914
vt 0.750977 0.086914
vt 0.818359 0.086914
vt 0.749023 0.047852
vt 0.824219 0.047852
vt 0.824219 0.124023
vt 0.199219 0.139648
vt 0.192383 0.139648
vt 0.186523 0.139648
vt 0.192383 0.139648
vt 0.199219 0.139648
vt 0.819336 0.582031
vt 0.912109 0.537109
vt 0.871094 0.520508
vt 0.924805 0.408203
vt 0.979492 0.395508
vt 0.976562 0.269531
vt 0.907227 0.294922
vt 0.916016 0.215820
vt 0.836914 0.202148
vt 0.824219 0.047852
vt 0.824219 0.124023
vt 0.749023 0.047852
vt 0.749023 0.124023
vt 0.218750 0.037109
vt 0.225586 0.043945
vt 0.225586 0.043945
vt 0.247070 0.043945
vt 0.247070 0.043945
vt 0.239258 0.038086
vt 0.268555 0.021484
vt 0.175781 0.021484
vt 0.268555 0.194336
vt 0.193359 0.194336
vt 0.095703 0.194336
vt 0.095703 0.021484
vt 0.818359 0.086914
vt 0.789062 0.086914
vt 0.750977 0.086914
vt 0.268555 0.021484
vt 0.095703 0.021484
vt 0.182617 0.107422
vt 0.095703 0.194336
vt 0.174805 0.122070
vt 0.174805 0.126953
vt 0.169922 0.124023
vt 0.168945 0.128906
vt 0.166016 0.125977
vt 0.165039 0.122070
vt 0.167969 0.120117
vt 0.171875 0.119141
vt 0.503906 0.522461
vt 0.711914 0.571289
vt 0.665039 0.423828
vt 0.847656 0.522461
vt 0.854492 0.404297
vt 0.777344 0.295898
vt 0.625000 0.276367
vt 0.436523 0.355469
vt 0.174805 0.126953
vt 0.174805 0.122070
vt 0.169922 0.124023
vt 0.171875 0.119141
vt 0.167969 0.120117
vt 0.165039 0.122070
vt 0.166016 0.125977
vt 0.168945 0.128906
vt 0.189453 0.180664
vt 0.182617 0.180664
vt 0.195312 0.151367
vt 0.190430 0.151367
vt 0.195312 0.151367
vt 0.189453 0.180664
vt 0.189453 0.184570
vt 0.182617 0.184570
vt 0.189453 0.189453
vt 0.182617 0.190430
vt 0.189453 0.192383
vt 0.182617 0.192383
vt 0.189453 0.192383
vt 0.182617 0.193359
vt 0.189453 0.192383
vt 0.189453 0.192383
vt 0.189453 0.189453
vt 0.189453 0.184570
vt 0.711914 0.571289
vt 0.503906 0.522461
vt 0.665039 0.423828
vt 0.436523 0.355469
vt 0.625000 0.276367
vt 0.777344 0.295898
vt 0.854492 0.404297
vt 0.847656 0.522461
vt 0.167969 0.109375
vt 0.165039 0.114258
vt 0.165039 0.108398
vt 0.162109 0.114258
vt 0.164062 0.118164
vt 0.161133 0.118164
vt 0.161133 0.123047
vt 0.164062 0.123047
vt 0.162109 0.126953
vt 0.165039 0.126953
vt 0.163086 0.130859
vt 0.166016 0.130859
vt 0.166992 0.135742
vt 0.164062 0.136719
vt 0.819336 0.582031
vt 0.871094 0.520508
vt 0.912109 0.537109
vt 0.924805 0.408203
vt 0.979492 0.395508
vt 0.976562 0.269531
vt 0.907227 0.294922
vt 0.916016 0.215820
vt 0.836914 0.202148
vt 0.268555 0.021484
vt 0.268555 0.194336
vt 0.175781 0.021484
vt 0.193359 0.194336
vt 0.095703 0.194336
vt 0.095703 0.021484
vt 0.818359 0.086914
vt 0.789062 0.086914
vt 0.750977 0.086914
vt 0.268555 0.021484
vt 0.182617 0.107422
vt 0.095703 0.021484
vt 0.095703 0.194336
vt 0.204102 0.151367
vt 0.204102 0.179688
vt 0.204102 0.186523
vt 0.204102 0.194336
vt 0.196289 0.194336
vt 0.189453 0.194336
vt 0.182617 0.194336
vt 0.189453 0.194336
vt 0.196289 0.194336
vt 0.204102 0.194336
vt 0.204102 0.186523
vt 0.204102 0.179688
vt 0.204102 0.151367
vt 0.749023 0.124023
vt 0.824219 0.124023
vt 0.749023 0.047852
vt 0.824219 0.047852
vt 0.167969 0.109375
vt 0.165039 0.108398
vt 0.165039 0.114258
vt 0.162109 0.114258
vt 0.164062 0.118164
vt 0.161133 0.118164
vt 0.161133 0.123047
vt 0.164062 0.123047
vt 0.162109 0.126953
vt 0.165039 0.126953
vt 0.163086 0.130859
vt 0.166016 0.130859
vt 0.166992 0.135742
vt 0.164062 0.136719
vt 0.182617 0.064453
vt 0.182617 0.086914
vt 0.189453 0.064453
vt 0.189453 0.086914
vt 0.194336 0.107422
vt 0.196289 0.086914
vt 0.196289 0.064453
vt 0.196289 0.059570
vt 0.189453 0.059570
vt 0.182617 0.059570
vt 0.204102 0.125977
vt 0.194336 0.125977
vt 0.186523 0.125977
vt 0.194336 0.123047
vt 0.186523 0.123047
vt 0.194336 0.118164
vt 0.186523 0.118164
vt 0.194336 0.112305
vt 0.186523 0.112305
vt 0.186523 0.107422
vt 0.189453 0.086914
vt 0.189453 0.064453
vt 0.189453 0.059570
vt 0.190430 0.054688
vt 0.182617 0.054688
vt 0.190430 0.054688
vt 0.196289 0.054688
vt 0.204102 0.054688
vt 0.204102 0.059570
vt 0.204102 0.064453
vt 0.204102 0.086914
vt 0.204102 0.107422
vt 0.204102 0.112305
vt 0.204102 0.118164
vt 0.204102 0.123047
vt 0.194336 0.125977
vt 0.194336 0.123047
vt 0.194336 0.118164
vt 0.194336 0.112305
vt 0.194336 0.107422
vt 0.196289 0.086914
vt 0.196289 0.064453
vt 0.196289 0.059570
vt 0.196289 0.054688
vt 0.193359 0.052734
vt 0.196289 0.052734
vt 0.196289 0.051758
vt 0.193359 0.051758
vt 0.189453 0.052734
vt 0.189453 0.051758
vt 0.182617 0.051758
vt 0.186523 0.051758
vt 0.184570 0.049805
vt 0.182617 0.049805
vt 0.184570 0.049805
vt 0.186523 0.051758
vt 0.189453 0.051758
vt 0.189453 0.052734
vt 0.193359 0.051758
vt 0.193359 0.052734
vt 0.196289 0.051758
vt 0.196289 0.052734
vt 0.204102 0.050781
vt 0.204102 0.052734
vt 0.209961 0.050781
vt 0.219727 0.049805
vt 0.215820 0.048828
vt 0.222656 0.046875
vt 0.247070 0.045898
vt 0.247070 0.048828
vt 0.225586 0.053711
vt 0.247070 0.054688
vt 0.225586 0.058594
vt 0.247070 0.059570
vt 0.225586 0.063477
vt 0.247070 0.064453
vt 0.225586 0.064453
vt 0.204102 0.125977
vt 0.204102 0.123047
vt 0.204102 0.118164
vt 0.204102 0.112305
vt 0.204102 0.107422
vt 0.204102 0.086914
vt 0.204102 0.064453
vt 0.204102 0.059570
vt 0.204102 0.054688
vt 0.204102 0.052734
vt 0.204102 0.050781
vt 0.204102 0.050781
vt 0.196289 0.050781
vt 0.193359 0.050781
vt 0.189453 0.050781
vt 0.189453 0.049805
vt 0.189453 0.048828
vt 0.182617 0.048828
vt 0.189453 0.046875
vt 0.182617 0.046875
vt 0.189453 0.045898
vt 0.182617 0.045898
vt 0.189453 0.044922
vt 0.182617 0.044922
vt 0.185547 0.043945
vt 0.189453 0.043945
vt 0.189453 0.043945
vt 0.189453 0.039062
vt 0.189453 0.041016
vt 0.189453 0.039062
vt 0.189453 0.041016
vt 0.189453 0.043945
vt 0.182617 0.043945
vt 0.182617 0.043945
vt 0.189453 0.043945
vt 0.189453 0.043945
vt 0.189453 0.041016
vt 0.189453 0.041016
vt 0.189453 0.039062
vt 0.189453 0.040039
vt 0.189453 0.039062
vt 0.182617 0.039062
vt 0.182617 0.039062
vt 0.189453 0.039062
vt 0.182617 0.039062
vt 0.182617 0.039062
vt 0.189453 0.039062
vt 0.189453 0.039062
vt 0.189453 0.041016
vt 0.189453 0.043945
vt 0.182617 0.043945
vt 0.185547 0.043945
vt 0.189453 0.043945
vt 0.189453 0.044922
vt 0.189453 0.045898
vt 0.189453 0.046875
vt 0.189453 0.048828
vt 0.189453 0.049805
vt 0.189453 0.050781
vt 0.193359 0.050781
vt 0.196289 0.050781
vt 0.204102 0.050781
vt 0.206055 0.049805
vt 0.208008 0.048828
vt 0.218750 0.043945
vt 0.210938 0.042969
vt 0.211914 0.038086
vt 0.204102 0.041016
vt 0.204102 0.039062
vt 0.196289 0.042969
vt 0.196289 0.039062
vt 0.189453 0.039062
vt 0.189453 0.041016
vt 0.189453 0.039062
vt 0.182617 0.039062
vt 0.182617 0.039062
vt 0.189453 0.039062
vt 0.189453 0.039062
vt 0.189453 0.040039
vt 0.189453 0.041992
vt 0.182617 0.040039
vt 0.182617 0.041992
vt 0.189453 0.041992
vt 0.189453 0.043945
vt 0.182617 0.043945
vt 0.189453 0.043945
vt 0.189453 0.041016
vt 0.189453 0.039062
vt 0.189453 0.041016
vt 0.189453 0.043945
vt 0.182617 0.043945
vt 0.196289 0.033203
vt 0.204102 0.028320
vt 0.204102 0.033203
vt 0.208984 0.030273
vt 0.244141 0.024414
vt 0.247070 0.033203
vt 0.238281 0.024414
vt 0.232422 0.025391
vt 0.234375 0.031250
vt 0.243164 0.035156
vt 0.228516 0.034180
vt 0.239258 0.038086
vt 0.218750 0.037109
vt 0.218750 0.037109
vt 0.216797 0.035156
vt 0.216797 0.031250
vt 0.196289 0.039062
vt 0.204102 0.038086
vt 0.204102 0.039062
vt 0.211914 0.038086
vt 0.210938 0.036133
vt 0.225586 0.043945
vt 0.225586 0.043945
vt 0.247070 0.043945
vt 0.247070 0.043945
vt 0.734375 0.852539
vt 0.731445 0.854492
vt 0.632812 0.832031
vt 0.724609 0.855469
vt 0.632812 0.838867
vt 0.705078 0.857422
vt 0.182617 0.039062
vt 0.189453 0.038086
vt 0.196289 0.038086
vt 0.196289 0.037109
vt 0.204102 0.037109
vt 0.204102 0.036133
vt 0.208984 0.035156
vt 0.208008 0.033203
vt 0.213867 0.032227
vt 0.211914 0.030273
vt 0.213867 0.030273
vt 0.215820 0.030273
vt 0.222656 0.030273
vt 0.213867 0.029297
vt 0.217773 0.028320
vt 0.212891 0.028320
vt 0.213867 0.026367
vt 0.209961 0.027344
vt 0.213867 0.025391
vt 0.209961 0.025391
vt 0.214844 0.024414
vt 0.210938 0.023438
vt 0.217773 0.021484
vt 0.210938 0.021484
vt 0.204102 0.024414
vt 0.204102 0.021484
vt 0.196289 0.024414
vt 0.196289 0.021484
vt 0.189453 0.023438
vt 0.189453 0.021484
vt 0.182617 0.023438
vt 0.182617 0.021484
vt 0.189453 0.021484
vt 0.189453 0.023438
vt 0.196289 0.021484
vt 0.196289 0.024414
vt 0.204102 0.021484
vt 0.204102 0.024414
vt 0.210938 0.021484
vt 0.210938 0.023438
vt 0.217773 0.021484
vt 0.214844 0.024414
vt 0.247070 0.021484
vt 0.244141 0.024414
vt 0.213867 0.025391
vt 0.238281 0.024414
vt 0.247070 0.033203
vt 0.232422 0.025391
vt 0.234375 0.031250
vt 0.243164 0.035156
vt 0.228516 0.034180
vt 0.218750 0.037109
vt 0.216797 0.035156
vt 0.216797 0.031250
vt 0.222656 0.030273
vt 0.217773 0.028320
vt 0.213867 0.026367
vt 0.209961 0.027344
vt 0.209961 0.025391
vt 0.204102 0.026367
vt 0.196289 0.026367
vt 0.189453 0.026367
vt 0.182617 0.026367
vt 0.189453 0.026367
vt 0.196289 0.026367
vt 0.204102 0.026367
vt 0.211914 0.029297
vt 0.210938 0.029297
vt 0.208008 0.032227
vt 0.204102 0.035156
vt 0.196289 0.036133
vt 0.189453 0.037109
vt 0.182617 0.038086
vt 0.189453 0.038086
vt 0.196289 0.038086
vt 0.204102 0.038086
vt 0.210938 0.036133
vt 0.213867 0.032227
vt 0.213867 0.030273
vt 0.215820 0.030273
vt 0.213867 0.029297
vt 0.212891 0.028320
vt 0.208984 0.030273
vt 0.204102 0.028320
vt 0.196289 0.028320
vt 0.189453 0.028320
vt 0.182617 0.028320
vt 0.189453 0.028320
vt 0.196289 0.028320
vt 0.189453 0.033203
vt 0.182617 0.032227
vt 0.189453 0.033203
vt 0.196289 0.033203
vt 0.204102 0.033203
vt 0.204102 0.034180
vt 0.208008 0.031250
vt 0.204102 0.034180
vt 0.208008 0.031250
vt 0.211914 0.029297
vt 0.210938 0.029297
vt 0.182617 0.037109
vt 0.189453 0.037109
vt 0.196289 0.037109
vt 0.204102 0.037109
vt 0.208984 0.035156
vt 0.095703 0.021484
vt 0.268555 0.021484
vt 0.095703 0.194336
vt 0.268555 0.194336
vt 0.268555 0.021484
vt 0.268555 0.194336
vt 0.095703 0.021484
vt 0.095703 0.194336
vt 0.196289 0.035156
vt 0.189453 0.036133
vt 0.189453 0.035156
vt 0.182617 0.036133
vt 0.182617 0.035156
vt 0.189453 0.035156
vt 0.189453 0.036133
vt 0.196289 0.035156
vt 0.196289 0.036133
vt 0.204102 0.035156
vt 0.204102 0.036133
vt 0.208008 0.033203
vt 0.208008 0.032227
vt 0.211914 0.030273
vt 0.268555 0.021484
vt 0.268555 0.194336
vt 0.095703 0.021484
vt 0.095703 0.194336
vt 0.268555 0.021484
vt 0.268555 0.194336
vt 0.095703 0.021484
vt 0.095703 0.194336
vt 0.268555 0.021484
vt 0.268555 0.194336
vt 0.095703 0.021484
vt 0.095703 0.194336
vt 0.268555 0.021484
vt 0.268555 0.194336
vt 0.095703 0.021484
vt 0.095703 0.194336
vt 0.095703 0.021484
vt 0.268555 0.021484
vt 0.095703 0.194336
vt 0.268555 0.194336
vt 0.268555 0.194336
vt 0.268555 0.021484
vt 0.095703 0.194336
vt 0.095703 0.021484
vt 0.268555 0.021484
vt 0.268555 0.194336
vt 0.095703 0.194336
vt 0.268555 0.194336
vt 0.095703 0.021484
vt 0.268555 0.021484
vt 0.095703 0.194336
vt 0.268555 0.194336
vt 0.095703 0.021484
vt 0.268555 0.021484
vt 0.095703 0.194336
vt 0.268555 0.194336
vt 0.095703 0.021484
vt 0.268555 0.021484
vt 0.095703 0.194336
vt 0.268555 0.194336
vt 0.095703 0.021484
vt 0.268555 0.021484
vt 0.095703 0.194336
vt 0.268555 0.194336
vt 0.095703 0.021484
vt 0.268555 0.021484
vt 0.196289 0.034180
vt 0.196289 0.034180
vt 0.189453 0.034180
vt 0.189453 0.034180
vt 0.182617 0.034180
vt 0.182617 0.033203
vt 0.189453 0.034180
vt 0.189453 0.034180
vt 0.196289 0.034180
vt 0.196289 0.034180
vt 0.204102 0.034180
vt 0.204102 0.034180
vt 0.208008 0.031250
vt 0.208008 0.031250
vt 0.193359 0.064453
vt 0.193359 0.074219
vt 0.183594 0.064453
vt 0.183594 0.074219
vt 0.192383 0.085938
vt 0.183594 0.085938
vt 0.192383 0.085938
vt 0.193359 0.074219
vt 0.193359 0.064453
vt 0.204102 0.064453
vt 0.204102 0.074219
vt 0.204102 0.085938
vt 0.204102 0.107422
vt 0.193359 0.107422
vt 0.183594 0.107422
vt 0.193359 0.107422
vt 0.204102 0.107422
vt 0.204102 0.085938
vt 0.204102 0.074219
vt 0.204102 0.064453
vt 0.247070 0.032227
vt 0.198242 0.172852
vt 0.247070 0.021484
vt 0.188477 0.170898
vt 0.185547 0.183594
vt 0.201172 0.184570
vt 0.183594 0.194336
vt 0.204102 0.194336
vt 0.224609 0.051758
vt 0.213867 0.051758
vt 0.224609 0.041992
vt 0.213867 0.041992
vt 0.247070 0.064453
vt 0.224609 0.064453
vt 0.247070 0.053711
vt 0.213867 0.064453
vt 0.204102 0.050781
vt 0.204102 0.041992
vt 0.204102 0.021484
vt 0.213867 0.021484
vt 0.224609 0.021484
vt 0.247070 0.041992
vt 0.247070 0.032227
vt 0.198242 0.172852
vt 0.201172 0.184570
vt 0.204102 0.194336
vt 0.224609 0.051758
vt 0.224609 0.041992
vt 0.213867 0.051758
vt 0.213867 0.041992
vt 0.247070 0.064453
vt 0.247070 0.053711
vt 0.224609 0.064453
vt 0.213867 0.064453
vt 0.204102 0.050781
vt 0.204102 0.041992
vt 0.204102 0.021484
vt 0.213867 0.021484
vt 0.224609 0.021484
vt 0.247070 0.041992
vt 0.247070 0.021484
vt 0.196289 0.042969
vt 0.204102 0.041016
vt 0.210938 0.042969
vt 0.218750 0.043945
vt 0.208008 0.048828
vt 0.215820 0.048828
vt 0.209961 0.050781
vt 0.206055 0.049805
vt 0.750977 0.086914
vt 0.818359 0.086914
vt 0.824219 0.047852
vt 0.787109 0.047852
vt 0.824219 0.124023
vt 0.787109 0.124023
vt 0.749023 0.047852
vt 0.749023 0.124023
vt 0.818359 0.086914
vt 0.785156 0.086914
vt 0.750977 0.086914
vt 0.818359 0.086914
vt 0.796875 0.086914
vt 0.789062 0.154297
vt 0.750977 0.086914
vt 0.818359 0.086914
vt 0.787109 0.154297
vt 0.791992 0.086914
vt 0.750977 0.086914
vt 0.818359 0.086914
vt 0.791992 0.086914
vt 0.787109 0.154297
vt 0.750977 0.086914
vt 0.095703 0.194336
vt 0.095703 0.021484
vt 0.202148 0.194336
vt 0.202148 0.021484
vt 0.268555 0.021484
vt 0.268555 0.194336
vt 0.095703 0.194336
vt 0.202148 0.194336
vt 0.095703 0.021484
vt 0.202148 0.021484
vt 0.268555 0.021484
vt 0.268555 0.194336
vt 0.750977 0.086914
vt 0.818359 0.086914
vt 0.824219 0.047852
vt 0.824219 0.124023
vt 0.787109 0.047852
vt 0.787109 0.124023
vt 0.749023 0.047852
vt 0.749023 0.124023
vt 0.818359 0.086914
vt 0.785156 0.086914
vt 0.750977 0.086914
vt 0.219727 0.049805
vt 0.222656 0.046875
vt 0.247070 0.045898
vt 0.247070 0.048828
vt 0.225586 0.053711
vt 0.247070 0.054688
vt 0.225586 0.058594
vt 0.247070 0.059570
vt 0.225586 0.063477
vt 0.247070 0.064453
vt 0.225586 0.064453
vt 0.749023 0.047852
vt 0.824219 0.047852
vt 0.749023 0.124023
vt 0.824219 0.124023
vt 0.750977 0.086914
vt 0.796875 0.086914
vt 0.789062 0.154297
vt 0.818359 0.086914
vt 0.818359 0.086914
vt 0.785156 0.086914
vt 0.750977 0.086914
vt 0.749023 0.047852
vt 0.749023 0.124023
vt 0.799805 0.047852
vt 0.799805 0.124023
vt 0.824219 0.124023
vt 0.824219 0.047852
vt 0.749023 0.047852
vt 0.749023 0.124023
vt 0.824219 0.047852
vt 0.824219 0.124023
vt 0.750977 0.086914
vt 0.785156 0.086914
vt 0.818359 0.086914
vt 0.749023 0.124023
vt 0.786133 0.124023
vt 0.749023 0.047852
vt 0.784180 0.047852
vt 0.824219 0.047852
vt 0.824219 0.124023
vt 0.268555 0.021484
vt 0.268555 0.194336
vt 0.095703 0.021484
vt 0.095703 0.194336
vt 0.095703 0.021484
vt 0.095703 0.194336
vt 0.268555 0.021484
vt 0.268555 0.194336
vt 0.095703 0.021484
vt 0.095703 0.194336
vt 0.095703 0.021484
vt 0.095703 0.194336
vt 0.268555 0.021484
vt 0.268555 0.194336
vt 0.095703 0.194336
vt 0.268555 0.194336
vt 0.095703 0.021484
vt 0.268555 0.021484
vt 0.095703 0.021484
vt 0.095703 0.194336
vt 0.268555 0.021484
vt 0.268555 0.194336
vt 0.704102 0.886719
vt 0.669922 0.888672
vt 0.671875 0.859375
vt 0.632812 0.860352
vt 0.632812 0.888672
vt 0.669922 0.888672
vt 0.671875 0.859375
vt 0.704102 0.886719
vt 0.705078 0.857422
vt 0.724609 0.855469
vt 0.727539 0.885742
vt 0.731445 0.854492
vt 0.737305 0.883789
vt 0.745117 0.882812
vt 0.734375 0.852539
vt 0.632812 0.882812
vt 0.632812 0.837891
vt 0.727539 0.885742
vt 0.737305 0.883789
vt 0.745117 0.882812
vt 0.738281 0.907227
vt 0.739258 0.884766
vt 0.730469 0.913086
vt 0.724609 0.886719
vt 0.714844 0.912109
vt 0.701172 0.887695
vt 0.691406 0.912109
vt 0.663086 0.913086
vt 0.669922 0.888672
vt 0.632812 0.913086
vt 0.632812 0.888672
vt 0.669922 0.888672
vt 0.663086 0.913086
vt 0.701172 0.887695
vt 0.691406 0.912109
vt 0.714844 0.912109
vt 0.724609 0.886719
vt 0.730469 0.913086
vt 0.739258 0.884766
vt 0.738281 0.907227
vt 0.632812 0.937500
vt 0.632812 0.944336
vt 0.632812 0.935547
vt 0.749023 0.047852
vt 0.799805 0.047852
vt 0.749023 0.124023
vt 0.799805 0.124023
vt 0.824219 0.124023
vt 0.824219 0.047852
vt 0.824219 0.124023
vt 0.786133 0.124023
vt 0.824219 0.047852
vt 0.784180 0.047852
vt 0.749023 0.124023
vt 0.749023 0.047852
vt 0.787109 0.108398
vt 0.792969 0.106445
vt 0.788086 0.106445
vt 0.787109 0.104492
vt 0.791016 0.102539
vt 0.786133 0.101562
vt 0.784180 0.103516
vt 0.779297 0.102539
vt 0.779297 0.100586
vt 0.786133 0.101562
vt 0.784180 0.103516
vt 0.787109 0.104492
vt 0.791016 0.102539
vt 0.792969 0.106445
vt 0.788086 0.106445
vt 0.787109 0.108398
vt 0.791016 0.109375
vt 0.784180 0.109375
vt 0.786133 0.112305
vt 0.779297 0.110352
vt 0.779297 0.113281
vt 0.786133 0.112305
vt 0.784180 0.109375
vt 0.791016 0.109375
vt 0.796875 0.105469
vt 0.794922 0.100586
vt 0.789062 0.098633
vt 0.779297 0.097656
vt 0.789062 0.098633
vt 0.794922 0.100586
vt 0.796875 0.105469
vt 0.795898 0.110352
vt 0.789062 0.113281
vt 0.779297 0.114258
vt 0.789062 0.113281
vt 0.795898 0.110352
vt 0.795898 0.108398
vt 0.797852 0.102539
vt 0.795898 0.098633
vt 0.789062 0.096680
vt 0.779297 0.095703
vt 0.789062 0.096680
vt 0.795898 0.098633
vt 0.797852 0.102539
vt 0.795898 0.108398
vt 0.789062 0.112305
vt 0.779297 0.113281
vt 0.789062 0.112305
vt 0.813477 0.192383
vt 0.820312 0.186523
vt 0.815430 0.187500
vt 0.812500 0.183594
vt 0.828125 0.179688
vt 0.824219 0.176758
vt 0.837891 0.162109
vt 0.817383 0.160156
vt 0.821289 0.144531
vt 0.844727 0.145508
vt 0.826172 0.125977
vt 0.852539 0.125977
vt 0.831055 0.102539
vt 0.860352 0.102539
vt 0.834961 0.076172
vt 0.868164 0.076172
vt 0.837891 0.050781
vt 0.873047 0.050781
vt 0.876953 0.026367
vt 0.884766 0.026367
vt 0.883789 0.050781
vt 0.875977 0.026367
vt 0.875000 0.050781
vt 0.838867 0.026367
vt 0.839844 0.050781
vt 0.797852 0.026367
vt 0.797852 0.050781
vt 0.839844 0.050781
vt 0.838867 0.026367
vt 0.875000 0.050781
vt 0.875977 0.026367
vt 0.883789 0.050781
vt 0.884766 0.026367
vt 0.873047 0.050781
vt 0.876953 0.026367
vt 0.837891 0.050781
vt 0.839844 0.026367
vt 0.797852 0.050781
vt 0.797852 0.026367
vt 0.839844 0.026367
vt 0.797852 0.160156
vt 0.797852 0.144531
vt 0.817383 0.160156
vt 0.821289 0.144531
vt 0.837891 0.162109
vt 0.844727 0.145508
vt 0.826172 0.125977
vt 0.852539 0.125977
vt 0.831055 0.102539
vt 0.860352 0.102539
vt 0.834961 0.076172
vt 0.868164 0.076172
vt 0.828125 0.179688
vt 0.820312 0.186523
vt 0.812500 0.183594
vt 0.815430 0.187500
vt 0.813477 0.192383
vt 0.797852 0.076172
vt 0.797852 0.102539
vt 0.797852 0.125977
vt 0.811523 0.173828
vt 0.806641 0.181641
vt 0.797852 0.173828
vt 0.797852 0.180664
vt 0.806641 0.181641
vt 0.811523 0.173828
vt 0.824219 0.176758
vt 0.904297 0.639648
vt 0.904297 0.677734
vt 0.904297 0.677734
vt 0.866211 0.677734
vt 0.866211 0.677734
vt 0.822266 0.677734
vt 0.822266 0.677734
vt 0.822266 0.639648
vt 0.904297 0.639648
vt 0.904297 0.677734
vt 0.904297 0.677734
vt 0.866211 0.677734
vt 0.866211 0.677734
vt 0.822266 0.677734
vt 0.822266 0.677734
vt 0.822266 0.639648
vt 0.575195 0.187500
vt 0.552734 0.201172
vt 0.557617 0.165039
vt 0.530273 0.187500
vt 0.547852 0.161133
vt 0.521484 0.149414
vt 0.543945 0.150391
vt 0.547852 0.140625
vt 0.530273 0.114258
vt 0.557617 0.137695
vt 0.552734 0.100586
vt 0.575195 0.114258
vt 0.567383 0.140625
vt 0.583984 0.149414
vt 0.570312 0.150391
vt 0.567383 0.161133
vt 0.567383 0.161133
vt 0.557617 0.165039
vt 0.575195 0.187500
vt 0.552734 0.201172
vt 0.530273 0.187500
vt 0.547852 0.161133
vt 0.521484 0.149414
vt 0.543945 0.150391
vt 0.547852 0.140625
vt 0.530273 0.114258
vt 0.557617 0.137695
vt 0.552734 0.100586
vt 0.575195 0.114258
vt 0.567383 0.140625
vt 0.583984 0.149414
vt 0.570312 0.150391
vt 0.372070 0.197266
vt 0.383789 0.186523
vt 0.385742 0.191406
vt 0.388672 0.172852
vt 0.385742 0.169922
vt 0.382812 0.155273
vt 0.384766 0.157227
vt 0.372070 0.150391
vt 0.374023 0.151367
vt 0.357422 0.147461
vt 0.357422 0.147461
vt 0.374023 0.151367
vt 0.372070 0.150391
vt 0.384766 0.157227
vt 0.382812 0.155273
vt 0.388672 0.172852
vt 0.385742 0.169922
vt 0.383789 0.186523
vt 0.385742 0.191406
vt 0.372070 0.197266
vt 0.373047 0.204102
vt 0.357422 0.202148
vt 0.357422 0.208984
vt 0.373047 0.204102
vn 0.0010 0.4704 0.8824
vn 0.6009 0.4200 0.6801
vn 0.0008 0.7972 0.6037
vn 0.5455 0.7170 0.4339
vn 0.0007 0.9879 0.1551
vn 0.5210 0.8507 0.0704
vn 0.0007 0.9892 -0.1464
vn 0.4931 0.8540 -0.1661
vn 0.0007 0.9937 -0.1118
vn 0.6143 0.7890 0.0130
vn 0.0006 0.9658 0.2592
vn 0.8082 0.5320 0.2526
vn 0.9503 0.2475 0.1890
vn 0.9053 0.4192 -0.0681
vn 0.8388 0.5211 -0.1579
vn 0.8397 0.5428 0.0173
vn 0.8197 0.5083 0.2640
vn 0.8552 0.2572 0.4500
vn -0.5670 -0.3741 0.7338
vn -0.6002 0.4203 0.6805
vn -0.7646 -0.4514 0.4600
vn -0.8559 0.2576 0.4485
vn -0.8071 -0.5698 0.1543
vn -0.9619 0.2086 0.1766
vn -0.8212 0.5064 0.2631
vn -0.8403 0.5418 0.0175
vn -0.9790 0.2032 -0.0129
vn -0.8388 0.5211 -0.1579
vn -0.9726 0.1614 -0.1673
vn -0.9053 0.4192 -0.0681
vn -0.9726 0.2164 -0.0845
vn -0.9056 -0.0485 0.4213
vn -0.6015 -0.7774 -0.1840
vn -0.5520 -0.8291 -0.0889
vn -0.8449 -0.5327 -0.0481
vn -0.9064 0.4168 -0.0686
vn -0.9502 0.2468 0.1905
vn -0.9053 -0.0473 0.4222
vn -0.9966 0.0788 0.0224
vn -0.9784 0.1977 -0.0596
vn 0.9061 0.4174 -0.0684
vn 0.9053 -0.0473 0.4221
vn 0.9504 0.2468 0.1893
vn 0.9966 0.0793 0.0217
vn 0.9786 0.1967 -0.0602
vn 0.7587 0.3312 -0.5609
vn 0.7904 0.1630 -0.5905
vn -0.8079 0.5322 0.2532
vn -0.6155 0.7881 0.0125
vn -0.0002 0.9659 0.2591
vn 0.0000 0.9937 -0.1118
vn -0.4926 0.8544 -0.1656
vn -0.0002 0.9892 -0.1463
vn -0.5208 0.8507 0.0707
vn -0.0005 0.9879 0.1552
vn -0.5455 0.7170 0.4339
vn -0.0000 0.7972 0.6037
vn -0.6009 0.4200 0.6801
vn 0.0000 0.4705 0.8824
vn 0.6004 0.4197 0.6807
vn 0.5441 0.7176 0.4347
vn 0.8557 0.2559 0.4498
vn 0.8209 0.5070 0.2628
vn 0.5209 0.8507 0.0704
vn 0.8400 0.5423 0.0174
vn 0.4929 0.8541 -0.1659
vn 0.8389 0.5209 -0.1578
vn 0.6153 0.7882 0.0129
vn 0.8080 0.5323 0.2526
vn -0.7900 0.1619 -0.5913
vn -0.7585 0.3314 -0.5610
vn -0.8158 0.3694 -0.4449
vn -0.9667 0.2456 0.0718
vn -0.8400 0.5191 -0.1578
vn -0.8398 0.5427 0.0181
vn -0.8197 0.5083 0.2640
vn -0.8552 0.2572 0.4500
vn -0.5681 -0.3742 0.7330
vn -0.0001 -0.6420 0.7667
vn 0.5681 -0.3742 0.7330
vn 0.7633 -0.4534 0.4601
vn 0.8051 -0.5728 0.1540
vn 0.9622 0.2075 0.1763
vn 0.9794 0.2018 -0.0126
vn 0.9728 0.1597 -0.1679
vn 0.9720 0.2194 -0.0847
vn 0.6020 -0.7770 -0.1839
vn 0.5507 -0.8301 -0.0881
vn 0.8428 -0.5361 -0.0480
vn 0.8170 0.3672 -0.4446
vn 0.9668 0.2454 0.0708
vn -0.0002 0.5184 -0.8552
vn -0.0002 0.3613 -0.9325
vn -0.0006 0.1895 -0.9819
vn -0.5827 -0.5336 -0.6129
vn -0.0004 -0.6984 -0.7157
vn 0.0000 -1.0000 -0.0000
vn 0.5825 -0.5340 -0.6128
vn 0.8298 -0.5555 -0.0534
vn 0.6299 -0.6409 0.4387
vn -0.0000 -0.4472 0.8944
vn 0.0000 -0.9725 0.2330
vn 0.0000 -0.9907 -0.1359
vn -0.0000 -1.0000 0.0028
vn -0.8059 -0.5715 0.1546
vn -0.5521 -0.8291 -0.0884
vn -0.6026 -0.7765 -0.1840
vn -0.6293 -0.6406 0.4401
vn -0.8297 -0.5556 -0.0541
vn -0.9617 0.2086 0.1778
vn -0.9793 0.2017 -0.0135
vn -0.9727 0.1611 -0.1671
vn -0.9720 0.2194 -0.0845
vn -0.0000 0.1722 0.9851
vn 0.1645 0.3354 0.9276
vn -0.0236 0.3838 0.9231
vn -0.0274 0.6317 0.7747
vn 0.3153 0.5552 0.7697
vn -0.0076 0.8741 0.4856
vn 0.4365 0.7584 0.4841
vn 0.0019 0.9860 0.1667
vn 0.4881 0.8547 0.1767
vn -0.0020 0.9860 -0.1666
vn 0.4966 0.8507 -0.1720
vn 0.0088 0.8624 -0.5062
vn 0.4409 0.7388 -0.5096
vn 0.0244 0.6394 -0.7685
vn 0.3194 0.5616 -0.7633
vn 0.0265 0.4198 -0.9072
vn 0.2257 0.3429 -0.9118
vn -0.0000 0.1722 -0.9851
vn 0.3672 0.1415 0.9193
vn 0.3183 0.2152 0.9233
vn 0.5251 0.3525 0.7746
vn 0.6689 0.2171 0.7109
vn 0.7470 0.4514 0.4880
vn 0.8690 0.2400 0.4326
vn 0.8458 0.5011 0.1831
vn 0.9517 0.2799 0.1257
vn 0.8610 0.4649 -0.2065
vn 0.9421 0.2771 -0.1890
vn 0.8626 0.2383 -0.4462
vn 0.7118 0.4227 -0.5609
vn 0.6624 0.2159 -0.7174
vn 0.5111 0.3190 -0.7981
vn 0.4049 0.1559 -0.9010
vn 0.3304 0.1927 -0.9240
vn -0.2925 0.1709 0.9409
vn -0.3590 0.1247 0.9250
vn -0.4935 0.3016 0.8158
vn -0.6912 0.1869 0.6981
vn -0.7362 0.4327 0.5204
vn -0.8690 0.2400 0.4327
vn -0.8609 0.4649 0.2065
vn -0.9421 0.2771 0.1890
vn -0.9518 0.2799 -0.1257
vn -0.8458 0.5011 -0.1831
vn -0.8626 0.2383 -0.4462
vn -0.7493 0.4410 -0.4940
vn -0.6849 0.1852 -0.7047
vn -0.5370 0.3487 -0.7682
vn -0.3965 0.1372 -0.9077
vn -0.3362 0.2354 -0.9119
vn -0.1965 0.3128 0.9293
vn -0.3142 0.5635 0.7640
vn -0.4457 0.7497 0.4892
vn -0.4967 0.8507 0.1720
vn -0.4881 0.8547 -0.1767
vn -0.4263 0.7550 -0.4982
vn -0.3125 0.5644 -0.7641
vn -0.1795 0.3680 -0.9123
vn -0.7587 0.3312 -0.5609
vn -0.9786 0.1967 -0.0602
vn -0.8170 0.3672 -0.4446
vn -0.9668 0.2454 0.0708
vn -0.9503 0.2475 0.1890
vn -0.8080 0.5323 0.2526
vn -0.6139 0.7893 0.0130
vn -0.4925 0.8543 -0.1661
vn -0.5204 0.8510 0.0704
vn -0.5449 0.7174 0.4341
vn 0.7591 0.3311 -0.5605
vn 0.8172 0.3671 -0.4443
vn 0.9786 0.1966 -0.0602
vn 0.0006 0.5179 -0.8555
vn 0.0006 0.3616 -0.9323
vn -0.7904 0.1630 -0.5905
vn 0.0006 0.1895 -0.9819
vn -0.5825 -0.5340 -0.6128
vn 0.0004 -0.6984 -0.7157
vn 0.5830 -0.5339 -0.6124
vn 0.7908 0.1629 -0.5900
vn 0.9056 -0.0485 0.4213
vn 0.6015 -0.7774 -0.1840
vn 0.5520 -0.8291 -0.0890
vn 0.8449 -0.5327 -0.0481
vn 0.8059 -0.5715 0.1546
vn 0.7646 -0.4514 0.4600
vn 0.0012 -0.6417 0.7670
vn -0.6299 -0.6409 0.4387
vn -0.9966 0.0793 0.0217
vn -0.8298 -0.5555 -0.0534
vn 0.9617 0.2086 0.1778
vn 0.9792 0.2024 -0.0138
vn 0.9726 0.1614 -0.1673
vn 0.9726 0.2164 -0.0846
vn -0.0026 0.1718 0.9851
vn -0.1960 0.3210 0.9266
vn -0.2941 0.1953 0.9356
vn -0.4836 0.3118 0.8179
vn -0.3183 0.5567 0.7673
vn -0.7225 0.4439 0.5300
vn -0.4396 0.7529 0.4898
vn -0.8574 0.4682 0.2136
vn -0.4974 0.8477 0.1844
vn -0.4810 0.8562 -0.1885
vn -0.7267 0.4529 -0.5165
vn -0.4245 0.7524 -0.5037
vn -0.5344 0.3622 -0.7637
vn -0.3170 0.5658 -0.7612
vn -0.3310 0.2450 -0.9113
vn -0.1647 0.3730 -0.9131
vn -0.0026 0.1718 -0.9851
vn -0.0268 0.3817 0.9239
vn -0.0342 0.6327 0.7736
vn -0.0140 0.8734 0.4868
vn -0.0043 0.9855 -0.1697
vn 0.0034 0.8635 -0.5044
vn 0.0191 0.6407 -0.7675
vn 0.0208 0.4188 -0.9079
vn 0.1440 0.3393 0.9296
vn 0.3041 0.5633 0.7683
vn 0.4421 0.7645 0.4692
vn 0.4881 0.8547 0.1766
vn 0.4966 0.8508 -0.1720
vn 0.4419 0.7440 -0.5012
vn 0.3208 0.5695 -0.7568
vn 0.2101 0.3506 -0.9126
vn 0.3098 0.1972 0.9301
vn 0.5545 0.3333 0.7625
vn 0.7472 0.4603 0.4794
vn 0.8431 0.5097 0.1713
vn 0.8591 0.4726 -0.1964
vn 0.7156 0.4353 -0.5463
vn 0.5295 0.3002 -0.7934
vn 0.3301 0.1768 -0.9272
vn -0.3672 0.1415 0.9193
vn -0.6689 0.2171 0.7109
vn -0.9517 0.2799 -0.1257
vn -0.6624 0.2159 -0.7174
vn -0.4048 0.1559 -0.9010
vn 0.3824 0.0873 0.9199
vn 0.6756 0.1998 0.7097
vn 0.8616 0.2751 0.4265
vn 0.9543 0.2807 0.1026
vn 0.9479 0.2788 -0.1541
vn 0.8553 0.2730 -0.4403
vn 0.6693 0.1973 -0.7164
vn 0.4219 0.0966 -0.9015
vn -0.0001 0.0896 0.9960
vn -0.1626 0.1460 0.9758
vn -0.0199 0.0819 0.9964
vn -0.2242 0.1970 0.9544
vn -0.7343 0.1454 0.6630
vn -0.7392 0.1378 0.6593
vn -0.9995 0.0059 0.0307
vn -0.9982 -0.0313 -0.0505
vn -0.8449 -0.3323 -0.4192
vn -0.7982 -0.2480 -0.5490
vn -0.6105 -0.4790 -0.6308
vn -0.3679 -0.7554 -0.5422
vn -0.2608 -0.8767 -0.4043
vn -0.3885 -0.5521 -0.7377
vn -0.0003 -0.8435 -0.5372
vn -0.0003 -0.5512 -0.8343
vn 0.3881 -0.5520 -0.7380
vn 0.3487 -0.4203 -0.8377
vn 0.7981 -0.2478 -0.5492
vn 0.6105 -0.4790 -0.6308
vn -0.0002 -0.4401 -0.8979
vn -0.3493 -0.4207 -0.8373
vn 0.2505 -0.9006 -0.3551
vn 0.7558 -0.5781 0.3075
vn 0.7941 -0.2958 -0.5309
vn 0.9952 -0.0934 0.0292
vn 0.8076 -0.2565 -0.5311
vn 0.9949 -0.0882 -0.0479
vn 0.8147 -0.1696 -0.5545
vn 0.9989 -0.0451 -0.0107
vn 0.8856 0.0880 -0.4560
vn 0.9970 -0.0404 0.0666
vn 0.8257 0.0999 0.5552
vn 0.7784 -0.1191 0.6163
vn 0.0297 0.2198 0.9751
vn -0.0000 -0.1778 0.9841
vn -0.7678 -0.1230 0.6287
vn -0.8152 0.1035 0.5698
vn -0.9971 -0.0427 0.0623
vn -0.9989 -0.0450 -0.0136
vn -0.8873 0.0845 -0.4535
vn -0.8081 -0.1734 -0.5630
vn -0.9945 -0.0893 -0.0554
vn -0.7462 -0.2828 -0.6027
vn -0.8132 -0.2975 -0.5003
vn -0.9940 -0.0585 0.0928
vn -0.8631 -0.2879 -0.4150
vn -0.9863 -0.0081 0.1646
vn -0.7771 0.1091 0.6198
vn -0.6874 0.1304 0.7144
vn -0.1046 0.2030 0.9736
vn -0.1702 0.1977 0.9654
vn 0.3644 -0.0847 0.9274
vn 0.7587 0.0571 0.6489
vn 0.8751 0.0447 0.4819
vn -0.0165 0.2052 0.9786
vn -0.8757 0.0754 0.4770
vn -0.2503 -0.9006 -0.3555
vn -0.7935 -0.2964 -0.5316
vn -0.7544 -0.5796 0.3081
vn -0.9951 -0.0943 0.0295
vn -0.8079 -0.2563 -0.5306
vn -0.9949 -0.0879 -0.0490
vn -0.8141 -0.1698 -0.5554
vn -0.9989 -0.0458 -0.0115
vn -0.8857 0.0883 -0.4558
vn -0.9970 -0.0398 0.0667
vn -0.8244 0.0996 0.5571
vn -0.7780 -0.1184 0.6170
vn -0.0290 0.2195 0.9752
vn 0.0023 -0.1778 0.9841
vn 0.7678 -0.1231 0.6288
vn 0.8149 0.1030 0.5704
vn 0.9972 -0.0434 0.0611
vn 0.9989 -0.0453 -0.0153
vn 0.8876 0.0840 -0.4530
vn 0.8089 -0.1734 -0.5618
vn 0.9945 -0.0892 -0.0552
vn 0.7474 -0.2824 -0.6014
vn 0.8137 -0.2965 -0.5000
vn 0.9940 -0.0583 0.0925
vn 0.8629 -0.2875 -0.4156
vn 0.9864 -0.0089 0.1644
vn 0.7768 0.1088 0.6203
vn 0.6876 0.1292 0.7145
vn 0.1054 0.2027 0.9736
vn 0.1700 0.1980 0.9653
vn -0.3640 -0.0845 0.9275
vn -0.7579 0.0569 0.6499
vn -0.8750 0.0450 0.4819
vn 0.0175 0.2055 0.9785
vn 0.8761 0.0755 0.4761
vn 0.0199 0.0820 0.9964
vn 0.2237 0.1976 0.9544
vn 0.7388 0.1386 0.6595
vn 0.9995 0.0058 0.0306
vn 0.8450 -0.3327 -0.4187
vn 0.1845 -0.6374 -0.7482
vn 0.3679 -0.7554 -0.5422
vn 0.2606 -0.8767 -0.4043
vn 0.0717 -0.9952 0.0660
vn -0.0001 -0.9980 -0.0626
vn 0.0000 -0.9310 0.3651
vn -0.0718 -0.9952 0.0661
vn -0.0278 -0.8994 0.4363
vn 0.0458 -0.4663 0.8834
vn -0.1837 -0.6372 -0.7485
vn 0.9983 -0.0310 -0.0498
vn 0.7336 0.1465 0.6636
vn 0.1627 0.1462 0.9758
vn -0.0001 -0.0480 0.9988
vn 0.0000 -0.6088 0.7933
vn 0.0280 -0.8993 0.4363
vn -0.0458 -0.4663 0.8835
vn -0.8028 0.3908 -0.4504
vn -0.0051 0.2578 -0.9662
vn 0.0013 0.6405 -0.7679
vn 0.8038 0.3904 -0.4488
vn 0.7942 0.3782 -0.4755
vn 0.9945 0.0922 0.0494
vn 0.9993 0.0367 -0.0017
vn 0.7915 -0.1333 0.5965
vn 0.8109 -0.2640 0.5222
vn 0.0007 -0.3383 0.9410
vn 0.0022 -0.4933 0.8699
vn -0.8107 -0.2638 0.5227
vn -0.7915 -0.1341 0.5963
vn -0.9993 0.0368 -0.0009
vn -0.9945 0.0917 0.0498
vn -0.7934 0.3745 -0.4799
vn -0.0122 0.4853 -0.8743
vn 0.7679 0.2836 -0.5744
vn 0.9917 0.1248 0.0325
vn 0.7926 -0.0048 0.6098
vn 0.0000 -0.1461 0.9893
vn -0.7918 -0.0046 0.6108
vn -0.9916 0.1256 0.0295
vn -0.7804 0.2780 -0.5601
vn -0.0243 0.3355 -0.9417
vn 0.6525 0.2552 -0.7135
vn 0.9874 0.1507 -0.0482
vn 0.8832 0.0813 0.4620
vn 0.0003 -0.0137 0.9999
vn -0.8824 0.0817 0.4633
vn -0.9868 0.1530 -0.0522
vn -0.6708 0.2615 -0.6940
vn 0.0005 0.3050 -0.9523
vn -0.8027 0.3899 -0.4512
vn 0.0068 0.2570 -0.9664
vn 0.0000 0.6407 -0.7678
vn 0.8027 0.3899 -0.4512
vn 0.7937 0.3746 -0.4793
vn 0.9945 0.0923 0.0490
vn 0.9993 0.0363 -0.0011
vn 0.7910 -0.1340 0.5970
vn 0.8104 -0.2645 0.5228
vn 0.0000 -0.3381 0.9411
vn 0.0000 -0.4940 0.8695
vn -0.8104 -0.2645 0.5228
vn -0.7910 -0.1340 0.5970
vn -0.9993 0.0363 -0.0011
vn -0.9945 0.0924 0.0491
vn -0.7939 0.3785 -0.4758
vn 0.0122 0.4853 -0.8743
vn 0.7807 0.2777 -0.5598
vn 0.9917 0.1254 0.0291
vn 0.7918 -0.0046 0.6108
vn -0.9916 0.1251 0.0323
vn -0.7675 0.2837 -0.5748
vn 0.0245 0.3356 -0.9417
vn 0.6714 0.2614 -0.6935
vn 0.9870 0.1523 -0.0522
vn 0.8828 0.0815 0.4626
vn 0.0000 -0.0136 0.9999
vn -0.8828 0.0815 0.4626
vn -0.9874 0.1504 -0.0493
vn -0.6527 0.2557 -0.7131
vn 0.0000 0.3050 -0.9523
vn -0.0074 -0.3994 -0.9168
vn 0.0154 -0.3067 -0.9517
vn -0.0242 -0.4513 -0.8920
vn -0.9864 -0.0007 0.1643
vn -0.8276 0.0183 -0.5610
vn -0.4406 -0.8932 -0.0901
vn -0.0005 -0.9045 -0.4265
vn 0.3658 -0.9286 -0.0623
vn -0.3480 -0.9252 0.1513
vn 0.3472 -0.9230 0.1658
vn -0.3427 -0.9045 0.2540
vn -0.0022 -0.0313 0.9995
vn -0.0014 -0.9231 0.3846
vn 0.8138 -0.0236 0.5807
vn 0.4110 -0.8689 0.2758
vn 0.9865 0.0004 0.1637
vn 0.4463 0.8747 0.1888
vn -0.0008 0.9004 0.4351
vn 0.0082 -0.3992 -0.9168
vn 0.0246 -0.4510 -0.8922
vn -0.0149 -0.3069 -0.9516
vn 0.9835 0.1805 0.0103
vn 0.8199 0.5724 -0.0066
vn 0.9809 0.1927 -0.0250
vn 0.6357 0.7658 -0.0973
vn 0.9537 0.1571 -0.2564
vn 0.5149 0.8210 -0.2469
vn 0.8338 0.1285 -0.5369
vn 0.5939 0.6109 -0.5235
vn 0.5622 0.1138 -0.8191
vn 0.2583 0.7354 -0.6264
vn 0.0010 0.1038 -0.9946
vn 0.0004 0.8918 -0.4524
vn -0.2574 0.7355 -0.6267
vn -0.5615 0.1146 -0.8195
vn -0.5939 0.6109 -0.5235
vn -0.8338 0.1285 -0.5369
vn -0.5149 0.8209 -0.2469
vn -0.9537 0.1573 -0.2564
vn -0.6357 0.7658 -0.0973
vn -0.9809 0.1927 -0.0250
vn -0.8199 0.5724 -0.0066
vn -0.9835 0.1805 0.0103
vn 0.7843 0.6178 -0.0561
vn 0.7757 0.6302 0.0333
vn 0.8192 0.4707 0.3276
vn 0.4787 0.7896 0.3839
vn 0.2780 0.6944 0.6637
vn -0.0005 0.6980 0.7161
vn -0.2787 0.6944 0.6634
vn -0.4787 0.7896 0.3838
vn -0.8192 0.4707 0.3276
vn -0.7757 0.6302 0.0333
vn -0.7843 0.6178 -0.0561
vn 0.9741 -0.2256 -0.0119
vn 0.9713 -0.2376 0.0150
vn 0.9476 -0.1902 0.2567
vn 0.8138 -0.1484 0.5619
vn 0.5371 -0.1243 0.8343
vn -0.0007 -0.1078 0.9942
vn -0.5375 -0.1242 0.8341
vn -0.8138 -0.1484 0.5619
vn -0.9476 -0.1902 0.2567
vn -0.9713 -0.2376 0.0150
vn -0.9741 -0.2256 -0.0119
vn 0.9273 -0.3744 -0.0040
vn 0.4500 -0.8929 0.0131
vn -0.6598 -0.7465 0.0860
vn -0.6708 -0.7283 0.1402
vn -0.6160 -0.7209 0.3176
vn 0.6843 -0.6954 -0.2196
vn -0.5003 -0.7218 0.4783
vn 0.5862 -0.6985 -0.4103
vn -0.3006 -0.7292 0.6148
vn 0.3767 -0.7040 -0.6021
vn -0.0004 -0.7249 0.6888
vn 0.0009 -0.3799 -0.9250
vn -0.3763 -0.7040 -0.6023
vn 0.3003 -0.7292 0.6148
vn -0.5862 -0.6985 -0.4103
vn 0.5003 -0.7218 0.4783
vn -0.6843 -0.6954 -0.2196
vn 0.6160 -0.7209 0.3176
vn -0.4500 -0.8929 0.0131
vn 0.6708 -0.7283 0.1402
vn 0.6598 -0.7465 0.0860
vn -0.9273 -0.3744 -0.0040
vn 0.9844 0.1502 -0.0921
vn 0.9823 0.0788 -0.1698
vn 0.8826 0.0564 -0.4668
vn 0.7025 0.0854 -0.7066
vn 0.3516 0.1121 -0.9294
vn 0.0009 0.1195 -0.9928
vn -0.3504 0.1122 -0.9299
vn -0.7025 0.0854 -0.7066
vn -0.8826 0.0564 -0.4668
vn -0.9823 0.0788 -0.1698
vn -0.9844 0.1502 -0.0921
vn 0.9759 -0.1887 0.1093
vn 0.9787 -0.0962 0.1814
vn 0.8685 -0.0593 0.4922
vn 0.6833 -0.0876 0.7249
vn 0.3217 -0.1136 0.9400
vn -0.0006 -0.1199 0.9928
vn -0.3225 -0.1135 0.9397
vn -0.6833 -0.0876 0.7249
vn -0.8685 -0.0593 0.4922
vn -0.9787 -0.0962 0.1814
vn -0.9759 -0.1887 0.1093
vn 0.8270 0.0183 -0.5619
vn -0.0011 0.0121 -0.9999
vn -0.0005 0.9118 -0.4107
vn 0.3541 0.9256 -0.1337
vn 0.3585 0.9327 -0.0396
vn -0.3743 0.9179 0.1319
vn -0.8153 -0.0273 0.5784
vn -0.3581 0.9334 -0.0234
vn -0.4265 0.8927 -0.1458
vn -0.2776 -0.6276 0.7273
vn 0.3113 -0.9152 -0.2561
vn 0.7924 -0.1658 0.5870
vn 0.4901 -0.8717 0.0017
vn 0.8272 0.2308 0.5124
vn 0.5772 -0.7975 0.1755
vn 0.8397 0.4423 0.3149
vn 0.1843 -0.8616 0.4730
vn -0.4581 -0.8758 0.1523
vn -0.7362 -0.6351 -0.2339
vn -0.6628 -0.6378 -0.3924
vn -0.5809 -0.7139 -0.3911
vn -0.9813 0.1195 0.1508
vn -0.8918 0.4387 0.1107
vn -0.7922 0.6099 0.0209
vn 0.3619 0.9040 0.2276
vn 0.2807 -0.6812 0.6761
vn 0.7282 0.5369 0.4261
vn 0.3759 -0.7359 0.5632
vn 0.6043 0.4122 0.6818
vn 0.4349 -0.6963 0.5710
vn 0.4465 0.2581 0.8567
vn -0.7475 -0.1663 0.6431
vn -0.2216 0.8951 0.3869
vn 0.0088 0.9994 0.0347
vn 0.1588 0.9491 -0.2720
vn 0.3102 0.8431 -0.4392
vn 0.1957 0.9591 0.2045
vn -0.9584 0.2550 0.1282
vn -0.6560 -0.2547 0.7105
vn -0.8945 -0.1331 -0.4267
vn -0.7024 -0.3942 -0.5926
vn 0.3448 0.2516 -0.9043
vn 0.1929 0.5503 -0.8124
vn 0.8929 0.4390 -0.0998
vn 0.5925 0.7960 0.1238
vn 0.5611 0.2237 0.7969
vn 0.1812 0.2544 0.9500
vn -0.4605 -0.5358 0.7077
vn -0.2538 -0.5277 0.8106
vn -0.4935 -0.6350 -0.5943
vn -0.9071 0.3397 0.2485
vn -0.2485 0.5344 -0.8079
vn -0.0419 0.9988 -0.0259
vn -0.0371 0.5776 0.8155
vn 0.2685 0.9315 0.2453
vn 0.3778 0.9241 0.0572
vn 0.2295 0.9732 -0.0103
vn 0.5895 0.7143 0.3772
vn 0.6158 0.7770 0.1308
vn 0.2394 0.8800 0.4102
vn 0.7313 0.6719 -0.1174
vn 0.3148 0.7373 0.5977
vn 0.9504 0.0592 -0.3052
vn 0.9865 -0.0718 -0.1470
vn 0.2365 0.9288 0.2854
vn -0.0372 0.5544 -0.8314
vn -0.2537 -0.7811 -0.5705
vn -0.1123 -0.4154 -0.9027
vn 0.4979 0.2308 -0.8359
vn 0.3203 -0.7093 -0.6280
vn 0.2428 0.7392 -0.6282
vn -0.6704 -0.3238 -0.6676
vn 0.5781 0.4264 -0.6958
vn -0.6667 -0.1734 -0.7249
vn 0.7488 0.1392 -0.6480
vn 0.7217 -0.4063 -0.5604
vn 0.9922 0.0753 0.0996
vn 0.8003 0.4732 0.3682
vn 0.5897 0.6120 0.5270
vn 0.3073 -0.9436 -0.1234
vn 0.0853 -0.5149 0.8530
vn -0.1295 -0.3259 0.9365
vn -0.0364 -0.7617 0.6470
vn -0.7054 -0.7000 -0.1117
vn -0.7189 -0.6721 -0.1771
vn -0.6190 0.1852 -0.7633
vn -0.5808 0.4008 -0.7086
vn -0.6162 -0.7327 -0.2888
vn -0.7031 0.4506 -0.5502
vn -0.5834 -0.7364 -0.3427
vn -0.8332 0.4639 -0.3010
vn -0.0898 -0.9888 0.1195
vn 0.1167 0.8868 0.4473
vn -0.0785 0.6441 0.7609
vn 0.2557 0.6025 0.7560
vn 0.6201 0.5829 -0.5251
vn -0.0618 -0.6570 -0.7513
vn -0.7054 -0.4171 0.5731
vn 0.4102 0.3886 0.8251
vn 0.8913 0.4362 -0.1238
vn 0.0218 -0.2505 -0.9679
vn -0.8506 -0.1046 0.5154
vn 0.5586 -0.1140 0.8216
vn 0.9974 0.0071 -0.0720
vn 0.1986 -0.8919 -0.4063
vn -0.1772 -0.4781 0.8602
vn 0.4902 0.8611 0.1352
vn -0.4454 0.1497 -0.8827
vn -0.7436 0.6351 0.2090
vn -0.9007 0.4225 -0.1008
vn -0.1225 -0.9779 -0.1693
vn 0.4238 0.6244 -0.6561
vn 0.9451 -0.0938 -0.3132
vn 0.1607 0.3302 -0.9301
vn 0.8890 -0.4574 0.0225
vn -0.0120 -0.0237 -0.9996
vn 0.2758 -0.9159 -0.2915
vn -0.7765 -0.1106 -0.6204
vn -0.8077 -0.5050 0.3043
vn -0.6157 -0.0103 0.7879
vn -0.7602 -0.5453 0.3532
vn -0.4906 0.5593 -0.6682
vn -0.7279 0.3471 -0.5913
vn -0.3568 0.2668 -0.8953
vn -0.7408 0.4323 0.5140
vn -0.1876 -0.7430 0.6425
vn 0.1941 -0.7405 0.6434
vn 0.5001 -0.6589 -0.5620
vn 0.6079 -0.7211 -0.3324
vn -0.2461 0.3958 -0.8847
vn 0.1152 -0.4402 -0.8905
vn -0.6924 -0.5807 0.4282
vn 0.0481 -0.8028 -0.5943
vn -0.3234 -0.9195 0.2235
vn 0.4331 -0.6564 0.6177
vn 0.4383 -0.8987 0.0138
vn 0.6830 -0.7300 0.0223
vn 0.4387 -0.6794 -0.5882
vn 0.7594 -0.0415 0.6493
vn 0.3631 -0.8856 0.2894
vn 0.1698 -0.7245 0.6681
vn 0.1286 -0.9917 -0.0057
vn 0.1493 -0.9864 0.0692
vn 0.1889 -0.7391 -0.6466
vn 0.3747 -0.8801 -0.2915
vn 0.7804 -0.0373 -0.6242
vn 0.1620 -0.0245 -0.9865
vn 0.2563 0.7299 -0.6337
vn 0.3419 0.8750 -0.3427
vn 0.1515 0.9877 -0.0385
vn 0.2507 0.9592 0.1307
vn 0.3323 0.8843 0.3280
vn 0.2117 0.5791 0.7873
vn 0.1407 -0.0327 0.9895
vn 0.1361 -0.6400 0.7562
vn 0.0820 -0.9952 -0.0526
vn 0.1173 -0.5326 -0.8382
vn 0.1086 0.0300 -0.9936
vn 0.1515 0.5890 -0.7938
vn 0.1371 0.9900 -0.0345
vn 0.1603 0.6288 0.7609
vn 0.1477 -0.0299 0.9886
vn 0.0846 -0.0048 0.9964
vn 0.0445 0.7300 0.6820
vn 0.0340 0.9994 -0.0021
vn 0.0417 0.6748 -0.7368
vn 0.0429 -0.0680 -0.9968
vn -0.0176 -0.6929 -0.7208
vn -0.0302 -0.9966 0.0766
vn -0.0061 -0.5916 0.8062
vn -0.0237 0.1043 0.9943
vn -0.0126 0.7533 0.6576
vn -0.0005 1.0000 -0.0004
vn -0.0198 0.7578 -0.6522
vn -0.0480 0.0509 -0.9975
vn -0.1033 -0.5371 -0.8371
vn -0.1122 -0.9914 -0.0681
vn -0.0939 -0.6489 0.7551
vn -0.0781 0.0397 0.9962
vn -0.0413 0.7102 0.7028
vn -0.0056 1.0000 0.0051
vn -0.0484 0.7212 -0.6911
vn -0.0940 0.1117 -0.9893
vn -0.0821 0.0569 -0.9950
vn -0.1038 -0.6688 -0.7362
vn -0.1285 -0.9917 0.0021
vn -0.0993 -0.6585 0.7460
vn -0.0733 0.0527 0.9959
vn -0.0509 0.7289 0.6827
vn -0.0114 0.9999 0.0069
vn -0.0540 0.7427 -0.6675
vn -0.0120 0.6311 -0.7756
vn -0.0130 -0.0002 -0.9999
vn -0.0117 -0.6667 -0.7452
vn -0.0151 -0.9999 0.0043
vn -0.0073 -0.6570 0.7539
vn -0.0067 0.0028 1.0000
vn -0.0085 0.6112 0.7915
vn -0.0063 1.0000 0.0072
vn 0.0388 0.7398 -0.6718
vn 0.0629 0.0714 -0.9955
vn 0.2003 -0.6536 -0.7299
vn 0.1929 -0.9812 0.0064
vn 0.2051 -0.6379 0.7423
vn 0.0672 0.0659 0.9956
vn 0.0427 0.7229 0.6896
vn 0.0092 0.9999 0.0090
vn 0.0776 0.7102 -0.6997
vn 0.1215 0.1101 -0.9865
vn 0.4435 -0.1900 -0.8759
vn 0.4243 0.5679 -0.7053
vn 0.0175 0.9997 0.0157
vn 0.0842 0.6855 0.7232
vn 0.1307 0.0949 0.9869
vn 0.4306 -0.1905 0.8822
vn 0.4133 0.5297 0.7406
vn 0.6111 0.7909 0.0335
vn 0.9912 -0.1301 0.0245
vn -0.5117 0.7089 0.4855
vn -0.5829 0.0389 0.8116
vn -0.7523 -0.0306 0.6581
vn -0.5259 -0.5898 0.6128
vn -0.1153 -0.0135 0.9932
vn -0.0811 -0.7058 0.7037
vn -0.2796 -0.9573 0.0733
vn 0.0001 -1.0000 -0.0058
vn -0.4220 -0.7195 -0.5515
vn 0.0730 -0.7297 -0.6799
vn -0.2762 0.0272 -0.9607
vn 0.1009 -0.0166 -0.9948
vn 0.0747 0.7153 -0.6948
vn -0.2608 0.7937 -0.5495
vn 0.0003 1.0000 -0.0062
vn -0.2419 0.9690 0.0505
vn -0.2355 0.9539 -0.1861
vn -0.1600 0.9871 -0.0007
vn -0.2615 0.9501 0.1702
vn -0.3988 0.6583 0.6384
vn -0.0828 0.6931 0.7161
vn -0.0810 0.6928 0.7166
vn 0.0008 1.0000 -0.0066
vn 0.0760 0.7109 -0.6992
vn 0.0999 -0.0157 -0.9949
vn 0.0745 -0.7251 -0.6846
vn 0.0009 -1.0000 -0.0060
vn -0.0797 -0.7062 0.7035
vn -0.1129 -0.0144 0.9935
vn -0.1116 -0.0144 0.9936
vn -0.0680 0.7929 0.6055
vn 0.0157 0.9901 -0.1397
vn 0.0843 0.5908 -0.8024
vn 0.0945 -0.0144 -0.9954
vn 0.0828 -0.6098 -0.7882
vn 0.0153 -0.9905 -0.1366
vn -0.0668 -0.8015 0.5942
vn -0.1187 -0.0249 -0.9926
vn -0.1774 -0.7287 -0.6614
vn -0.0992 -0.5320 -0.8409
vn -0.1017 -0.9947 -0.0153
vn 0.0082 -0.5866 -0.8098
vn -0.1492 -0.9880 0.0397
vn -0.1674 -0.9845 -0.0529
vn -0.1655 -0.7820 0.6009
vn -0.1448 -0.6944 0.7048
vn -0.1186 -0.5550 0.8234
vn -0.0985 -0.0285 0.9947
vn -0.1146 0.0335 0.9928
vn -0.1348 0.6014 0.7875
vn -0.0760 0.6260 0.7761
vn -0.0847 -0.0631 0.9944
vn -0.7594 -0.0415 0.6493
vn -0.1696 -0.7247 0.6679
vn -0.3632 -0.8857 0.2891
vn -0.1283 -0.9917 -0.0056
vn -0.1487 -0.9865 0.0692
vn -0.1887 -0.7392 -0.6465
vn -0.3748 -0.8802 -0.2911
vn -0.7802 -0.0353 -0.6246
vn -0.1620 -0.0245 -0.9865
vn -0.2552 0.7302 -0.6337
vn -0.3409 0.8755 -0.3425
vn -0.1500 0.9879 -0.0388
vn -0.2499 0.9595 0.1303
vn -0.3317 0.8846 0.3278
vn -0.2117 0.5791 0.7873
vn -0.1407 -0.0327 0.9895
vn -0.1363 -0.6400 0.7562
vn -0.0820 -0.9952 -0.0526
vn -0.1175 -0.5325 -0.8382
vn -0.1089 0.0299 -0.9936
vn -0.1515 0.5890 -0.7938
vn -0.1371 0.9900 -0.0345
vn -0.1605 0.6286 0.7610
vn -0.1482 -0.0299 0.9885
vn -0.0849 -0.0049 0.9964
vn -0.0445 0.7299 0.6821
vn -0.0340 0.9994 -0.0021
vn -0.0419 0.6748 -0.7368
vn -0.0433 -0.0680 -0.9967
vn 0.0177 -0.6929 -0.7208
vn 0.0303 -0.9966 0.0766
vn 0.0063 -0.5915 0.8063
vn 0.0238 0.1043 0.9943
vn 0.0126 0.7532 0.6577
vn 0.0005 1.0000 -0.0004
vn 0.0197 0.7577 -0.6523
vn 0.0481 0.0510 -0.9975
vn 0.1032 -0.5372 -0.8371
vn 0.1120 -0.9914 -0.0681
vn 0.0938 -0.6489 0.7550
vn 0.0782 0.0401 0.9961
vn 0.0413 0.7103 0.7027
vn 0.0056 1.0000 0.0051
vn 0.0483 0.7213 -0.6910
vn 0.0941 0.1123 -0.9892
vn 0.0819 0.0572 -0.9950
vn 0.1033 -0.6689 -0.7362
vn 0.1283 -0.9917 0.0021
vn 0.0988 -0.6586 0.7460
vn 0.0731 0.0529 0.9959
vn 0.0509 0.7292 0.6824
vn 0.0114 0.9999 0.0069
vn 0.0540 0.7429 -0.6672
vn 0.0119 0.6311 -0.7756
vn 0.0127 -0.0001 -0.9999
vn 0.0117 -0.6666 -0.7453
vn 0.0151 -0.9999 0.0043
vn 0.0073 -0.6569 0.7540
vn 0.0064 0.0029 1.0000
vn 0.0104 0.6112 0.7914
vn 0.0063 1.0000 0.0072
vn -0.0388 0.7395 -0.6720
vn -0.0630 0.0714 -0.9955
vn -0.2002 -0.6534 -0.7301
vn -0.1929 -0.9812 0.0064
vn -0.2051 -0.6377 0.7425
vn -0.0673 0.0659 0.9956
vn -0.0427 0.7226 0.6899
vn -0.0092 0.9999 0.0090
vn -0.0776 0.7099 -0.7000
vn -0.1211 0.1098 -0.9865
vn -0.4432 -0.1900 -0.8760
vn -0.4243 0.5679 -0.7053
vn -0.0175 0.9997 0.0157
vn -0.0841 0.6851 0.7235
vn -0.1304 0.0945 0.9870
vn -0.4303 -0.1906 0.8823
vn -0.4133 0.5297 0.7406
vn -0.6111 0.7909 0.0327
vn -0.9912 -0.1301 0.0245
vn -0.6830 -0.7300 0.0223
vn -0.4387 -0.6794 -0.5882
vn -0.4383 -0.8987 0.0138
vn -0.4331 -0.6564 0.6177
vn -0.7460 -0.6600 -0.0887
vn -0.9999 0.0120 -0.0010
vn -0.9986 0.0003 -0.0535
vn -0.7876 0.6161 0.0003
vn 0.7551 -0.6510 0.0776
vn 0.9964 0.0116 0.0842
vn 0.9960 0.0290 -0.0847
vn 0.6979 0.7160 0.0174
vn 0.6636 0.7472 -0.0378
vn -0.0000 1.0000 -0.0014
vn 0.7069 0.6672 0.2349
vn -0.0327 0.9941 0.1038
vn 0.0386 0.9784 0.2033
vn -0.5863 0.7560 0.2912
vn -0.3297 0.6254 0.7072
vn -0.9307 0.0549 0.3617
vn -0.5838 -0.0728 0.8086
vn -0.6036 -0.5698 0.5577
vn -0.2966 -0.6311 0.7168
vn -0.8282 0.5295 0.1836
vn -0.9758 0.0169 0.2180
vn 0.5351 -0.6103 0.5841
vn 0.0654 -0.9658 0.2509
vn 0.6153 -0.7062 0.3503
vn 0.0132 -0.9863 -0.1647
vn 0.4216 -0.9067 -0.0111
vn -0.0247 -0.9996 -0.0130
vn 0.0254 -0.9923 0.1215
vn 0.4999 -0.6862 -0.5284
vn 0.1304 -0.7715 -0.6227
vn 0.2175 0.0050 -0.9760
vn 0.5335 -0.0143 -0.8457
vn 0.1864 0.7288 -0.6589
vn 0.4418 0.6881 -0.5756
vn 0.0681 0.9891 -0.1304
vn -0.0190 0.9912 -0.1314
vn -0.0007 1.0000 0.0009
vn -0.0981 0.9952 -0.0002
vn -0.0065 0.9909 0.1344
vn -0.1077 0.9864 0.1244
vn 0.0121 0.9141 0.4052
vn 0.1126 0.9513 0.2868
vn 0.0887 0.9373 0.3371
vn 0.5754 0.5748 0.5819
vn 0.6239 0.6635 0.4129
vn 0.8500 0.0110 0.5266
vn 0.9338 0.0581 0.3531
vn 0.7037 -0.6040 0.3741
vn 0.5816 -0.4947 0.6457
vn 0.7745 -0.0703 0.6287
vn 0.7526 -0.0310 0.6578
vn 0.5264 -0.5896 0.6125
vn 0.2806 -0.9570 0.0733
vn 0.4232 -0.7192 -0.5510
vn 0.2780 0.0271 -0.9602
vn 0.2624 0.7934 -0.5493
vn 0.2363 0.9537 -0.1860
vn 0.0491 0.9988 0.0027
vn 0.0685 0.9885 0.1345
vn 0.5122 0.7089 0.4849
vn -0.5036 -0.8090 0.3032
vn -0.5068 -0.0425 0.8610
vn -0.1463 -0.6922 0.7068
vn -0.0808 -0.0312 0.9962
vn -0.1880 0.6471 0.7389
vn -0.5185 0.8084 0.2788
vn -0.2226 0.9735 -0.0514
vn -0.0437 0.9942 -0.0979
vn -0.0921 0.7410 -0.6651
vn -0.1664 0.6594 -0.7331
vn -0.1078 -0.0421 -0.9933
vn -0.1464 -0.0155 -0.9891
vn -0.1944 -0.6207 -0.7596
vn -0.1928 -0.7805 -0.5946
vn -0.1772 -0.9822 -0.0627
vn -0.1642 -0.9864 0.0002
vn -0.0778 -0.9966 0.0281
vn -0.1176 -0.5508 0.8263
vn -0.1237 -0.0305 0.9919
vn -0.1379 0.5456 0.8266
vn -0.1315 0.9912 -0.0117
vn -0.1295 0.5951 -0.7932
vn -0.1134 0.0308 -0.9931
vn -0.1206 -0.6206 -0.7748
vn 0.0128 -0.5821 -0.8130
vn 0.0383 -0.9993 -0.0027
vn 0.0986 -0.6391 -0.7628
vn 0.1258 -0.9921 0.0026
vn 0.1087 -0.6496 -0.7524
vn 0.1397 -0.9902 0.0043
vn 0.0146 -0.6494 -0.7603
vn 0.0171 -0.9998 0.0063
vn -0.2074 -0.6328 -0.7460
vn -0.2063 -0.9785 0.0074
vn -0.4654 -0.8850 0.0149
vn -0.2108 -0.6167 0.7585
vn 0.0100 -0.6409 0.7676
vn 0.1042 -0.6417 0.7598
vn 0.0921 -0.6329 0.7688
vn -0.0012 -0.5853 0.8108
vn -0.0891 -0.0036 0.9960
vn -0.0590 0.6778 0.7329
vn -0.0332 0.9967 0.0744
vn -0.0461 0.6720 -0.7391
vn -0.0472 -0.0636 -0.9969
vn 0.0274 0.1038 -0.9942
vn 0.0147 0.7507 -0.6604
vn 0.0007 0.9970 -0.0770
vn 0.0072 0.7907 0.6122
vn 0.0114 0.1018 0.9947
vn 0.0682 0.0357 0.9970
vn 0.0760 0.0499 0.9959
vn 0.0070 0.0017 1.0000
vn -0.0687 0.0617 0.9957
vn -0.1311 0.0871 0.9875
vn -0.4324 -0.1780 0.8839
vn -0.0865 0.6691 0.7381
vn -0.4115 0.5177 0.7501
vn -0.0195 0.9997 0.0146
vn -0.6185 0.7851 0.0334
vn -0.4234 0.5477 -0.7217
vn -0.9920 -0.1238 0.0229
vn -0.7098 -0.7042 0.0190
vn -0.4512 -0.6277 0.6343
vn -0.4541 -0.6504 -0.6089
vn -0.4434 -0.1780 -0.8785
vn -0.0795 0.6909 -0.7186
vn -0.0104 0.9999 0.0073
vn -0.0467 0.7085 0.7042
vn 0.0101 0.5933 0.8049
vn 0.0567 0.7146 0.6972
vn 0.0343 0.6978 0.7155
vn 0.0041 1.0000 0.0036
vn 0.0400 0.7064 -0.7066
vn 0.0804 0.0425 -0.9959
vn 0.0830 0.0556 -0.9950
vn 0.0125 0.0018 -0.9999
vn -0.0622 0.0680 -0.9957
vn -0.1232 0.1026 -0.9871
vn -0.0425 0.7250 -0.6874
vn 0.0084 0.9999 0.0055
vn 0.0156 0.9999 0.0049
vn 0.0603 0.7278 -0.6831
vn 0.0138 0.6106 -0.7918
vn -0.0907 -0.6351 0.7671
vn -0.0678 0.0394 0.9969
vn 0.0060 -0.5883 0.8086
vn 0.0029 0.1033 0.9946
vn -0.0324 0.6963 0.7170
vn -0.0026 0.7897 0.6135
vn -0.0040 1.0000 0.0035
vn 0.0762 0.6259 0.7762
vn 0.0850 -0.0634 0.9944
vn 0.1190 -0.5552 0.8231
vn 0.1150 0.0328 0.9928
vn 0.0984 -0.0287 0.9947
vn 0.1348 0.6014 0.7875
vn 0.5422 0.7951 -0.2718
vn 0.2010 0.7419 -0.6397
vn 0.5543 -0.0315 -0.8317
vn 0.1186 -0.0250 -0.9926
vn 0.1771 -0.7285 -0.6618
vn 0.0995 -0.5320 -0.8409
vn 0.1022 -0.9946 -0.0152
vn -0.0083 -0.5865 -0.8099
vn -0.0384 -0.9992 -0.0077
vn -0.0983 -0.6372 -0.7644
vn -0.0794 0.0410 -0.9960
vn -0.0862 0.0561 -0.9947
vn -0.0603 0.7279 -0.6830
vn -0.0156 0.6119 -0.7907
vn -0.0085 0.9999 0.0069
vn 0.0422 0.7232 -0.6894
vn 0.0110 0.9999 0.0089
vn 0.0454 0.7068 0.7059
vn 0.0859 0.6708 0.7366
vn 0.1297 0.0872 0.9877
vn 0.4329 -0.1786 0.8835
vn 0.2109 -0.6190 0.7565
vn 0.4478 -0.6332 0.6313
vn 0.7096 -0.7043 0.0205
vn 0.4632 -0.8862 0.0122
vn 0.4530 -0.6532 -0.6068
vn 0.2061 -0.6321 -0.7470
vn 0.2064 -0.9785 0.0050
vn -0.0165 -0.9999 0.0029
vn -0.0106 -0.6403 0.7681
vn 0.0668 0.0594 0.9960
vn -0.0044 0.0030 1.0000
vn -0.0099 0.5926 0.8055
vn 0.5720 -0.7596 -0.3096
vn 0.1666 -0.9846 -0.0530
vn 0.3239 -0.9459 -0.0167
vn 0.2006 -0.7359 0.6467
vn 0.1646 -0.7822 0.6009
vn 0.0599 -0.0565 0.9966
vn 0.1448 -0.6944 0.7048
vn 0.1483 -0.9882 0.0397
vn 0.3137 -0.9493 0.0210
vn 0.3029 -0.9530 0.0043
vn 0.0775 0.9918 0.1020
vn 0.0958 0.9954 -0.0014
vn 0.0823 0.9908 -0.1070
vn 0.5204 0.8070 0.2791
vn 0.0438 0.9942 -0.0981
vn 0.0921 0.7410 -0.6651
vn 0.0596 0.7362 -0.6741
vn 0.0124 0.0181 -0.9998
vn 0.1075 -0.0419 -0.9933
vn 0.2033 -0.7354 -0.6464
vn 0.1915 -0.7808 -0.5948
vn 0.1633 -0.9866 0.0002
vn 0.5028 -0.8094 0.3034
vn 0.5068 -0.0438 0.8609
vn 0.0752 0.7296 0.6798
vn 0.0721 0.9966 0.0400
vn 0.1633 0.9788 0.1237
vn -0.5352 -0.6111 0.5831
vn -0.6152 -0.7061 0.3505
vn -0.0656 -0.9657 0.2512
vn -0.0130 -0.9862 -0.1649
vn -0.4205 -0.9072 -0.0111
vn 0.0255 -0.9996 -0.0129
vn -0.0251 -0.9922 0.1217
vn -0.5001 -0.6861 -0.5284
vn -0.1304 -0.7715 -0.6227
vn -0.2179 0.0056 -0.9759
vn -0.5327 -0.0135 -0.8462
vn -0.1866 0.7289 -0.6587
vn -0.4406 0.6883 -0.5762
vn -0.0683 0.9891 -0.1306
vn 0.0190 0.9912 -0.1313
vn 0.0007 1.0000 0.0009
vn -0.0493 0.9988 0.0027
vn -0.0686 0.9886 0.1343
vn 0.0065 0.9909 0.1344
vn -0.1129 0.9512 0.2871
vn -0.0121 0.9141 0.4052
vn -0.0891 0.9374 0.3368
vn -0.5759 0.5747 0.5814
vn -0.6265 0.6626 0.4103
vn -0.8504 0.0118 0.5260
vn -0.9332 0.0570 0.3549
vn -0.7034 -0.6032 0.3760
vn -0.5822 -0.4939 0.6459
vn -0.7736 -0.0689 0.6300
vn -0.7536 -0.6530 0.0753
vn -0.9956 0.0290 -0.0892
vn -0.9962 0.0107 0.0866
vn -0.6974 0.7164 0.0178
vn -0.6609 0.7494 -0.0398
vn -0.0007 1.0000 -0.0021
vn -0.7052 0.6673 0.2396
vn 0.0341 0.9939 0.1044
vn -0.0380 0.9784 0.2034
vn 0.5853 0.7570 0.2906
vn 0.3292 0.6264 0.7066
vn 0.9294 0.0558 0.3647
vn 0.5830 -0.0739 0.8091
vn 0.6023 -0.5713 0.5575
vn 0.2957 -0.6316 0.7167
vn 0.0003 -0.9990 -0.0458
vn -0.8040 -0.5888 -0.0832
vn -0.9944 0.0610 -0.0865
vn -0.6960 0.7146 -0.0702
vn -0.0000 0.9999 -0.0142
vn 0.6606 0.7493 -0.0471
vn 0.6954 0.7185 0.0099
vn -0.0021 1.0000 0.0000
vn 0.8274 0.5308 0.1833
vn 0.9972 0.0117 0.0742
vn 0.9759 0.0169 0.2175
vn 0.7760 -0.5545 0.3007
vn 0.0406 -0.9286 0.3689
vn -0.0927 -0.8074 0.5827
vn -0.1156 -0.7814 0.6132
vn 0.0008 -0.9758 0.2187
vn 0.7526 -0.6549 0.0683
vn 0.9945 0.0301 -0.1001
vn 0.6904 0.7189 -0.0800
vn -0.0008 1.0000 -0.0039
vn -0.6868 0.7266 -0.0193
vn -0.9993 0.0006 -0.0370
vn -0.7578 -0.6477 -0.0785
vn 0.0008 -0.9850 -0.1724
vn 0.7458 -0.6605 -0.0870
vn 0.7956 -0.5980 -0.0966
vn 0.9984 0.0003 -0.0565
vn 0.9916 0.0664 -0.1109
vn 0.6770 0.7353 -0.0327
vn 0.7886 0.6150 0.0017
vn -0.0006 1.0000 0.0005
vn 0.6045 0.7936 0.0696
vn 0.9909 0.0749 0.1116
vn 1.0000 0.0075 0.0061
vn 0.6812 -0.7266 0.0898
vn 0.0006 -0.9931 0.1172
vn -0.6884 -0.7184 0.1002
vn -0.9899 0.0708 0.1226
vn -0.7994 -0.1513 0.5815
vn -0.5350 -0.7582 0.3727
vn 0.0051 -0.8365 0.5480
vn 0.1812 -0.0175 0.9833
vn -0.1372 0.8067 0.5748
vn -0.7142 0.6525 0.2534
vn -0.6128 0.7866 0.0759
vn -0.0006 0.9997 0.0235
vn 0.6912 0.6324 0.3496
vn 0.8131 -0.2502 0.5256
vn 0.5355 -0.7639 0.3603
vn -0.8001 0.5998 0.0110
vn -0.9998 0.0104 0.0178
vn 0.0682 0.7840 0.6170
vn 0.1071 0.9864 0.1243
vn 0.0978 0.9952 -0.0002
vn 0.1154 0.9852 -0.1266
vn -0.0356 0.7218 -0.6912
vn -0.0645 0.0216 -0.9977
vn 0.2104 -0.7273 -0.6533
vn 0.2790 -0.9582 0.0634
vn 0.2166 -0.9763 0.0017
vn 0.3149 -0.9475 -0.0557
vn 0.2997 -0.7227 0.6228
vn 0.0281 -0.0031 0.9996
vn 0.1361 0.6619 0.7372
vn 0.1502 0.9886 0.0126
vn 0.1351 0.5799 -0.8034
vn 0.0792 0.0308 -0.9964
vn 0.0463 -0.0694 -0.9965
vn -0.0148 0.1042 -0.9944
vn -0.0394 0.7078 -0.7053
vn -0.0150 0.9999 0.0059
vn -0.0538 0.7162 0.6958
vn -0.0713 0.0528 0.9961
vn -0.1028 -0.6428 0.7591
vn -0.1401 -0.9901 0.0018
vn -0.0129 -0.6490 -0.7607
vn 0.0640 0.0659 -0.9958
vn 0.1217 0.1007 -0.9874
vn 0.0780 0.6914 -0.7183
vn 0.0188 0.9997 0.0170
vn 0.4121 0.5164 0.7507
vn 0.9919 -0.1245 0.0263
vn 0.4447 -0.1799 -0.8775
vn 0.4270 0.5484 -0.7189
vn 0.6226 0.7816 0.0381
vn -0.4432 -0.1807 -0.8780
vn -0.9919 -0.1241 0.0264
vn -0.4247 0.5496 -0.7194
vn -0.6189 0.7846 0.0380
vn -0.4094 0.5179 0.7511
vn -0.0189 0.9997 0.0171
vn -0.0782 0.6913 -0.7183
vn -0.1220 0.1009 -0.9874
vn -0.2066 -0.6317 -0.7472
vn -0.4541 -0.6507 -0.6086
vn -0.7084 -0.7055 0.0205
vn -0.4316 -0.1794 0.8841
vn -0.0861 0.6708 0.7366
vn -0.0109 0.9999 0.0090
vn -0.0421 0.7234 -0.6892
vn -0.0637 0.0661 -0.9958
vn 0.0132 -0.6491 -0.7606
vn 0.0167 -0.9999 0.0029
vn 0.1403 -0.9901 0.0018
vn 0.0108 -0.6404 0.7680
vn 0.1033 -0.6427 0.7591
vn 0.0047 0.0029 1.0000
vn 0.0716 0.0528 0.9960
vn 0.0101 0.5926 0.8054
vn 0.0538 0.7161 0.6959
vn 0.0091 0.9999 0.0071
vn 0.0149 0.9999 0.0059
vn 0.0393 0.7076 -0.7055
vn 0.0791 0.0408 -0.9960
vn 0.0149 0.1041 -0.9945
vn -0.0461 -0.0692 -0.9965
vn -0.0791 0.0313 -0.9964
vn -0.1353 0.5800 -0.8033
vn -0.2018 0.7419 -0.6394
vn -0.1502 0.9886 0.0126
vn -0.1642 0.9786 0.1237
vn -0.1366 0.6618 0.7371
vn -0.0758 0.7296 0.6796
vn -0.0603 -0.0565 0.9966
vn -0.0281 -0.0030 0.9996
vn -0.2006 -0.7359 0.6467
vn -0.2999 -0.7225 0.6229
vn -0.3239 -0.9459 -0.0167
vn -0.3148 -0.9475 -0.0558
vn -0.3030 -0.9530 0.0043
vn -0.2162 -0.9763 0.0017
vn -0.2789 -0.9582 0.0634
vn -0.3137 -0.9493 0.0210
vn -0.2104 -0.7273 -0.6533
vn -0.2033 -0.7354 -0.6464
vn -0.0124 0.0181 -0.9998
vn 0.0645 0.0215 -0.9977
vn -0.0596 0.7362 -0.6741
vn 0.0356 0.7216 -0.6914
vn -0.1156 0.9852 -0.1266
vn -0.0825 0.9908 -0.1070
vn -0.0962 0.9954 -0.0012
vn -0.0778 0.9918 0.1018
vn -0.5428 0.7947 -0.2716
vn -0.5549 -0.0316 -0.8313
vn -0.5725 -0.7593 -0.3094
vn -0.4656 -0.8849 0.0123
vn -0.4489 -0.6306 0.6332
vn -0.2114 -0.6186 0.7567
vn -0.2063 -0.9785 0.0050
vn -0.0666 0.0594 0.9960
vn -0.0452 0.7070 0.7058
vn 0.0160 0.6120 -0.7907
vn 0.0137 0.0028 -0.9999
vn 0.1105 -0.6498 -0.7520
vn 0.1253 -0.9921 -0.0008
vn 0.0909 -0.6351 0.7671
vn 0.0676 0.0392 0.9969
vn 0.0323 0.6962 0.7172
vn 0.0052 0.7946 -0.6071
vn -0.0544 0.6197 -0.7829
vn -0.0301 0.9995 -0.0000
vn 0.0000 1.0000 0.0000
vn 0.0030 0.7897 0.6134
vn -0.0028 0.1032 0.9947
vn -0.0062 -0.5884 0.8086
vn 0.0383 -0.9992 -0.0077
vn 0.0985 -0.6372 -0.7644
vn 0.0865 0.0562 -0.9947
vn -0.1300 0.0874 0.9877
vn -0.0734 0.9965 0.0400
vn -0.0000 1.0000 -0.0058
vn 0.2430 0.9687 0.0505
vn 0.0824 0.6930 0.7162
vn 0.3994 0.6573 0.6390
vn 0.2627 0.9496 0.1710
vn 0.1606 0.9870 -0.0008
vn 0.5834 0.0399 0.8112
vn 0.1145 -0.0134 0.9933
vn 0.0809 -0.7061 0.7035
vn -0.0000 -1.0000 -0.0057
vn -0.0724 -0.7296 -0.6800
vn -0.1009 -0.0166 -0.9948
vn -0.0741 0.7152 -0.6950
vn 0.1132 -0.0144 0.9935
vn 0.0798 -0.7062 0.7035
vn -0.0008 -1.0000 -0.0065
vn -0.0747 -0.7253 -0.6844
vn -0.1004 -0.0157 -0.9948
vn -0.0764 0.7110 -0.6991
vn -0.0008 1.0000 -0.0066
vn 0.0810 0.6928 0.7166
vn 0.1119 -0.0148 0.9936
vn 0.0669 -0.8015 0.5942
vn -0.0154 -0.9905 -0.1366
vn -0.0829 -0.6100 -0.7880
vn -0.0945 -0.0144 -0.9954
vn -0.0844 0.5910 -0.8022
vn -0.0157 0.9901 -0.1397
vn 0.0682 0.7929 0.6055
vn -0.0685 0.7841 0.6169
vn 0.0004 -0.9758 0.2187
vn -0.7510 -0.6569 0.0660
vn -0.7957 -0.5982 -0.0949
vn -0.9942 0.0256 -0.1049
vn -0.9937 0.0556 -0.0970
vn -0.6940 0.7158 -0.0769
vn -0.6822 0.7309 -0.0186
vn 0.0013 1.0000 -0.0029
vn 0.0003 1.0000 0.0001
vn 0.6844 0.7286 -0.0260
vn 0.8001 0.5998 0.0095
vn 0.9990 0.0008 -0.0448
vn 0.9997 0.0063 0.0224
vn 0.7559 -0.6501 -0.0775
vn 0.9899 0.0656 0.1253
vn 0.6146 0.7851 0.0768
vn 0.0003 0.9997 0.0233
vn -0.6046 0.7938 0.0664
vn -0.6909 0.6320 0.3511
vn -0.9909 0.0751 0.1115
vn -0.8119 -0.2527 0.5262
vn -0.6799 -0.7275 0.0914
vn -0.5339 -0.7638 0.3626
vn 0.0002 -0.9931 0.1175
vn -0.0036 -0.8366 0.5478
vn -0.1815 -0.0177 0.9832
vn 0.1396 0.8055 0.5759
vn 0.7165 0.6495 0.2546
vn 0.7994 -0.1533 0.5810
vn 0.5376 -0.7572 0.3711
vn 0.6886 -0.7181 0.1007
vn 0.0010 -0.9850 -0.1724
vn 0.8039 -0.5887 -0.0850
vn 0.9937 0.0628 -0.0928
vn 0.6971 0.7137 -0.0690
vn 0.0011 0.9999 -0.0145
vn -0.6573 0.7520 -0.0492
vn -0.6958 0.7181 0.0106
vn -0.9971 0.0080 0.0751
vn -0.7760 -0.5538 0.3019
vn -0.0378 -0.9288 0.3687
vn 0.0933 -0.8073 0.5827
vn 0.1150 -0.7812 0.6136
vn 0.1459 -0.6922 0.7068
vn 0.1762 -0.9824 -0.0627
vn 0.1940 -0.6204 -0.7600
vn 0.1461 -0.0154 -0.9892
vn 0.1660 0.6595 -0.7332
vn 0.2231 0.9734 -0.0518
vn 0.1886 0.6470 0.7388
vn 0.0807 -0.0313 0.9962
vn 0.1180 -0.5511 0.8260
vn 0.0781 -0.9965 0.0281
vn 0.1210 -0.6206 -0.7747
vn 0.1135 0.0301 -0.9931
vn 0.1290 0.5951 -0.7932
vn 0.1310 0.9913 -0.0117
vn 0.1379 0.5456 0.8266
vn 0.1243 -0.0311 0.9918
vn 0.0893 -0.0039 0.9960
vn 0.0590 0.6776 0.7331
vn 0.0332 0.9967 0.0745
vn 0.0463 0.6718 -0.7392
vn 0.0475 -0.0640 -0.9968
vn -0.0129 -0.5820 -0.8131
vn -0.0384 -0.9993 -0.0027
vn 0.0010 -0.5851 0.8109
vn -0.0114 0.1019 0.9947
vn -0.0072 0.7907 0.6122
vn -0.0007 0.9970 -0.0770
vn -0.0147 0.7508 -0.6604
vn -0.0274 0.1039 -0.9942
vn -0.0806 0.0427 -0.9958
vn -0.0985 -0.6390 -0.7629
vn -0.1252 -0.9921 0.0025
vn -0.0919 -0.6328 0.7688
vn -0.0684 0.0359 0.9970
vn -0.0344 0.6979 0.7153
vn -0.0402 0.7066 -0.7065
vn -0.0826 0.0556 -0.9950
vn -0.1082 -0.6497 -0.7524
vn -0.1394 -0.9902 0.0043
vn -0.1037 -0.6418 0.7598
vn -0.0756 0.0499 0.9959
vn -0.0567 0.7148 0.6971
vn -0.0157 0.9999 0.0049
vn -0.0078 1.0000 0.0054
vn -0.0099 0.5933 0.8049
vn -0.0066 0.0017 1.0000
vn -0.0097 -0.6408 0.7676
vn -0.0169 -0.9998 0.0063
vn -0.0144 -0.6494 -0.7604
vn -0.0122 0.0018 -0.9999
vn -0.0157 0.6105 -0.7918
vn 0.0426 0.7249 -0.6875
vn 0.0104 0.9999 0.0073
vn 0.0792 0.6909 -0.7186
vn 0.0194 0.9997 0.0146
vn 0.4257 0.5465 -0.7212
vn 0.6222 0.7821 0.0335
vn 0.9920 -0.1242 0.0228
vn 0.4138 0.5166 0.7496
vn 0.0863 0.6691 0.7382
vn 0.0468 0.7083 0.7043
vn 0.0689 0.0615 0.9957
vn 0.2103 -0.6171 0.7582
vn 0.2064 -0.9784 0.0074
vn 0.2069 -0.6332 -0.7458
vn 0.0627 0.0678 -0.9957
vn 0.1229 0.1025 -0.9871
vn 0.4448 -0.1772 -0.8779
vn 0.7110 -0.7030 0.0189
vn 0.4338 -0.1772 0.8834
vn 0.1308 0.0870 0.9876
vn 0.4501 -0.6304 0.6325
vn 0.4630 -0.8862 0.0148
vn 0.4530 -0.6528 -0.6071
vn -0.0134 0.0028 -0.9999
vn -0.1100 -0.6499 -0.7520
vn -0.1248 -0.9922 -0.0008
vn 0.0301 0.9995 0.0000
vn -0.0062 0.7946 -0.6071
vn 0.0545 0.6197 -0.7830
vn -0.3344 -0.8498 0.4075
vn -0.9206 -0.0448 -0.3879
vn 0.0862 -0.0130 0.9962
vn 0.3330 -0.8495 0.4093
vn -0.0865 -0.0138 0.9962
vn 0.9216 -0.0456 -0.3854
vn 0.0121 -0.2555 0.9667
vn -0.0742 -0.1937 0.9782
vn 0.6973 -0.1473 0.7015
vn 0.7397 -0.1210 0.6620
vn 0.0374 -0.1210 0.9919
vn 0.7543 -0.0918 0.6501
vn -0.0009 0.9192 -0.3938
vn 0.5214 0.7794 -0.3474
vn -0.0005 0.7006 -0.7135
vn 0.5349 0.5758 -0.6183
vn 0.8762 0.4770 -0.0690
vn 0.8518 0.4108 -0.3250
vn 0.5020 0.3073 -0.8084
vn 0.8781 0.2356 -0.4165
vn 0.4542 0.1231 -0.8824
vn 0.8638 0.1093 -0.4919
vn 0.4388 0.0375 -0.8978
vn 0.8602 0.0453 -0.5080
vn 0.4310 0.0091 -0.9023
vn 0.8520 0.0344 -0.5225
vn 0.4168 0.0118 -0.9089
vn 0.8426 0.0417 -0.5370
vn 0.4032 0.0116 -0.9150
vn 0.8367 0.0361 -0.5465
vn 0.3935 0.0088 -0.9193
vn 0.8330 0.0237 -0.5527
vn 0.3223 -0.7122 -0.6236
vn 0.6183 -0.7220 -0.3105
vn -0.3308 -0.7181 0.6122
vn -0.6136 -0.7282 0.3052
vn -0.5739 -0.2260 0.7871
vn -0.5457 -0.1949 0.8150
vn -0.2209 0.1064 0.9695
vn -0.1808 0.0044 0.9835
vn -0.5353 -0.2630 0.8027
vn -0.0138 -0.0867 0.9961
vn 0.7063 0.2613 0.6579
vn 0.7546 -0.4563 0.4716
vn 0.5265 0.3203 -0.7875
vn -0.1404 -0.6175 -0.7739
vn -0.6305 0.5149 -0.5809
vn -0.7396 0.6401 0.2080
vn -0.8561 0.4695 -0.2162
vn -0.8554 0.4107 0.3155
vn -0.4934 0.2339 -0.8378
vn -0.9314 0.2661 0.2483
vn -0.6920 0.3425 -0.6355
vn -0.9704 0.2288 0.0771
vn -0.6874 0.2427 -0.6845
vn -0.9922 0.1194 0.0344
vn -0.9444 0.0703 -0.3212
vn -0.9974 0.0715 0.0074
vn -0.8640 0.1092 -0.4914
vn -0.8784 0.2354 -0.4159
vn -0.8519 0.4110 -0.3245
vn -0.8761 0.4771 -0.0694
vn 0.3926 0.2772 -0.8770
vn 0.6067 0.5287 0.5936
vn 0.2577 0.1332 -0.9570
vn 0.4565 0.7362 0.4996
vn 0.4952 0.2292 -0.8380
vn 0.0365 -0.4555 -0.8895
vn -0.4396 -0.0331 -0.8976
vn -0.4422 -0.1990 -0.8745
vn -0.1598 -0.8375 -0.5225
vn -0.0363 -0.4547 -0.8899
vn 0.4393 -0.0255 -0.8980
vn 0.4425 -0.1909 -0.8762
vn -0.5209 0.3408 -0.7826
vn 0.1404 -0.6175 -0.7739
vn 0.1598 -0.8373 -0.5228
vn -0.7550 -0.4560 0.4712
vn -0.3887 0.6808 -0.6209
vn 0.1015 -0.4944 -0.8633
vn -0.0007 0.4052 -0.9142
vn 0.0002 -0.6778 -0.7353
vn -0.0910 0.0748 -0.9930
vn -0.0005 0.0703 -0.9975
vn 0.0912 0.0753 -0.9930
vn -0.1019 -0.4944 -0.8632
vn 0.3867 0.6821 -0.6206
vn 0.1230 -0.3749 -0.9189
vn -0.2579 0.1339 -0.9569
vn 0.2622 -0.3440 -0.9016
vn -0.3936 0.2731 -0.8778
vn -0.6274 -0.0576 -0.7766
vn -0.5338 0.7698 -0.3499
vn 0.5075 0.1403 -0.8502
vn 0.2093 0.7753 -0.5959
vn -0.0643 0.8895 -0.4524
vn 0.4053 0.1050 -0.9081
vn -0.6441 -0.1265 -0.7544
vn -0.6311 0.5545 0.5425
vn -0.0976 0.3600 0.9278
vn 0.3799 -0.3085 0.8721
vn -0.0115 -0.2553 0.9668
vn 0.5552 -0.2213 0.8017
vn 0.0778 -0.1941 0.9779
vn 0.6615 -0.1253 0.7394
vn -0.0319 -0.1215 0.9921
vn -0.7673 -0.0891 0.6351
vn -0.7543 -0.0918 0.6501
vn -0.5767 -0.0963 -0.8112
vn -0.7394 -0.1214 0.6623
vn -0.6974 -0.1467 0.7015
vn 0.5739 -0.2260 0.7871
vn 0.2212 0.1071 0.9693
vn 0.5457 -0.1949 0.8150
vn 0.1814 0.0041 0.9834
vn 0.5353 -0.2634 0.8025
vn 0.0141 -0.0873 0.9961
vn -0.7069 0.2612 0.6573
vn -0.6067 0.5285 0.5938
vn -0.4561 0.7358 0.5006
vn 0.4118 -0.3595 0.8374
vn 0.1105 0.1388 0.9841
vn 0.0011 -0.4276 0.9040
vn 0.0002 0.3385 0.9410
vn -0.1099 0.1377 0.9844
vn -0.4106 -0.3618 0.8370
vn 0.2704 0.9060 0.3256
vn -0.0005 0.9989 0.0458
vn -0.2709 0.9059 0.3256
vn 0.6301 0.5151 -0.5811
vn -0.1229 -0.3748 -0.9189
vn 0.8573 0.4675 -0.2157
vn -0.2621 -0.3437 -0.9018
vn 0.6286 -0.0583 -0.7755
vn -0.5073 0.1407 -0.8502
vn 0.5344 0.7697 -0.3493
vn -0.2088 0.7759 -0.5954
vn 0.0637 0.8900 -0.4515
vn 0.6913 0.3432 -0.6359
vn 0.6869 0.2425 -0.6851
vn -0.4066 0.1050 -0.9076
vn 0.6441 -0.1266 -0.7544
vn 0.6316 0.5538 0.5425
vn 0.0978 0.3599 0.9279
vn -0.3792 -0.3087 0.8723
vn -0.5553 -0.2210 0.8018
vn -0.6546 -0.1252 0.7456
vn 0.7622 -0.0887 0.6412
vn 0.5768 -0.0959 -0.8113
vn 0.1609 0.0052 0.9869
vn 0.1094 0.7094 0.6963
vn 0.1465 0.0083 0.9892
vn 0.1007 0.7091 0.6979
vn 0.1167 -0.6979 0.7067
vn 0.1067 -0.6972 0.7089
vn -0.1303 -0.7052 -0.6969
vn -0.0059 -1.0000 -0.0015
vn -0.1059 -0.7100 -0.6962
vn 0.0011 -1.0000 -0.0036
vn -0.0922 -0.7097 -0.6985
vn -0.1465 -0.0340 -0.9886
vn -0.1288 -0.0313 -0.9912
vn -0.0877 -0.7096 -0.6992
vn -0.1244 -0.0306 -0.9918
vn -0.0879 -0.7095 -0.6992
vn -0.1253 0.0938 -0.9877
vn -0.1694 -0.0342 -0.9850
vn -0.1248 0.6843 -0.7184
vn -0.1050 0.6869 -0.7191
vn -0.0087 0.9999 -0.0077
vn 0.0002 0.9999 -0.0100
vn -0.0930 0.6888 -0.7190
vn -0.0004 1.0000 -0.0086
vn -0.0904 0.6894 -0.7187
vn -0.0012 1.0000 -0.0083
vn -0.0761 0.7908 -0.6073
vn 0.0150 0.9929 0.1182
vn 0.0896 0.7082 0.7003
vn 0.0876 0.7086 0.7002
vn 0.0888 0.7088 0.6998
vn 0.1285 0.0058 0.9917
vn 0.1245 0.0053 0.9922
vn 0.1248 0.1300 0.9836
vn 0.0927 -0.6987 0.7093
vn 0.0886 -0.6995 0.7091
vn 0.1019 -0.5867 0.8033
vn 0.0003 -1.0000 -0.0030
vn -0.0006 -1.0000 -0.0033
vn 0.0161 -0.9918 0.1269
vn -0.0297 -0.9995 -0.0047
vn -0.1316 -0.7542 -0.6433
vn -0.0574 -0.9946 -0.0860
vn -0.1217 -0.6996 -0.7041
vn -0.0655 -0.9954 -0.0695
vn -0.0356 -0.5910 -0.8059
vn -0.0095 -0.6809 -0.7323
vn -0.0966 -0.9889 -0.1127
vn -0.0156 -0.6367 -0.7710
vn -0.1380 -0.9897 -0.0375
vn 0.7207 -0.4892 -0.4912
vn 0.4949 -0.8575 0.1405
vn 0.1401 -0.0830 0.9867
vn 0.0532 -0.0140 0.9985
vn 0.0928 0.6524 0.7522
vn -0.0099 0.7461 0.6658
vn -0.0557 -0.0131 0.9984
vn -0.1004 0.7179 0.6889
vn -0.1314 -0.0109 0.9913
vn -0.1969 0.6007 0.7749
vn 0.6404 -0.0075 0.7680
vn 0.8181 0.3335 0.4685
vn 0.4959 0.8565 0.1429
vn -0.1402 0.9893 -0.0394
vn 0.7217 0.4827 -0.4961
vn -0.0148 0.6273 -0.7787
vn 0.7401 -0.0066 -0.6725
vn 0.0452 -0.0110 -0.9989
vn -0.0087 0.6723 -0.7402
vn 0.0492 -0.0130 -0.9987
vn -0.0363 0.5756 -0.8169
vn -0.0193 -0.0139 -0.9997
vn -0.1286 -0.0139 -0.9916
vn -0.1255 0.6904 -0.7125
vn -0.1822 -0.0703 -0.9807
vn -0.1400 0.6863 -0.7137
vn -0.0620 0.9945 -0.0839
vn -0.0309 0.9995 -0.0054
vn -0.0862 -0.7032 0.7058
vn 0.0074 -0.7520 0.6591
vn 0.0297 -0.9995 -0.0048
vn 0.0574 -0.9946 -0.0860
vn 0.1318 -0.7542 -0.6433
vn 0.1217 -0.6996 -0.7041
vn 0.1824 -0.0704 -0.9807
vn 0.1286 -0.0139 -0.9916
vn 0.1255 0.6904 -0.7125
vn 0.1403 0.6862 -0.7138
vn 0.0620 0.9945 -0.0839
vn 0.0308 0.9995 -0.0053
vn 0.0099 0.7461 0.6658
vn -0.0928 0.6524 0.7522
vn -0.0532 -0.0140 0.9985
vn -0.1402 -0.0830 0.9866
vn 0.0557 -0.0131 0.9984
vn 0.1003 0.7179 0.6889
vn 0.1313 -0.0109 0.9913
vn 0.1968 0.6007 0.7749
vn 0.1401 0.9893 -0.0393
vn 0.0981 0.9886 -0.1141
vn 0.0148 0.6272 -0.7787
vn 0.0087 0.6723 -0.7402
vn -0.0452 -0.0109 -0.9989
vn -0.0492 -0.0129 -0.9987
vn 0.0095 -0.6809 -0.7323
vn 0.0156 -0.6367 -0.7710
vn 0.0965 -0.9889 -0.1127
vn 0.1379 -0.9897 -0.0375
vn 0.0992 -0.7256 0.6809
vn 0.1962 -0.6115 0.7665
vn 0.0655 -0.9954 -0.0695
vn 0.0356 -0.5910 -0.8059
vn 0.0193 -0.0139 -0.9997
vn 0.0363 0.5756 -0.8169
vn 0.0685 0.9953 -0.0691
vn 0.1304 -0.7051 -0.6970
vn 0.1060 -0.7099 -0.6963
vn 0.0059 -1.0000 -0.0017
vn -0.0012 -1.0000 -0.0037
vn -0.0007 -1.0000 -0.0031
vn -0.1067 -0.6972 0.7089
vn -0.0929 -0.6988 0.7092
vn 0.0008 -1.0000 -0.0038
vn -0.0890 -0.6996 0.7090
vn -0.0157 -0.9919 0.1263
vn -0.0997 -0.5871 0.8034
vn -0.1466 0.0084 0.9892
vn -0.1299 0.0060 0.9915
vn -0.1245 0.0053 0.9922
vn -0.1221 0.1296 0.9840
vn -0.1008 0.7092 0.6978
vn -0.0904 0.7086 0.6998
vn -0.0874 0.7089 0.6998
vn -0.0869 0.7088 0.7000
vn -0.0002 0.9999 -0.0101
vn 0.0001 1.0000 -0.0088
vn 0.0015 1.0000 -0.0093
vn -0.0146 0.9930 0.1173
vn 0.1051 0.6869 -0.7191
vn 0.0087 0.9999 -0.0074
vn 0.1250 0.6841 -0.7186
vn 0.1466 -0.0342 -0.9886
vn 0.1695 -0.0345 -0.9849
vn -0.1168 -0.6979 0.7066
vn -0.1610 0.0055 0.9869
vn -0.1094 0.7095 0.6961
vn 0.0912 -0.7096 -0.6987
vn 0.1287 -0.0306 -0.9912
vn 0.0875 -0.7087 -0.7000
vn 0.1245 -0.0305 -0.9918
vn 0.0894 -0.7086 -0.6999
vn 0.1250 0.0922 -0.9879
vn 0.0924 0.6882 -0.7196
vn 0.0896 0.6882 -0.7199
vn 0.0788 0.7904 -0.6075
vn 0.0002 -0.7135 0.7006
vn -0.0002 -0.4520 -0.8920
vn -0.0002 0.0011 -1.0000
vn -0.0003 0.0017 -1.0000
vn -0.0003 0.0009 -1.0000
vn -0.0003 -0.0004 -1.0000
vn -0.0003 0.0511 -0.9987
vn -0.0002 0.1408 -0.9900
vn -0.0003 0.3859 -0.9225
vn 0.6133 -0.7283 0.3056
vn -0.6181 -0.7221 -0.3107
vn 0.3310 -0.7181 0.6122
vn -0.3222 -0.7122 -0.6236
vn -0.8328 0.0239 -0.5531
vn -0.3937 0.0089 -0.9192
vn -0.8364 0.0368 -0.5469
vn -0.4033 0.0117 -0.9150
vn -0.8426 0.0417 -0.5369
vn -0.4172 0.0116 -0.9087
vn -0.8521 0.0340 -0.5223
vn -0.4313 0.0089 -0.9022
vn -0.8601 0.0453 -0.5080
vn -0.4391 0.0373 -0.8977
vn -0.4546 0.1231 -0.8821
vn -0.5024 0.3073 -0.8082
vn -0.5347 0.5762 -0.6182
vn -0.5215 0.7792 -0.3475
vn -0.4373 0.8977 0.0544
vn -0.0012 0.9962 0.0870
vn 0.4365 0.8980 0.0547
vn 0.7399 0.6402 0.2069
vn 0.8558 0.4076 0.3186
vn 0.9314 0.2646 0.2498
vn 0.9703 0.2293 0.0772
vn 0.9923 0.1190 0.0343
vn 0.9436 0.0710 -0.3234
vn 0.9974 0.0714 0.0075
vn 0.8383 -0.0212 0.5448
vn 0.4053 -0.0086 0.9141
vn 0.8414 -0.0351 0.5392
vn 0.4137 -0.0128 0.9103
vn 0.8462 -0.0415 0.5312
vn 0.4232 -0.0155 0.9059
vn 0.0003 -0.0023 1.0000
vn 0.0002 -0.0025 1.0000
vn -0.4224 -0.0156 0.9063
vn -0.4133 -0.0129 0.9105
vn -0.8462 -0.0416 0.5313
vn -0.8418 -0.0348 0.5386
vn -0.4049 -0.0086 0.9143
vn -0.8385 -0.0214 0.5445
vn 0.0003 -0.0010 1.0000
vn -0.9991 -0.0221 0.0353
vn -0.9985 -0.0431 0.0338
vn -0.9981 -0.0519 0.0334
vn -0.9980 -0.0570 0.0282
vn -0.7829 -0.0358 0.6211
vn -0.3551 -0.0099 0.9348
vn 0.0002 -0.0000 1.0000
vn 0.3557 -0.0099 0.9345
vn 0.7834 -0.0358 0.6205
vn 0.9980 -0.0574 0.0281
vn 0.9981 -0.0518 0.0337
vn 0.9985 -0.0430 0.0340
vn 0.9991 -0.0221 0.0354
vn -0.5297 0.0238 0.8479
vn 0.4170 -0.0270 0.9085
vn 0.4069 -0.0227 0.9132
vn 0.4244 -0.0115 0.9054
vn 0.3263 -0.6705 0.6663
vn 0.5407 -0.8410 0.0199
vn -0.5412 -0.8406 0.0198
vn -0.3235 -0.6727 0.6654
vn -0.4208 -0.0129 0.9071
vn -0.4051 -0.0211 0.9140
vn -0.4141 -0.0276 0.9098
vn 0.5267 0.0242 0.8497
vn 0.9981 0.0451 -0.0424
vn 0.9985 0.0493 0.0240
vn 0.9985 0.0540 -0.0039
vn 0.9990 0.0453 -0.0045
vn 0.9996 0.0267 -0.0049
vn 0.5499 -0.8352 -0.0028
vn 0.7643 -0.5587 0.3220
vn 0.8910 0.0229 0.4535
vn 0.8980 0.0407 0.4382
vn 0.9068 0.0465 0.4189
vn 0.8663 0.0452 0.4974
vn 0.9065 0.0378 0.4206
vn -0.9981 0.0451 -0.0425
vn -0.9985 0.0491 0.0240
vn -0.9985 0.0541 -0.0045
vn -0.9989 0.0462 -0.0045
vn -0.9996 0.0265 -0.0047
vn -0.5498 -0.8353 -0.0025
vn -0.7639 -0.5591 0.3223
vn -0.8892 0.0229 0.4569
vn -0.8971 0.0409 0.4400
vn -0.9055 0.0465 0.4218
vn -0.8652 0.0457 0.4994
vn -0.9074 0.0373 0.4187
vn 0.1423 0.0299 -0.9894
vn -0.1483 0.0302 -0.9885
vn 0.8177 -0.3405 0.4642
vn -0.1962 -0.6115 0.7665
vn -0.0993 -0.7257 0.6809
vn -0.0074 -0.7520 0.6591
vn 0.0862 -0.7032 0.7058
vn -0.0982 0.9886 -0.1140
vn -0.0685 0.9953 -0.0691
vn 0.9689 -0.2475 0.0069
vn 0.8850 -0.3271 0.3314
vn 0.6691 0.0081 0.7432
vn 0.9070 -0.3012 -0.2943
vn 0.7623 0.0070 -0.6472
vn 0.9080 0.3033 -0.2891
vn 0.9688 0.2477 0.0067
vn 0.8865 0.3291 0.3253
vn -0.7623 0.0070 -0.6472
vn -0.9080 0.3033 -0.2891
vn -0.6404 -0.0075 0.7680
vn -0.8177 -0.3405 0.4642
vn -0.4949 -0.8575 0.1405
vn -0.7207 -0.4892 -0.4912
vn -0.7401 -0.0065 -0.6725
vn -0.7217 0.4828 -0.4961
vn -0.4959 0.8565 0.1429
vn -0.8181 0.3335 0.4685
vn -0.9689 -0.2475 0.0069
vn -0.9070 -0.3012 -0.2943
vn -0.9688 0.2477 0.0067
vn -0.8850 -0.3271 0.3314
vn -0.8865 0.3291 0.3253
vn -0.6691 0.0081 0.7432
vn 0.0003 -0.2583 0.9661
vn -0.3997 -0.2119 0.8918
vn -0.2823 -0.3964 0.8736
vn -0.5112 -0.5280 0.6781
vn -0.6395 -0.3722 0.6727
vn -0.6312 -0.6495 0.4239
vn -0.7849 -0.4663 0.4079
vn -0.6878 -0.7096 0.1529
vn -0.8591 -0.5012 0.1039
vn -0.7509 -0.6426 -0.1523
vn -0.8532 -0.4977 -0.1560
vn -0.7849 -0.4664 -0.4080
vn -0.6312 -0.6495 -0.4239
vn -0.6395 -0.3722 -0.6727
vn -0.5112 -0.5280 -0.6781
vn -0.3997 -0.2118 -0.8918
vn -0.2822 -0.3964 -0.8736
vn 0.0003 -0.2584 -0.9660
vn 0.2746 -0.4028 0.8731
vn 0.3997 -0.2118 0.8919
vn 0.5105 -0.5344 0.6736
vn 0.6396 -0.3722 0.6727
vn 0.6238 -0.6543 0.4275
vn 0.7849 -0.4663 0.4079
vn 0.7509 -0.6426 0.1523
vn 0.8532 -0.4977 0.1560
vn 0.8591 -0.5011 -0.1039
vn 0.6878 -0.7096 -0.1529
vn 0.7849 -0.4663 -0.4079
vn 0.6238 -0.6543 -0.4275
vn 0.6396 -0.3721 -0.6727
vn 0.5105 -0.5344 -0.6736
vn 0.3997 -0.2118 -0.8918
vn 0.2746 -0.4028 -0.8731
vn 0.1313 -0.5683 0.8122
vn 0.2309 -0.7673 0.5983
vn 0.3179 -0.8855 0.3389
vn 0.3812 -0.9166 0.1209
vn 0.3271 -0.9372 -0.1211
vn 0.3179 -0.8855 -0.3389
vn 0.2309 -0.7673 -0.5983
vn 0.1313 -0.5683 -0.8122
vn 0.0077 -0.5646 0.8253
vn 0.0033 -0.7853 0.6191
vn 0.0028 -0.9317 0.3632
vn 0.0251 -0.9933 0.1128
vn -0.0228 -0.9934 -0.1128
vn 0.0028 -0.9317 -0.3632
vn 0.0033 -0.7853 -0.6191
vn 0.0077 -0.5646 -0.8253
vn -0.1332 -0.5649 0.8144
vn -0.2331 -0.7636 0.6021
vn -0.3230 -0.8827 0.3413
vn -0.3318 -0.9363 0.1148
vn -0.3858 -0.9154 -0.1145
vn -0.3230 -0.8827 -0.3413
vn -0.2331 -0.7637 -0.6021
vn -0.1332 -0.5649 -0.8144
vn -0.0021 -0.2630 0.9648
vn -0.3841 -0.2823 0.8791
vn -0.2756 -0.4173 0.8660
vn -0.4923 -0.5557 0.6700
vn -0.6145 -0.4123 0.6726
vn -0.6113 -0.6611 0.4350
vn -0.8591 -0.5011 0.1039
vn -0.6113 -0.6611 -0.4350
vn -0.6145 -0.4123 -0.6726
vn -0.4923 -0.5557 -0.6700
vn -0.3841 -0.2823 -0.8791
vn -0.2756 -0.4173 -0.8660
vn -0.0021 -0.2630 -0.9648
vn 0.2822 -0.3964 0.8736
vn 0.3997 -0.2119 0.8918
vn 0.5025 -0.5261 0.6861
vn 0.6371 -0.3469 0.6883
vn 0.6332 -0.6335 0.4447
vn 0.8125 -0.4063 0.4180
vn 0.7790 -0.6074 0.1559
vn 0.8827 -0.4414 0.1611
vn 0.8893 -0.4446 -0.1072
vn 0.7108 -0.6857 -0.1567
vn 0.8125 -0.4063 -0.4180
vn 0.6332 -0.6335 -0.4447
vn 0.6371 -0.3469 -0.6883
vn 0.5025 -0.5261 -0.6861
vn 0.2822 -0.3964 -0.8736
vn 0.1332 -0.5649 0.8144
vn 0.2331 -0.7637 0.6021
vn 0.3124 -0.8833 0.3497
vn 0.3792 -0.9174 0.1208
vn 0.3240 -0.9383 -0.1210
vn 0.3124 -0.8833 -0.3497
vn 0.2331 -0.7637 -0.6021
vn 0.1332 -0.5649 -0.8144
vn -0.0077 -0.5646 0.8253
vn -0.0033 -0.7853 0.6191
vn -0.0028 -0.9317 0.3632
vn 0.0200 -0.9933 0.1140
vn -0.0269 -0.9931 -0.1140
vn -0.0028 -0.9317 -0.3632
vn -0.0033 -0.7853 -0.6191
vn -0.0077 -0.5646 -0.8253
vn -0.1389 -0.5625 0.8151
vn -0.2434 -0.7587 0.6042
vn -0.3222 -0.8818 0.3444
vn -0.3271 -0.9372 0.1211
vn -0.3812 -0.9166 -0.1209
vn -0.3222 -0.8818 -0.3444
vn -0.2434 -0.7587 -0.6042
vn -0.1389 -0.5625 -0.8150
vn 0.6726 -0.1575 0.7231
vn 0.2798 -0.8558 -0.4352
vn 0.9623 0.2243 0.1538
vn 0.2507 -0.9209 -0.2984
vn 0.0497 -0.3853 0.9215
vn 0.1377 -0.8579 -0.4949
vn -0.1187 -0.7955 -0.5942
vn 0.0880 -0.3242 0.9419
vn -0.4413 -0.8540 0.2758
vn 0.4034 -0.2626 0.8766
vn 0.5575 -0.4134 0.7199
vn -0.8541 -0.5036 0.1297
vn 0.5473 -0.5214 0.6547
vn -0.4929 -0.6510 0.5773
vn 0.8960 -0.3186 -0.3092
vn -0.8515 -0.2919 -0.4355
vn -0.6370 0.1856 -0.7482
vn 0.6434 0.2975 -0.7054
vn 0.7636 0.4464 -0.4665
vn 0.5442 0.7462 0.3835
vn -0.1348 0.9725 -0.1899
vn -0.5229 0.7477 0.4093
vn -0.3455 0.5745 0.7420
vn -0.0792 0.9968 -0.0120
vn 0.2770 -0.3118 0.9089
vn -0.8391 -0.2559 -0.4800
vn -0.6912 -0.2120 -0.6909
vn -0.3613 0.1660 -0.9176
vn -0.3203 0.2793 -0.9052
vn -0.3227 0.1729 -0.9306
vn -0.4587 0.2164 -0.8618
vn 0.1118 -0.9544 0.2767
vn -0.7793 -0.5766 -0.2454
vn -0.3234 0.9247 0.2007
vn -0.0093 0.0002 -1.0000
vn 0.3309 0.1572 -0.9305
vn 0.3325 -0.0008 -0.9431
vn 0.5888 -0.0001 -0.8083
vn 0.5573 0.3077 -0.7712
vn 0.8294 0.0000 -0.5587
vn 0.7502 0.4228 -0.5084
vn 0.9773 -0.0381 -0.2084
vn 0.8543 0.4860 -0.1841
vn 0.9809 0.0388 0.1906
vn 0.8101 0.5619 0.1674
vn 0.7582 0.4224 0.4966
vn 0.8395 -0.0000 0.5434
vn 0.5692 0.3065 0.7629
vn 0.6014 -0.0003 0.7990
vn 0.5693 -0.3054 0.7633
vn 0.7582 -0.4224 0.4966
vn 0.3363 -0.5493 0.7650
vn 0.4449 -0.7409 0.5032
vn 0.0081 -0.6816 0.7317
vn 0.0034 -0.8916 0.4527
vn -0.4374 -0.7423 0.5077
vn -0.3241 -0.5458 0.7727
vn -0.7519 -0.4202 0.5079
vn -0.5580 -0.3071 0.7710
vn -0.8316 0.0000 0.5554
vn -0.5894 -0.0003 0.8078
vn -0.5579 0.3082 0.7705
vn -0.7519 0.4202 0.5079
vn -0.3241 0.5458 0.7727
vn -0.4374 0.7423 0.5077
vn 0.0081 0.6816 0.7317
vn 0.0034 0.8916 0.4527
vn 0.4449 0.7409 0.5032
vn 0.3363 0.5493 0.7650
vn 0.4165 0.8930 0.1707
vn -0.0533 0.9889 0.1386
vn -0.4970 0.8489 0.1796
vn -0.8556 0.4852 0.1806
vn -0.9780 -0.0381 0.2052
vn -0.8082 -0.5606 0.1805
vn -0.4153 -0.8921 0.1782
vn 0.0545 -0.9890 0.1374
vn 0.4979 -0.8504 0.1698
vn 0.8574 -0.4866 0.1677
vn 0.8063 -0.5624 -0.1831
vn 0.4150 -0.8923 -0.1779
vn -0.0553 -0.9890 -0.1370
vn -0.5004 -0.8488 -0.1707
vn -0.8591 -0.4841 -0.1663
vn -0.9815 0.0381 -0.1877
vn -0.8117 0.5602 -0.1651
vn -0.4193 0.8917 -0.1706
vn 0.0528 0.9890 -0.1382
vn 0.4956 0.8497 -0.1801
vn 0.4379 0.7406 -0.5096
vn 0.3246 0.5491 -0.7702
vn 0.2020 0.3072 -0.9299
vn 0.3312 -0.1562 -0.9306
vn 0.5573 -0.3066 -0.7716
vn 0.7502 -0.4228 -0.5084
vn 0.4379 -0.7406 -0.5096
vn -0.0035 -0.8913 -0.4534
vn -0.4469 -0.7406 -0.5017
vn -0.7611 -0.4202 -0.4941
vn -0.8410 -0.0000 -0.5410
vn -0.7611 0.4202 -0.4942
vn -0.4469 0.7406 -0.5017
vn -0.0035 0.8913 -0.4534
vn -0.0060 0.6814 -0.7319
vn -0.0120 0.3935 -0.9193
vn -0.3398 0.5442 -0.7671
vn -0.5704 0.3097 -0.7607
vn -0.6059 -0.0003 -0.7956
vn -0.5705 -0.3086 -0.7611
vn -0.3398 -0.5442 -0.7671
vn -0.0058 -0.6814 -0.7319
vn 0.3246 -0.5491 -0.7702
vn 0.2026 -0.3058 -0.9303
vn -0.2193 0.3082 -0.9257
vn -0.3439 0.1663 -0.9242
vn -0.3471 -0.0007 -0.9378
vn -0.0117 -0.3935 -0.9193
vn -0.2199 -0.3067 -0.9261
vn -0.3442 -0.1652 -0.9243
vn 0.3482 0.1577 0.9241
vn 0.2182 0.3086 0.9258
vn 0.0089 0.3967 0.9179
vn -0.2029 0.3074 0.9297
vn -0.3310 0.1619 0.9296
vn -0.3324 -0.0007 0.9432
vn -0.3313 -0.1609 0.9297
vn -0.2034 -0.3060 0.9301
vn 0.0089 -0.3967 0.9179
vn 0.2188 -0.3072 0.9262
vn 0.3485 -0.1567 0.9241
vn 0.3513 -0.0007 0.9363
vn 0.0087 -0.0001 1.0000
vn -0.0078 0.0002 -1.0000
vn 0.2029 -0.3085 -0.9294
vn -0.0073 -0.3904 -0.9206
vn 0.3271 -0.5453 -0.7718
vn -0.0066 -0.6820 -0.7314
vn -0.3421 -0.5446 -0.7657
vn -0.2193 -0.3082 -0.9257
vn 0.6045 0.0003 0.7966
vn 0.5707 0.3050 0.7624
vn 0.3477 0.1580 0.9242
vn 0.2193 0.3065 0.9263
vn 0.3372 0.5492 0.7646
vn 0.0074 0.3955 0.9184
vn 0.0061 0.6837 0.7298
vn -0.3254 0.5468 0.7714
vn -0.2039 0.3082 0.9292
vn -0.5553 0.3084 0.7723
vn -0.3316 0.1616 0.9295
vn -0.5879 0.0003 0.8089
vn -0.3341 0.0007 0.9425
vn -0.3321 -0.1614 0.9293
vn -0.5560 -0.3090 0.7716
vn -0.2029 -0.3103 0.9287
vn -0.3260 -0.5457 0.7720
vn 0.0074 -0.3965 0.9180
vn 0.0062 -0.6808 0.7325
vn 0.3377 -0.5482 0.7652
vn 0.2183 -0.3086 0.9258
vn 0.5714 -0.3056 0.7617
vn 0.3482 -0.1577 0.9241
vn 0.3513 0.0007 0.9363
vn 0.0087 0.0005 1.0000
vn -0.5700 -0.3096 -0.7611
vn -0.6044 0.0003 -0.7967
vn -0.3450 -0.1657 -0.9238
vn -0.3489 0.0007 -0.9372
vn 0.7606 0.4227 0.4928
vn 0.8109 0.5618 0.1640
vn 0.4462 0.7432 0.4985
vn 0.4327 0.8840 0.1771
vn 0.0035 0.8854 0.4648
vn -0.0603 0.9859 0.1563
vn -0.5038 0.8438 0.1849
vn -0.4367 0.7433 0.5068
vn -0.8541 0.4874 0.1815
vn -0.7495 0.4235 0.5088
vn -0.9776 -0.0377 0.2069
vn -0.8290 -0.0000 0.5592
vn -0.7495 -0.4217 0.5103
vn -0.8065 -0.5626 0.1817
vn -0.4379 -0.7410 0.5091
vn -0.4148 -0.8925 0.1773
vn 0.0034 -0.8921 0.4518
vn 0.0545 -0.9889 0.1384
vn 0.5008 -0.8485 0.1712
vn 0.4475 -0.7409 0.5008
vn 0.8581 -0.4861 0.1654
vn 0.7606 -0.4209 0.4943
vn 0.9810 0.0394 0.1898
vn 0.8410 0.0000 0.5410
vn 0.3275 0.1625 -0.9308
vn 0.3325 0.0008 -0.9431
vn 0.5917 0.0001 -0.8062
vn 0.5569 0.3077 -0.7715
vn 0.8315 -0.0000 -0.5555
vn 0.7521 0.4227 -0.5057
vn 0.9778 -0.0384 -0.2060
vn 0.8548 0.4874 -0.1784
vn 0.8085 -0.5608 -0.1787
vn 0.4160 -0.8918 -0.1779
vn -0.0562 -0.9889 -0.1373
vn -0.4985 -0.8500 -0.1707
vn -0.8573 -0.4859 -0.1699
vn -0.9807 0.0387 -0.1915
vn -0.8088 0.5635 -0.1684
vn -0.4320 0.8843 -0.1770
vn 0.0584 0.9860 -0.1563
vn 0.5065 0.8420 -0.1858
vn 0.4385 0.7430 -0.5057
vn 0.3265 0.5464 -0.7713
vn 0.2039 0.3064 -0.9298
vn 0.3280 -0.1622 -0.9306
vn 0.5576 -0.3082 -0.7708
vn 0.7521 -0.4209 -0.5072
vn 0.4397 -0.7407 -0.5081
vn -0.0051 -0.8923 -0.4514
vn -0.4479 -0.7414 -0.4998
vn -0.7590 -0.4227 -0.4953
vn -0.8393 -0.0000 -0.5437
vn -0.7589 0.4245 -0.4938
vn -0.4466 0.7437 -0.4974
vn -0.0052 0.8852 -0.4653
vn -0.0067 0.6848 -0.7287
vn -0.0072 0.3893 -0.9211
vn -0.3415 0.5458 -0.7652
vn -0.5694 0.3091 -0.7618
vn -0.2204 0.3061 -0.9262
vn -0.3445 0.1660 -0.9240
vn -0.1716 -0.9850 0.0170
vn 0.7972 -0.5185 -0.3093
vn -0.2499 -0.3597 0.8990
vn 0.1974 0.9214 0.3347
vn -0.0753 0.9966 -0.0320
vn -0.0053 0.4880 -0.8728
vn -0.6246 -0.7741 -0.1032
vn -0.7506 -0.1405 0.6457
vn 0.4763 0.3981 -0.7840
vn 0.0268 -0.9571 -0.2885
vn -0.0128 -0.3627 0.9318
vn -0.1476 -0.8570 -0.4938
vn 0.1086 -0.7945 -0.5975
vn -0.0845 -0.3284 0.9407
vn 0.4060 -0.8804 0.2451
vn -0.3708 -0.2499 0.8945
vn -0.5299 -0.3866 0.7548
vn 0.8175 -0.5754 0.0236
vn -0.5324 -0.4933 0.6879
vn 0.4980 -0.6968 0.5162
vn -0.9212 -0.3208 -0.2203
vn 0.8201 -0.3301 -0.4674
vn 0.5720 0.1575 -0.8050
vn -0.6796 0.3349 -0.6526
vn -0.7589 0.5065 -0.4092
vn -0.5002 0.7570 0.4204
vn 0.1382 0.9696 -0.2021
vn 0.5297 0.5483 0.6472
vn 0.0609 0.8830 0.4655
vn -0.9002 0.4352 0.0149
vn 0.2290 0.0152 -0.9733
vn 0.3163 0.2711 -0.9091
vn 0.2911 0.1637 -0.9426
vn 0.4023 0.2049 -0.8923
vn -0.0003 -1.0000 0.0000
vn 0.0000 -1.0000 0.0001
vn -0.0002 -1.0000 0.0000
vn 0.0002 -1.0000 0.0000
vn 0.0001 -1.0000 0.0005
vn -0.0000 -1.0000 -0.0002
vn -0.0002 1.0000 -0.0003
vn -0.0000 1.0000 0.0006
vn 0.2730 0.7129 0.6459
vn 0.0335 0.7101 0.7033
vn -0.0001 1.0000 0.0000
vn -0.1871 0.7130 0.6757
vn 0.0001 1.0000 0.0002
vn -0.4139 0.7108 0.5687
vn 0.0003 1.0000 -0.0002
vn -0.5821 0.7155 0.3863
vn 0.0001 1.0000 0.0000
vn -0.6917 0.7103 0.1301
vn 0.0005 1.0000 0.0004
vn -0.7000 0.7107 -0.0695
vn -0.0002 1.0000 -0.0004
vn -0.6317 0.7145 -0.3006
vn -0.0003 1.0000 -0.0000
vn -0.4701 0.7107 -0.5233
vn -0.2885 0.7110 -0.6412
vn -0.0499 0.7141 -0.6983
vn 0.2188 0.7110 -0.6683
vn 0.4229 0.7121 -0.5604
vn -0.0000 1.0000 -0.0001
vn 0.5882 0.7111 -0.3852
vn 0.0000 1.0000 0.0001
vn 0.6807 0.7124 -0.1705
vn 0.6979 0.7117 0.0798
vn 0.6304 0.7118 0.3098
vn -0.0002 1.0000 0.0000
vn 0.4869 0.7121 0.5057
vn 0.4229 -0.7123 0.5601
vn 0.1869 -0.7131 0.6757
vn -0.0335 -0.7103 0.7031
vn -0.2732 -0.7129 0.6459
vn -0.4701 -0.7106 0.5235
vn -0.6351 -0.7153 0.2915
vn -0.7012 -0.7100 0.0650
vn -0.6897 -0.7106 -0.1393
vn -0.5802 -0.7147 -0.3906
vn -0.4139 -0.7108 -0.5687
vn -0.2187 -0.7114 -0.6679
vn 0.0499 -0.7142 -0.6982
vn 0.2885 -0.7111 -0.6412
vn 0.4870 -0.7121 -0.5056
vn 0.6259 -0.7112 -0.3203
vn 0.6965 -0.7125 -0.0852
vn 0.6841 -0.7117 0.1596
vn 0.5907 -0.7117 0.3803
vn -0.0002 -1.0000 -0.0004
vn 0.0000 -1.0000 -0.0001
vn -0.0001 -1.0000 0.0002
vn -0.0001 -1.0000 0.0001
vn 0.0001 1.0000 0.0003
vn 0.0000 1.0000 0.0003
vn 0.2586 0.7120 0.6528
vn 0.0335 0.7102 0.7032
vn 0.0001 1.0000 -0.0003
vn -0.1870 0.7129 0.6758
vn -0.4231 0.7121 0.5603
vn -0.5906 0.7117 0.3803
vn -0.6841 0.7117 0.1595
vn -0.6966 0.7124 -0.0853
vn -0.6259 0.7111 -0.3203
vn -0.4871 0.7121 -0.5057
vn -0.2886 0.7111 -0.6412
vn -0.0499 0.7142 -0.6982
vn -0.0002 1.0000 0.0002
vn 0.2114 0.7103 -0.6714
vn -0.0002 1.0000 0.0003
vn 0.4093 0.7131 -0.5692
vn 0.0001 1.0000 0.0001
vn 0.6807 0.7125 -0.1705
vn 0.6979 0.7118 0.0797
vn -0.0003 1.0000 -0.0002
vn 0.4807 0.7131 0.5104
vn 0.4093 -0.7131 0.5691
vn 0.1797 -0.7119 0.6789
vn -0.0335 -0.7102 0.7032
vn -0.2731 -0.7130 0.6458
vn -0.4870 -0.7121 0.5056
vn -0.6305 -0.7117 0.3098
vn -0.6979 -0.7117 0.0798
vn -0.6809 -0.7123 -0.1706
vn -0.5883 -0.7110 -0.3852
vn -0.4230 -0.7121 -0.5604
vn -0.2186 -0.7110 -0.6683
vn 0.0499 -0.7141 -0.6982
vn 0.2742 -0.7103 -0.6484
vn 0.4807 -0.7131 -0.5104
vn 0.6260 -0.7110 -0.3203
vn 0.6966 -0.7124 -0.0852
vn 0.6842 -0.7116 0.1596
vn 0.5907 -0.7117 0.3802
vn 0.0001 -1.0000 0.0001
vn -0.0003 -1.0000 -0.0001
vn 0.0001 -1.0000 0.0000
vn -0.2716 -0.7118 0.6477
vn -0.0390 -0.7114 0.7017
vn 0.1943 -0.7119 0.6749
vn 0.4185 -0.7129 0.5627
vn 0.5941 -0.7115 0.3753
vn 0.6846 -0.7116 0.1579
vn 0.6981 -0.7116 -0.0790
vn 0.6282 -0.7125 -0.3126
vn 0.4767 -0.7119 -0.5157
vn 0.2836 -0.7105 -0.6441
vn 0.0517 -0.7146 -0.6976
vn -0.2188 -0.7105 -0.6688
vn -0.4129 -0.7119 -0.5681
vn -0.5846 -0.7125 -0.3882
vn -0.6846 -0.7116 -0.1579
vn 0.0000 -1.0000 0.0002
vn -0.6981 -0.7116 0.0790
vn -0.6325 -0.7115 0.3060
vn -0.4876 -0.7129 0.5040
vn -0.4185 0.7129 0.5627
vn -0.1943 0.7119 0.6749
vn 0.0390 0.7114 0.7017
vn 0.2717 0.7118 0.6477
vn 0.4876 0.7129 0.5041
vn 0.6325 0.7115 0.3060
vn 0.6981 0.7116 0.0790
vn 0.6846 0.7116 -0.1579
vn 0.5846 0.7124 -0.3882
vn 0.4128 0.7119 -0.5681
vn 0.2188 0.7105 -0.6688
vn -0.0517 0.7147 -0.6976
vn -0.2836 0.7105 -0.6440
vn -0.4767 0.7119 -0.5157
vn -0.6282 0.7125 -0.3126
vn -0.6981 0.7116 -0.0789
vn -0.6846 0.7116 0.1579
vn -0.5941 0.7115 0.3753
vn -0.2717 -0.7118 0.6477
vn 0.1944 -0.7118 0.6749
vn 0.4186 -0.7129 0.5626
vn 0.5941 -0.7116 0.3752
vn 0.2836 -0.7105 -0.6440
vn -0.2189 -0.7105 -0.6688
vn -0.4200 -0.7132 -0.5612
vn -0.5911 -0.7101 -0.3825
vn -0.6773 -0.7131 -0.1811
vn -0.6952 -0.7131 0.0904
vn -0.6280 -0.7094 0.3199
vn -0.5007 -0.7142 0.4891
vn -0.4254 0.7142 0.5558
vn 0.4876 0.7128 0.5041
vn 0.6325 0.7115 0.3061
vn 0.6981 0.7116 0.0789
vn 0.5846 0.7125 -0.3881
vn 0.4129 0.7119 -0.5681
vn -0.0517 0.7146 -0.6976
vn -0.4903 0.7131 -0.5011
vn -0.6239 0.7101 -0.3265
vn -0.6952 0.7131 -0.0905
vn -0.6773 0.7131 0.1811
vn -0.6000 0.7094 0.3697
vn -0.3317 -0.4061 -0.8515
vn -0.7005 -0.1007 -0.7065
vn -0.1969 -0.1728 -0.9651
vn -0.1682 -0.2503 -0.9534
vn -0.0002 -0.1695 -0.9855
vn -0.0001 -0.2243 -0.9745
vn 0.1680 -0.2503 -0.9535
vn 0.1966 -0.1728 -0.9651
vn 0.6999 -0.1014 -0.7071
vn 0.3311 -0.4050 -0.8523
vn 0.7068 -0.1641 -0.6881
vn 0.2571 -0.1094 -0.9602
vn -0.0003 -0.0931 -0.9957
vn -0.2575 -0.1094 -0.9601
vn -0.7076 -0.1638 -0.6874
vn -0.5071 0.7840 0.3580
vn -0.4882 -0.1155 0.8650
vn -0.3584 0.7791 0.5143
vn -0.5361 0.6732 0.5094
vn -0.5723 0.6217 0.5348
vn -0.4412 0.3429 0.8294
vn -0.4224 -0.1855 0.8872
vn -0.8495 0.2921 0.4393
vn -0.8136 -0.0194 0.5811
vn 0.5055 0.7849 0.3583
vn 0.3579 0.7802 0.5130
vn 0.4853 -0.1159 0.8666
vn 0.5351 0.6739 0.5094
vn 0.5727 0.6228 0.5331
vn 0.4420 0.3444 0.8282
vn 0.4179 -0.1862 0.8892
vn 0.8449 0.3050 0.4394
vn 0.8110 -0.0167 0.5848
vn -0.8430 -0.0420 -0.5362
vn -0.4192 0.3299 -0.8458
vn -0.0005 0.4385 -0.8987
vn 0.4191 0.3302 -0.8458
vn 0.8434 -0.0426 -0.5356
vn -0.7765 0.3692 0.5106
vn -0.5230 0.7106 0.4706
vn -0.3853 0.8805 0.2763
vn 0.9290 -0.1014 0.3560
vn -0.9043 -0.3125 0.2908
vn -0.9817 -0.1664 -0.0922
vn -0.9374 0.3434 0.0588
vn 0.2664 0.6731 -0.6899
vn -0.6315 0.7292 0.2638
vn -0.6678 0.6986 0.2568
vn -0.7002 0.5745 0.4238
vn -0.6237 0.4597 0.6322
vn -0.3640 0.5293 0.7664
vn -0.3474 -0.9306 -0.1156
vn -0.8202 -0.2798 -0.4989
vn -0.2660 0.6729 -0.6902
vn -0.7363 0.5534 -0.3894
vn -0.3778 0.3569 -0.8543
vn -0.1932 -0.3479 -0.9174
vn -0.1844 -0.8161 -0.5478
vn -0.3163 0.9434 0.0998
vn -0.7968 0.2911 0.5295
vn -0.7424 0.5085 -0.4363
vn -0.8383 -0.2328 -0.4930
vn -0.8881 -0.4494 0.0969
vn -0.5285 -0.7186 0.4521
vn 0.3480 -0.9304 -0.1148
vn 0.8210 -0.2798 -0.4976
vn 0.1863 -0.8160 -0.5472
vn 0.1951 -0.3466 -0.9175
vn 0.3774 0.3568 -0.8545
vn 0.7374 0.5520 -0.3893
vn 0.2577 -0.9594 -0.1145
vn -0.0004 -0.9929 -0.1188
vn 0.2708 -0.9598 -0.0744
vn -0.0008 -0.9998 -0.0211
vn -0.2710 -0.9597 -0.0748
vn -0.2576 -0.9595 -0.1143
vn -0.2760 -0.9486 -0.1551
vn -0.0008 -0.9809 -0.1947
vn -0.3989 -0.9026 -0.1622
vn -0.0011 -0.9721 -0.2345
vn -0.4622 -0.8853 -0.0502
vn -0.0012 -1.0000 -0.0043
vn -0.5353 -0.6922 0.4841
vn -0.0013 -0.8061 0.5917
vn 0.5344 -0.6916 0.4859
vn 0.4630 -0.8850 -0.0487
vn 0.4001 -0.9021 -0.1618
vn 0.2765 -0.9484 -0.1552
vn 0.3157 0.9436 0.1003
vn 0.9378 0.3424 0.0575
vn 0.7965 0.2916 0.5297
vn 0.9055 -0.3110 0.2888
vn 0.5294 -0.7180 0.4519
vn 0.8891 -0.4477 0.0954
vn 0.8390 -0.2343 -0.4911
vn 0.7431 0.5081 -0.4355
vn 0.7661 0.3889 0.5117
vn 0.5206 0.7130 0.4696
vn 0.3852 0.8805 0.2763
vn 0.6321 0.7279 0.2658
vn 0.6662 0.6998 0.2578
vn 0.6988 0.5764 0.4236
vn 0.6415 0.4546 0.6179
vn 0.3521 0.5386 0.7655
vn -0.6086 -0.7748 -0.1712
vn -0.5535 -0.8279 -0.0900
vn -0.6392 -0.7686 -0.0257
vn -0.7693 -0.6355 0.0657
vn -0.8821 -0.3986 0.2511
vn -0.6596 0.0029 0.7516
vn -0.0014 -0.1301 0.9915
vn 0.6585 0.0032 0.7526
vn 0.8828 -0.3963 0.2520
vn 0.7703 -0.6343 0.0660
vn 0.6382 -0.7694 -0.0255
vn 0.5528 -0.8284 -0.0904
vn 0.6094 -0.7742 -0.1710
vn -0.9300 -0.1020 0.3531
vn -0.0027 0.8948 0.4465
vn -0.0044 0.9961 -0.0881
vn -0.3973 0.8600 0.3202
vn -0.3695 0.9080 -0.1974
vn -0.2861 0.4378 -0.8523
vn -0.4658 0.8687 -0.1688
vn -0.5695 0.7969 0.2016
vn -0.6725 0.5867 0.4511
vn -0.4610 0.6585 0.5948
vn -0.0024 0.7246 0.6891
vn -0.6863 -0.1752 -0.7059
vn -0.1285 -0.2817 -0.9508
vn -0.0000 -0.2703 -0.9628
vn -0.1179 -0.3127 -0.9425
vn 0.0000 -0.3384 -0.9410
vn -0.1327 -0.3403 -0.9309
vn 0.0000 -0.3726 -0.9280
vn -0.1218 -0.3482 -0.9295
vn 0.0000 -0.3570 -0.9341
vn -0.0024 0.5788 -0.8155
vn 0.3695 0.9078 -0.1984
vn 0.3944 0.8611 0.3208
vn 0.4471 0.6677 0.5951
vn 0.3225 0.8505 0.4156
vn 0.0130 0.8086 0.5882
vn -0.3305 0.8502 0.4097
vn -0.5601 0.7835 0.2690
vn -0.8284 0.5245 0.1967
vn -0.8631 0.4694 0.1864
vn -0.7147 0.6980 0.0459
vn -0.4325 0.8685 -0.2421
vn -0.5317 0.3456 -0.7732
vn -0.7317 -0.0252 -0.6812
vn -0.7235 -0.0346 -0.6894
vn -0.6947 -0.1003 -0.7123
vn 0.1283 -0.2820 -0.9508
vn 0.1174 -0.3129 -0.9425
vn 0.1322 -0.3405 -0.9309
vn 0.1210 -0.3485 -0.9295
vn 0.2850 0.4378 -0.8527
vn 0.4651 0.8692 -0.1678
vn 0.5708 0.7961 0.2010
vn 0.6508 0.6186 0.4403
vn 0.5499 0.7881 0.2767
vn 0.3403 0.9254 0.1666
vn 0.5396 0.8319 0.1295
vn 0.5702 0.7903 0.2244
vn 0.3181 0.8665 0.3848
vn -0.0778 0.9057 0.4168
vn -0.2427 0.8214 0.5162
vn 0.0152 0.8112 0.5846
vn -0.5558 0.5805 0.5951
vn -0.5806 0.2751 0.7663
vn -0.0207 0.1897 0.9816
vn 0.6074 0.2735 0.7458
vn 0.5558 0.5674 0.6077
vn 0.2380 0.8029 0.5465
vn 0.0939 0.9005 0.4246
vn -0.3163 0.8728 0.3717
vn -0.3322 0.9318 0.1461
vn -0.5511 0.8168 0.1705
vn -0.5193 0.8490 0.0971
vn -0.7424 0.6683 0.0477
vn -0.7159 0.6979 -0.0207
vn -0.9302 0.3616 -0.0637
vn -0.9479 0.2773 -0.1569
vn -0.9905 0.0679 -0.1199
vn -0.9627 -0.0178 -0.2698
vn -0.9415 0.3310 -0.0626
vn -0.9367 0.3388 -0.0890
vn -0.7996 0.5722 -0.1822
vn 0.6860 -0.1757 -0.7061
vn 0.6952 -0.1017 -0.7116
vn 0.7232 -0.0349 -0.6898
vn 0.7317 -0.0244 -0.6812
vn 0.5321 0.3461 -0.7727
vn 0.4304 0.8698 -0.2413
vn 0.7130 0.6996 0.0476
vn 0.8563 0.4923 0.1562
vn 0.8420 0.5224 0.1347
vn 0.7713 0.6365 0.0004
vn 0.7865 0.6107 0.0917
vn 0.8082 0.4022 0.4301
vn 0.6941 0.4538 0.5588
vn 0.4362 0.2257 0.8711
vn 0.0215 0.0530 0.9984
vn -0.3681 -0.1019 0.9242
vn -0.0561 -0.1187 0.9913
vn -0.0370 0.1603 0.9864
vn 0.1359 0.1593 0.9778
vn -0.0377 0.4497 0.8924
vn -0.0154 0.8183 0.5746
vn -0.0048 0.9502 0.3115
vn 0.5659 0.8168 0.1123
vn 0.8286 0.5496 0.1068
vn 0.7767 0.0893 0.6235
vn 0.9472 -0.2180 0.2350
vn 0.6506 -0.7451 0.1468
vn 0.9754 -0.2163 0.0425
vn 0.8539 0.5185 -0.0438
vn -0.0052 0.9990 -0.0446
vn -0.0039 0.9943 -0.1068
vn -0.8567 0.5139 -0.0436
vn -0.8680 0.4876 -0.0939
vn -0.9668 -0.2443 -0.0749
vn -0.9930 -0.1130 -0.0351
vn -0.6512 -0.7577 -0.0422
vn -0.9139 -0.3752 0.1551
vn -0.5038 -0.8629 0.0400
vn -0.0058 -0.6738 0.7389
vn -0.0025 -1.0000 0.0017
vn 0.4978 -0.8664 0.0401
vn -0.0020 -1.0000 0.0034
vn -0.0045 -0.9997 -0.0222
vn -0.6613 -0.7490 -0.0416
vn -0.7019 -0.7123 0.0032
vn -0.9757 -0.2153 0.0417
vn -0.8293 0.5484 0.1072
vn -0.0060 0.9963 0.0858
vn -0.5700 0.8139 0.1130
vn -0.2012 0.1540 0.9674
vn 0.0250 -0.1399 0.9898
vn 0.3719 -0.1010 0.9228
vn -0.0240 0.0638 0.9977
vn -0.3995 0.3016 0.8657
vn -0.7226 0.3953 0.5671
vn -0.7956 0.4921 0.3534
vn -0.9027 0.1489 0.4037
vn -0.9548 -0.1173 0.2732
vn -0.8247 0.2502 0.5072
vn -0.6702 0.4649 0.5786
vn -0.7755 0.0940 0.6243
vn -0.9471 -0.2123 0.2407
vn -0.6551 -0.7406 0.1494
vn -0.0058 -0.9973 0.0732
vn -0.0067 -1.0000 -0.0035
vn 0.6533 -0.7560 -0.0412
vn 0.6470 -0.7613 -0.0420
vn 0.9131 -0.3766 0.1565
vn 0.7914 0.4200 0.4443
vn -0.0025 0.5711 0.8209
vn -0.0024 0.7632 0.6461
vn -0.7946 0.4170 0.4414
vn -0.7945 0.6015 0.0838
vn -0.0038 0.9996 -0.0282
vn 0.8656 0.4917 -0.0944
vn 0.9666 -0.2451 -0.0750
vn 0.6963 -0.7178 0.0025
vn 0.9930 -0.1124 -0.0351
vn 0.7929 0.6035 0.0840
vn -0.0034 0.9425 0.3342
vn 0.7704 0.3001 0.5626
vn 0.8758 0.3535 0.3286
vn 0.8851 -0.0517 0.4626
vn 0.9617 -0.0479 0.2701
vn 0.8867 -0.3803 -0.2629
vn 0.9652 -0.1404 -0.2207
vn 0.9912 0.0818 -0.1036
vn 0.9808 -0.1600 -0.1118
vn 0.9860 -0.1315 -0.1027
vn 0.9899 -0.0901 0.1097
vn 0.9777 -0.1452 0.1517
vn 0.9637 -0.2531 0.0853
vn 0.6637 0.4705 0.5815
vn 0.8287 -0.0005 0.5597
vn 0.8121 0.2755 0.5144
vn 0.9554 -0.0952 0.2794
vn 0.9194 -0.0707 0.3869
vn 0.9824 -0.1627 -0.0915
vn 0.7723 0.5133 0.3742
vn 0.8453 0.5005 -0.1869
vn -0.0062 0.9860 0.1666
vn 0.5218 0.8107 -0.2654
vn -0.0330 0.9433 0.3302
vn 0.3111 0.9081 -0.2803
vn -0.0003 -0.4547 0.8907
vn 0.4250 0.3010 0.8537
vn 0.6895 0.1637 0.7055
vn 0.6911 0.2131 0.6907
vn 0.8155 -0.0343 0.5778
vn 0.8499 0.1097 0.5154
vn 0.9124 -0.0218 0.4088
vn 0.9320 -0.0143 0.3621
vn 0.9748 -0.1533 0.1620
vn 0.9768 -0.1703 0.1296
vn 0.9522 -0.3025 0.0426
vn 0.9934 -0.1138 -0.0123
vn 0.9980 -0.0095 0.0620
vn 0.9741 0.2187 0.0566
vn 0.9431 0.3211 0.0865
vn 0.9592 0.1862 0.2127
vn 0.9972 0.0616 0.0420
vn 0.9717 0.1017 0.2131
vn 0.9802 -0.1967 -0.0201
vn 0.9817 -0.1273 0.1418
vn 0.8845 -0.4642 -0.0457
vn 0.9120 -0.3975 0.1011
vn 0.9338 -0.2455 0.2602
vn 0.9035 -0.0225 0.4279
vn 0.6435 0.3858 0.6611
vn 0.0003 0.4987 0.8668
vn -0.6362 0.4159 0.6499
vn -0.9031 0.0402 0.4276
vn -0.9305 -0.2455 0.2719
vn -0.9046 -0.4151 0.0966
vn -0.8840 -0.4653 -0.0451
vn -0.8869 -0.3793 -0.2638
vn -0.9802 -0.1967 -0.0201
vn -0.9649 -0.1397 -0.2223
vn -0.9930 0.0649 -0.0986
vn -0.9812 -0.1566 -0.1127
vn -0.9864 -0.1304 -0.0999
vn -0.9893 -0.0866 0.1178
vn -0.9773 -0.1360 0.1625
vn -0.9666 -0.2403 0.0892
vn -0.9971 -0.0242 0.0726
vn -0.9538 0.2871 0.0888
vn -0.9969 0.0658 0.0427
vn -0.9706 0.1136 0.2121
vn -0.9780 -0.1677 0.1241
vn -0.9509 -0.0217 0.3087
vn -0.8271 0.3136 0.4665
vn -0.5182 0.6430 0.5639
vn 0.0025 0.7663 0.6424
vn 0.5467 0.5901 0.5941
vn 0.8635 0.2015 0.4624
vn 0.9618 -0.0056 0.2736
vn 0.9740 0.0623 0.2179
vn 0.5965 -0.2387 0.7663
vn 0.5791 -0.3708 0.7261
vn 0.7117 -0.3833 0.5887
vn 0.6906 0.2466 0.6799
vn 0.4039 0.3074 0.8616
vn 0.0026 0.3132 0.9497
vn -0.4287 0.3042 0.8507
vn -0.6968 0.1632 0.6985
vn -0.8402 -0.0116 0.5422
vn -0.9130 -0.0843 0.3991
vn -0.9704 -0.1360 0.1994
vn -0.9578 -0.2828 0.0506
vn -0.9935 -0.1142 0.0013
vn -0.9803 0.1837 0.0722
vn -0.9580 0.1690 0.2315
vn -0.9429 -0.0248 0.3321
vn -0.8798 0.3164 0.3548
vn -0.7139 0.5574 0.4239
vn -0.5097 0.6919 0.5114
vn -0.0067 0.7596 0.6504
vn 0.5158 0.6641 0.5412
vn 0.8026 0.4382 0.4049
vn 0.4915 0.4101 0.7683
vn -0.0297 0.1724 0.9846
vn -0.5510 0.3959 0.7346
vn -0.7877 0.2449 0.5653
vn -0.8516 0.1555 0.5007
vn -0.8608 0.1432 0.4884
vn -0.7963 0.3601 0.4861
vn -0.1098 0.9562 0.2713
vn 0.0014 0.7460 0.6660
vn -0.9620 0.0171 0.2724
vn -0.5827 -0.2328 0.7786
vn 0.0028 0.3266 0.9451
vn -0.4094 0.3075 0.8590
vn -0.6991 0.2087 0.6839
vn -0.8267 -0.0485 0.5606
vn -0.9060 -0.0407 0.4213
vn 0.6587 -0.2675 0.7032
vn 0.4019 -0.4537 0.7954
vn -0.2564 -0.9202 -0.2958
vn -0.1446 -0.8297 -0.5392
vn -0.6102 -0.7853 0.1045
vn 0.3880 0.3734 0.8426
vn 0.0022 0.4143 0.9101
vn -0.0436 -0.4880 0.8718
vn -0.4421 -0.3425 0.8290
vn -0.3939 0.3700 0.8414
vn -0.6675 -0.2699 0.6940
vn -0.6997 0.2430 0.6718
vn -0.7205 -0.3915 0.5724
vn -0.8643 0.0990 0.4931
vn -0.9275 0.0011 0.3739
vn -0.5683 -0.3522 0.7436
vn -0.9774 -0.1293 0.1674
vn -0.8382 -0.4079 0.3620
vn -0.9620 0.0698 0.2638
vn 0.0307 0.7458 0.6655
vn -0.7211 0.6892 0.0708
vn 0.1301 0.9537 0.2712
vn -0.7943 0.5453 -0.2679
vn 0.0598 0.9978 -0.0296
vn -0.7622 0.2852 -0.5811
vn 0.1443 0.9895 0.0069
vn -0.3698 0.4633 -0.8053
vn 0.4274 0.4704 -0.7720
vn -0.1628 0.9867 -0.0009
vn 0.0242 0.6433 -0.7652
vn -0.0126 0.9641 0.2651
vn 0.8273 -0.4416 0.3472
vn 0.6172 -0.7748 0.1368
vn 0.9693 0.0737 0.2345
vn 0.7079 0.7063 -0.0018
vn 0.7739 0.5451 -0.3224
vn 0.7878 0.2886 -0.5442
vn -0.0555 0.9982 -0.0238
vn -0.7849 0.1721 0.5953
vn -0.5464 0.2582 0.7967
vn -0.0285 0.3976 0.9171
vn 0.4827 0.2661 0.8344
vn 0.7655 0.1865 0.6159
vn 0.8899 0.1331 0.4362
vn 0.8410 0.3512 0.4116
vn 0.3924 0.7622 -0.5149
vn -0.0011 0.8816 -0.4719
vn 0.4511 0.8057 -0.3838
vn -0.0025 0.9285 -0.3713
vn -0.4508 0.8061 -0.3834
vn -0.3916 0.7622 -0.5154
vn -0.8066 0.3192 -0.4974
vn -0.8585 0.3868 -0.3367
vn -0.8367 0.4605 -0.2966
vn -0.4056 0.8447 -0.3492
vn -0.0037 0.9362 -0.3515
vn 0.4054 0.8447 -0.3495
vn 0.8360 0.4607 -0.2983
vn 0.8576 0.3884 -0.3372
vn 0.8075 0.3188 -0.4963
vn 0.4768 -0.8730 0.1022
vn 0.3527 -0.9322 0.0817
vn -0.0028 -0.9892 0.1463
vn -0.0014 -0.9935 0.1141
vn -0.0016 -0.9986 0.0532
vn 0.2954 -0.9554 0.0069
vn 0.9639 -0.1965 -0.1797
vn 0.8657 -0.3956 -0.3066
vn 0.7295 -0.6839 -0.0089
vn 0.5866 -0.8054 -0.0850
vn 0.9832 -0.0531 -0.1744
vn 0.8462 -0.5326 -0.0169
vn -0.4759 -0.8736 0.1015
vn -0.3550 -0.9313 0.0816
vn -0.2968 -0.9549 0.0069
vn -0.9644 -0.1914 -0.1824
vn -0.7296 -0.6839 -0.0092
vn -0.8656 -0.3954 -0.3072
vn -0.5852 -0.8065 -0.0843
vn -0.9835 -0.0526 -0.1731
vn -0.8488 -0.5283 -0.0186
vn 0.9903 0.0724 -0.1182
vn 0.9490 0.3097 -0.0592
vn 0.9136 0.0731 0.4000
vn -0.6340 -0.2181 0.7420
vn -0.5859 -0.2671 0.7651
vn -0.4601 -0.3350 0.8222
vn 0.2220 -0.5037 0.8349
vn 0.0140 -0.6142 0.7890
vn -0.2529 -0.4884 0.8352
vn -0.1992 -0.0347 0.9793
vn -0.1911 -0.4897 0.8507
vn 0.1930 -0.0353 0.9806
vn 0.5933 -0.2901 0.7509
vn 0.5319 -0.3978 0.7476
vn 0.4753 -0.3640 0.8010
vn 0.9564 0.2326 -0.1765
vn 0.9633 -0.0147 -0.2681
vn 0.9401 0.3186 -0.1214
vn 0.9364 0.3394 -0.0889
vn 0.8001 0.5714 -0.1828
vn 0.2413 -0.5063 0.8279
vn 0.0081 -0.6156 0.7880
vn 0.3733 -0.6026 0.7053
vn -0.4680 -0.4368 0.7682
vn 0.0850 -0.9361 -0.3413
vn 0.0404 -0.9929 -0.1121
vn 0.2635 -0.9193 -0.2924
vn 0.4720 0.6186 -0.6282
vn 0.0204 0.4582 -0.8886
vn -0.4220 0.6066 -0.6737
vn -0.3346 0.8901 -0.3095
vn -0.5493 0.8059 -0.2207
vn -0.8627 0.4934 -0.1109
vn -0.7753 0.5041 0.3806
vn 0.0031 -0.1186 0.9929
vn 0.0021 0.7966 0.6045
vn 0.9402 -0.2745 0.2015
vn 0.8972 -0.4300 -0.1007
vn 0.7469 -0.5888 -0.3090
vn 0.5465 -0.5671 -0.6162
vn 0.3691 -0.4759 -0.7983
vn -0.0037 -0.4657 -0.8849
vn -0.3625 -0.4732 -0.8029
vn -0.5370 -0.5661 -0.6254
vn -0.7334 -0.5947 -0.3294
vn -0.8910 -0.4384 -0.1184
vn -0.9378 -0.2613 0.2284
vn 0.0017 -0.7576 0.6527
vn 0.0067 -0.9958 0.0916
vn 0.0017 -0.8521 -0.5234
vn -0.0976 0.5685 0.8169
vn -0.2127 0.5886 0.7800
vn -0.0867 0.5964 0.7980
vn -0.0674 0.6293 0.7743
vn -0.2794 0.5136 0.8113
vn -0.1066 0.5430 0.8329
vn -0.0310 0.6328 0.7737
vn -0.0004 0.6376 0.7704
vn -0.0007 0.4277 0.9039
vn 0.1063 0.5422 0.8335
vn 0.0308 0.6327 0.7738
vn 0.0669 0.6292 0.7743
vn 0.2806 0.5122 0.8118
vn 0.2122 0.5887 0.7800
vn 0.0867 0.5964 0.7980
vn 0.0971 0.5682 0.8171
vn 0.2741 0.6121 0.7417
vn 0.0851 0.5604 0.8239
vn 0.1448 0.6737 0.7247
vn -0.0006 0.5597 0.8287
vn -0.0012 0.6865 0.7272
vn -0.1453 0.6728 0.7254
vn -0.0855 0.5608 0.8235
vn -0.2729 0.6115 0.7427
vn -0.8271 0.3293 0.4555
vn -0.7225 -0.0971 0.6845
vn -0.3646 -0.1166 0.9238
vn -0.0010 -0.2530 0.9675
vn 0.3632 -0.1172 0.9243
vn 0.7225 -0.0981 0.6844
vn 0.8275 0.3286 0.4553
vn 0.7477 0.6452 0.1571
vn 0.4008 0.9043 0.1466
vn -0.0010 0.9525 0.3046
vn -0.4018 0.9039 0.1466
vn -0.7479 0.6448 0.1577
vn -0.9342 0.3305 -0.1345
vn -0.9956 0.0324 0.0875
vn -0.9097 -0.2790 0.3077
vn -0.5186 -0.6405 0.5664
vn -0.0015 -0.7524 0.6587
vn 0.5190 -0.6381 0.5688
vn 0.9086 -0.2809 0.3092
vn 0.9956 0.0323 0.0875
vn 0.9333 0.3324 -0.1361
vn 0.5726 0.7380 -0.3570
vn -0.0015 0.9167 -0.3995
vn -0.5723 0.7364 -0.3608
vn -0.4728 0.5486 0.6895
vn -0.5123 0.4719 0.7175
vn -0.4723 0.5264 0.7070
vn -0.4945 0.2863 0.8207
vn -0.6397 0.2707 0.7194
vn -0.5362 0.0648 0.8416
vn -0.5072 -0.1026 0.8557
vn -0.3095 -0.2104 0.9274
vn -0.2808 -0.2223 0.9337
vn -0.3688 -0.1882 0.9103
vn -0.2695 -0.1611 0.9494
vn -0.3272 -0.1148 0.9380
vn -0.2341 -0.0633 0.9701
vn -0.2798 -0.0375 0.9593
vn -0.2156 -0.0029 0.9765
vn -0.2785 0.0075 0.9604
vn -0.2355 0.0525 0.9705
vn -0.7436 0.0558 0.6663
vn -0.5878 0.0757 0.8055
vn -0.9978 -0.0142 0.0641
vn -0.9954 -0.0614 -0.0734
vn -0.9143 -0.1681 -0.3685
vn -0.7958 -0.1899 -0.5750
vn -0.5161 -0.2242 -0.8267
vn -0.3452 -0.2106 -0.9146
vn -0.0002 -0.2210 -0.9753
vn -0.0002 -0.2287 -0.9735
vn 0.3445 -0.2114 -0.9147
vn 0.5153 -0.2243 -0.8271
vn 0.7953 -0.1901 -0.5756
vn 0.9141 -0.1682 -0.3688
vn 0.9954 -0.0614 -0.0734
vn 0.9978 -0.0147 0.0648
vn 0.7433 0.0553 0.6667
vn 0.5873 0.0766 0.8058
vn 0.2354 0.0524 0.9705
vn 0.1754 0.0701 0.9820
vn -0.0003 0.0424 0.9991
vn -0.0001 0.0523 0.9986
vn -0.1757 0.0703 0.9819
vn -0.0008 -0.2524 0.9676
vn -0.0005 -0.2663 0.9639
vn 0.3093 -0.2104 0.9274
vn 0.2806 -0.2222 0.9337
vn 0.5081 -0.1027 0.8552
vn 0.3688 -0.1879 0.9103
vn 0.2690 -0.1612 0.9495
vn 0.3272 -0.1152 0.9379
vn 0.2339 -0.0634 0.9702
vn 0.2800 -0.0375 0.9593
vn 0.2154 -0.0026 0.9765
vn 0.2789 0.0077 0.9603
vn 0.6400 0.2703 0.7192
vn 0.5123 0.4719 0.7175
vn 0.4938 0.2864 0.8211
vn 0.4723 0.5264 0.7070
vn 0.4728 0.5486 0.6895
vn -0.0003 -0.0173 0.9999
vn -0.0003 -0.0988 0.9951
vn -0.0005 -0.1939 0.9810
vn -0.3227 -0.0505 0.9452
vn -0.2766 0.0702 0.9584
vn -0.0011 -0.0477 0.9989
vn -0.0010 0.0531 0.9986
vn 0.2740 0.0704 0.9592
vn 0.3211 -0.0504 0.9457
vn 0.5366 0.0645 0.8414
vn 0.0000 -0.9959 -0.0905
vn -0.0000 -0.9985 -0.0538
vn -0.0000 -0.9980 -0.0630
vn 0.0000 -0.9975 0.0706
vn -0.0000 -0.9784 0.2069
vn -0.0000 -0.9750 0.2223
vn 0.0000 -0.9634 0.2682
vn 0.0000 -0.9985 -0.0539
vn -0.0000 -0.9750 0.2224
vn 0.6471 -0.7623 0.0160
vn 0.5603 -0.4368 -0.7037
vn 0.4902 0.0115 -0.8715
vn 0.5669 0.4480 -0.6913
vn 0.6499 0.7598 0.0154
vn 0.4391 0.4797 0.7596
vn 0.3147 0.0128 0.9491
vn 0.4289 -0.4676 0.7729
vn -0.4289 -0.4676 0.7729
vn -0.6471 -0.7623 0.0160
vn -0.5603 -0.4368 -0.7037
vn -0.4902 0.0115 -0.8715
vn -0.5669 0.4480 -0.6913
vn -0.6499 0.7598 0.0154
vn -0.4391 0.4797 0.7596
vn -0.3147 0.0128 0.9491
vn -0.4317 0.3468 -0.8327
vn -0.8188 0.0374 -0.5729
vn -0.6938 0.1764 -0.6983
vn -0.8959 -0.2887 -0.3377
vn -0.8981 -0.2887 -0.3317
vn -0.7643 -0.6328 -0.1242
vn -0.6138 -0.7876 -0.0541
vn -0.3705 -0.9278 0.0444
vn -0.2939 -0.9557 0.0142
vn -0.0014 -0.9996 0.0291
vn -0.0017 -0.9999 0.0169
vn 0.2921 -0.9563 0.0105
vn 0.3698 -0.9281 0.0442
vn 0.6164 -0.7860 -0.0477
vn 0.7670 -0.6312 -0.1151
vn 0.8996 -0.2843 -0.3315
vn 0.8981 -0.2887 -0.3317
vn 0.8223 0.0446 -0.5673
vn 0.6983 0.1830 -0.6920
vn 0.4336 0.3493 -0.8307
vn 0.3094 0.3758 -0.8735
vn -0.0014 0.4224 -0.9064
vn -0.0012 0.4266 -0.9044
vn -0.3100 0.3757 -0.8733
usemtl Dr_Doof_lo
s 1
f 203/1/1 8/2/2 201/3/3
f 8/2/2 1/4/4 201/3/3
f 201/3/3 1/4/4 199/5/5
f 1/4/4 7/6/6 199/5/5
f 199/5/5 7/6/6 2/7/7
f 7/6/6 5/8/8 2/7/7
f 2/7/7 5/8/8 197/9/9
f 5/8/8 4/10/10 197/9/9
f 197/9/9 4/10/10 3/11/11
f 3/11/11 4/10/10 171/12/12
f 171/12/12 4/10/10 170/13/13
f 170/13/13 4/10/10 210/14/14
f 210/14/14 4/10/10 208/15/15
f 4/10/10 5/8/8 208/15/15
f 208/15/15 5/8/8 6/16/16
f 5/8/8 7/6/6 6/16/16
f 6/16/16 7/6/6 206/17/17
f 7/6/6 1/4/4 206/17/17
f 206/17/17 1/4/4 205/18/18
f 1/4/4 8/2/2 205/18/18
f 202/19/19 166/20/20 9/21/21
f 166/20/20 10/22/22 9/21/21
f 9/21/21 10/22/22 19/23/23
f 19/23/23 10/22/22 12/24/24
f 10/22/22 11/25/25 12/24/24
f 11/25/25 13/26/26 12/24/24
f 12/24/24 13/26/26 14/27/27
f 13/26/26 15/28/28 14/27/27
f 14/27/27 15/28/28 16/29/29
f 15/28/28 164/30/30 16/29/29
f 16/29/29 164/30/30 17/31/31
f 164/30/30 219/32/32 17/31/31
f 219/32/32 189/33/33 17/31/31
f 17/31/31 189/33/33 16/29/29
f 189/33/33 188/34/34 16/29/29
f 188/34/34 18/35/35 16/29/29
f 16/29/29 18/35/35 14/27/27
f 18/35/35 19/23/23 14/27/27
f 14/27/27 19/23/23 12/24/24
f 41/36/36 40/37/37 87/38/38
f 87/38/38 40/37/37 89/39/39
f 40/37/37 38/40/40 89/39/39
f 32/41/41 55/42/42 20/43/43
f 55/42/42 21/44/44 20/43/43
f 20/43/43 21/44/44 61/45/45
f 61/45/45 21/44/44 71/46/46
f 21/44/44 73/47/47 71/46/46
f 23/48/48 24/49/49 22/50/50
f 22/50/50 24/49/49 25/51/51
f 24/49/49 26/52/52 25/51/51
f 25/51/51 26/52/52 35/53/53
f 26/52/52 27/54/54 35/53/53
f 35/53/53 27/54/54 28/55/55
f 27/54/54 43/56/56 28/55/55
f 28/55/55 43/56/56 29/57/57
f 43/56/56 44/58/58 29/57/57
f 44/58/58 46/59/59 29/57/57
f 46/59/59 48/60/60 29/57/57
f 29/57/57 48/60/60 30/61/61
f 48/60/60 50/62/62 30/61/61
f 50/62/62 51/63/63 30/61/61
f 30/61/61 51/63/63 36/64/64
f 51/63/63 53/65/65 36/64/64
f 36/64/64 53/65/65 31/66/66
f 53/65/65 54/67/67 31/66/66
f 31/66/66 54/67/67 34/68/68
f 54/67/67 32/69/41 34/68/68
f 32/69/41 20/43/43 34/68/68
f 20/43/43 33/70/69 34/68/68
f 33/70/69 22/50/50 34/68/68
f 22/50/50 25/51/51 34/68/68
f 34/68/68 25/51/51 31/66/66
f 25/51/51 35/53/53 31/66/66
f 31/66/66 35/53/53 36/64/64
f 35/53/53 28/55/55 36/64/64
f 36/64/64 28/55/55 30/61/61
f 28/55/55 29/57/57 30/61/61
f 65/71/70 89/39/39 37/72/71
f 89/39/39 38/40/40 37/72/71
f 37/72/71 38/40/40 63/73/72
f 63/73/72 38/40/40 39/74/73
f 38/40/40 40/37/37 39/74/73
f 39/74/73 40/37/37 23/75/48
f 23/75/48 40/37/37 24/49/49
f 40/37/37 41/76/36 24/49/49
f 41/76/36 42/77/74 24/49/49
f 24/49/49 42/77/74 26/52/52
f 42/77/74 97/78/75 26/52/52
f 26/52/52 97/78/75 27/54/54
f 97/78/75 95/79/76 27/54/54
f 27/54/54 95/79/76 43/56/56
f 95/79/76 94/80/77 43/56/56
f 43/56/56 94/80/77 44/58/58
f 94/80/77 45/81/21 44/58/58
f 45/81/21 81/82/78 44/58/58
f 44/58/58 81/82/78 46/59/59
f 81/82/78 79/83/79 46/59/59
f 79/83/79 47/84/80 46/59/59
f 46/59/59 47/84/80 48/60/60
f 47/84/80 78/85/81 48/60/60
f 48/60/60 78/85/81 50/62/62
f 78/85/81 49/86/82 50/62/62
f 49/86/82 52/87/83 50/62/62
f 50/62/62 52/87/83 51/88/63
f 51/88/63 52/87/83 53/89/65
f 52/87/83 60/90/84 53/89/65
f 53/89/65 60/90/84 54/91/67
f 60/90/84 58/92/85 54/91/67
f 54/91/67 58/92/85 32/41/41
f 58/92/85 56/93/86 32/41/41
f 32/41/41 56/93/86 55/42/42
f 55/42/42 56/93/86 76/94/87
f 56/93/86 58/92/85 76/94/87
f 76/94/87 58/92/85 57/95/88
f 57/95/88 58/92/85 59/96/89
f 58/92/85 60/90/84 59/96/89
f 59/96/89 60/90/84 49/86/82
f 60/90/84 52/87/83 49/86/82
f 71/46/46 72/97/90 61/45/45
f 72/97/90 62/98/91 61/45/45
f 61/45/45 62/98/91 20/43/43
f 62/98/91 33/99/69 20/43/43
f 63/100/72 64/101/92 37/102/71
f 64/101/92 70/103/93 37/102/71
f 37/102/71 70/103/93 65/104/70
f 70/103/93 66/105/94 65/104/70
f 65/104/70 66/105/94 67/106/95
f 66/105/94 68/107/96 67/106/95
f 67/106/95 68/107/96 91/108/97
f 91/108/97 68/107/96 69/109/98
f 68/107/96 66/105/94 69/109/98
f 69/109/98 66/105/94 73/110/47
f 66/105/94 70/103/93 73/110/47
f 73/110/47 70/103/93 71/111/46
f 70/103/93 64/101/92 71/111/46
f 71/111/46 64/101/92 72/112/90
f 69/109/98 73/110/47 93/113/99
f 73/110/47 21/114/44 93/113/99
f 93/113/99 21/114/44 74/115/100
f 21/114/44 55/116/42 74/115/100
f 74/115/100 55/116/42 92/117/101
f 92/117/101 55/116/42 75/118/102
f 55/116/42 76/119/87 75/118/102
f 75/118/102 76/119/87 86/120/103
f 86/120/103 76/119/87 77/121/97
f 76/119/87 57/122/88 77/121/97
f 77/121/97 57/122/88 84/123/97
f 57/122/88 59/124/89 84/123/97
f 59/124/89 49/125/82 84/123/97
f 84/123/97 49/125/82 80/126/104
f 49/125/82 78/127/81 80/126/104
f 78/127/81 47/128/80 80/126/104
f 47/128/80 79/129/79 80/126/104
f 79/129/79 81/130/78 80/126/104
f 81/130/78 45/131/21 80/126/104
f 45/131/21 82/132/105 80/126/104
f 80/126/104 82/132/105 84/123/97
f 82/132/105 83/133/35 84/123/97
f 83/133/35 85/134/106 84/123/97
f 84/123/97 85/134/106 77/121/97
f 85/134/106 100/135/107 77/121/97
f 77/121/97 100/135/107 86/120/103
f 86/120/103 100/135/107 75/118/102
f 100/135/107 87/136/38 75/118/102
f 75/118/102 87/136/38 92/117/101
f 92/117/101 87/136/38 88/137/108
f 87/136/38 89/138/39 88/137/108
f 88/137/108 89/138/39 90/139/109
f 89/138/39 65/104/70 90/139/109
f 65/104/70 67/106/95 90/139/109
f 67/106/95 91/108/97 90/139/109
f 90/139/109 91/108/97 88/137/108
f 88/137/108 91/108/97 92/117/101
f 92/117/101 91/108/97 74/115/100
f 74/115/100 91/108/97 93/113/99
f 91/108/97 69/109/98 93/113/99
f 45/81/21 94/80/77 82/140/105
f 82/140/105 94/80/77 96/141/110
f 94/80/77 95/142/76 96/141/110
f 95/142/76 97/143/75 96/141/110
f 96/141/110 97/143/75 101/144/111
f 97/143/75 42/145/74 101/144/111
f 101/144/111 42/145/74 98/146/112
f 42/145/74 41/36/36 98/146/112
f 98/146/112 41/36/36 99/147/113
f 41/36/36 87/38/38 99/147/113
f 87/38/38 100/148/107 99/147/113
f 99/147/113 100/148/107 98/146/112
f 100/148/107 85/149/106 98/146/112
f 85/149/106 83/150/35 98/146/112
f 98/146/112 83/150/35 101/144/111
f 83/150/35 82/140/105 101/144/111
f 101/144/111 82/140/105 96/141/110
f 148/151/114 141/152/115 102/153/116
f 102/153/116 141/152/115 135/154/117
f 141/152/115 103/155/118 135/154/117
f 135/154/117 103/155/118 104/156/119
f 103/155/118 105/157/120 104/156/119
f 104/156/119 105/157/120 106/158/121
f 105/157/120 144/159/122 106/158/121
f 106/158/121 144/159/122 137/160/123
f 144/159/122 146/161/124 137/160/123
f 137/160/123 146/161/124 107/162/125
f 146/161/124 147/163/126 107/162/125
f 107/162/125 147/163/126 108/164/127
f 147/163/126 109/165/128 108/164/127
f 108/164/127 109/165/128 140/166/129
f 109/165/128 110/167/130 140/166/129
f 140/166/129 110/167/130 154/168/131
f 148/169/114 159/170/132 111/171/133
f 111/171/133 159/170/132 142/172/134
f 159/170/132 158/173/135 142/172/134
f 142/172/134 158/173/135 143/174/136
f 158/173/135 112/175/137 143/174/136
f 143/174/136 112/175/137 145/176/138
f 112/175/137 113/177/139 145/176/138
f 145/176/138 113/177/139 114/178/140
f 113/177/139 157/179/141 114/178/140
f 157/179/141 156/180/142 114/178/140
f 114/178/140 156/180/142 115/181/143
f 156/180/142 155/182/144 115/181/143
f 115/181/143 155/182/144 116/183/145
f 155/182/144 117/184/146 116/183/145
f 116/183/145 117/184/146 118/185/147
f 117/184/146 154/186/131 118/185/147
f 148/187/114 128/188/148 149/189/149
f 128/188/148 119/190/150 149/189/149
f 149/189/149 119/190/150 150/191/151
f 119/190/150 120/192/152 150/191/151
f 150/191/151 120/192/152 121/193/153
f 120/192/152 122/194/154 121/193/153
f 121/193/153 122/194/154 151/195/155
f 151/195/155 122/194/154 152/196/156
f 122/194/154 123/197/157 152/196/156
f 152/196/156 123/197/157 124/198/158
f 123/197/157 125/199/159 124/198/158
f 124/198/158 125/199/159 126/200/160
f 125/199/159 131/201/161 126/200/160
f 126/200/160 131/201/161 153/202/162
f 131/201/161 127/203/163 153/202/162
f 153/202/162 127/203/163 154/204/131
f 148/205/114 133/206/164 128/188/148
f 128/188/148 133/206/164 119/190/150
f 133/206/164 134/207/165 119/190/150
f 119/190/150 134/207/165 120/192/152
f 134/207/165 129/208/166 120/192/152
f 120/192/152 129/208/166 122/194/154
f 129/208/166 136/209/167 122/194/154
f 122/194/154 136/209/167 123/197/157
f 136/209/167 130/210/168 123/197/157
f 123/197/157 130/210/168 125/199/159
f 130/210/168 138/211/169 125/199/159
f 125/199/159 138/211/169 131/201/161
f 138/211/169 139/212/170 131/201/161
f 131/201/161 139/212/170 127/203/163
f 139/212/170 132/213/171 127/203/163
f 127/203/163 132/213/171 154/214/131
f 148/215/114 102/153/116 133/206/164
f 133/206/164 102/153/116 134/207/165
f 102/153/116 135/154/117 134/207/165
f 134/207/165 135/154/117 129/208/166
f 135/154/117 104/156/119 129/208/166
f 129/208/166 104/156/119 136/209/167
f 104/156/119 106/158/121 136/209/167
f 136/209/167 106/158/121 130/210/168
f 106/158/121 137/160/123 130/210/168
f 130/210/168 137/160/123 138/211/169
f 137/160/123 107/162/125 138/211/169
f 138/211/169 107/162/125 139/212/170
f 107/162/125 108/164/127 139/212/170
f 139/212/170 108/164/127 132/213/171
f 108/164/127 140/166/129 132/213/171
f 132/213/171 140/166/129 154/216/131
f 148/217/114 111/218/133 141/152/115
f 141/152/115 111/218/133 103/155/118
f 111/218/133 142/219/134 103/155/118
f 103/155/118 142/219/134 105/157/120
f 142/219/134 143/220/136 105/157/120
f 105/157/120 143/220/136 144/159/122
f 143/220/136 145/221/138 144/159/122
f 144/159/122 145/221/138 146/161/124
f 145/221/138 114/222/140 146/161/124
f 146/161/124 114/222/140 147/163/126
f 114/222/140 115/223/143 147/163/126
f 147/163/126 115/223/143 109/165/128
f 115/223/143 116/224/145 109/165/128
f 109/165/128 116/224/145 110/167/130
f 116/224/145 118/225/147 110/167/130
f 110/167/130 118/225/147 154/226/131
f 221/227/172 220/228/173 160/229/174
f 160/229/174 220/228/173 161/230/175
f 220/228/173 163/231/176 161/230/175
f 161/230/175 163/231/176 162/232/177
f 162/232/177 163/231/176 196/233/178
f 163/231/176 164/234/30 196/233/178
f 164/234/30 15/235/28 196/233/178
f 196/233/178 15/235/28 198/236/179
f 15/235/28 13/237/26 198/236/179
f 198/236/179 13/237/26 165/238/180
f 13/237/26 11/239/25 165/238/180
f 165/238/180 11/239/25 200/240/181
f 11/239/25 10/22/22 200/240/181
f 200/240/181 10/22/22 166/20/20
f 167/241/182 177/242/183 168/243/184
f 177/242/183 169/244/91 168/243/184
f 168/243/184 169/244/91 170/13/13
f 169/244/91 171/245/12 170/13/13
f 160/246/174 176/247/185 221/248/172
f 176/247/185 172/249/186 221/248/172
f 221/248/172 172/249/186 222/250/187
f 172/249/186 175/251/188 222/250/187
f 222/250/187 175/251/188 192/252/189
f 175/251/188 173/253/190 192/252/189
f 192/252/189 173/253/190 174/254/97
f 174/254/97 173/253/190 178/255/191
f 173/253/190 175/251/188 178/255/191
f 178/255/191 175/251/188 218/256/192
f 175/251/188 172/249/186 218/256/192
f 218/256/192 172/249/186 167/257/182
f 172/249/186 176/247/185 167/257/182
f 167/257/182 176/247/185 177/258/183
f 178/255/191 218/256/192 195/259/99
f 218/256/192 217/260/44 195/259/99
f 195/259/99 217/260/44 194/261/100
f 217/260/44 216/262/193 194/261/100
f 194/261/100 216/262/193 179/263/101
f 179/263/101 216/262/193 180/264/102
f 216/262/193 212/265/194 180/264/102
f 180/264/102 212/265/194 181/266/103
f 181/266/103 212/265/194 182/267/97
f 212/265/194 183/268/195 182/267/97
f 182/267/97 183/268/195 187/269/97
f 183/268/195 213/270/196 187/269/97
f 213/270/196 215/271/197 187/269/97
f 187/269/97 215/271/197 186/272/104
f 215/271/197 204/273/198 186/272/104
f 204/273/198 184/274/80 186/272/104
f 184/274/80 185/275/199 186/272/104
f 185/275/199 202/276/19 186/272/104
f 202/276/19 9/277/21 186/272/104
f 9/277/21 19/278/23 186/272/104
f 186/272/104 19/278/23 187/269/97
f 19/278/23 18/279/35 187/269/97
f 18/279/35 188/280/34 187/269/97
f 187/269/97 188/280/34 182/267/97
f 188/280/34 189/281/33 182/267/97
f 182/267/97 189/281/33 181/266/103
f 181/266/103 189/281/33 180/264/102
f 189/281/33 219/282/32 180/264/102
f 180/264/102 219/282/32 179/263/101
f 179/263/101 219/282/32 193/283/200
f 219/282/32 190/284/201 193/283/200
f 193/283/200 190/284/201 191/285/202
f 190/284/201 222/250/187 191/285/202
f 222/250/187 192/252/189 191/285/202
f 192/252/189 174/254/97 191/285/202
f 191/285/202 174/254/97 193/283/200
f 193/283/200 174/254/97 179/263/101
f 179/263/101 174/254/97 194/261/100
f 194/261/100 174/254/97 195/259/99
f 174/254/97 178/255/191 195/259/99
f 162/286/177 196/233/178 3/11/11
f 3/11/11 196/233/178 197/9/9
f 196/233/178 198/236/179 197/9/9
f 197/9/9 198/236/179 2/7/7
f 198/236/179 165/238/180 2/7/7
f 2/7/7 165/238/180 199/5/5
f 165/238/180 200/240/181 199/5/5
f 199/5/5 200/240/181 201/3/3
f 200/240/181 166/20/20 201/3/3
f 201/3/3 166/20/20 203/1/1
f 166/20/20 202/19/19 203/1/1
f 202/19/19 185/287/199 203/1/1
f 185/287/199 184/288/80 203/1/1
f 203/1/1 184/288/80 8/2/2
f 184/288/80 204/289/198 8/2/2
f 8/2/2 204/289/198 205/18/18
f 204/289/198 215/290/197 205/18/18
f 215/290/197 207/291/203 205/18/18
f 205/18/18 207/291/203 206/292/17
f 206/292/17 207/291/203 6/293/16
f 207/291/203 214/294/204 6/293/16
f 6/293/16 214/294/204 208/295/15
f 214/294/204 209/296/205 208/295/15
f 208/295/15 209/296/205 210/297/14
f 209/296/205 211/298/206 210/297/14
f 210/297/14 211/298/206 216/299/193
f 216/299/193 211/298/206 212/300/194
f 211/298/206 209/296/205 212/300/194
f 212/300/194 209/296/205 183/301/195
f 183/301/195 209/296/205 213/302/196
f 209/296/205 214/294/204 213/302/196
f 213/302/196 214/294/204 215/290/197
f 214/294/204 207/291/203 215/290/197
f 210/297/14 216/299/193 170/13/13
f 216/299/193 217/303/44 170/13/13
f 170/13/13 217/303/44 168/243/184
f 168/243/184 217/303/44 167/241/182
f 217/303/44 218/304/192 167/241/182
f 164/30/30 163/231/176 219/32/32
f 219/32/32 163/231/176 190/305/201
f 163/231/176 220/228/173 190/305/201
f 220/228/173 221/227/172 190/305/201
f 190/305/201 221/227/172 222/306/187
f 232/307/207 231/308/208 223/309/209
f 223/309/209 231/308/208 224/310/210
f 231/308/208 233/311/211 224/310/210
f 224/310/210 233/311/211 225/312/212
f 233/311/211 226/313/213 225/312/212
f 225/312/212 226/313/213 259/314/214
f 226/313/213 234/315/215 259/314/214
f 259/314/214 234/315/215 227/316/157
f 234/315/215 235/317/216 227/316/157
f 227/316/157 235/317/216 262/318/217
f 235/317/216 236/319/218 262/318/217
f 262/318/217 236/319/218 228/320/219
f 236/319/218 229/321/220 228/320/219
f 228/320/219 229/321/220 265/322/221
f 229/321/220 230/323/222 265/322/221
f 265/322/221 230/323/222 257/324/223
f 232/325/207 238/326/224 231/308/208
f 231/308/208 238/326/224 233/311/211
f 238/326/224 240/327/225 233/311/211
f 233/311/211 240/327/225 226/313/213
f 240/327/225 241/328/226 226/313/213
f 226/313/213 241/328/226 234/315/215
f 241/328/226 243/329/121 234/315/215
f 234/315/215 243/329/121 235/317/216
f 243/329/121 245/330/227 235/317/216
f 235/317/216 245/330/227 236/319/218
f 245/330/227 247/331/228 236/319/218
f 236/319/218 247/331/228 229/321/220
f 247/331/228 249/332/229 229/321/220
f 229/321/220 249/332/229 230/323/222
f 249/332/229 237/333/230 230/323/222
f 230/323/222 237/333/230 257/334/223
f 232/335/207 239/336/231 238/326/224
f 238/326/224 239/336/231 240/327/225
f 239/336/231 251/337/232 240/327/225
f 240/327/225 251/337/232 241/328/226
f 251/337/232 242/338/233 241/328/226
f 241/328/226 242/338/233 243/329/121
f 242/338/233 244/339/234 243/329/121
f 243/329/121 244/339/234 245/330/227
f 244/339/234 246/340/235 245/330/227
f 245/330/227 246/340/235 247/331/228
f 246/340/235 248/341/236 247/331/228
f 247/331/228 248/341/236 249/332/229
f 248/341/236 255/342/237 249/332/229
f 249/332/229 255/342/237 237/333/230
f 255/342/237 250/343/238 237/333/230
f 237/333/230 250/343/238 257/344/223
f 232/345/207 266/346/239 239/336/231
f 239/336/231 266/346/239 251/337/232
f 266/346/239 268/347/240 251/337/232
f 251/337/232 268/347/240 242/338/233
f 268/347/240 252/348/241 242/338/233
f 242/338/233 252/348/241 244/339/234
f 252/348/241 253/349/242 244/339/234
f 244/339/234 253/349/242 246/340/235
f 253/349/242 254/350/243 246/340/235
f 246/340/235 254/350/243 248/341/236
f 254/350/243 272/351/244 248/341/236
f 248/341/236 272/351/244 255/342/237
f 272/351/244 273/352/245 255/342/237
f 255/342/237 273/352/245 250/343/238
f 273/352/245 256/353/246 250/343/238
f 250/343/238 256/353/246 257/354/223
f 232/355/207 223/309/209 275/356/247
f 223/309/209 224/310/210 275/356/247
f 275/356/247 224/310/210 258/357/248
f 224/310/210 225/312/212 258/357/248
f 258/357/248 225/312/212 276/358/153
f 225/312/212 259/314/214 276/358/153
f 276/358/153 259/314/214 277/359/155
f 277/359/155 259/314/214 260/360/249
f 259/314/214 227/316/157 260/360/249
f 260/360/249 227/316/157 261/361/158
f 227/316/157 262/318/217 261/361/158
f 261/361/158 262/318/217 263/362/250
f 262/318/217 228/320/219 263/362/250
f 263/362/250 228/320/219 264/363/251
f 228/320/219 265/322/221 264/363/251
f 264/363/251 265/322/221 257/364/223
f 232/365/207 267/366/252 266/367/239
f 266/367/239 267/366/252 268/368/240
f 267/366/252 269/369/253 268/368/240
f 268/368/240 269/369/253 252/370/241
f 269/369/253 280/371/254 252/370/241
f 252/370/241 280/371/254 253/372/242
f 280/371/254 270/373/255 253/372/242
f 253/372/242 270/373/255 254/374/243
f 270/373/255 271/375/256 254/374/243
f 271/375/256 279/376/257 254/374/243
f 254/374/243 279/376/257 272/377/244
f 279/376/257 278/378/258 272/377/244
f 272/377/244 278/378/258 273/379/245
f 278/378/258 274/380/259 273/379/245
f 273/379/245 274/380/259 256/381/246
f 274/380/259 257/382/223 256/381/246
f 282/383/260 283/384/261 281/385/262
f 281/385/262 283/384/261 355/386/263
f 283/384/261 284/387/264 355/386/263
f 355/386/263 284/387/264 356/388/265
f 356/388/265 284/387/264 357/389/266
f 284/387/264 1544/390/267 357/389/266
f 357/389/266 1544/390/267 358/391/268
f 1544/390/267 1546/392/269 358/391/268
f 1546/392/269 285/393/270 358/391/268
f 358/391/268 285/393/270 360/394/271
f 360/394/271 285/393/270 361/395/272
f 285/393/270 286/396/273 361/395/272
f 361/395/272 286/396/273 287/397/274
f 286/396/273 289/398/275 287/397/274
f 287/397/274 289/398/275 363/399/276
f 289/398/275 1551/400/277 363/399/276
f 1551/400/277 288/401/278 363/399/276
f 363/399/276 288/401/278 365/402/279
f 1551/400/277 289/398/275 1549/403/280
f 1549/403/280 289/398/275 290/404/281
f 289/398/275 286/396/273 290/404/281
f 290/404/281 286/396/273 1546/392/269
f 286/396/273 285/393/270 1546/392/269
f 291/405/282 351/406/283 435/407/284
f 351/406/283 292/408/285 435/407/284
f 435/407/284 292/408/285 293/409/286
f 292/408/285 294/410/287 293/409/286
f 293/409/286 294/410/287 295/411/288
f 294/410/287 296/412/289 295/411/288
f 295/411/288 296/412/289 437/413/290
f 437/413/290 296/412/289 297/414/291
f 296/412/289 314/415/292 297/414/291
f 297/414/291 314/415/292 298/416/293
f 314/415/292 300/417/294 298/416/293
f 298/416/293 300/417/294 299/418/295
f 299/418/295 300/417/294 301/419/296
f 300/417/294 302/420/297 301/419/296
f 301/419/296 302/420/297 303/421/298
f 302/420/297 316/422/299 303/421/298
f 303/421/298 316/422/299 439/423/300
f 439/423/300 316/422/299 304/424/301
f 316/422/299 306/425/302 304/424/301
f 304/424/301 306/425/302 305/426/303
f 305/426/303 306/425/302 442/427/304
f 306/425/302 307/428/305 442/427/304
f 442/427/304 307/428/305 443/429/306
f 443/429/306 307/428/305 308/430/307
f 307/428/305 309/431/308 308/430/307
f 308/430/307 309/431/308 310/432/309
f 309/431/308 311/433/310 310/432/309
f 310/432/309 311/433/310 354/434/311
f 354/434/311 311/433/310 353/435/312
f 311/433/310 312/436/313 353/435/312
f 353/435/312 312/436/313 351/406/283
f 351/406/283 312/436/313 292/408/285
f 312/436/313 313/437/314 292/408/285
f 292/408/285 313/437/314 294/410/287
f 294/410/287 313/437/314 296/412/289
f 296/412/289 313/437/314 314/415/292
f 313/437/314 315/438/315 314/415/292
f 314/415/292 315/438/315 300/417/294
f 300/417/294 315/438/315 302/420/297
f 315/438/315 317/439/316 302/420/297
f 302/420/297 317/439/316 316/422/299
f 316/422/299 317/439/316 306/425/302
f 306/425/302 317/439/316 307/428/305
f 307/428/305 317/439/316 309/431/308
f 317/439/316 315/438/315 309/431/308
f 309/431/308 315/438/315 311/433/310
f 311/433/310 315/438/315 312/436/313
f 315/438/315 313/437/314 312/436/313
f 348/440/317 319/441/318 318/442/319
f 318/442/319 319/441/318 331/443/320
f 319/441/318 454/444/321 331/443/320
f 331/443/320 454/444/321 332/445/322
f 454/444/321 467/446/323 332/445/322
f 332/445/322 467/446/323 320/447/324
f 467/446/323 321/448/325 320/447/324
f 321/448/325 465/449/326 320/447/324
f 320/447/324 465/449/326 322/450/327
f 465/449/326 323/451/328 322/450/327
f 322/450/327 323/451/328 334/452/329
f 323/451/328 324/453/330 334/452/329
f 324/453/330 463/454/331 334/452/329
f 334/452/329 463/454/331 325/455/332
f 463/454/331 462/456/333 325/455/332
f 325/455/332 462/456/333 335/457/334
f 462/456/333 326/458/335 335/457/334
f 326/458/335 459/459/336 335/457/334
f 335/457/334 459/459/336 336/460/337
f 459/459/336 458/461/338 336/460/337
f 458/461/338 457/462/339 336/460/337
f 336/460/337 457/462/339 327/463/340
f 457/462/339 328/464/341 327/463/340
f 328/464/341 345/465/342 327/463/340
f 327/463/340 345/465/342 338/466/343
f 345/465/342 344/467/344 338/466/343
f 338/466/343 344/467/344 329/468/345
f 344/467/344 342/469/346 329/468/345
f 342/469/346 340/470/347 329/468/345
f 329/468/345 340/470/347 330/471/348
f 340/470/347 318/442/319 330/471/348
f 318/442/319 331/443/320 330/471/348
f 330/471/348 331/443/320 333/472/349
f 331/443/320 332/445/322 333/472/349
f 332/445/322 320/447/324 333/472/349
f 320/447/324 322/450/327 333/472/349
f 333/472/349 322/450/327 339/473/350
f 322/450/327 334/452/329 339/473/350
f 334/452/329 325/455/332 339/473/350
f 339/473/350 325/455/332 337/474/351
f 325/455/332 335/457/334 337/474/351
f 335/457/334 336/460/337 337/474/351
f 336/460/337 327/463/340 337/474/351
f 327/463/340 338/466/343 337/474/351
f 337/474/351 338/466/343 339/473/350
f 338/466/343 329/468/345 339/473/350
f 329/468/345 330/471/348 339/473/350
f 339/473/350 330/471/348 333/472/349
f 340/475/347 342/476/346 341/477/352
f 341/477/352 342/476/346 369/478/353
f 369/478/353 342/476/346 343/479/354
f 342/476/346 344/480/344 343/479/354
f 344/480/344 345/481/342 343/479/354
f 343/479/354 345/481/342 368/482/355
f 345/481/342 328/483/341 368/482/355
f 368/482/355 328/483/341 366/484/356
f 328/483/341 346/485/357 366/484/356
f 366/484/356 346/485/357 347/486/358
f 346/485/357 348/487/317 347/486/358
f 347/486/358 348/487/317 364/488/359
f 348/487/317 372/489/360 364/488/359
f 364/488/359 372/489/360 362/490/361
f 372/489/360 371/491/362 362/490/361
f 362/490/361 371/491/362 349/492/363
f 371/491/362 350/493/364 349/492/363
f 349/492/363 350/493/364 291/494/282
f 291/494/282 350/493/364 351/495/283
f 350/493/364 352/496/365 351/495/283
f 351/495/283 352/496/365 353/497/312
f 352/496/365 281/385/262 353/497/312
f 353/497/312 281/385/262 354/498/311
f 281/385/262 355/386/263 354/498/311
f 355/386/263 356/388/265 354/498/311
f 354/498/311 356/388/265 310/499/309
f 310/499/309 356/388/265 308/500/307
f 356/388/265 357/389/266 308/500/307
f 308/500/307 357/389/266 443/501/306
f 357/389/266 358/391/268 443/501/306
f 443/501/306 358/391/268 359/502/366
f 358/391/268 360/394/271 359/502/366
f 359/502/366 360/394/271 291/494/282
f 360/394/271 361/395/272 291/494/282
f 291/494/282 361/395/272 349/492/363
f 349/492/363 361/395/272 362/490/361
f 361/395/272 287/397/274 362/490/361
f 362/490/361 287/397/274 364/488/359
f 287/397/274 363/399/276 364/488/359
f 363/399/276 365/402/279 364/488/359
f 364/488/359 365/402/279 347/486/358
f 347/486/358 365/402/279 366/484/356
f 365/402/279 288/401/278 366/484/356
f 288/401/278 367/503/367 366/484/356
f 366/484/356 367/503/367 368/482/355
f 367/503/367 1553/504/368 368/482/355
f 368/482/355 1553/504/368 343/479/354
f 343/479/354 1553/504/368 369/478/353
f 1553/504/368 1554/505/369 369/478/353
f 369/478/353 1554/505/369 341/477/352
f 1554/505/369 282/383/260 341/477/352
f 341/477/352 282/383/260 375/506/370
f 282/383/260 281/385/262 375/506/370
f 281/385/262 352/496/365 375/506/370
f 375/506/370 352/496/365 370/507/371
f 352/496/365 350/493/364 370/507/371
f 350/493/364 371/491/362 370/507/371
f 370/507/371 371/491/362 373/508/372
f 371/491/362 372/489/360 373/508/372
f 372/489/360 348/487/317 373/508/372
f 348/487/317 318/509/319 373/508/372
f 373/508/372 318/509/319 374/510/373
f 318/509/319 340/475/347 374/510/373
f 340/475/347 341/477/352 374/510/373
f 341/477/352 375/506/370 374/510/373
f 375/506/370 370/507/371 374/510/373
f 374/510/373 370/507/371 373/508/372
f 381/511/374 466/512/375 376/513/376
f 466/512/375 460/514/377 376/513/376
f 376/513/376 460/514/377 383/515/378
f 383/515/378 460/514/377 385/516/379
f 460/514/377 461/517/380 385/516/379
f 385/516/379 461/517/380 386/518/381
f 461/517/380 377/519/382 386/518/381
f 386/518/381 377/519/382 378/520/383
f 377/519/382 464/521/384 378/520/383
f 464/521/384 379/522/385 378/520/383
f 378/520/383 379/522/385 387/523/386
f 379/522/385 380/524/387 387/523/386
f 387/523/386 380/524/387 388/525/388
f 380/524/387 381/511/374 388/525/388
f 388/525/388 381/511/374 382/526/389
f 381/511/374 376/513/376 382/526/389
f 382/526/389 376/513/376 391/527/390
f 376/513/376 383/515/378 391/527/390
f 391/527/390 383/515/378 393/528/391
f 393/528/391 383/515/378 384/529/392
f 383/515/378 385/516/379 384/529/392
f 384/529/392 385/516/379 395/530/393
f 385/516/379 386/518/381 395/530/393
f 395/530/393 386/518/381 396/531/394
f 386/518/381 378/520/383 396/531/394
f 378/520/383 387/523/386 396/531/394
f 396/531/394 387/523/386 398/532/395
f 387/523/386 388/525/388 398/532/395
f 398/532/395 388/525/388 389/533/396
f 388/525/388 382/526/389 389/533/396
f 389/533/396 382/526/389 390/534/397
f 382/526/389 391/527/390 390/534/397
f 390/534/397 391/527/390 392/535/398
f 391/527/390 393/528/391 392/535/398
f 392/535/398 393/528/391 402/536/399
f 402/536/399 393/528/391 404/537/400
f 393/528/391 384/529/392 404/537/400
f 404/537/400 384/529/392 394/538/401
f 384/529/392 395/530/393 394/538/401
f 394/538/401 395/530/393 397/539/402
f 395/530/393 396/531/394 397/539/402
f 396/531/394 398/532/395 397/539/402
f 397/539/402 398/532/395 399/540/403
f 398/532/395 389/533/396 399/540/403
f 399/540/403 389/533/396 403/541/404
f 389/533/396 390/534/397 403/541/404
f 403/541/404 390/534/397 401/542/405
f 390/534/397 392/535/398 401/542/405
f 401/542/405 392/535/398 400/543/406
f 392/535/398 402/536/399 400/543/406
f 440/544/407 436/545/408 415/546/409
f 436/545/408 405/547/410 415/546/409
f 415/546/409 405/547/410 406/548/411
f 406/548/411 405/547/410 418/549/412
f 405/547/410 438/550/413 418/549/412
f 418/549/412 438/550/413 407/551/414
f 438/550/413 408/552/415 407/551/414
f 407/551/414 408/552/415 420/553/416
f 408/552/415 409/554/417 420/553/416
f 409/554/417 410/555/418 420/553/416
f 420/553/416 410/555/418 411/556/419
f 410/555/418 412/557/420 411/556/419
f 411/556/419 412/557/420 413/558/421
f 412/557/420 440/544/407 413/558/421
f 413/558/421 440/544/407 414/559/422
f 440/544/407 415/546/409 414/559/422
f 414/559/422 415/546/409 416/560/423
f 415/546/409 406/548/411 416/560/423
f 416/560/423 406/548/411 424/561/424
f 424/561/424 406/548/411 417/562/425
f 406/548/411 418/549/412 417/562/425
f 417/562/425 418/549/412 419/563/426
f 418/549/412 407/551/414 419/563/426
f 419/563/426 407/551/414 421/564/394
f 407/551/414 420/553/416 421/564/394
f 420/553/416 411/556/419 421/564/394
f 421/564/394 411/556/419 429/565/395
f 411/556/419 413/558/421 429/565/395
f 429/565/395 413/558/421 422/566/427
f 413/558/421 414/559/422 422/566/427
f 422/566/427 414/559/422 431/567/428
f 414/559/422 416/560/423 431/567/428
f 431/567/428 416/560/423 423/568/429
f 416/560/423 424/561/424 423/568/429
f 423/568/429 424/561/424 425/569/430
f 425/569/430 424/561/424 426/570/431
f 424/561/424 417/562/425 426/570/431
f 426/570/431 417/562/425 427/571/432
f 417/562/425 419/563/426 427/571/432
f 427/571/432 419/563/426 428/572/433
f 419/563/426 421/564/394 428/572/433
f 421/564/394 429/565/395 428/572/433
f 428/572/433 429/565/395 430/573/434
f 429/565/395 422/566/427 430/573/434
f 430/573/434 422/566/427 434/574/435
f 422/566/427 431/567/428 434/574/435
f 434/574/435 431/567/428 433/575/436
f 431/567/428 423/568/429 433/575/436
f 433/575/436 423/568/429 432/576/437
f 423/568/429 425/569/430 432/576/437
f 435/577/284 293/578/286 445/579/438
f 445/579/438 293/578/286 441/580/439
f 293/578/286 295/581/288 441/580/439
f 441/580/439 295/581/288 436/545/408
f 295/581/288 437/582/290 436/545/408
f 436/545/408 437/582/290 405/547/410
f 405/547/410 437/582/290 438/550/413
f 437/582/290 297/583/291 438/550/413
f 438/550/413 297/583/291 408/552/415
f 297/583/291 298/584/293 408/552/415
f 408/552/415 298/584/293 409/554/417
f 298/584/293 299/585/295 409/554/417
f 299/585/295 301/586/296 409/554/417
f 409/554/417 301/586/296 410/555/418
f 301/586/296 303/587/298 410/555/418
f 410/555/418 303/587/298 412/557/420
f 303/587/298 439/588/300 412/557/420
f 412/557/420 439/588/300 440/544/407
f 440/544/407 439/588/300 436/545/408
f 439/588/300 304/589/301 436/545/408
f 436/545/408 304/589/301 441/580/439
f 304/589/301 305/590/303 441/580/439
f 441/580/439 305/590/303 445/579/438
f 305/590/303 442/591/304 445/579/438
f 445/579/438 442/591/304 444/592/440
f 442/591/304 443/593/306 444/592/440
f 443/593/306 359/594/366 444/592/440
f 359/594/366 291/595/282 444/592/440
f 291/595/282 435/577/284 444/592/440
f 444/592/440 435/577/284 445/579/438
f 446/596/441 447/597/442 448/598/443
f 447/597/442 559/599/444 448/598/443
f 559/599/444 558/600/445 448/598/443
f 448/598/443 558/600/445 449/601/446
f 558/600/445 557/602/447 449/601/446
f 557/602/447 567/603/448 449/601/446
f 567/603/448 446/596/441 449/601/446
f 449/601/446 446/596/441 448/598/443
f 450/604/449 566/605/450 452/606/451
f 566/605/450 451/607/452 452/606/451
f 451/607/452 562/608/453 452/606/451
f 562/608/453 563/609/454 452/606/451
f 563/609/454 453/610/455 452/606/451
f 452/606/451 453/610/455 450/604/449
f 454/611/321 319/612/318 455/613/456
f 455/613/456 319/612/318 456/614/457
f 319/612/318 348/615/317 456/614/457
f 348/615/317 346/616/357 456/614/457
f 346/616/357 328/617/341 456/614/457
f 328/617/341 457/618/339 456/614/457
f 456/614/457 457/618/339 455/613/456
f 457/618/339 458/619/338 455/613/456
f 455/613/456 458/619/338 468/620/458
f 458/619/338 459/621/336 468/620/458
f 468/620/458 459/621/336 466/512/375
f 459/621/336 326/622/335 466/512/375
f 466/512/375 326/622/335 460/514/377
f 460/514/377 326/622/335 461/517/380
f 326/622/335 462/623/333 461/517/380
f 461/517/380 462/623/333 377/519/382
f 462/623/333 463/624/331 377/519/382
f 377/519/382 463/624/331 464/521/384
f 463/624/331 324/625/330 464/521/384
f 324/625/330 323/626/328 464/521/384
f 464/521/384 323/626/328 379/522/385
f 323/626/328 465/627/326 379/522/385
f 379/522/385 465/627/326 380/524/387
f 465/627/326 321/628/325 380/524/387
f 380/524/387 321/628/325 381/511/374
f 381/511/374 321/628/325 466/512/375
f 321/628/325 467/629/323 466/512/375
f 466/512/375 467/629/323 468/620/458
f 467/629/323 454/611/321 468/620/458
f 468/620/458 454/611/321 455/613/456
f 469/630/459 470/631/460 471/632/461
f 470/631/460 472/633/462 471/632/461
f 471/632/461 472/633/462 473/634/463
f 472/633/462 494/635/464 473/634/463
f 473/634/463 494/635/464 474/636/465
f 494/635/464 493/637/466 474/636/465
f 474/636/465 493/637/466 475/638/467
f 493/637/466 491/639/468 475/638/467
f 475/638/467 491/639/468 477/640/469
f 491/639/468 476/641/470 477/640/469
f 476/641/470 488/642/471 477/640/469
f 477/640/469 488/642/471 478/643/472
f 488/642/471 479/644/473 478/643/472
f 478/643/472 479/644/473 480/645/474
f 479/644/473 481/646/475 480/645/474
f 480/645/474 481/646/475 482/647/476
f 481/646/475 487/648/477 482/647/476
f 482/647/476 487/648/477 483/649/478
f 487/648/477 485/650/479 483/649/478
f 483/649/478 485/650/479 484/651/480
f 485/652/479 487/653/477 486/654/481
f 486/654/481 487/653/477 498/655/482
f 487/653/477 481/656/475 498/655/482
f 498/655/482 481/656/475 500/657/483
f 500/657/483 481/656/475 502/658/484
f 481/656/475 479/659/473 502/658/484
f 479/659/473 488/660/471 502/658/484
f 502/658/484 488/660/471 489/661/485
f 488/660/471 476/662/470 489/661/485
f 489/661/485 476/662/470 490/663/486
f 490/663/486 476/662/470 505/664/487
f 476/662/470 491/665/468 505/664/487
f 505/664/487 491/665/468 492/666/488
f 491/665/468 493/667/466 492/666/488
f 493/667/466 494/668/464 492/666/488
f 492/666/488 494/668/464 495/669/489
f 495/669/489 494/668/464 509/670/490
f 494/668/464 472/671/462 509/670/490
f 509/670/490 472/671/462 511/672/491
f 472/671/462 470/673/460 511/672/491
f 496/674/492 486/675/481 497/676/493
f 486/675/481 498/677/482 497/676/493
f 497/676/493 498/677/482 499/678/494
f 498/677/482 500/679/483 499/678/494
f 499/678/494 500/679/483 501/680/495
f 500/679/483 502/681/484 501/680/495
f 501/680/495 502/681/484 503/682/496
f 502/681/484 489/683/485 503/682/496
f 503/682/496 489/683/485 504/684/497
f 489/683/485 490/685/486 504/684/497
f 490/685/486 505/686/487 504/684/497
f 504/684/497 505/686/487 506/687/498
f 505/686/487 492/688/488 506/687/498
f 506/687/498 492/688/488 507/689/499
f 492/688/488 495/690/489 507/689/499
f 507/689/499 495/690/489 508/691/500
f 495/690/489 509/692/490 508/691/500
f 508/691/500 509/692/490 510/693/501
f 509/692/490 511/694/491 510/693/501
f 510/693/501 511/694/491 512/695/502
f 514/696/503 527/697/504 513/698/505
f 513/698/505 527/697/504 555/699/506
f 555/699/506 527/697/504 515/700/507
f 527/697/504 516/701/508 515/700/507
f 515/700/507 516/701/508 517/702/509
f 516/701/508 530/703/510 517/702/509
f 517/702/509 530/703/510 518/704/511
f 530/703/510 532/705/512 518/704/511
f 518/704/511 532/705/512 519/706/513
f 532/705/512 535/707/514 519/706/513
f 535/707/514 520/708/515 519/706/513
f 519/706/513 520/708/515 548/709/516
f 520/708/515 521/710/517 548/709/516
f 548/709/516 521/710/517 522/711/518
f 521/710/517 523/712/519 522/711/518
f 522/711/518 523/712/519 524/713/520
f 523/712/519 525/714/521 524/713/520
f 524/713/520 525/714/521 544/715/522
f 544/715/522 525/714/521 542/716/523
f 525/714/521 540/717/524 542/716/523
f 526/718/525 528/719/526 514/720/503
f 514/720/503 528/719/526 527/721/504
f 527/721/504 528/719/526 516/722/508
f 528/719/526 529/723/527 516/722/508
f 516/722/508 529/723/527 530/724/510
f 529/723/527 531/725/528 530/724/510
f 530/724/510 531/725/528 532/726/512
f 531/725/528 533/727/529 532/726/512
f 532/726/512 533/727/529 535/728/514
f 533/727/529 534/729/530 535/728/514
f 534/729/530 536/730/531 535/728/514
f 535/728/514 536/730/531 520/731/515
f 536/730/531 537/732/532 520/731/515
f 520/731/515 537/732/532 521/733/517
f 537/732/532 538/734/533 521/733/517
f 521/733/517 538/734/533 523/735/519
f 538/734/533 539/736/534 523/735/519
f 523/735/519 539/736/534 525/737/521
f 525/737/521 539/736/534 540/738/524
f 539/736/534 541/739/535 540/738/524
f 543/740/536 545/741/537 542/742/523
f 542/742/523 545/741/537 544/743/522
f 544/743/522 545/741/537 524/744/520
f 545/741/537 546/745/538 524/744/520
f 524/744/520 546/745/538 522/746/518
f 546/745/538 547/747/539 522/746/518
f 522/746/518 547/747/539 548/748/516
f 547/747/539 549/749/540 548/748/516
f 548/748/516 549/749/540 519/750/513
f 549/749/540 550/751/541 519/750/513
f 550/751/541 551/752/542 519/750/513
f 519/750/513 551/752/542 518/753/511
f 551/752/542 552/754/543 518/753/511
f 518/753/511 552/754/543 517/755/509
f 552/754/543 553/756/544 517/755/509
f 517/755/509 553/756/544 515/757/507
f 553/756/544 554/758/545 515/757/507
f 515/757/507 554/758/545 555/759/506
f 555/759/506 554/758/545 513/760/505
f 554/758/545 556/761/546 513/760/505
f 566/605/450 567/603/448 451/607/452
f 567/603/448 557/602/447 451/607/452
f 451/607/452 557/602/447 562/608/453
f 557/602/447 558/600/445 562/608/453
f 562/608/453 558/600/445 561/762/547
f 558/600/445 559/599/444 561/762/547
f 561/762/547 559/599/444 560/763/548
f 559/599/444 447/597/442 560/763/548
f 447/597/442 571/764/549 560/763/548
f 560/763/548 571/764/549 561/762/547
f 571/764/549 570/765/550 561/762/547
f 561/762/547 570/765/550 562/608/453
f 570/765/550 568/766/551 562/608/453
f 562/608/453 568/766/551 563/609/454
f 568/766/551 564/767/552 563/609/454
f 563/609/454 564/767/552 453/610/455
f 564/767/552 565/768/553 453/610/455
f 453/610/455 565/768/553 450/604/449
f 450/604/449 565/768/553 566/605/450
f 566/605/450 565/768/553 567/603/448
f 567/603/448 565/768/553 446/596/441
f 565/768/553 564/767/552 446/596/441
f 446/596/441 564/767/552 569/769/554
f 564/767/552 568/766/551 569/769/554
f 568/766/551 570/765/550 569/769/554
f 569/769/554 570/765/550 572/770/555
f 570/765/550 571/764/549 572/770/555
f 571/764/549 447/597/442 572/770/555
f 447/597/442 446/596/441 572/770/555
f 572/770/555 446/596/441 569/769/554
f 579/771/556 578/772/557 573/773/558
f 578/772/557 577/774/559 573/773/558
f 573/773/558 577/774/559 631/775/560
f 577/774/559 575/776/561 631/775/560
f 631/775/560 575/776/561 574/777/562
f 574/777/562 575/776/561 634/778/563
f 634/778/563 575/776/561 695/779/564
f 695/779/564 575/776/561 576/780/565
f 575/776/561 577/774/559 576/780/565
f 576/780/565 577/774/559 581/781/566
f 577/774/559 578/782/557 581/781/566
f 581/781/566 578/782/557 580/783/567
f 578/782/557 579/784/556 580/783/567
f 579/784/556 629/785/568 580/783/567
f 580/783/567 629/785/568 581/781/566
f 629/785/568 628/786/569 581/781/566
f 581/781/566 628/786/569 576/780/565
f 628/786/569 627/787/570 576/780/565
f 576/780/565 627/787/570 695/779/564
f 627/787/570 582/788/571 695/779/564
f 695/779/564 582/788/571 583/789/572
f 582/788/571 589/790/573 583/789/572
f 583/789/572 589/790/573 693/791/574
f 589/790/573 584/792/575 693/791/574
f 693/791/574 584/792/575 585/793/576
f 584/792/575 586/794/577 585/793/576
f 585/793/576 586/794/577 587/795/578
f 587/795/578 586/794/577 692/796/579
f 586/794/577 584/792/575 692/796/579
f 692/796/579 584/792/575 588/797/580
f 584/792/575 589/790/573 588/797/580
f 588/797/580 589/790/573 690/798/581
f 690/798/581 589/790/573 688/799/582
f 589/790/573 582/788/571 688/799/582
f 582/788/571 590/800/583 688/799/582
f 688/799/582 590/800/583 685/801/584
f 590/800/583 591/802/585 685/801/584
f 685/801/584 591/802/585 592/803/586
f 591/802/585 670/804/587 592/803/586
f 592/803/586 670/804/587 675/805/588
f 670/804/587 597/806/589 675/805/588
f 675/805/588 597/806/589 673/807/590
f 597/806/589 593/808/591 673/807/590
f 673/807/590 593/808/591 672/809/592
f 593/808/591 594/810/593 672/809/592
f 672/809/592 594/810/593 671/811/594
f 594/810/593 600/812/595 671/811/594
f 671/811/594 600/812/595 669/813/596
f 600/812/595 595/814/597 669/813/596
f 669/813/596 595/814/597 596/815/598
f 595/814/597 598/816/599 596/815/598
f 596/815/598 598/816/599 597/806/589
f 597/806/589 598/816/599 593/808/591
f 598/816/599 599/817/600 593/808/591
f 593/808/591 599/817/600 594/810/593
f 594/810/593 599/817/600 600/812/595
f 600/812/595 599/817/600 595/814/597
f 599/817/600 598/816/599 595/814/597
f 627/787/570 601/818/601 582/788/571
f 601/818/601 602/819/602 582/788/571
f 582/788/571 602/819/602 590/820/583
f 590/820/583 602/819/602 603/821/603
f 602/819/602 632/822/604 603/821/603
f 632/822/604 604/823/605 603/821/603
f 603/821/603 604/823/605 649/824/606
f 604/823/605 613/825/607 649/824/606
f 649/824/606 613/825/607 605/826/608
f 613/825/607 607/827/609 605/826/608
f 607/827/609 606/828/610 605/826/608
f 605/826/608 606/828/610 650/829/611
f 650/829/611 606/828/610 652/830/612
f 652/830/612 606/828/610 653/831/613
f 653/831/613 606/828/610 647/832/614
f 606/828/610 607/827/609 647/832/614
f 647/832/614 607/827/609 663/833/615
f 607/827/609 613/825/607 663/833/615
f 663/833/615 613/825/607 654/834/616
f 613/825/607 612/835/617 654/834/616
f 654/834/616 612/835/617 614/836/618
f 612/835/617 611/837/619 614/836/618
f 614/836/618 611/837/619 608/838/620
f 611/837/619 609/839/621 608/838/620
f 608/838/620 609/839/621 610/840/622
f 610/840/622 609/839/621 616/841/623
f 609/839/621 611/837/619 616/841/623
f 616/841/623 611/837/619 618/842/624
f 611/837/619 612/835/617 618/842/624
f 618/842/624 612/835/617 620/843/625
f 612/835/617 613/825/607 620/843/625
f 613/825/607 604/823/605 620/843/625
f 604/823/605 625/844/626 620/843/625
f 620/843/625 625/844/626 619/845/627
f 625/844/626 654/834/616 619/845/627
f 654/834/616 614/836/618 619/845/627
f 619/845/627 614/836/618 617/846/628
f 614/836/618 608/838/620 617/846/628
f 617/846/628 608/838/620 615/847/629
f 608/838/620 610/840/622 615/847/629
f 610/840/622 616/841/623 615/847/629
f 615/847/629 616/841/623 617/846/628
f 616/841/623 618/842/624 617/846/628
f 617/846/628 618/842/624 619/845/627
f 618/842/624 620/843/625 619/845/627
f 686/848/630 621/849/631 687/850/632
f 687/850/632 621/849/631 689/851/633
f 621/849/631 694/852/634 689/851/633
f 689/851/633 694/852/634 691/853/635
f 694/852/634 622/854/636 691/853/635
f 691/853/635 622/854/636 623/855/637
f 695/856/564 624/857/638 634/858/563
f 624/857/638 625/844/626 634/858/563
f 632/822/604 602/819/602 574/777/562
f 602/819/602 601/818/601 574/777/562
f 574/777/562 601/818/601 626/859/639
f 601/818/601 627/787/570 626/859/639
f 627/787/570 628/786/569 626/859/639
f 626/859/639 628/786/569 630/860/640
f 628/786/569 629/785/568 630/860/640
f 629/785/568 579/784/556 630/860/640
f 579/784/556 573/773/558 630/860/640
f 573/773/558 631/775/560 630/860/640
f 630/860/640 631/775/560 626/859/639
f 631/775/560 574/777/562 626/859/639
f 574/777/562 634/778/563 632/822/604
f 634/778/563 635/861/641 632/822/604
f 635/861/641 633/862/642 632/822/604
f 632/822/604 633/862/642 604/863/605
f 604/863/605 633/862/642 625/864/626
f 633/862/642 636/865/643 625/864/626
f 625/864/626 636/865/643 634/778/563
f 636/865/643 638/866/644 634/778/563
f 634/778/563 638/866/644 635/861/641
f 638/866/644 639/867/645 635/861/641
f 639/867/645 642/868/646 635/861/641
f 635/861/641 642/868/646 633/862/642
f 642/868/646 637/869/647 633/862/642
f 633/862/642 637/869/647 636/865/643
f 636/865/643 637/869/647 638/866/644
f 637/869/647 644/870/648 638/866/644
f 638/866/644 644/870/648 639/867/645
f 644/870/648 640/871/649 639/867/645
f 640/871/649 641/872/650 639/867/645
f 639/867/645 641/872/650 642/868/646
f 642/868/646 641/872/650 637/869/647
f 641/872/650 643/873/651 637/869/647
f 637/869/647 643/873/651 644/870/648
f 643/873/651 645/874/652 644/870/648
f 644/870/648 645/874/652 640/871/649
f 645/874/652 643/873/651 640/871/649
f 640/871/649 643/873/651 641/872/650
f 649/875/606 646/876/653 603/877/603
f 603/877/603 646/876/653 590/878/583
f 663/879/615 674/880/654 647/881/614
f 647/881/614 674/880/654 648/882/655
f 674/880/654 646/883/653 648/882/655
f 646/883/653 649/884/606 648/882/655
f 649/884/606 605/885/608 648/882/655
f 648/882/655 605/885/608 651/886/656
f 605/885/608 650/887/611 651/886/656
f 650/887/611 652/888/612 651/886/656
f 652/888/612 653/889/613 651/886/656
f 653/889/613 647/881/614 651/886/656
f 651/886/656 647/881/614 648/882/655
f 654/890/616 625/891/626 655/892/657
f 625/891/626 624/893/638 655/892/657
f 663/879/615 654/894/616 665/895/658
f 654/894/616 661/896/659 665/895/658
f 665/895/658 661/896/659 656/897/660
f 661/896/659 660/898/661 656/897/660
f 656/897/660 660/898/661 666/899/662
f 660/898/661 659/900/663 666/899/662
f 666/899/662 659/900/663 668/901/664
f 659/900/663 657/902/665 668/901/664
f 668/901/664 657/902/665 658/903/666
f 657/902/665 659/900/663 658/903/666
f 659/900/663 660/898/661 658/903/666
f 658/903/666 660/898/661 662/904/667
f 660/898/661 661/896/659 662/904/667
f 661/896/659 654/894/616 662/904/667
f 654/894/616 655/905/657 662/904/667
f 655/905/657 674/880/654 662/904/667
f 662/904/667 674/880/654 664/906/668
f 674/880/654 663/879/615 664/906/668
f 663/879/615 665/895/658 664/906/668
f 665/895/658 656/897/660 664/906/668
f 664/906/668 656/897/660 667/907/669
f 656/897/660 666/899/662 667/907/669
f 666/899/662 668/901/664 667/907/669
f 668/901/664 658/903/666 667/907/669
f 658/903/666 662/904/667 667/907/669
f 667/907/669 662/904/667 664/906/668
f 596/815/598 597/806/589 669/813/596
f 597/806/589 670/804/587 669/813/596
f 669/813/596 670/804/587 671/811/594
f 670/804/587 591/802/585 671/811/594
f 671/811/594 591/802/585 672/809/592
f 591/802/585 590/800/583 672/809/592
f 590/800/583 646/908/653 672/809/592
f 672/809/592 646/908/653 673/807/590
f 673/807/590 646/908/653 675/805/588
f 646/908/653 674/909/654 675/805/588
f 674/909/654 676/910/670 675/805/588
f 675/805/588 676/910/670 592/803/586
f 592/803/586 676/910/670 685/801/584
f 676/910/670 683/911/671 685/801/584
f 685/801/584 683/911/671 684/912/672
f 683/911/671 681/913/673 684/912/672
f 684/912/672 681/913/673 677/914/674
f 681/913/673 680/915/675 677/914/674
f 677/914/674 680/915/675 678/916/676
f 680/915/675 679/917/677 678/916/676
f 678/916/676 679/917/677 682/918/678
f 679/917/677 680/915/675 682/918/678
f 680/915/675 681/913/673 682/918/678
f 681/913/673 683/911/671 682/918/678
f 682/918/678 683/911/671 678/916/676
f 683/911/671 676/910/670 678/916/676
f 678/916/676 676/910/670 677/914/674
f 676/910/670 697/919/679 677/914/674
f 677/914/674 697/919/679 684/912/672
f 697/919/679 696/920/680 684/912/672
f 684/912/672 696/920/680 685/801/584
f 696/920/680 686/848/630 685/801/584
f 686/848/630 687/850/632 685/801/584
f 685/801/584 687/850/632 688/799/582
f 687/850/632 689/851/633 688/799/582
f 688/799/582 689/851/633 690/798/581
f 689/851/633 691/853/635 690/798/581
f 690/798/581 691/853/635 588/797/580
f 691/853/635 623/855/637 588/797/580
f 588/797/580 623/855/637 692/796/579
f 692/796/579 623/855/637 587/795/578
f 623/855/637 622/854/636 587/795/578
f 587/795/578 622/854/636 585/793/576
f 585/793/576 622/854/636 693/791/574
f 622/854/636 694/852/634 693/791/574
f 693/791/574 694/852/634 583/789/572
f 694/852/634 621/849/631 583/789/572
f 583/789/572 621/849/631 695/779/564
f 621/849/631 686/848/630 695/779/564
f 695/779/564 686/848/630 624/921/638
f 686/848/630 696/920/680 624/921/638
f 624/921/638 696/920/680 655/922/657
f 696/920/680 697/919/679 655/922/657
f 655/922/657 697/919/679 674/909/654
f 697/919/679 676/910/670 674/909/654
f 773/923/681 699/924/682 698/925/683
f 698/925/683 699/924/682 700/926/684
f 1041/927/685 701/928/686 707/929/687
f 701/928/686 702/930/688 707/929/687
f 707/929/687 702/930/688 708/931/689
f 708/931/689 702/930/688 703/932/690
f 702/930/688 1049/933/691 703/932/690
f 1049/933/691 1050/934/692 703/932/690
f 703/932/690 1050/934/692 710/935/693
f 710/935/693 1050/934/692 712/936/694
f 1050/934/692 704/937/695 712/936/694
f 704/937/695 1043/938/696 712/936/694
f 712/936/694 1043/938/696 705/939/697
f 1043/938/696 1042/940/698 705/939/697
f 705/939/697 1042/940/698 713/941/699
f 1042/940/698 1041/927/685 713/941/699
f 713/941/699 1041/927/685 706/942/700
f 1041/927/685 707/929/687 706/942/700
f 706/942/700 707/929/687 721/943/701
f 707/929/687 708/931/689 721/943/701
f 721/943/701 708/931/689 709/944/702
f 708/931/689 703/932/690 709/944/702
f 709/944/702 703/932/690 719/945/703
f 703/932/690 710/935/693 719/945/703
f 719/945/703 710/935/693 711/946/704
f 711/946/704 710/935/693 718/947/705
f 710/935/693 712/936/694 718/947/705
f 718/947/705 712/936/694 716/948/706
f 712/936/694 705/939/697 716/948/706
f 716/948/706 705/939/697 715/949/707
f 705/939/697 713/941/699 715/949/707
f 713/941/699 706/942/700 715/949/707
f 715/949/707 706/942/700 714/950/708
f 706/942/700 721/943/701 714/950/708
f 721/943/701 722/951/709 714/950/708
f 714/950/708 722/951/709 715/949/707
f 722/951/709 724/952/710 715/949/707
f 715/949/707 724/952/710 716/948/706
f 724/952/710 726/953/711 716/948/706
f 726/953/711 717/954/712 716/948/706
f 716/948/706 717/954/712 718/947/705
f 718/947/705 717/954/712 711/946/704
f 717/954/712 728/955/713 711/946/704
f 711/946/704 728/955/713 719/945/703
f 728/955/713 730/956/714 719/945/703
f 719/945/703 730/956/714 709/944/702
f 730/956/714 720/957/715 709/944/702
f 720/957/715 733/958/716 709/944/702
f 709/944/702 733/958/716 721/943/701
f 721/943/701 733/958/716 722/951/709
f 733/958/716 723/959/717 722/951/709
f 722/951/709 723/959/717 724/952/710
f 723/959/717 735/960/718 724/952/710
f 735/960/718 725/961/719 724/952/710
f 724/952/710 725/961/719 726/953/711
f 726/953/711 725/961/719 717/954/712
f 725/961/719 727/962/720 717/954/712
f 727/962/720 729/963/721 717/954/712
f 717/954/712 729/963/721 728/955/713
f 728/955/713 729/963/721 730/956/714
f 729/963/721 738/964/722 730/956/714
f 738/964/722 731/965/723 730/956/714
f 730/956/714 731/965/723 720/957/715
f 731/965/723 732/966/724 720/957/715
f 720/957/715 732/966/724 733/958/716
f 732/966/724 742/967/725 733/958/716
f 733/958/716 742/967/725 723/959/717
f 742/967/725 734/968/726 723/959/717
f 723/959/717 734/968/726 735/960/718
f 734/968/726 736/969/727 735/960/718
f 735/960/718 736/969/727 725/961/719
f 725/961/719 736/969/727 727/962/720
f 736/969/727 743/970/728 727/962/720
f 727/962/720 743/970/728 729/963/721
f 743/970/728 737/971/729 729/963/721
f 729/963/721 737/971/729 738/964/722
f 737/971/729 745/972/730 738/964/722
f 745/972/730 739/973/731 738/964/722
f 738/964/722 739/973/731 731/965/723
f 739/973/731 740/974/732 731/965/723
f 740/974/732 747/975/733 731/965/723
f 731/965/723 747/975/733 732/966/724
f 747/975/733 741/976/734 732/966/724
f 732/966/724 741/976/734 742/967/725
f 741/976/734 749/977/735 742/967/725
f 742/967/725 749/977/735 734/968/726
f 749/977/735 750/978/736 734/968/726
f 734/968/726 750/978/736 736/969/727
f 736/969/727 750/978/736 743/970/728
f 750/978/736 744/979/737 743/970/728
f 743/970/728 744/979/737 737/971/729
f 737/971/729 744/979/737 745/972/730
f 744/979/737 752/980/738 745/972/730
f 752/980/738 753/981/739 745/972/730
f 745/972/730 753/981/739 739/973/731
f 753/981/739 746/982/740 739/973/731
f 739/973/731 746/982/740 740/974/732
f 746/982/740 756/983/741 740/974/732
f 756/983/741 757/984/742 740/974/732
f 740/974/732 757/984/742 747/975/733
f 757/984/742 759/985/743 747/975/733
f 747/975/733 759/985/743 741/976/734
f 759/985/743 748/986/744 741/976/734
f 741/976/734 748/986/744 749/977/735
f 748/986/744 751/987/745 749/977/735
f 749/977/735 751/987/745 750/978/736
f 750/978/736 751/987/745 744/979/737
f 744/979/737 751/987/745 752/980/738
f 751/987/745 763/988/746 752/980/738
f 763/988/746 764/989/747 752/980/738
f 752/980/738 764/989/747 753/981/739
f 753/981/739 764/989/747 746/982/740
f 764/989/747 754/990/748 746/982/740
f 746/982/740 754/990/748 756/983/741
f 754/990/748 755/991/749 756/983/741
f 755/991/749 770/992/750 756/983/741
f 756/983/741 770/992/750 757/984/742
f 770/992/750 758/993/751 757/984/742
f 757/984/742 758/993/751 759/985/743
f 759/985/743 758/993/751 748/986/744
f 758/993/751 760/994/752 748/986/744
f 748/986/744 760/994/752 751/987/745
f 760/994/752 761/995/753 751/987/745
f 751/987/745 761/995/753 763/988/746
f 761/995/753 762/996/754 763/988/746
f 762/996/754 765/997/755 763/988/746
f 763/988/746 765/997/755 764/989/747
f 764/989/747 765/997/755 754/990/748
f 754/990/748 765/997/755 772/998/756
f 765/997/755 762/996/754 772/998/756
f 772/998/756 762/996/754 766/999/757
f 766/999/757 762/996/754 767/1000/758
f 762/996/754 761/995/753 767/1000/758
f 767/1000/758 761/995/753 768/1001/759
f 761/995/753 760/994/752 768/1001/759
f 768/1001/759 760/994/752 769/1002/760
f 760/994/752 758/993/751 769/1002/760
f 758/993/751 770/992/750 769/1002/760
f 770/992/750 774/1003/761 769/1002/760
f 769/1002/760 774/1003/761 768/1001/759
f 774/1003/761 776/1004/762 768/1001/759
f 768/1001/759 776/1004/762 767/1000/758
f 776/1004/762 771/1005/763 767/1000/758
f 767/1000/758 771/1005/763 766/999/757
f 771/1005/763 775/1006/764 766/999/757
f 766/999/757 775/1006/764 772/998/756
f 775/1006/764 698/925/683 772/998/756
f 698/925/683 700/926/684 772/998/756
f 772/998/756 700/926/684 754/990/748
f 700/926/684 699/924/682 754/990/748
f 754/990/748 699/924/682 755/991/749
f 755/991/749 699/924/682 770/992/750
f 699/924/682 773/923/681 770/992/750
f 770/992/750 773/923/681 774/1003/761
f 773/923/681 698/925/683 774/1003/761
f 698/925/683 775/1006/764 774/1003/761
f 774/1003/761 775/1006/764 776/1004/762
f 775/1006/764 771/1005/763 776/1004/762
f 785/1007/765 786/1008/766 777/1009/767
f 777/1009/767 786/1008/766 1067/1010/768
f 786/1008/766 787/1011/769 1067/1010/768
f 787/1011/769 794/1012/770 1067/1010/768
f 1067/1010/768 794/1012/770 1068/1013/771
f 794/1012/770 778/1014/772 1068/1013/771
f 1068/1013/771 778/1014/772 1069/1015/773
f 778/1014/772 793/1016/774 1069/1015/773
f 1069/1015/773 793/1016/774 780/1017/775
f 793/1016/774 779/1018/776 780/1017/775
f 779/1018/776 781/1019/777 780/1017/775
f 780/1017/775 781/1019/777 782/1020/778
f 781/1019/777 790/1021/779 782/1020/778
f 790/1021/779 783/1022/780 782/1020/778
f 782/1020/778 783/1022/780 1071/1023/781
f 1071/1023/781 783/1022/780 1074/1024/782
f 1074/1024/782 783/1022/780 784/1025/783
f 783/1022/780 788/1026/784 784/1025/783
f 784/1025/783 788/1026/784 785/1007/765
f 785/1007/765 788/1026/784 786/1008/766
f 786/1008/766 788/1026/784 787/1011/769
f 787/1011/769 788/1026/784 789/1027/785
f 788/1026/784 783/1022/780 789/1027/785
f 783/1022/780 790/1021/779 789/1027/785
f 789/1027/785 790/1021/779 795/1028/786
f 795/1028/786 790/1021/779 791/1029/787
f 790/1021/779 781/1019/777 791/1029/787
f 791/1029/787 781/1019/777 797/1030/788
f 781/1019/777 779/1018/776 797/1030/788
f 797/1030/788 779/1018/776 792/1031/789
f 792/1031/789 779/1018/776 800/1032/790
f 779/1018/776 793/1016/774 800/1032/790
f 800/1032/790 793/1016/774 801/1033/791
f 793/1016/774 778/1014/772 801/1033/791
f 801/1033/791 778/1014/772 803/1034/792
f 778/1014/772 794/1012/770 803/1034/792
f 803/1034/792 794/1012/770 805/1035/793
f 794/1012/770 787/1011/769 805/1035/793
f 787/1011/769 789/1027/785 805/1035/793
f 789/1027/785 795/1028/786 805/1035/793
f 805/1035/793 795/1028/786 804/1036/794
f 804/1036/794 795/1028/786 796/1037/795
f 795/1028/786 791/1029/787 796/1037/795
f 796/1037/795 791/1029/787 1919/1038/796
f 791/1029/787 797/1030/788 1919/1038/796
f 1919/1038/796 797/1030/788 798/1039/797
f 797/1030/788 792/1031/789 798/1039/797
f 798/1039/797 792/1031/789 799/1040/798
f 799/1040/798 792/1031/789 1918/1041/799
f 792/1031/789 800/1032/790 1918/1041/799
f 1918/1041/799 800/1032/790 1917/1042/800
f 800/1032/790 801/1033/791 1917/1042/800
f 1917/1042/800 801/1033/791 802/1043/801
f 801/1033/791 803/1034/792 802/1043/801
f 802/1043/801 803/1034/792 804/1036/794
f 803/1034/792 805/1035/793 804/1036/794
f 806/1044/802 807/1045/803 808/1046/804
f 807/1045/803 810/1047/805 808/1046/804
f 808/1046/804 810/1047/805 1274/1048/806
f 810/1047/805 807/1045/803 809/1049/807
f 807/1045/803 1281/1050/808 809/1049/807
f 1281/1050/808 1280/1051/809 809/1049/807
f 1280/1051/809 1279/1052/810 809/1049/807
f 809/1049/807 1279/1052/810 810/1047/805
f 810/1047/805 1279/1052/810 1275/1053/811
f 1279/1052/810 811/1054/812 1275/1053/811
f 1275/1053/811 811/1054/812 813/1055/813
f 811/1054/812 812/1056/814 813/1055/813
f 812/1056/814 814/1057/815 813/1055/813
f 814/1057/815 815/1058/816 813/1055/813
f 813/1055/813 815/1058/816 1275/1053/811
f 821/1059/817 823/1060/818 1226/1061/819
f 1226/1061/819 823/1060/818 817/1062/820
f 823/1060/818 816/1063/821 817/1062/820
f 816/1063/821 825/1064/822 817/1062/820
f 817/1062/820 825/1064/822 1227/1065/823
f 1227/1065/823 825/1064/822 818/1066/824
f 825/1064/822 828/1067/825 818/1066/824
f 828/1067/825 819/1068/826 818/1066/824
f 818/1066/824 819/1068/826 1221/1069/827
f 1221/1069/827 819/1068/826 1222/1070/828
f 819/1068/826 831/1071/829 1222/1070/828
f 1222/1070/828 831/1071/829 820/1072/830
f 831/1071/829 833/1073/831 820/1072/830
f 820/1072/830 833/1073/831 821/1059/817
f 833/1073/831 822/1074/832 821/1059/817
f 821/1059/817 822/1074/832 823/1060/818
f 822/1074/832 839/1075/833 823/1060/818
f 823/1060/818 839/1075/833 816/1063/821
f 839/1075/833 824/1076/834 816/1063/821
f 816/1063/821 824/1076/834 825/1064/822
f 824/1076/834 826/1077/835 825/1064/822
f 825/1064/822 826/1077/835 828/1067/825
f 826/1077/835 827/1078/836 828/1067/825
f 827/1078/836 829/1079/837 828/1067/825
f 828/1067/825 829/1079/837 819/1068/826
f 829/1079/837 830/1080/838 819/1068/826
f 819/1068/826 830/1080/838 831/1071/829
f 830/1080/838 832/1081/839 831/1071/829
f 831/1071/829 832/1081/839 833/1073/831
f 833/1073/831 832/1081/839 822/1074/832
f 832/1081/839 834/1082/840 822/1074/832
f 822/1074/832 834/1082/840 839/1075/833
f 839/1075/833 834/1082/840 835/1083/841
f 834/1082/840 832/1081/839 835/1083/841
f 835/1083/841 832/1081/839 841/1084/842
f 832/1081/839 830/1080/838 841/1084/842
f 841/1084/842 830/1080/838 836/1085/843
f 836/1085/843 830/1080/838 843/1086/844
f 830/1080/838 829/1079/837 843/1086/844
f 829/1079/837 827/1078/836 843/1086/844
f 843/1086/844 827/1078/836 837/1087/845
f 827/1078/836 826/1077/835 837/1087/845
f 837/1087/845 826/1077/835 845/1088/846
f 826/1077/835 824/1076/834 845/1088/846
f 845/1088/846 824/1076/834 838/1089/847
f 838/1089/847 824/1076/834 840/1090/848
f 824/1076/834 839/1075/833 840/1090/848
f 839/1075/833 835/1083/841 840/1090/848
f 840/1090/848 835/1083/841 847/1091/849
f 835/1083/841 841/1084/842 847/1091/849
f 847/1091/849 841/1084/842 848/1092/850
f 848/1092/850 841/1084/842 842/1093/851
f 841/1084/842 836/1085/843 842/1093/851
f 836/1085/843 843/1086/844 842/1093/851
f 842/1093/851 843/1086/844 849/1094/852
f 849/1094/852 843/1086/844 844/1095/853
f 843/1086/844 837/1087/845 844/1095/853
f 837/1087/845 845/1088/846 844/1095/853
f 844/1095/853 845/1088/846 851/1096/854
f 851/1096/854 845/1088/846 846/1097/855
f 845/1088/846 838/1089/847 846/1097/855
f 846/1097/855 838/1089/847 856/1098/856
f 838/1089/847 840/1090/848 856/1098/856
f 856/1098/856 840/1090/848 857/1099/857
f 840/1090/848 847/1091/849 857/1099/857
f 857/1099/857 847/1091/849 859/1100/858
f 847/1091/849 848/1092/850 859/1100/858
f 859/1100/858 848/1092/850 860/1101/859
f 848/1092/850 842/1093/851 860/1101/859
f 842/1093/851 849/1094/852 860/1101/859
f 860/1101/859 849/1094/852 862/1102/860
f 849/1094/852 844/1095/853 862/1102/860
f 862/1102/860 844/1095/853 850/1103/861
f 844/1095/853 851/1096/854 850/1103/861
f 850/1103/861 851/1096/854 852/1104/862
f 852/1104/862 851/1096/854 853/1105/863
f 851/1096/854 846/1097/855 853/1105/863
f 853/1105/863 846/1097/855 854/1106/864
f 854/1106/864 846/1097/855 855/1107/865
f 846/1097/855 856/1098/856 855/1107/865
f 855/1107/865 856/1098/856 866/1108/866
f 856/1098/856 857/1099/857 866/1108/866
f 866/1108/866 857/1099/857 858/1109/867
f 857/1099/857 859/1100/858 858/1109/867
f 858/1109/867 859/1100/858 861/1110/868
f 859/1100/858 860/1101/859 861/1110/868
f 860/1101/859 862/1102/860 861/1110/868
f 861/1110/868 862/1102/860 869/1111/869
f 862/1102/860 850/1103/861 869/1111/869
f 850/1103/861 852/1104/862 869/1111/869
f 869/1111/869 852/1104/862 863/1112/870
f 863/1112/870 852/1104/862 864/1113/871
f 852/1104/862 853/1105/863 864/1113/871
f 864/1113/871 853/1105/863 872/1114/872
f 853/1105/863 854/1106/864 872/1114/872
f 872/1114/872 854/1106/864 873/1115/873
f 873/1115/873 854/1106/864 875/1116/874
f 854/1106/864 855/1107/865 875/1116/874
f 875/1116/874 855/1107/865 865/1117/875
f 855/1107/865 866/1108/866 865/1117/875
f 865/1117/875 866/1108/866 867/1118/876
f 866/1108/866 858/1109/867 867/1118/876
f 867/1118/876 858/1109/867 868/1119/877
f 858/1109/867 861/1110/868 868/1119/877
f 861/1110/868 869/1111/869 868/1119/877
f 869/1111/869 863/1112/870 868/1119/877
f 868/1119/877 863/1112/870 870/1120/878
f 870/1120/878 863/1112/870 871/1121/879
f 863/1112/870 864/1113/871 871/1121/879
f 864/1113/871 872/1114/872 871/1121/879
f 871/1121/879 872/1114/872 892/1122/880
f 872/1114/872 873/1115/873 892/1122/880
f 892/1122/880 873/1115/873 874/1123/881
f 874/1123/881 873/1115/873 883/1124/882
f 873/1115/873 875/1116/874 883/1124/882
f 883/1124/882 875/1116/874 882/1125/883
f 875/1116/874 865/1117/875 882/1125/883
f 865/1117/875 867/1118/876 882/1125/883
f 882/1125/883 867/1118/876 881/1126/884
f 867/1118/876 868/1119/877 881/1126/884
f 881/1126/884 868/1119/877 880/1127/885
f 868/1119/877 870/1120/878 880/1127/885
f 880/1127/885 870/1120/878 876/1128/886
f 876/1128/886 870/1120/878 877/1129/887
f 870/1120/878 871/1121/879 877/1129/887
f 871/1121/879 892/1122/880 877/1129/887
f 892/1122/880 890/1130/888 877/1129/887
f 877/1129/887 890/1130/888 876/1128/886
f 890/1130/888 878/1131/889 876/1128/886
f 878/1131/889 879/1132/890 876/1128/886
f 876/1128/886 879/1132/890 880/1127/885
f 879/1132/890 886/1133/891 880/1127/885
f 880/1127/885 886/1133/891 881/1126/884
f 886/1133/891 884/1134/892 881/1126/884
f 881/1126/884 884/1134/892 882/1125/883
f 882/1125/883 884/1134/892 883/1124/882
f 883/1124/882 884/1134/892 885/1135/893
f 884/1134/892 886/1133/891 885/1135/893
f 885/1135/893 886/1133/891 887/1136/894
f 886/1133/891 879/1132/890 887/1136/894
f 887/1136/894 879/1132/890 888/1137/895
f 879/1132/890 878/1131/889 888/1137/895
f 888/1137/895 878/1131/889 889/1138/896
f 878/1131/889 890/1130/888 889/1138/896
f 889/1138/896 890/1130/888 894/1139/897
f 894/1139/897 890/1130/888 891/1140/898
f 890/1130/888 892/1122/880 891/1140/898
f 891/1140/898 892/1122/880 895/1141/899
f 892/1122/880 874/1123/881 895/1141/899
f 874/1123/881 883/1124/882 895/1141/899
f 895/1141/899 883/1124/882 893/1142/900
f 883/1124/882 885/1135/893 893/1142/900
f 893/1142/900 885/1135/893 894/1139/897
f 894/1139/897 885/1135/893 889/1138/896
f 885/1135/893 887/1136/894 889/1138/896
f 889/1138/896 887/1136/894 888/1137/895
f 893/1142/900 894/1139/897 895/1141/899
f 895/1141/899 894/1139/897 891/1140/898
f 896/1143/901 897/1144/902 1367/1145/903
f 1367/1145/903 897/1144/902 898/1146/904
f 1397/1147/905 1341/1148/906 1395/1149/907
f 1341/1148/906 1391/1150/908 1395/1149/907
f 1395/1149/907 1391/1150/908 1394/1151/909
f 1391/1150/908 1392/1152/910 1394/1151/909
f 1341/1148/906 1340/1153/911 1391/1150/908
f 1391/1150/908 1340/1153/911 1389/1154/912
f 1340/1153/911 899/1155/913 1389/1154/912
f 1389/1154/912 899/1155/913 900/1156/914
f 899/1155/913 1338/1157/915 900/1156/914
f 900/1156/914 1338/1157/915 901/1158/916
f 1338/1157/915 1324/1159/917 901/1158/916
f 901/1158/916 1324/1159/917 1384/1160/918
f 1324/1159/917 1383/1161/919 1384/1160/918
f 1389/1154/912 900/1156/914 1388/1162/920
f 900/1156/914 901/1158/916 1388/1162/920
f 1388/1162/920 901/1158/916 902/1163/921
f 903/1164/922 1381/1165/923 914/1166/924
f 1381/1165/923 904/1167/925 914/1166/924
f 914/1166/924 904/1167/925 915/1168/926
f 904/1167/925 905/1169/927 915/1168/926
f 905/1169/927 1327/1170/928 915/1168/926
f 915/1168/926 1327/1170/928 917/1171/929
f 1327/1170/928 1329/1172/930 917/1171/929
f 1329/1172/930 906/1173/931 917/1171/929
f 917/1171/929 906/1173/931 918/1174/932
f 906/1173/931 1332/1175/933 918/1174/932
f 918/1174/932 1332/1175/933 919/1176/934
f 919/1176/934 1332/1175/933 920/1177/935
f 1332/1175/933 907/1178/936 920/1177/935
f 920/1177/935 907/1178/936 922/1179/937
f 907/1178/936 1333/1180/938 922/1179/937
f 922/1179/937 1333/1180/938 923/1181/939
f 1333/1180/938 1335/1182/940 923/1181/939
f 1335/1182/940 1337/1183/941 923/1181/939
f 923/1181/939 1337/1183/941 924/1184/942
f 1337/1183/941 908/1185/943 924/1184/942
f 924/1184/942 908/1185/943 925/1186/944
f 908/1185/943 1339/1187/945 925/1186/944
f 925/1186/944 1339/1187/945 910/1188/946
f 1339/1187/945 909/1189/947 910/1188/946
f 909/1189/947 911/1190/948 910/1188/946
f 911/1190/948 912/1191/949 910/1188/946
f 910/1188/946 912/1191/949 913/1192/950
f 912/1191/949 903/1164/922 913/1192/950
f 903/1164/922 914/1166/924 913/1192/950
f 913/1192/950 914/1166/924 1292/1193/951
f 1292/1193/951 914/1166/924 1294/1194/952
f 914/1166/924 915/1168/926 1294/1194/952
f 1294/1194/952 915/1168/926 1295/1195/953
f 1295/1195/953 915/1168/926 916/1196/954
f 915/1168/926 917/1171/929 916/1196/954
f 917/1171/929 918/1174/932 916/1196/954
f 916/1196/954 918/1174/932 1298/1197/955
f 918/1174/932 919/1176/934 1298/1197/955
f 1298/1197/955 919/1176/934 1301/1198/956
f 1301/1198/956 919/1176/934 1303/1199/957
f 919/1176/934 920/1177/935 1303/1199/957
f 1303/1199/957 920/1177/935 921/1200/958
f 920/1177/935 922/1179/937 921/1200/958
f 921/1200/958 922/1179/937 1304/1201/959
f 922/1179/937 923/1181/939 1304/1201/959
f 923/1181/939 924/1184/942 1304/1201/959
f 1304/1201/959 924/1184/942 1291/1202/960
f 924/1184/942 925/1186/944 1291/1202/960
f 1291/1202/960 925/1186/944 1292/1193/951
f 1292/1193/951 925/1186/944 913/1192/950
f 925/1186/944 910/1188/946 913/1192/950
f 926/1203/961 1233/1204/962 934/1205/963
f 934/1205/963 1233/1204/962 935/1206/964
f 935/1206/964 1233/1204/962 927/1207/965
f 1233/1204/962 1232/1208/966 927/1207/965
f 927/1207/965 1232/1208/966 929/1209/967
f 1232/1208/966 928/1210/968 929/1209/967
f 928/1210/968 1231/1211/969 929/1209/967
f 929/1209/967 1231/1211/969 937/1212/970
f 1231/1211/969 1230/1213/971 937/1212/970
f 937/1212/970 1230/1213/971 930/1214/972
f 930/1214/972 1230/1213/971 931/1215/973
f 1230/1213/971 932/1216/974 931/1215/973
f 931/1215/973 932/1216/974 933/1217/975
f 932/1216/974 1229/1218/976 933/1217/975
f 1229/1218/976 926/1203/961 933/1217/975
f 926/1203/961 934/1205/963 933/1217/975
f 933/1217/975 934/1205/963 951/1219/977
f 951/1219/977 934/1205/963 953/1220/978
f 934/1205/963 935/1206/964 953/1220/978
f 953/1220/978 935/1206/964 955/1221/979
f 955/1221/979 935/1206/964 956/1222/980
f 935/1206/964 927/1207/965 956/1222/980
f 956/1222/980 927/1207/965 936/1223/981
f 927/1207/965 929/1209/967 936/1223/981
f 929/1209/967 937/1212/970 936/1223/981
f 936/1223/981 937/1212/970 957/1224/982
f 937/1212/970 930/1214/972 957/1224/982
f 957/1224/982 930/1214/972 938/1225/983
f 938/1225/983 930/1214/972 939/1226/984
f 930/1214/972 931/1215/973 939/1226/984
f 931/1215/973 933/1217/975 939/1226/984
f 933/1217/975 951/1219/977 939/1226/984
f 939/1226/984 951/1219/977 940/1227/985
f 951/1219/977 950/1228/986 940/1227/985
f 940/1227/985 950/1228/986 941/1229/987
f 950/1228/986 942/1230/988 941/1229/987
f 941/1229/987 942/1230/988 990/1231/989
f 942/1230/988 943/1232/990 990/1231/989
f 990/1231/989 943/1232/990 992/1233/991
f 943/1232/990 944/1234/992 992/1233/991
f 992/1233/991 944/1234/992 945/1235/993
f 944/1234/992 946/1236/994 945/1235/993
f 945/1235/993 946/1236/994 947/1237/995
f 947/1237/995 946/1236/994 967/1238/996
f 946/1236/994 944/1234/992 967/1238/996
f 967/1238/996 944/1234/992 948/1239/997
f 944/1234/992 943/1232/990 948/1239/997
f 948/1239/997 943/1232/990 949/1240/998
f 943/1232/990 942/1230/988 949/1240/998
f 949/1240/998 942/1230/988 965/1241/999
f 942/1230/988 950/1228/986 965/1241/999
f 965/1241/999 950/1228/986 952/1242/1000
f 950/1228/986 951/1219/977 952/1242/1000
f 951/1219/977 953/1220/978 952/1242/1000
f 952/1242/1000 953/1220/978 954/1243/1001
f 953/1220/978 955/1221/979 954/1243/1001
f 955/1221/979 956/1222/980 954/1243/1001
f 954/1243/1001 956/1222/980 962/1244/1002
f 956/1222/980 936/1223/981 962/1244/1002
f 962/1244/1002 936/1223/981 961/1245/1003
f 961/1245/1003 936/1223/981 960/1246/1004
f 936/1223/981 957/1224/982 960/1246/1004
f 957/1224/982 938/1225/983 960/1246/1004
f 960/1246/1004 938/1225/983 958/1247/1005
f 938/1225/983 939/1226/984 958/1247/1005
f 939/1226/984 940/1227/985 958/1247/1005
f 940/1227/985 959/1248/1006 958/1247/1005
f 958/1247/1005 959/1248/1006 960/1246/1004
f 959/1248/1006 989/1249/1007 960/1246/1004
f 989/1249/1007 987/1250/1008 960/1246/1004
f 960/1246/1004 987/1250/1008 961/1245/1003
f 987/1250/1008 986/1251/1009 961/1245/1003
f 961/1245/1003 986/1251/1009 962/1244/1002
f 986/1251/1009 963/1252/1010 962/1244/1002
f 962/1244/1002 963/1252/1010 954/1243/1001
f 954/1243/1001 963/1252/1010 952/1242/1000
f 963/1252/1010 964/1253/1011 952/1242/1000
f 952/1242/1000 964/1253/1011 965/1241/999
f 964/1253/1011 984/1254/1012 965/1241/999
f 965/1241/999 984/1254/1012 949/1240/998
f 984/1254/1012 982/1255/1013 949/1240/998
f 949/1240/998 982/1255/1013 948/1239/997
f 982/1255/1013 966/1256/1014 948/1239/997
f 948/1239/997 966/1256/1014 967/1238/996
f 966/1256/1014 968/1257/1015 967/1238/996
f 967/1238/996 968/1257/1015 973/1258/1016
f 968/1257/1015 980/1259/1017 973/1258/1016
f 973/1258/1016 980/1259/1017 969/1260/1018
f 980/1259/1017 978/1261/1019 969/1260/1018
f 969/1260/1018 978/1261/1019 970/1262/1020
f 978/1261/1019 977/1263/1021 970/1262/1020
f 977/1263/1021 971/1264/1022 970/1262/1020
f 970/1262/1020 971/1264/1022 969/1260/1018
f 969/1260/1018 971/1264/1022 973/1258/1016
f 971/1264/1022 972/1265/1023 973/1258/1016
f 972/1265/1023 974/1266/1024 973/1258/1016
f 973/1258/1016 974/1266/1024 967/1238/996
f 967/1238/996 974/1266/1024 947/1237/995
f 974/1266/1024 972/1265/1023 947/1237/995
f 972/1265/1023 975/1267/1025 947/1237/995
f 947/1237/995 975/1267/1025 945/1235/993
f 945/1235/993 975/1267/1025 976/1268/1026
f 975/1267/1025 972/1265/1023 976/1268/1026
f 972/1265/1023 971/1264/1022 976/1268/1026
f 971/1264/1022 977/1263/1021 976/1268/1026
f 976/1268/1026 977/1263/1021 995/1269/1027
f 977/1263/1021 978/1261/1019 995/1269/1027
f 995/1269/1027 978/1261/1019 979/1270/1028
f 978/1261/1019 980/1259/1017 979/1270/1028
f 979/1270/1028 980/1259/1017 981/1271/1029
f 980/1259/1017 968/1257/1015 981/1271/1029
f 968/1257/1015 966/1256/1014 981/1271/1029
f 981/1271/1029 966/1256/1014 983/1272/1030
f 966/1256/1014 982/1255/1013 983/1272/1030
f 982/1255/1013 984/1254/1012 983/1272/1030
f 983/1272/1030 984/1254/1012 985/1273/1031
f 984/1254/1012 964/1253/1011 985/1273/1031
f 985/1273/1031 964/1253/1011 998/1274/1032
f 964/1253/1011 963/1252/1010 998/1274/1032
f 963/1252/1010 986/1251/1009 998/1274/1032
f 998/1274/1032 986/1251/1009 988/1275/1033
f 986/1251/1009 987/1250/1008 988/1275/1033
f 987/1250/1008 989/1249/1007 988/1275/1033
f 988/1275/1033 989/1249/1007 1000/1276/1034
f 989/1249/1007 959/1248/1006 1000/1276/1034
f 1000/1276/1034 959/1248/1006 1001/1277/1035
f 959/1248/1006 940/1227/985 1001/1277/1035
f 940/1227/985 941/1229/987 1001/1277/1035
f 1001/1277/1035 941/1229/987 1003/1278/1036
f 941/1229/987 990/1231/989 1003/1278/1036
f 1003/1278/1036 990/1231/989 991/1279/1037
f 990/1231/989 992/1233/991 991/1279/1037
f 991/1279/1037 992/1233/991 993/1280/1038
f 992/1233/991 945/1235/993 993/1280/1038
f 993/1280/1038 945/1235/993 994/1281/1039
f 945/1235/993 976/1268/1026 994/1281/1039
f 976/1268/1026 995/1269/1027 994/1281/1039
f 994/1281/1039 995/1269/1027 996/1282/1040
f 995/1269/1027 979/1270/1028 996/1282/1040
f 996/1282/1040 979/1270/1028 997/1283/1041
f 979/1270/1028 981/1271/1029 997/1283/1041
f 981/1271/1029 983/1272/1030 997/1283/1041
f 983/1272/1030 985/1273/1031 997/1283/1041
f 997/1283/1041 985/1273/1031 999/1284/1042
f 985/1273/1031 998/1274/1032 999/1284/1042
f 998/1274/1032 988/1275/1033 999/1284/1042
f 988/1275/1033 1000/1276/1034 999/1284/1042
f 999/1284/1042 1000/1276/1034 1002/1285/1043
f 1000/1276/1034 1001/1277/1035 1002/1285/1043
f 1001/1277/1035 1003/1278/1036 1002/1285/1043
f 1002/1285/1043 1003/1278/1036 1004/1286/1044
f 1003/1278/1036 991/1279/1037 1004/1286/1044
f 991/1279/1037 993/1280/1038 1004/1286/1044
f 1004/1286/1044 993/1280/1038 996/1282/1040
f 993/1280/1038 994/1281/1039 996/1282/1040
f 996/1282/1040 997/1283/1041 1004/1286/1044
f 1004/1286/1044 997/1283/1041 1002/1285/1043
f 997/1283/1041 999/1284/1042 1002/1285/1043
f 1503/1287/1045 1502/1288/1046 1008/1289/1047
f 1008/1289/1047 1502/1288/1046 1005/1290/1048
f 1502/1288/1046 1500/1291/1049 1005/1290/1048
f 1005/1290/1048 1500/1291/1049 1007/1292/1050
f 1500/1291/1049 1006/1293/1051 1007/1292/1050
f 1007/1292/1050 1491/1294/1052 1005/1290/1048
f 1491/1294/1052 1011/1295/1053 1005/1290/1048
f 1005/1290/1048 1011/1295/1053 1008/1289/1047
f 1008/1289/1047 1011/1295/1053 1488/1296/1054
f 1011/1295/1053 1009/1297/1055 1488/1296/1054
f 1488/1296/1054 1009/1297/1055 1490/1298/1056
f 1490/1298/1056 1009/1297/1055 1010/1299/1057
f 1010/1299/1057 1009/1297/1055 1491/1294/1052
f 1009/1297/1055 1011/1295/1053 1491/1294/1052
f 1012/1300/1058 1052/1301/1059 1031/1302/1060
f 1052/1301/1059 1170/1303/1061 1031/1302/1060
f 1031/1302/1060 1170/1303/1061 1037/1304/1062
f 1170/1303/1061 1013/1305/1063 1037/1304/1062
f 1037/1304/1062 1013/1305/1063 1035/1306/1064
f 1013/1305/1063 1014/1307/1065 1035/1306/1064
f 1035/1306/1064 1014/1307/1065 1487/1308/1066
f 1487/1308/1066 1014/1307/1065 1485/1309/1067
f 1014/1307/1065 1015/1310/1068 1485/1309/1067
f 1485/1309/1067 1015/1310/1068 1016/1311/1069
f 1015/1310/1068 1017/1312/1070 1016/1311/1069
f 1016/1311/1069 1017/1312/1070 1482/1313/1071
f 1017/1312/1070 1174/1314/1072 1482/1313/1071
f 1482/1313/1071 1174/1314/1072 1018/1315/1073
f 1018/1315/1073 1174/1314/1072 1019/1316/1074
f 1174/1314/1072 1020/1317/1075 1019/1316/1074
f 1019/1316/1074 1020/1317/1075 1021/1318/1076
f 1020/1317/1075 1480/1319/1077 1021/1318/1076
f 1021/1318/1076 1480/1319/1077 1022/1320/1078
f 1480/1319/1077 1028/1321/1079 1022/1320/1078
f 1028/1321/1079 1023/1322/1080 1022/1320/1078
f 1022/1320/1078 1023/1322/1080 1182/1323/1081
f 1023/1322/1080 1025/1324/1082 1182/1323/1081
f 1182/1323/1081 1025/1324/1082 1024/1325/1083
f 1024/1325/1083 1025/1324/1082 1026/1326/1084
f 1025/1324/1082 1027/1327/1085 1026/1326/1084
f 1026/1326/1084 1027/1327/1085 1178/1328/1086
f 1027/1327/1085 1028/1321/1079 1178/1328/1086
f 1178/1328/1086 1028/1321/1079 1029/1329/1087
f 1028/1321/1079 1481/1330/1088 1029/1329/1087
f 1029/1329/1087 1481/1330/1088 1176/1331/1089
f 1176/1331/1089 1481/1330/1088 1030/1332/1090
f 1481/1330/1088 1020/1317/1075 1030/1332/1090
f 1030/1332/1090 1020/1317/1075 1174/1314/1072
f 1031/1302/1060 1037/1304/1062 1032/1333/1091
f 1037/1304/1062 1038/1334/1092 1032/1333/1091
f 1032/1333/1091 1038/1334/1092 1167/1335/1093
f 1167/1335/1093 1038/1334/1092 1033/1336/1094
f 1038/1334/1092 1039/1337/1095 1033/1336/1094
f 1033/1336/1094 1039/1337/1095 1034/1338/1096
f 1034/1338/1096 1039/1337/1095 1489/1339/1097
f 1039/1337/1095 1036/1340/1098 1489/1339/1097
f 1489/1339/1097 1036/1340/1098 1035/1306/1064
f 1035/1306/1064 1036/1340/1098 1037/1304/1062
f 1037/1304/1062 1036/1340/1098 1038/1334/1092
f 1036/1340/1098 1039/1337/1095 1038/1334/1092
f 1048/1341/1099 1049/1342/691 1040/1343/1100
f 1049/1342/691 702/1344/688 1040/1343/1100
f 702/1344/688 701/1345/686 1040/1343/1100
f 1040/1343/1100 701/1345/686 1167/1335/1093
f 1167/1335/1093 701/1345/686 1032/1333/1091
f 701/1345/686 1041/1346/685 1032/1333/1091
f 1032/1333/1091 1041/1346/685 1031/1302/1060
f 1031/1302/1060 1041/1346/685 1012/1300/1058
f 1041/1346/685 1042/1347/698 1012/1300/1058
f 1012/1300/1058 1042/1347/698 1051/1348/1101
f 1051/1348/1101 1042/1347/698 1160/1349/1102
f 1042/1347/698 1043/1350/696 1160/1349/1102
f 1043/1350/696 704/1351/695 1160/1349/1102
f 1160/1349/1102 704/1351/695 1044/1352/1103
f 704/1351/695 1045/1353/1104 1044/1352/1103
f 1045/1353/1104 1405/1354/1105 1044/1352/1103
f 1405/1354/1105 1046/1355/1106 1044/1352/1103
f 1044/1352/1103 1046/1355/1106 1162/1356/1107
f 1162/1356/1107 1046/1355/1106 1164/1357/1108
f 1046/1355/1106 1402/1358/1109 1164/1357/1108
f 1164/1357/1108 1402/1358/1109 1047/1359/1110
f 1402/1358/1109 1400/1360/1111 1047/1359/1110
f 1400/1360/1111 1399/1361/1112 1047/1359/1110
f 1047/1359/1110 1399/1361/1112 1048/1341/1099
f 1399/1361/1112 1398/1362/1113 1048/1341/1099
f 1048/1341/1099 1398/1362/1113 1049/1342/691
f 1049/1342/691 1398/1362/1113 1050/1363/692
f 1398/1362/1113 1406/1364/1114 1050/1363/692
f 1406/1364/1114 1045/1353/1104 1050/1363/692
f 1050/1363/692 1045/1353/1104 704/1351/695
f 1051/1348/1101 1158/1365/1115 1053/1366/1116
f 1158/1365/1115 1169/1367/1117 1053/1366/1116
f 1169/1367/1117 1052/1301/1059 1053/1366/1116
f 1052/1301/1059 1012/1300/1058 1053/1366/1116
f 1053/1366/1116 1012/1300/1058 1051/1348/1101
f 1099/1368/1118 1066/1369/1119 1154/1370/1120
f 1154/1370/1120 1066/1369/1119 1153/1371/1121
f 1066/1369/1119 1054/1372/1122 1153/1371/1121
f 1153/1371/1121 1054/1372/1122 1151/1373/1123
f 1151/1373/1123 1054/1372/1122 1150/1374/1124
f 1054/1372/1122 1055/1375/1125 1150/1374/1124
f 1150/1374/1124 1055/1375/1125 1056/1376/1126
f 1056/1376/1126 1055/1375/1125 1148/1377/1127
f 1055/1375/1125 1070/1378/1128 1148/1377/1127
f 1148/1377/1127 1070/1378/1128 1057/1379/1129
f 1070/1378/1128 1058/1380/1130 1057/1379/1129
f 1058/1380/1130 1072/1381/1131 1057/1379/1129
f 1057/1379/1129 1072/1381/1131 1146/1382/1132
f 1146/1382/1132 1072/1381/1131 1059/1383/1133
f 1072/1381/1131 1073/1384/1134 1059/1383/1133
f 1073/1384/1134 1075/1385/1135 1059/1383/1133
f 1059/1383/1133 1075/1385/1135 1060/1386/1136
f 1075/1385/1135 1076/1387/1137 1060/1386/1136
f 1060/1386/1136 1076/1387/1137 1061/1388/1138
f 1061/1388/1138 1076/1387/1137 1062/1389/1139
f 1076/1387/1137 1077/1390/1140 1062/1389/1139
f 1062/1389/1139 1077/1390/1140 1142/1391/1141
f 1077/1390/1140 1078/1392/1142 1142/1391/1141
f 1142/1391/1141 1078/1392/1142 1063/1393/1143
f 1063/1393/1143 1078/1392/1142 1140/1394/1144
f 1140/1394/1144 1078/1392/1142 1064/1395/1145
f 1078/1392/1142 1065/1396/1146 1064/1395/1145
f 1064/1395/1145 1065/1396/1146 1099/1368/1118
f 1099/1368/1118 1065/1396/1146 1066/1369/1119
f 1065/1396/1146 777/1009/767 1066/1369/1119
f 777/1009/767 1067/1010/768 1066/1369/1119
f 1066/1369/1119 1067/1010/768 1054/1372/1122
f 1067/1010/768 1068/1013/771 1054/1372/1122
f 1068/1013/771 1069/1015/773 1054/1372/1122
f 1054/1372/1122 1069/1015/773 1055/1375/1125
f 1055/1375/1125 1069/1015/773 1070/1378/1128
f 1069/1015/773 780/1017/775 1070/1378/1128
f 1070/1378/1128 780/1017/775 1058/1380/1130
f 780/1017/775 782/1020/778 1058/1380/1130
f 782/1020/778 1071/1023/781 1058/1380/1130
f 1058/1380/1130 1071/1023/781 1072/1381/1131
f 1072/1381/1131 1071/1023/781 1073/1384/1134
f 1071/1023/781 1074/1024/782 1073/1384/1134
f 1074/1024/782 784/1025/783 1073/1384/1134
f 1073/1384/1134 784/1025/783 1075/1385/1135
f 784/1025/783 785/1007/765 1075/1385/1135
f 1075/1385/1135 785/1007/765 1076/1387/1137
f 1076/1387/1137 785/1007/765 1077/1390/1140
f 785/1007/765 777/1009/767 1077/1390/1140
f 777/1009/767 1065/1396/1146 1077/1390/1140
f 1077/1390/1140 1065/1396/1146 1078/1392/1142
f 1086/1397/1147 1087/1398/1148 1079/1399/1149
f 1079/1399/1149 1087/1398/1148 1080/1400/1150
f 1087/1398/1148 1089/1401/1151 1080/1400/1150
f 1080/1400/1150 1089/1401/1151 1081/1402/1152
f 1079/1399/1149 1080/1400/1150 1141/1403/1153
f 1080/1400/1150 1082/1404/1154 1141/1403/1153
f 1141/1403/1153 1082/1404/1154 1143/1405/1155
f 1082/1404/1154 1083/1406/1156 1143/1405/1155
f 1143/1405/1155 1083/1406/1156 1084/1407/1157
f 1083/1406/1156 1095/1408/1158 1084/1407/1157
f 1084/1407/1157 1095/1408/1158 1156/1409/1159
f 1095/1408/1158 1085/1410/1160 1156/1409/1159
f 1156/1409/1159 1085/1410/1160 1097/1411/1161
f 1109/1412/1162 1107/1413/1163 1086/1397/1147
f 1086/1397/1147 1107/1413/1163 1087/1398/1148
f 1107/1413/1163 1106/1414/1164 1087/1398/1148
f 1106/1414/1164 1088/1415/1165 1087/1398/1148
f 1087/1398/1148 1088/1415/1165 1089/1401/1151
f 1088/1415/1165 1104/1416/1166 1089/1401/1151
f 1089/1401/1151 1104/1416/1166 1081/1402/1152
f 1104/1416/1166 1103/1417/1167 1081/1402/1152
f 1103/1417/1167 1090/1418/1168 1081/1402/1152
f 1090/1418/1168 1091/1419/1169 1081/1402/1152
f 1081/1402/1152 1091/1419/1169 1080/1400/1150
f 1080/1400/1150 1091/1419/1169 1082/1404/1154
f 1091/1419/1169 1090/1418/1168 1082/1404/1154
f 1082/1404/1154 1090/1418/1168 1092/1420/1170
f 1090/1418/1168 1093/1421/1171 1092/1420/1170
f 1092/1420/1170 1093/1421/1171 1094/1422/1172
f 1093/1421/1171 1101/1423/1173 1094/1422/1172
f 1094/1422/1172 1101/1423/1173 1095/1408/1158
f 1095/1408/1158 1101/1423/1173 1085/1410/1160
f 1101/1423/1173 1100/1424/1174 1085/1410/1160
f 1100/1424/1174 1096/1425/1175 1085/1410/1160
f 1085/1410/1160 1096/1425/1175 1097/1411/1161
f 1096/1425/1175 1098/1426/1176 1097/1411/1161
f 1097/1411/1161 1098/1426/1176 1154/1370/1120
f 1154/1370/1120 1098/1426/1176 1099/1368/1118
f 1099/1368/1118 1098/1426/1176 1064/1395/1145
f 1098/1426/1176 1096/1425/1175 1064/1395/1145
f 1064/1395/1145 1096/1425/1175 1140/1394/1144
f 1096/1425/1175 1100/1424/1174 1140/1394/1144
f 1140/1394/1144 1100/1424/1174 1139/1427/1177
f 1100/1424/1174 1101/1423/1173 1139/1427/1177
f 1139/1427/1177 1101/1423/1173 1102/1428/1178
f 1101/1423/1173 1093/1421/1171 1102/1428/1178
f 1102/1428/1178 1093/1421/1171 1137/1429/1179
f 1093/1421/1171 1090/1418/1168 1137/1429/1179
f 1090/1418/1168 1103/1417/1167 1137/1429/1179
f 1137/1429/1179 1103/1417/1167 1135/1430/1180
f 1103/1417/1167 1104/1416/1166 1135/1430/1180
f 1135/1430/1180 1104/1416/1166 1105/1431/1181
f 1104/1416/1166 1088/1415/1165 1105/1431/1181
f 1105/1431/1181 1088/1415/1165 1134/1432/1182
f 1088/1415/1165 1106/1414/1164 1134/1432/1182
f 1134/1432/1182 1106/1414/1164 1133/1433/1183
f 1106/1414/1164 1107/1413/1163 1133/1433/1183
f 1133/1433/1183 1107/1413/1163 1131/1434/1184
f 1107/1413/1163 1109/1412/1162 1131/1434/1184
f 1131/1434/1184 1109/1412/1162 1108/1435/1185
f 1108/1435/1185 1109/1412/1162 1190/1436/1186
f 1109/1412/1162 1138/1437/1187 1190/1436/1186
f 1190/1436/1186 1138/1437/1187 1110/1438/1188
f 1138/1437/1187 1136/1439/1189 1110/1438/1188
f 1136/1439/1189 1111/1440/1190 1110/1438/1188
f 1110/1438/1188 1111/1440/1190 1192/1441/1191
f 1111/1440/1190 1128/1442/1192 1192/1441/1191
f 1128/1442/1192 1127/1443/1193 1192/1441/1191
f 1127/1443/1193 1112/1444/1194 1192/1441/1191
f 1192/1441/1191 1112/1444/1194 1191/1445/1195
f 1191/1445/1195 1112/1444/1194 1190/1436/1186
f 1112/1444/1194 1126/1446/1196 1190/1436/1186
f 1190/1436/1186 1126/1446/1196 1108/1435/1185
f 1126/1446/1196 1113/1447/1197 1108/1435/1185
f 1113/1447/1197 1114/1448/1198 1108/1435/1185
f 1108/1435/1185 1114/1448/1198 1131/1434/1184
f 1131/1434/1184 1114/1448/1198 1118/1449/1199
f 1118/1449/1199 1114/1448/1198 1117/1450/1200
f 1117/1450/1200 1114/1448/1198 1115/1451/1201
f 1114/1448/1198 1113/1447/1197 1115/1451/1201
f 1113/1447/1197 1116/1452/1202 1115/1451/1201
f 1115/1451/1201 1116/1452/1202 1117/1450/1200
f 1116/1452/1202 1123/1453/1203 1117/1450/1200
f 1123/1453/1203 1121/1454/1204 1117/1450/1200
f 1121/1454/1204 1119/1455/1205 1117/1450/1200
f 1117/1450/1200 1119/1455/1205 1118/1449/1199
f 1118/1449/1199 1119/1455/1205 1129/1456/1206
f 1129/1456/1206 1119/1455/1205 1120/1457/1207
f 1119/1455/1205 1121/1454/1204 1120/1457/1207
f 1120/1457/1207 1121/1454/1204 1122/1458/1208
f 1121/1454/1204 1123/1453/1203 1122/1458/1208
f 1122/1458/1208 1123/1453/1203 1124/1459/1209
f 1123/1453/1203 1116/1452/1202 1124/1459/1209
f 1124/1459/1209 1116/1452/1202 1125/1460/1210
f 1116/1452/1202 1113/1447/1197 1125/1460/1210
f 1113/1447/1197 1126/1446/1196 1125/1460/1210
f 1125/1460/1210 1126/1446/1196 1124/1459/1209
f 1126/1446/1196 1112/1444/1194 1124/1459/1209
f 1124/1459/1209 1112/1444/1194 1122/1458/1208
f 1112/1444/1194 1127/1443/1193 1122/1458/1208
f 1122/1458/1208 1127/1443/1193 1120/1457/1207
f 1127/1443/1193 1128/1442/1192 1120/1457/1207
f 1120/1457/1207 1128/1442/1192 1129/1456/1206
f 1128/1442/1192 1130/1461/1211 1129/1456/1206
f 1129/1456/1206 1130/1461/1211 1118/1449/1199
f 1130/1461/1211 1132/1462/1212 1118/1449/1199
f 1118/1449/1199 1132/1462/1212 1131/1434/1184
f 1131/1434/1184 1132/1462/1212 1133/1433/1183
f 1132/1462/1212 1130/1461/1211 1133/1433/1183
f 1133/1433/1183 1130/1461/1211 1134/1432/1182
f 1130/1461/1211 1128/1442/1192 1134/1432/1182
f 1134/1432/1182 1128/1442/1192 1105/1431/1181
f 1128/1442/1192 1111/1440/1190 1105/1431/1181
f 1105/1431/1181 1111/1440/1190 1135/1430/1180
f 1111/1440/1190 1136/1439/1189 1135/1430/1180
f 1135/1430/1180 1136/1439/1189 1137/1429/1179
f 1136/1439/1189 1138/1437/1187 1137/1429/1179
f 1137/1429/1179 1138/1437/1187 1102/1428/1178
f 1138/1437/1187 1109/1412/1162 1102/1428/1178
f 1102/1428/1178 1109/1412/1162 1139/1427/1177
f 1109/1412/1162 1086/1397/1147 1139/1427/1177
f 1139/1427/1177 1086/1397/1147 1140/1394/1144
f 1086/1397/1147 1079/1399/1149 1140/1394/1144
f 1140/1394/1144 1079/1399/1149 1063/1393/1143
f 1079/1399/1149 1141/1403/1153 1063/1393/1143
f 1063/1393/1143 1141/1403/1153 1142/1391/1141
f 1141/1403/1153 1143/1405/1155 1142/1391/1141
f 1142/1391/1141 1143/1405/1155 1062/1389/1139
f 1143/1405/1155 1084/1407/1157 1062/1389/1139
f 1062/1389/1139 1084/1407/1157 1061/1388/1138
f 1084/1407/1157 1159/1463/1213 1061/1388/1138
f 1159/1463/1213 1144/1464/1214 1061/1388/1138
f 1061/1388/1138 1144/1464/1214 1060/1386/1136
f 1144/1464/1214 1145/1465/1215 1060/1386/1136
f 1060/1386/1136 1145/1465/1215 1059/1383/1133
f 1059/1383/1133 1145/1465/1215 1146/1382/1132
f 1145/1465/1215 1161/1466/1216 1146/1382/1132
f 1161/1466/1216 1147/1467/1217 1146/1382/1132
f 1146/1382/1132 1147/1467/1217 1057/1379/1129
f 1057/1379/1129 1147/1467/1217 1148/1377/1127
f 1147/1467/1217 1163/1468/1218 1148/1377/1127
f 1148/1377/1127 1163/1468/1218 1056/1376/1126
f 1163/1468/1218 1165/1469/1219 1056/1376/1126
f 1165/1469/1219 1149/1470/1220 1056/1376/1126
f 1056/1376/1126 1149/1470/1220 1150/1374/1124
f 1149/1470/1220 1152/1471/1221 1150/1374/1124
f 1150/1374/1124 1152/1471/1221 1151/1373/1123
f 1151/1373/1123 1152/1471/1221 1153/1371/1121
f 1152/1471/1221 1166/1472/1222 1153/1371/1121
f 1153/1371/1121 1166/1472/1222 1154/1370/1120
f 1166/1472/1222 1155/1473/1223 1154/1370/1120
f 1154/1370/1120 1155/1473/1223 1097/1411/1161
f 1097/1411/1161 1155/1473/1223 1156/1409/1159
f 1155/1473/1223 1157/1474/1224 1156/1409/1159
f 1156/1409/1159 1157/1474/1224 1084/1407/1157
f 1084/1407/1157 1157/1474/1224 1159/1463/1213
f 1157/1474/1224 1158/1365/1115 1159/1463/1213
f 1158/1365/1115 1051/1348/1101 1159/1463/1213
f 1159/1463/1213 1051/1348/1101 1144/1464/1214
f 1051/1348/1101 1160/1349/1102 1144/1464/1214
f 1144/1464/1214 1160/1349/1102 1145/1465/1215
f 1145/1465/1215 1160/1349/1102 1161/1466/1216
f 1160/1349/1102 1044/1352/1103 1161/1466/1216
f 1044/1352/1103 1162/1356/1107 1161/1466/1216
f 1161/1466/1216 1162/1356/1107 1147/1467/1217
f 1147/1467/1217 1162/1356/1107 1163/1468/1218
f 1162/1356/1107 1164/1357/1108 1163/1468/1218
f 1163/1468/1218 1164/1357/1108 1165/1469/1219
f 1164/1357/1108 1047/1359/1110 1165/1469/1219
f 1047/1359/1110 1048/1475/1099 1165/1469/1219
f 1165/1469/1219 1048/1475/1099 1149/1470/1220
f 1048/1475/1099 1040/1343/1100 1149/1470/1220
f 1149/1470/1220 1040/1343/1100 1152/1471/1221
f 1152/1471/1221 1040/1343/1100 1166/1472/1222
f 1040/1343/1100 1167/1335/1093 1166/1472/1222
f 1166/1472/1222 1167/1335/1093 1155/1473/1223
f 1167/1335/1093 1033/1336/1094 1155/1473/1223
f 1155/1473/1223 1033/1336/1094 1157/1474/1224
f 1033/1336/1094 1034/1338/1096 1157/1474/1224
f 1157/1474/1224 1034/1338/1096 1158/1365/1115
f 1034/1338/1096 1168/1476/1225 1158/1365/1115
f 1158/1365/1115 1168/1476/1225 1169/1367/1117
f 1168/1476/1225 1495/1477/1226 1169/1367/1117
f 1169/1367/1117 1495/1477/1226 1052/1301/1059
f 1495/1477/1226 1496/1478/1227 1052/1301/1059
f 1052/1301/1059 1496/1478/1227 1170/1303/1061
f 1496/1478/1227 1171/1479/1228 1170/1303/1061
f 1170/1303/1061 1171/1479/1228 1013/1305/1063
f 1171/1479/1228 1172/1480/1229 1013/1305/1063
f 1013/1305/1063 1172/1480/1229 1014/1307/1065
f 1172/1480/1229 1173/1481/1230 1014/1307/1065
f 1014/1307/1065 1173/1481/1230 1015/1310/1068
f 1173/1481/1230 1498/1482/1231 1015/1310/1068
f 1015/1310/1068 1498/1482/1231 1017/1312/1070
f 1498/1482/1231 1499/1483/1232 1017/1312/1070
f 1017/1312/1070 1499/1483/1232 1174/1314/1072
f 1499/1483/1232 1501/1484/1233 1174/1314/1072
f 1174/1314/1072 1501/1484/1233 1030/1332/1090
f 1501/1484/1233 1175/1485/1234 1030/1332/1090
f 1030/1332/1090 1175/1485/1234 1176/1331/1089
f 1175/1485/1234 1504/1486/1235 1176/1331/1089
f 1176/1331/1089 1504/1486/1235 1029/1329/1087
f 1504/1486/1235 1177/1487/1236 1029/1329/1087
f 1029/1329/1087 1177/1487/1236 1178/1328/1086
f 1177/1487/1236 1179/1488/1237 1178/1328/1086
f 1178/1328/1086 1179/1488/1237 1026/1326/1084
f 1179/1488/1237 1180/1489/1238 1026/1326/1084
f 1026/1326/1084 1180/1489/1238 1181/1490/1239
f 1180/1489/1238 1018/1315/1073 1181/1490/1239
f 1181/1490/1239 1018/1315/1073 1184/1491/1240
f 1018/1315/1073 1019/1316/1074 1184/1491/1240
f 1184/1491/1240 1019/1316/1074 1186/1492/1241
f 1019/1316/1074 1021/1318/1076 1186/1492/1241
f 1186/1492/1241 1021/1318/1076 1188/1493/1242
f 1021/1318/1076 1022/1320/1078 1188/1493/1242
f 1188/1493/1242 1022/1320/1078 1189/1494/1243
f 1022/1320/1078 1182/1323/1081 1189/1494/1243
f 1189/1494/1243 1182/1323/1081 1183/1495/1244
f 1182/1323/1081 1024/1325/1083 1183/1495/1244
f 1024/1325/1083 1026/1326/1084 1183/1495/1244
f 1026/1326/1084 1181/1490/1239 1183/1495/1244
f 1181/1490/1239 1184/1491/1240 1183/1495/1244
f 1183/1495/1244 1184/1491/1240 1185/1496/1245
f 1184/1491/1240 1186/1492/1241 1185/1496/1245
f 1185/1496/1245 1186/1492/1241 1187/1497/1246
f 1186/1492/1241 1188/1493/1242 1187/1497/1246
f 1188/1493/1242 1189/1494/1243 1187/1497/1246
f 1187/1497/1246 1189/1494/1243 1185/1496/1245
f 1189/1494/1243 1183/1495/1244 1185/1496/1245
f 1190/1436/1186 1110/1438/1188 1191/1445/1195
f 1110/1438/1188 1192/1441/1191 1191/1445/1195
f 1198/1498/1247 1199/1499/1248 1193/1500/1249
f 1193/1500/1249 1199/1499/1248 1194/1501/1250
f 1199/1499/1248 1195/1502/1251 1194/1501/1250
f 1195/1502/1251 1200/1503/1252 1194/1501/1250
f 1194/1501/1250 1200/1503/1252 1193/1500/1249
f 1200/1503/1252 1196/1504/1253 1193/1500/1249
f 1193/1500/1249 1196/1504/1253 1198/1498/1247
f 1196/1504/1253 1197/1505/1254 1198/1498/1247
f 1197/1505/1254 1239/1506/1255 1198/1498/1247
f 1239/1506/1255 1234/1507/1256 1198/1498/1247
f 1234/1507/1256 1236/1508/1257 1198/1498/1247
f 1198/1498/1247 1236/1508/1257 1199/1499/1248
f 1236/1508/1257 1237/1509/1258 1199/1499/1248
f 1199/1499/1248 1237/1509/1258 1195/1502/1251
f 1237/1509/1258 1269/1510/1259 1195/1502/1251
f 1195/1502/1251 1269/1510/1259 1200/1503/1252
f 1269/1510/1259 1268/1511/1260 1200/1503/1252
f 1200/1503/1252 1268/1511/1260 1196/1504/1253
f 1268/1511/1260 1201/1512/1261 1196/1504/1253
f 1196/1504/1253 1201/1512/1261 1197/1505/1254
f 1201/1512/1261 1247/1513/1262 1197/1505/1254
f 1197/1505/1254 1247/1513/1262 1239/1506/1255
f 1247/1513/1262 1248/1514/1263 1239/1506/1255
f 1239/1506/1255 1248/1514/1263 1202/1515/1264
f 1248/1514/1263 1250/1516/1265 1202/1515/1264
f 1202/1515/1264 1250/1516/1265 1203/1517/1266
f 1250/1516/1265 1251/1518/1267 1203/1517/1266
f 1203/1517/1266 1251/1518/1267 1243/1519/1268
f 1251/1518/1267 1204/1520/1269 1243/1519/1268
f 1243/1519/1268 1204/1520/1269 1244/1521/1270
f 1204/1520/1269 1253/1522/1271 1244/1521/1270
f 1244/1521/1270 1253/1522/1271 1245/1523/1272
f 1253/1522/1271 1205/1524/1273 1245/1523/1272
f 1245/1523/1272 1205/1524/1273 1272/1525/1043
f 1205/1524/1273 1206/1526/1274 1272/1525/1043
f 1272/1525/1043 1206/1526/1274 1273/1527/1275
f 1206/1526/1274 1207/1528/1276 1273/1527/1275
f 1273/1527/1275 1207/1528/1276 1274/1048/806
f 1207/1528/1276 1257/1529/1277 1274/1048/806
f 1274/1048/806 1257/1529/1277 808/1046/804
f 1257/1529/1277 1208/1530/1278 808/1046/804
f 808/1046/804 1208/1530/1278 806/1044/802
f 1208/1530/1278 1209/1531/1279 806/1044/802
f 806/1044/802 1209/1531/1279 1283/1532/1280
f 1209/1531/1279 1259/1533/1281 1283/1532/1280
f 1283/1532/1280 1259/1533/1281 1287/1534/1282
f 1259/1533/1281 1210/1535/1283 1287/1534/1282
f 1287/1534/1282 1210/1535/1283 1286/1536/1284
f 1210/1535/1283 1211/1537/1285 1286/1536/1284
f 1286/1536/1284 1211/1537/1285 1323/1538/1286
f 1211/1537/1285 1212/1539/1287 1323/1538/1286
f 1323/1538/1286 1212/1539/1287 1325/1540/1288
f 1212/1539/1287 1225/1541/1289 1325/1540/1288
f 1325/1540/1288 1225/1541/1289 1326/1542/1290
f 1225/1541/1289 1214/1543/1291 1326/1542/1290
f 1326/1542/1290 1214/1543/1291 1213/1544/1292
f 1213/1544/1292 1214/1543/1291 1328/1545/1293
f 1214/1543/1291 1228/1546/1294 1328/1545/1293
f 1328/1545/1293 1228/1546/1294 1216/1547/1295
f 1228/1546/1294 1215/1548/1296 1216/1547/1295
f 1215/1548/1296 1217/1549/1297 1216/1547/1295
f 1216/1547/1295 1217/1549/1297 1330/1550/1298
f 1217/1549/1297 1218/1551/1299 1330/1550/1298
f 1330/1550/1298 1218/1551/1299 1331/1552/1300
f 1331/1552/1300 1218/1551/1299 1219/1553/1301
f 1218/1551/1299 1220/1554/1302 1219/1553/1301
f 1219/1553/1301 1220/1554/1302 1334/1555/1303
f 1220/1554/1302 1221/1556/827 1334/1555/1303
f 1221/1556/827 1222/1557/828 1334/1555/1303
f 1222/1557/828 820/1558/830 1334/1555/1303
f 1334/1555/1303 820/1558/830 1284/1559/1304
f 1284/1559/1304 820/1558/830 1223/1560/1305
f 820/1558/830 821/1561/817 1223/1560/1305
f 1223/1560/1305 821/1561/817 1282/1562/1306
f 1282/1562/1306 821/1561/817 1224/1563/1307
f 821/1561/817 1226/1564/819 1224/1563/1307
f 1224/1563/1307 1226/1564/819 1225/1541/1289
f 1225/1541/1289 1226/1564/819 1214/1543/1291
f 1226/1564/819 817/1565/820 1214/1543/1291
f 817/1565/820 1227/1566/823 1214/1543/1291
f 1214/1543/1291 1227/1566/823 1228/1567/1294
f 1227/1566/823 926/1568/961 1228/1567/1294
f 926/1568/961 1229/1569/976 1228/1567/1294
f 1228/1567/1294 1229/1569/976 1215/1548/1296
f 1229/1569/976 932/1570/974 1215/1548/1296
f 932/1570/974 1230/1571/971 1215/1548/1296
f 1215/1548/1296 1230/1571/971 1217/1549/1297
f 1230/1571/971 1231/1572/969 1217/1549/1297
f 1217/1549/1297 1231/1572/969 1218/1551/1299
f 1218/1551/1299 1231/1572/969 1220/1554/1302
f 1231/1572/969 928/1573/968 1220/1554/1302
f 928/1573/968 1232/1574/966 1220/1554/1302
f 1220/1554/1302 1232/1574/966 1221/1556/827
f 1221/1556/827 1232/1574/966 818/1575/824
f 1232/1574/966 1233/1576/962 818/1575/824
f 1233/1576/962 926/1568/961 818/1575/824
f 818/1575/824 926/1568/961 1227/1566/823
f 1239/1506/1255 1235/1577/1308 1234/1507/1256
f 1234/1507/1256 1235/1577/1308 1236/1508/1257
f 1235/1577/1308 1238/1578/1309 1236/1508/1257
f 1236/1508/1257 1238/1578/1309 1237/1509/1258
f 1237/1509/1258 1238/1578/1309 1241/1579/1310
f 1238/1578/1309 1235/1577/1308 1241/1579/1310
f 1241/1579/1310 1235/1577/1308 1240/1580/1311
f 1235/1577/1308 1239/1506/1255 1240/1580/1311
f 1239/1506/1255 1202/1515/1264 1240/1580/1311
f 1240/1580/1311 1202/1515/1264 1241/1579/1310
f 1202/1515/1264 1203/1517/1266 1241/1579/1310
f 1241/1579/1310 1203/1517/1266 1242/1581/1312
f 1203/1517/1266 1243/1519/1268 1242/1581/1312
f 1243/1519/1268 1244/1521/1270 1242/1581/1312
f 1242/1581/1312 1244/1521/1270 1270/1582/1313
f 1244/1521/1270 1245/1523/1272 1270/1582/1313
f 1270/1582/1313 1245/1523/1272 1268/1511/1260
f 1268/1511/1260 1245/1523/1272 1201/1512/1261
f 1245/1523/1272 1246/1583/1314 1201/1512/1261
f 1201/1512/1261 1246/1583/1314 1247/1513/1262
f 1246/1583/1314 1267/1584/1315 1247/1513/1262
f 1247/1513/1262 1267/1584/1315 1248/1514/1263
f 1267/1584/1315 1249/1585/1316 1248/1514/1263
f 1248/1514/1263 1249/1585/1316 1250/1516/1265
f 1249/1585/1316 1264/1586/1317 1250/1516/1265
f 1250/1516/1265 1264/1586/1317 1251/1518/1267
f 1264/1586/1317 1252/1587/1318 1251/1518/1267
f 1251/1518/1267 1252/1587/1318 1204/1520/1269
f 1252/1587/1318 1262/1588/1319 1204/1520/1269
f 1204/1520/1269 1262/1588/1319 1253/1522/1271
f 1262/1588/1319 1254/1589/1320 1253/1522/1271
f 1253/1522/1271 1254/1589/1320 1205/1524/1273
f 1254/1589/1320 1255/1590/1033 1205/1524/1273
f 1205/1524/1273 1255/1590/1033 1206/1526/1274
f 1255/1590/1033 1256/1591/1321 1206/1526/1274
f 1206/1526/1274 1256/1591/1321 1207/1528/1276
f 1256/1591/1321 1258/1592/1322 1207/1528/1276
f 1207/1528/1276 1258/1592/1322 1257/1529/1277
f 1257/1529/1277 1258/1592/1322 1208/1530/1278
f 1208/1530/1278 1258/1592/1322 1209/1531/1279
f 1209/1531/1279 1258/1592/1322 1259/1533/1281
f 1259/1533/1281 1258/1592/1322 1278/1593/1323
f 1258/1592/1322 1256/1591/1321 1278/1593/1323
f 1278/1593/1323 1256/1591/1321 1260/1594/1324
f 1256/1591/1321 1255/1590/1033 1260/1594/1324
f 1260/1594/1324 1255/1590/1033 1261/1595/1325
f 1255/1590/1033 1254/1589/1320 1261/1595/1325
f 1261/1595/1325 1254/1589/1320 1277/1596/1326
f 1254/1589/1320 1262/1588/1319 1277/1596/1326
f 1277/1596/1326 1262/1588/1319 1276/1597/1327
f 1262/1588/1319 1252/1587/1318 1276/1597/1327
f 1276/1597/1327 1252/1587/1318 1263/1598/1328
f 1252/1587/1318 1264/1586/1317 1263/1598/1328
f 1263/1598/1328 1264/1586/1317 1265/1599/1329
f 1264/1586/1317 1249/1585/1316 1265/1599/1329
f 1265/1599/1329 1249/1585/1316 1266/1600/1330
f 1249/1585/1316 1267/1584/1315 1266/1600/1330
f 1267/1584/1315 1246/1583/1314 1266/1600/1330
f 1266/1600/1330 1246/1583/1314 1272/1525/1043
f 1246/1583/1314 1245/1523/1272 1272/1525/1043
f 1268/1511/1260 1269/1510/1259 1270/1582/1313
f 1269/1510/1259 1271/1601/1331 1270/1582/1313
f 1270/1582/1313 1271/1601/1331 1242/1581/1312
f 1242/1581/1312 1271/1601/1331 1241/1579/1310
f 1241/1579/1310 1271/1601/1331 1237/1509/1258
f 1271/1601/1331 1269/1510/1259 1237/1509/1258
f 1272/1525/1043 1273/1527/1275 1266/1600/1330
f 1266/1600/1330 1273/1527/1275 1265/1599/1329
f 1273/1527/1275 1274/1048/806 1265/1599/1329
f 1265/1599/1329 1274/1048/806 1263/1598/1328
f 1274/1048/806 810/1047/805 1263/1598/1328
f 1263/1598/1328 810/1047/805 1276/1597/1327
f 810/1047/805 1275/1053/811 1276/1597/1327
f 1275/1053/811 815/1058/816 1276/1597/1327
f 1276/1597/1327 815/1058/816 1277/1596/1326
f 815/1058/816 814/1057/815 1277/1596/1326
f 1277/1596/1326 814/1057/815 1261/1595/1325
f 814/1057/815 1278/1593/1323 1261/1595/1325
f 1261/1595/1325 1278/1593/1323 1260/1594/1324
f 1278/1593/1323 814/1057/815 1259/1533/1281
f 814/1057/815 812/1056/814 1259/1533/1281
f 1259/1533/1281 812/1056/814 1210/1535/1283
f 812/1056/814 811/1054/812 1210/1535/1283
f 1210/1535/1283 811/1054/812 1211/1537/1285
f 811/1054/812 1279/1052/810 1211/1537/1285
f 1279/1052/810 1280/1051/809 1211/1537/1285
f 1211/1537/1285 1280/1051/809 1212/1539/1287
f 1280/1051/809 1281/1050/808 1212/1539/1287
f 1212/1539/1287 1281/1050/808 1225/1541/1289
f 1225/1541/1289 1281/1050/808 1224/1563/1307
f 1281/1050/808 807/1045/803 1224/1563/1307
f 1224/1563/1307 807/1045/803 1282/1562/1306
f 807/1045/803 806/1044/802 1282/1562/1306
f 806/1044/802 1283/1532/1280 1282/1562/1306
f 1282/1562/1306 1283/1532/1280 1223/1560/1305
f 1283/1532/1280 1285/1602/1332 1223/1560/1305
f 1223/1560/1305 1285/1602/1332 1284/1559/1304
f 1284/1559/1304 1285/1602/1332 1286/1536/1284
f 1286/1536/1284 1285/1602/1332 1287/1534/1282
f 1285/1602/1332 1283/1532/1280 1287/1534/1282
f 1312/1603/1333 1302/1604/1334 1313/1605/1335
f 1313/1605/1335 1302/1604/1334 1288/1606/1336
f 1288/1606/1336 1302/1604/1334 1289/1607/1337
f 1302/1604/1334 1290/1608/1338 1289/1607/1337
f 1291/1202/960 1292/1193/951 1293/1609/1339
f 1292/1193/951 1294/1194/952 1293/1609/1339
f 1293/1609/1339 1294/1194/952 1305/1610/1340
f 1305/1610/1340 1294/1194/952 1306/1611/1341
f 1294/1194/952 1295/1195/953 1306/1611/1341
f 1306/1611/1341 1295/1195/953 1296/1612/1342
f 1295/1195/953 916/1196/954 1296/1612/1342
f 1296/1612/1342 916/1196/954 1297/1613/1343
f 916/1196/954 1298/1197/955 1297/1613/1343
f 1297/1613/1343 1298/1197/955 1299/1614/1344
f 1299/1614/1344 1298/1197/955 1300/1615/1345
f 1298/1197/955 1301/1198/956 1300/1615/1345
f 1300/1615/1345 1301/1198/956 1312/1603/1333
f 1312/1603/1333 1301/1198/956 1302/1604/1334
f 1301/1198/956 1303/1199/957 1302/1604/1334
f 1302/1604/1334 1303/1199/957 1290/1608/1338
f 1303/1199/957 921/1200/958 1290/1608/1338
f 1290/1608/1338 921/1200/958 1289/1607/1337
f 921/1200/958 1304/1201/959 1289/1607/1337
f 1304/1201/959 1291/1202/960 1289/1607/1337
f 1289/1607/1337 1291/1202/960 1288/1606/1336
f 1291/1202/960 1293/1609/1339 1288/1606/1336
f 1293/1609/1339 1305/1610/1340 1288/1606/1336
f 1288/1606/1336 1305/1610/1340 1313/1605/1335
f 1313/1605/1335 1305/1610/1340 1314/1616/1346
f 1305/1610/1340 1306/1611/1341 1314/1616/1346
f 1314/1616/1346 1306/1611/1341 1307/1617/1347
f 1306/1611/1341 1296/1612/1342 1307/1617/1347
f 1307/1617/1347 1296/1612/1342 1308/1618/1348
f 1296/1612/1342 1297/1613/1343 1308/1618/1348
f 1308/1618/1348 1297/1613/1343 1309/1619/1349
f 1297/1613/1343 1299/1614/1344 1309/1619/1349
f 1309/1619/1349 1299/1614/1344 1310/1620/1350
f 1310/1620/1350 1299/1614/1344 1311/1621/1351
f 1299/1614/1344 1300/1615/1345 1311/1621/1351
f 1311/1621/1351 1300/1615/1345 1320/1622/1352
f 1300/1615/1345 1312/1603/1333 1320/1622/1352
f 1320/1622/1352 1312/1603/1333 1322/1623/1353
f 1312/1603/1333 1313/1605/1335 1322/1623/1353
f 1313/1605/1335 1314/1616/1346 1322/1623/1353
f 1322/1623/1353 1314/1616/1346 1315/1624/1354
f 1314/1616/1346 1307/1617/1347 1315/1624/1354
f 1315/1624/1354 1307/1617/1347 1316/1625/1355
f 1307/1617/1347 1308/1618/1348 1316/1625/1355
f 1316/1625/1355 1308/1618/1348 1317/1626/1356
f 1308/1618/1348 1309/1619/1349 1317/1626/1356
f 1317/1626/1356 1309/1619/1349 1318/1627/1357
f 1309/1619/1349 1310/1620/1350 1318/1627/1357
f 1318/1627/1357 1310/1620/1350 1933/1628/1358
f 1933/1628/1358 1310/1620/1350 1935/1629/1359
f 1310/1620/1350 1311/1621/1351 1935/1629/1359
f 1935/1629/1359 1311/1621/1351 1319/1630/1360
f 1311/1621/1351 1320/1622/1352 1319/1630/1360
f 1319/1630/1360 1320/1622/1352 1321/1631/1361
f 1320/1622/1352 1322/1623/1353 1321/1631/1361
f 1321/1631/1361 1322/1623/1353 1315/1624/1354
f 1284/1559/1304 1286/1536/1284 1336/1632/1362
f 1286/1536/1284 1323/1538/1286 1336/1632/1362
f 1336/1632/1362 1323/1538/1286 1338/1157/915
f 1338/1157/915 1323/1538/1286 1324/1159/917
f 1323/1538/1286 1325/1540/1288 1324/1159/917
f 1324/1159/917 1325/1540/1288 1383/1161/919
f 1383/1161/919 1325/1540/1288 1381/1165/923
f 1325/1540/1288 1326/1542/1290 1381/1165/923
f 1381/1165/923 1326/1542/1290 904/1167/925
f 1326/1542/1290 1213/1544/1292 904/1167/925
f 904/1167/925 1213/1544/1292 905/1169/927
f 905/1169/927 1213/1544/1292 1327/1170/928
f 1213/1544/1292 1328/1545/1293 1327/1170/928
f 1327/1170/928 1328/1545/1293 1329/1172/930
f 1328/1545/1293 1216/1547/1295 1329/1172/930
f 1216/1547/1295 1330/1550/1298 1329/1172/930
f 1329/1172/930 1330/1550/1298 906/1173/931
f 1330/1550/1298 1331/1552/1300 906/1173/931
f 906/1173/931 1331/1552/1300 1332/1175/933
f 1332/1175/933 1331/1552/1300 907/1178/936
f 1331/1552/1300 1219/1553/1301 907/1178/936
f 907/1178/936 1219/1553/1301 1333/1180/938
f 1219/1553/1301 1334/1555/1303 1333/1180/938
f 1333/1180/938 1334/1555/1303 1335/1182/940
f 1334/1555/1303 1284/1559/1304 1335/1182/940
f 1284/1559/1304 1336/1632/1362 1335/1182/940
f 1335/1182/940 1336/1632/1362 1337/1183/941
f 1336/1632/1362 1338/1157/915 1337/1183/941
f 1337/1183/941 1338/1157/915 908/1185/943
f 1338/1157/915 899/1155/913 908/1185/943
f 908/1185/943 899/1155/913 1339/1187/945
f 899/1155/913 1340/1153/911 1339/1187/945
f 1339/1187/945 1340/1153/911 909/1189/947
f 1340/1153/911 1341/1148/906 909/1189/947
f 909/1189/947 1341/1148/906 911/1190/948
f 1341/1148/906 1397/1147/905 911/1190/948
f 911/1190/948 1397/1147/905 1342/1633/1363
f 1397/1147/905 1370/1634/1162 1342/1633/1363
f 1342/1633/1363 1370/1634/1162 1379/1635/1364
f 1370/1634/1162 1368/1636/1365 1379/1635/1364
f 1379/1635/1364 1368/1636/1365 1377/1637/1366
f 1368/1636/1365 1343/1638/1367 1377/1637/1366
f 1377/1637/1366 1343/1638/1367 1344/1639/1368
f 1343/1638/1367 1345/1640/1369 1344/1639/1368
f 1344/1639/1368 1345/1640/1369 1375/1641/1370
f 1345/1640/1369 1350/1642/1371 1375/1641/1370
f 1375/1641/1370 1350/1642/1371 1373/1643/1372
f 1350/1642/1371 1346/1644/1373 1373/1643/1372
f 1373/1643/1372 1346/1644/1373 1347/1645/1374
f 1346/1644/1373 1348/1646/1375 1347/1645/1374
f 1347/1645/1374 1348/1646/1375 1371/1647/1376
f 1371/1647/1376 1348/1646/1375 1359/1648/1377
f 1348/1646/1375 1346/1644/1373 1359/1648/1377
f 1359/1648/1377 1346/1644/1373 1349/1649/1378
f 1346/1644/1373 1350/1642/1371 1349/1649/1378
f 1349/1649/1378 1350/1642/1371 1357/1650/1379
f 1350/1642/1371 1351/1651/1380 1357/1650/1379
f 1357/1650/1379 1351/1651/1380 1352/1652/1381
f 1351/1651/1380 1366/1653/1382 1352/1652/1381
f 1352/1652/1381 1366/1653/1382 1356/1654/1383
f 1366/1653/1382 1353/1655/1384 1356/1654/1383
f 1356/1654/1383 1353/1655/1384 1355/1656/1385
f 1353/1655/1384 1354/1657/1386 1355/1656/1385
f 1354/1657/1386 1363/1658/1387 1355/1656/1385
f 1355/1656/1385 1363/1658/1387 1356/1654/1383
f 1363/1658/1387 1362/1659/1388 1356/1654/1383
f 1356/1654/1383 1362/1659/1388 1352/1652/1381
f 1362/1659/1388 1361/1660/1389 1352/1652/1381
f 1352/1652/1381 1361/1660/1389 1357/1650/1379
f 1361/1660/1389 1358/1661/1390 1357/1650/1379
f 1357/1650/1379 1358/1661/1390 1349/1649/1378
f 1349/1649/1378 1358/1661/1390 1359/1648/1377
f 1359/1648/1377 1358/1661/1390 1360/1662/1391
f 1358/1661/1390 1361/1660/1389 1360/1662/1391
f 1361/1660/1389 1362/1659/1388 1360/1662/1391
f 1362/1659/1388 1363/1658/1387 1360/1662/1391
f 1360/1662/1391 1363/1658/1387 1364/1663/1392
f 1363/1658/1387 1354/1657/1386 1364/1663/1392
f 1354/1657/1386 1365/1664/1393 1364/1663/1392
f 1364/1663/1392 1365/1664/1393 1360/1662/1391
f 1360/1662/1391 1365/1664/1393 1359/1648/1377
f 1359/1648/1377 1365/1664/1393 1371/1647/1376
f 1371/1647/1376 1365/1664/1393 1369/1665/1394
f 1365/1664/1393 1354/1657/1386 1369/1665/1394
f 1354/1657/1386 1353/1655/1384 1369/1665/1394
f 1369/1665/1394 1353/1655/1384 896/1143/901
f 1353/1655/1384 1366/1653/1382 896/1143/901
f 896/1143/901 1366/1653/1382 897/1144/902
f 897/1144/902 1366/1653/1382 898/1146/904
f 1366/1653/1382 1351/1651/1380 898/1146/904
f 1351/1651/1380 1350/1642/1371 898/1146/904
f 1350/1642/1371 1345/1640/1369 898/1146/904
f 898/1146/904 1345/1640/1369 1367/1145/903
f 1345/1640/1369 1343/1638/1367 1367/1145/903
f 1343/1638/1367 1368/1636/1365 1367/1145/903
f 1367/1145/903 1368/1636/1365 896/1143/901
f 1368/1636/1365 1370/1634/1162 896/1143/901
f 896/1143/901 1370/1634/1162 1369/1665/1394
f 1369/1665/1394 1370/1634/1162 1371/1647/1376
f 1370/1634/1162 1372/1666/1395 1371/1647/1376
f 1371/1647/1376 1372/1666/1395 1347/1645/1374
f 1372/1666/1395 1396/1667/1396 1347/1645/1374
f 1347/1645/1374 1396/1667/1396 1373/1643/1372
f 1396/1667/1396 1374/1668/1397 1373/1643/1372
f 1373/1643/1372 1374/1668/1397 1375/1641/1370
f 1374/1668/1397 1393/1669/1398 1375/1641/1370
f 1375/1641/1370 1393/1669/1398 1344/1639/1368
f 1393/1669/1398 1376/1670/1399 1344/1639/1368
f 1344/1639/1368 1376/1670/1399 1377/1637/1366
f 1376/1670/1399 1378/1671/1400 1377/1637/1366
f 1378/1671/1400 1387/1672/1401 1377/1637/1366
f 1377/1637/1366 1387/1672/1401 1379/1635/1364
f 1387/1672/1401 1386/1673/1402 1379/1635/1364
f 1379/1635/1364 1386/1673/1402 1342/1633/1363
f 1386/1673/1402 1385/1674/1403 1342/1633/1363
f 1342/1633/1363 1385/1674/1403 911/1190/948
f 1385/1674/1403 1380/1675/1404 911/1190/948
f 911/1190/948 1380/1675/1404 912/1191/949
f 1380/1675/1404 1382/1676/1405 912/1191/949
f 912/1191/949 1382/1676/1405 903/1164/922
f 903/1164/922 1382/1676/1405 1381/1165/923
f 1381/1165/923 1382/1676/1405 1383/1161/919
f 1382/1676/1405 1380/1675/1404 1383/1161/919
f 1383/1161/919 1380/1675/1404 1384/1160/918
f 1380/1675/1404 1385/1674/1403 1384/1160/918
f 1385/1674/1403 1386/1673/1402 1384/1160/918
f 1384/1160/918 1386/1673/1402 901/1158/916
f 901/1158/916 1386/1673/1402 902/1163/921
f 1386/1673/1402 1387/1672/1401 902/1163/921
f 902/1163/921 1387/1672/1401 1388/1162/920
f 1387/1672/1401 1378/1671/1400 1388/1162/920
f 1388/1162/920 1378/1671/1400 1389/1154/912
f 1378/1671/1400 1390/1677/1324 1389/1154/912
f 1389/1154/912 1390/1677/1324 1391/1150/908
f 1391/1150/908 1390/1677/1324 1392/1152/910
f 1390/1677/1324 1378/1671/1400 1392/1152/910
f 1378/1671/1400 1376/1670/1399 1392/1152/910
f 1376/1670/1399 1393/1669/1398 1392/1152/910
f 1392/1152/910 1393/1669/1398 1394/1151/909
f 1393/1669/1398 1374/1668/1397 1394/1151/909
f 1394/1151/909 1374/1668/1397 1395/1149/907
f 1374/1668/1397 1396/1667/1396 1395/1149/907
f 1396/1667/1396 1372/1666/1395 1395/1149/907
f 1395/1149/907 1372/1666/1395 1397/1147/905
f 1372/1666/1395 1370/1634/1162 1397/1147/905
f 1406/1678/1114 1398/1679/1113 1409/1680/1406
f 1409/1680/1406 1398/1679/1113 1411/1681/1407
f 1398/1679/1113 1399/1682/1112 1411/1681/1407
f 1399/1682/1112 1400/1683/1111 1411/1681/1407
f 1411/1681/1407 1400/1683/1111 1401/1684/1408
f 1400/1683/1111 1402/1685/1109 1401/1684/1408
f 1401/1684/1408 1402/1685/1109 1403/1686/1409
f 1403/1686/1409 1402/1685/1109 1404/1687/1410
f 1402/1685/1109 1046/1688/1106 1404/1687/1410
f 1404/1687/1410 1046/1688/1106 1414/1689/1411
f 1046/1688/1106 1405/1690/1105 1414/1689/1411
f 1405/1690/1105 1045/1691/1104 1414/1689/1411
f 1414/1689/1411 1045/1691/1104 1415/1692/1412
f 1045/1691/1104 1406/1678/1114 1415/1692/1412
f 1415/1692/1412 1406/1678/1114 1407/1693/1413
f 1406/1678/1114 1409/1680/1406 1407/1693/1413
f 1407/1693/1413 1409/1680/1406 1408/1694/1414
f 1408/1694/1414 1409/1680/1406 1410/1695/1415
f 1409/1680/1406 1411/1681/1407 1410/1695/1415
f 1410/1695/1415 1411/1681/1407 1412/1696/1416
f 1411/1681/1407 1401/1684/1408 1412/1696/1416
f 1401/1684/1408 1403/1686/1409 1412/1696/1416
f 1412/1696/1416 1403/1686/1409 1413/1697/1417
f 1413/1697/1417 1403/1686/1409 1421/1698/1418
f 1403/1686/1409 1404/1687/1410 1421/1698/1418
f 1421/1698/1418 1404/1687/1410 1419/1699/1419
f 1404/1687/1410 1414/1689/1411 1419/1699/1419
f 1414/1689/1411 1415/1692/1412 1419/1699/1419
f 1419/1699/1419 1415/1692/1412 1416/1700/1420
f 1415/1692/1412 1407/1693/1413 1416/1700/1420
f 1416/1700/1420 1407/1693/1413 1417/1701/1421
f 1407/1693/1413 1408/1694/1414 1417/1701/1421
f 1408/1694/1414 1425/1702/1422 1417/1701/1421
f 1417/1701/1421 1425/1702/1422 1416/1700/1420
f 1425/1702/1422 1418/1703/1423 1416/1700/1420
f 1416/1700/1420 1418/1703/1423 1419/1699/1419
f 1418/1703/1423 1426/1704/1424 1419/1699/1419
f 1426/1704/1424 1420/1705/1425 1419/1699/1419
f 1419/1699/1419 1420/1705/1425 1421/1698/1418
f 1421/1698/1418 1420/1705/1425 1413/1697/1417
f 1420/1705/1425 1422/1706/1426 1413/1697/1417
f 1413/1697/1417 1422/1706/1426 1412/1696/1416
f 1422/1706/1426 1423/1707/1427 1412/1696/1416
f 1412/1696/1416 1423/1707/1427 1410/1695/1415
f 1423/1707/1427 1428/1708/1428 1410/1695/1415
f 1428/1708/1428 1424/1709/1429 1410/1695/1415
f 1410/1695/1415 1424/1709/1429 1408/1694/1414
f 1408/1694/1414 1424/1709/1429 1425/1702/1422
f 1424/1709/1429 1430/1710/1430 1425/1702/1422
f 1425/1702/1422 1430/1710/1430 1418/1703/1423
f 1430/1710/1430 1432/1711/1431 1418/1703/1423
f 1418/1703/1423 1432/1711/1431 1426/1704/1424
f 1432/1711/1431 1433/1712/1432 1426/1704/1424
f 1426/1704/1424 1433/1712/1432 1420/1705/1425
f 1433/1712/1432 1434/1713/1433 1420/1705/1425
f 1434/1713/1433 1435/1714/1434 1420/1705/1425
f 1420/1705/1425 1435/1714/1434 1422/1706/1426
f 1422/1706/1426 1435/1714/1434 1423/1707/1427
f 1435/1714/1434 1437/1715/1435 1423/1707/1427
f 1437/1715/1435 1427/1716/1436 1423/1707/1427
f 1423/1707/1427 1427/1716/1436 1428/1708/1428
f 1427/1716/1436 1440/1717/1437 1428/1708/1428
f 1440/1717/1437 1442/1718/1438 1428/1708/1428
f 1428/1708/1428 1442/1718/1438 1424/1709/1429
f 1442/1718/1438 1429/1719/1439 1424/1709/1429
f 1424/1709/1429 1429/1719/1439 1430/1710/1430
f 1429/1719/1439 1431/1720/1440 1430/1710/1430
f 1430/1710/1430 1431/1720/1440 1432/1711/1431
f 1431/1720/1440 1444/1721/1051 1432/1711/1431
f 1432/1711/1431 1444/1721/1051 1433/1712/1432
f 1433/1712/1432 1444/1721/1051 1434/1713/1433
f 1444/1721/1051 1436/1722/1441 1434/1713/1433
f 1434/1713/1433 1436/1722/1441 1435/1714/1434
f 1435/1714/1434 1436/1722/1441 1437/1715/1435
f 1436/1722/1441 1446/1723/1070 1437/1715/1435
f 1446/1723/1070 1450/1724/1442 1437/1715/1435
f 1437/1715/1435 1450/1724/1442 1427/1716/1436
f 1450/1724/1442 1438/1725/1443 1427/1716/1436
f 1427/1716/1436 1438/1725/1443 1440/1717/1437
f 1438/1725/1443 1439/1726/1444 1440/1717/1437
f 1439/1726/1444 1441/1727/1445 1440/1717/1437
f 1440/1717/1437 1441/1727/1445 1442/1718/1438
f 1441/1727/1445 1443/1728/1446 1442/1718/1438
f 1442/1718/1438 1443/1728/1446 1429/1719/1439
f 1443/1728/1446 1448/1729/1447 1429/1719/1439
f 1429/1719/1439 1448/1729/1447 1431/1720/1440
f 1448/1729/1447 1445/1730/1448 1431/1720/1440
f 1431/1720/1440 1445/1730/1448 1444/1721/1051
f 1444/1721/1051 1445/1730/1448 1436/1722/1441
f 1436/1722/1441 1445/1730/1448 1446/1723/1070
f 1446/1723/1070 1445/1730/1448 1447/1731/1449
f 1445/1730/1448 1448/1729/1447 1447/1731/1449
f 1447/1731/1449 1448/1729/1447 1457/1732/1450
f 1448/1729/1447 1443/1728/1446 1457/1732/1450
f 1457/1732/1450 1443/1728/1446 1459/1733/1451
f 1443/1728/1446 1441/1727/1445 1459/1733/1451
f 1459/1733/1451 1441/1727/1445 1449/1734/1452
f 1441/1727/1445 1439/1726/1444 1449/1734/1452
f 1449/1734/1452 1439/1726/1444 1461/1735/1453
f 1461/1735/1453 1439/1726/1444 1462/1736/1454
f 1439/1726/1444 1438/1725/1443 1462/1736/1454
f 1462/1736/1454 1438/1725/1443 1464/1737/1455
f 1438/1725/1443 1450/1724/1442 1464/1737/1455
f 1464/1737/1455 1450/1724/1442 1465/1738/1456
f 1450/1724/1442 1446/1723/1070 1465/1738/1456
f 1446/1723/1070 1447/1731/1449 1465/1738/1456
f 1465/1738/1456 1447/1731/1449 1466/1739/1457
f 1447/1731/1449 1455/1740/1458 1466/1739/1457
f 1466/1739/1457 1455/1740/1458 1451/1741/1459
f 1455/1740/1458 1452/1742/1460 1451/1741/1459
f 1451/1741/1459 1452/1742/1460 1468/1743/1461
f 1452/1742/1460 1453/1744/1462 1468/1743/1461
f 1468/1743/1461 1453/1744/1462 1469/1745/1463
f 1469/1745/1463 1453/1744/1462 1472/1746/1464
f 1453/1744/1462 1452/1742/1460 1472/1746/1464
f 1472/1746/1464 1452/1742/1460 1454/1747/1465
f 1452/1742/1460 1455/1740/1458 1454/1747/1465
f 1454/1747/1465 1455/1740/1458 1456/1748/1466
f 1455/1740/1458 1447/1731/1449 1456/1748/1466
f 1447/1731/1449 1457/1732/1450 1456/1748/1466
f 1456/1748/1466 1457/1732/1450 1458/1749/1467
f 1457/1732/1450 1459/1733/1451 1458/1749/1467
f 1459/1733/1451 1449/1734/1452 1458/1749/1467
f 1458/1749/1467 1449/1734/1452 1476/1750/1468
f 1449/1734/1452 1461/1735/1453 1476/1750/1468
f 1476/1750/1468 1461/1735/1453 1460/1751/1469
f 1460/1751/1469 1461/1735/1453 1477/1752/1470
f 1461/1735/1453 1462/1736/1454 1477/1752/1470
f 1477/1752/1470 1462/1736/1454 1463/1753/1471
f 1462/1736/1454 1464/1737/1455 1463/1753/1471
f 1464/1737/1455 1465/1738/1456 1463/1753/1471
f 1465/1738/1456 1466/1739/1457 1463/1753/1471
f 1463/1753/1471 1466/1739/1457 1467/1754/1472
f 1466/1739/1457 1451/1741/1459 1467/1754/1472
f 1467/1754/1472 1451/1741/1459 1479/1755/1473
f 1451/1741/1459 1468/1743/1461 1479/1755/1473
f 1468/1743/1461 1469/1745/1463 1479/1755/1473
f 1479/1755/1473 1469/1745/1463 1470/1756/1474
f 1470/1756/1474 1469/1745/1463 1471/1757/1475
f 1469/1745/1463 1472/1746/1464 1471/1757/1475
f 1472/1746/1464 1454/1747/1465 1471/1757/1475
f 1471/1757/1475 1454/1747/1465 1473/1758/1476
f 1454/1747/1465 1456/1748/1466 1473/1758/1476
f 1456/1748/1466 1458/1749/1467 1473/1758/1476
f 1458/1749/1467 1476/1750/1468 1473/1758/1476
f 1473/1758/1476 1476/1750/1468 1471/1757/1475
f 1476/1750/1468 1474/1759/1477 1471/1757/1475
f 1471/1757/1475 1474/1759/1477 1470/1756/1474
f 1470/1756/1474 1474/1759/1477 1475/1760/1478
f 1474/1759/1477 1476/1750/1468 1475/1760/1478
f 1476/1750/1468 1460/1751/1469 1475/1760/1478
f 1460/1751/1469 1477/1752/1470 1475/1760/1478
f 1477/1752/1470 1478/1761/1479 1475/1760/1478
f 1475/1760/1478 1478/1761/1479 1470/1756/1474
f 1470/1756/1474 1478/1761/1479 1479/1755/1473
f 1478/1761/1479 1477/1752/1470 1479/1755/1473
f 1479/1755/1473 1477/1752/1470 1467/1754/1472
f 1477/1752/1470 1463/1753/1471 1467/1754/1472
f 1020/1317/1075 1481/1330/1088 1480/1319/1077
f 1480/1319/1077 1481/1330/1088 1028/1321/1079
f 1027/1327/1085 1025/1324/1082 1028/1321/1079
f 1025/1324/1082 1023/1322/1080 1028/1321/1079
f 1018/1315/1073 1180/1489/1238 1482/1313/1071
f 1180/1489/1238 1483/1762/1480 1482/1313/1071
f 1482/1313/1071 1483/1762/1480 1016/1311/1069
f 1483/1762/1480 1484/1763/1481 1016/1311/1069
f 1016/1311/1069 1484/1763/1481 1485/1309/1067
f 1484/1763/1481 1486/1764/1482 1485/1309/1067
f 1485/1309/1067 1486/1764/1482 1487/1308/1066
f 1486/1764/1482 1503/1287/1045 1487/1308/1066
f 1503/1287/1045 1008/1289/1047 1487/1308/1066
f 1487/1308/1066 1008/1289/1047 1035/1306/1064
f 1008/1289/1047 1488/1296/1054 1035/1306/1064
f 1035/1306/1064 1488/1296/1054 1489/1339/1097
f 1488/1296/1054 1490/1298/1056 1489/1339/1097
f 1489/1339/1097 1490/1298/1056 1034/1338/1096
f 1034/1338/1096 1490/1298/1056 1168/1476/1225
f 1490/1298/1056 1010/1299/1057 1168/1476/1225
f 1168/1476/1225 1010/1299/1057 1495/1477/1226
f 1010/1299/1057 1491/1294/1052 1495/1477/1226
f 1495/1477/1226 1491/1294/1052 1494/1765/1483
f 1491/1294/1052 1007/1292/1050 1494/1765/1483
f 1494/1765/1483 1007/1292/1050 1492/1766/1324
f 1007/1292/1050 1006/1293/1051 1492/1766/1324
f 1006/1293/1051 1493/1767/1484 1492/1766/1324
f 1492/1766/1324 1493/1767/1484 1494/1765/1483
f 1493/1767/1484 1497/1768/1485 1494/1765/1483
f 1494/1765/1483 1497/1768/1485 1495/1477/1226
f 1495/1477/1226 1497/1768/1485 1496/1478/1227
f 1496/1478/1227 1497/1768/1485 1171/1479/1228
f 1171/1479/1228 1497/1768/1485 1172/1480/1229
f 1172/1480/1229 1497/1768/1485 1173/1481/1230
f 1497/1768/1485 1493/1767/1484 1173/1481/1230
f 1173/1481/1230 1493/1767/1484 1498/1482/1231
f 1493/1767/1484 1006/1293/1051 1498/1482/1231
f 1498/1482/1231 1006/1293/1051 1499/1483/1232
f 1006/1293/1051 1500/1291/1049 1499/1483/1232
f 1499/1483/1232 1500/1291/1049 1501/1484/1233
f 1500/1291/1049 1502/1288/1046 1501/1484/1233
f 1501/1484/1233 1502/1288/1046 1175/1485/1234
f 1502/1288/1046 1503/1287/1045 1175/1485/1234
f 1175/1485/1234 1503/1287/1045 1504/1486/1235
f 1503/1287/1045 1486/1764/1482 1504/1486/1235
f 1504/1486/1235 1486/1764/1482 1177/1487/1236
f 1486/1764/1482 1484/1763/1481 1177/1487/1236
f 1177/1487/1236 1484/1763/1481 1179/1488/1237
f 1484/1763/1481 1483/1762/1480 1179/1488/1237
f 1179/1488/1237 1483/1762/1480 1180/1489/1238
f 1082/1404/1154 1092/1420/1170 1083/1406/1156
f 1083/1406/1156 1092/1420/1170 1095/1408/1158
f 1092/1420/1170 1094/1422/1172 1095/1408/1158
f 1560/1769/1486 1521/1770/1487 1582/1771/1488
f 1616/1772/1489 1505/1773/1490 1624/1774/1491
f 1629/1775/1492 1631/1776/1493 1636/1777/1494
f 1636/1777/1494 1631/1776/1493 1634/1778/1495
f 1631/1776/1493 1632/1779/1496 1634/1778/1495
f 1634/1778/1495 1632/1779/1496 1633/1780/1497
f 1789/1781/1498 1788/1782/1499 1506/1783/1500
f 1506/1783/1500 1788/1782/1499 1507/1784/1501
f 1788/1782/1499 1786/1785/1502 1507/1784/1501
f 1786/1785/1502 1785/1786/1503 1507/1784/1501
f 1507/1784/1501 1785/1786/1503 1760/1787/1504
f 1785/1786/1503 1783/1788/1505 1760/1787/1504
f 1760/1787/1504 1783/1788/1505 1759/1789/1506
f 1783/1788/1505 1782/1790/1507 1759/1789/1506
f 1759/1789/1506 1782/1790/1507 1758/1791/1508
f 1782/1790/1507 1834/1792/1509 1758/1791/1508
f 1758/1791/1508 1834/1792/1509 1757/1793/1510
f 1834/1792/1509 1508/1794/1511 1757/1793/1510
f 1757/1793/1510 1508/1794/1511 1756/1795/1512
f 1508/1794/1511 1509/1796/1513 1756/1795/1512
f 1756/1795/1512 1509/1796/1513 1510/1797/1514
f 1509/1796/1513 1837/1798/1515 1510/1797/1514
f 1510/1797/1514 1837/1798/1515 1511/1799/1516
f 1837/1798/1515 1838/1800/1517 1511/1799/1516
f 1511/1799/1516 1838/1800/1517 1512/1801/1518
f 1838/1800/1517 1513/1802/1519 1512/1801/1518
f 1512/1801/1518 1513/1802/1519 1514/1803/1520
f 1513/1802/1519 1515/1804/1521 1514/1803/1520
f 1589/1805/1522 1556/1806/1523 1607/1807/1524
f 1607/1807/1524 1556/1806/1523 1516/1808/1525
f 1556/1806/1523 1517/1809/1526 1516/1808/1525
f 1516/1808/1525 1517/1809/1526 1518/1810/1527
f 1517/1809/1526 1505/1811/1490 1518/1810/1527
f 1505/1811/1490 1616/1812/1489 1518/1810/1527
f 1518/1810/1527 1616/1812/1489 1531/1813/1528
f 1616/1812/1489 1519/1814/1529 1531/1813/1528
f 1531/1813/1528 1519/1814/1529 1530/1815/1530
f 1519/1814/1529 1520/1816/1531 1530/1815/1530
f 1570/1817/1532 1529/1818/1533 1569/1819/1534
f 1529/1818/1533 1528/1820/1535 1569/1819/1534
f 1569/1819/1534 1528/1820/1535 1571/1821/1536
f 1528/1820/1535 1522/1822/1537 1571/1821/1536
f 1571/1821/1536 1522/1822/1537 1521/1823/1487
f 1521/1823/1487 1522/1822/1537 1580/1824/1538
f 1522/1822/1537 1526/1825/1539 1580/1824/1538
f 1580/1824/1538 1526/1825/1539 1876/1826/1540
f 1526/1825/1539 1524/1827/1541 1876/1826/1540
f 1876/1826/1540 1524/1827/1541 1877/1828/1542
f 1877/1828/1542 1524/1827/1541 1523/1829/1543
f 1523/1829/1543 1524/1827/1541 1851/1830/1544
f 1851/1830/1544 1524/1827/1541 1525/1831/1545
f 1524/1827/1541 1526/1825/1539 1525/1831/1545
f 1525/1831/1545 1526/1825/1539 1771/1832/1546
f 1771/1832/1546 1526/1825/1539 1527/1833/1547
f 1526/1825/1539 1522/1822/1537 1527/1833/1547
f 1522/1822/1537 1528/1820/1535 1527/1833/1547
f 1527/1833/1547 1528/1820/1535 1529/1818/1533
f 1530/1815/1530 1532/1834/1548 1531/1813/1528
f 1531/1813/1528 1532/1834/1548 1534/1835/1549
f 1532/1834/1548 1620/1836/1550 1534/1835/1549
f 1620/1836/1550 1533/1837/1551 1534/1835/1549
f 1533/1837/1551 1607/1807/1524 1534/1835/1549
f 1607/1807/1524 1516/1808/1525 1534/1835/1549
f 1516/1808/1525 1518/1810/1527 1534/1835/1549
f 1534/1835/1549 1518/1810/1527 1531/1813/1528
f 1624/1838/1491 1778/1839/1552 1538/1840/1553
f 1538/1840/1553 1778/1839/1552 1536/1841/1554
f 1778/1839/1552 1535/1842/1555 1536/1841/1554
f 1535/1842/1555 1530/1843/1530 1536/1841/1554
f 1530/1843/1530 1520/1844/1531 1536/1841/1554
f 1520/1844/1531 1537/1845/1556 1536/1841/1554
f 1536/1841/1554 1537/1845/1556 1538/1840/1553
f 1521/1846/1487 1559/1847/1557 1571/1848/1536
f 1559/1847/1557 1557/1849/1558 1571/1848/1536
f 1571/1848/1536 1557/1849/1558 1573/1850/1559
f 1573/1850/1559 1557/1849/1558 1575/1851/1560
f 1575/1851/1560 1557/1849/1558 1599/1852/1561
f 1599/1852/1561 1557/1849/1558 1558/1853/1562
f 1557/1849/1558 1559/1847/1557 1558/1853/1562
f 1521/1854/1487 1560/1855/1486 1559/1856/1557
f 1559/1856/1557 1560/1855/1486 1558/1857/1562
f 1560/1855/1486 1561/1858/1563 1558/1857/1562
f 1558/1857/1562 1561/1858/1563 1599/1859/1561
f 1567/1860/1564 1563/1861/1565 1562/1862/1566
f 1562/1862/1566 1563/1861/1565 1564/1863/1567
f 1563/1861/1565 1611/1864/1568 1564/1863/1567
f 1611/1864/1568 1610/1865/1569 1564/1863/1567
f 1610/1865/1569 1617/1866/1570 1564/1863/1567
f 1617/1866/1570 1565/1867/1571 1564/1863/1567
f 1564/1863/1567 1565/1867/1571 1562/1862/1566
f 1565/1867/1571 1566/1868/1572 1562/1862/1566
f 1570/1869/1532 1568/1870/1573 1567/1871/1564
f 1567/1871/1564 1568/1870/1573 1563/1872/1565
f 1568/1870/1573 1600/1873/1574 1563/1872/1565
f 1563/1872/1565 1600/1873/1574 1611/1874/1568
f 1569/1875/1534 1572/1876/1575 1570/1877/1532
f 1570/1877/1532 1572/1876/1575 1568/1878/1573
f 1568/1878/1573 1572/1876/1575 1600/1879/1574
f 1572/1876/1575 1574/1880/1576 1600/1879/1574
f 1569/1881/1534 1571/1882/1536 1572/1883/1575
f 1571/1882/1536 1573/1884/1559 1572/1883/1575
f 1572/1883/1575 1573/1884/1559 1574/1885/1576
f 1573/1884/1559 1575/1886/1560 1574/1885/1576
f 1576/1887/1577 1577/1888/1578 1579/1889/1579
f 1577/1888/1578 1578/1890/1580 1579/1889/1579
f 1578/1890/1580 1581/1891/1581 1579/1889/1579
f 1579/1889/1579 1581/1891/1581 1580/1892/1538
f 1581/1891/1581 1521/1893/1487 1580/1892/1538
f 1580/1894/1538 1876/1895/1540 1579/1896/1579
f 1876/1895/1540 1878/1897/1582 1579/1896/1579
f 1579/1896/1579 1878/1897/1582 1576/1898/1577
f 1878/1897/1582 1585/1899/1583 1576/1898/1577
f 1577/1900/1578 1587/1901/1584 1578/1902/1580
f 1578/1902/1580 1587/1901/1584 1581/1903/1581
f 1587/1901/1584 1588/1904/1585 1581/1903/1581
f 1588/1904/1585 1582/1905/1488 1581/1903/1581
f 1581/1903/1581 1582/1905/1488 1521/1906/1487
f 1582/1907/1488 1588/1908/1585 1540/1909/1586
f 1588/1908/1585 1592/1910/1587 1540/1909/1586
f 1540/1909/1586 1592/1910/1587 1583/1911/1588
f 1592/1910/1587 1593/1912/1589 1583/1911/1588
f 1583/1911/1588 1593/1912/1589 1541/1913/1590
f 1593/1912/1589 1595/1914/1591 1541/1913/1590
f 1541/1913/1590 1595/1914/1591 1542/1915/1592
f 1595/1914/1591 1584/1916/1593 1542/1915/1592
f 1542/1915/1592 1584/1916/1593 1879/1917/1594
f 1584/1916/1593 1594/1918/1595 1879/1917/1594
f 1879/1917/1594 1594/1918/1595 1585/1919/1583
f 1585/1919/1583 1594/1918/1595 1576/1920/1577
f 1594/1918/1595 1586/1921/1596 1576/1920/1577
f 1576/1920/1577 1586/1921/1596 1577/1922/1578
f 1577/1922/1578 1586/1921/1596 1587/1923/1584
f 1586/1921/1596 1592/1910/1587 1587/1923/1584
f 1587/1923/1584 1592/1910/1587 1588/1908/1585
f 1592/1910/1587 1586/1921/1596 1593/1912/1589
f 1586/1921/1596 1594/1918/1595 1593/1912/1589
f 1593/1912/1589 1594/1918/1595 1595/1914/1591
f 1594/1918/1595 1584/1916/1593 1595/1914/1591
f 1539/1924/1597 1603/1925/1598 1596/1926/1599
f 1603/1925/1598 1597/1927/1600 1596/1926/1599
f 1596/1926/1599 1597/1927/1600 1598/1928/1601
f 1597/1927/1600 1604/1929/1602 1598/1928/1601
f 1598/1928/1601 1604/1929/1602 1582/1907/1488
f 1582/1907/1488 1604/1929/1602 1560/1930/1486
f 1604/1929/1602 1605/1931/1603 1560/1930/1486
f 1560/1930/1486 1605/1931/1603 1561/1932/1563
f 1605/1931/1603 1575/1933/1560 1561/1932/1563
f 1561/1932/1563 1575/1933/1560 1599/1934/1561
f 1575/1933/1560 1605/1931/1603 1574/1935/1576
f 1605/1931/1603 1602/1936/1604 1574/1935/1576
f 1574/1935/1576 1602/1936/1604 1600/1937/1574
f 1600/1937/1574 1602/1936/1604 1601/1938/1605
f 1601/1938/1605 1602/1936/1604 1603/1925/1598
f 1603/1925/1598 1602/1936/1604 1597/1927/1600
f 1597/1927/1600 1602/1936/1604 1604/1929/1602
f 1602/1936/1604 1605/1931/1603 1604/1929/1602
f 1539/1939/1597 1591/1940/1606 1603/1941/1598
f 1603/1941/1598 1591/1940/1606 1613/1942/1607
f 1591/1940/1606 1606/1943/1608 1613/1942/1607
f 1613/1942/1607 1606/1943/1608 1614/1944/1609
f 1614/1944/1609 1606/1943/1608 1615/1945/1610
f 1606/1943/1608 1590/1946/1611 1615/1945/1610
f 1615/1945/1610 1590/1946/1611 1607/1947/1524
f 1590/1946/1611 1589/1948/1522 1607/1947/1524
f 1607/1947/1524 1533/1949/1551 1615/1945/1610
f 1615/1945/1610 1533/1949/1551 1608/1950/1612
f 1533/1949/1551 1620/1951/1550 1608/1950/1612
f 1620/1951/1550 1617/1952/1570 1608/1950/1612
f 1608/1950/1612 1617/1952/1570 1609/1953/1613
f 1617/1952/1570 1610/1954/1569 1609/1953/1613
f 1610/1954/1569 1611/1955/1568 1609/1953/1613
f 1609/1953/1613 1611/1955/1568 1612/1956/1614
f 1611/1955/1568 1600/1873/1574 1612/1956/1614
f 1600/1873/1574 1601/1957/1605 1612/1956/1614
f 1612/1956/1614 1601/1957/1605 1613/1942/1607
f 1601/1957/1605 1603/1941/1598 1613/1942/1607
f 1613/1942/1607 1614/1944/1609 1612/1956/1614
f 1612/1956/1614 1614/1944/1609 1609/1953/1613
f 1609/1953/1613 1614/1944/1609 1608/1950/1612
f 1614/1944/1609 1615/1945/1610 1608/1950/1612
f 1624/1958/1491 1538/1959/1553 1616/1960/1489
f 1538/1959/1553 1537/1961/1556 1616/1960/1489
f 1616/1960/1489 1537/1961/1556 1519/1962/1529
f 1537/1961/1556 1520/1963/1531 1519/1962/1529
f 1618/1964/1615 1566/1965/1572 1619/1966/1616
f 1566/1965/1572 1565/1967/1571 1619/1966/1616
f 1619/1966/1616 1565/1967/1571 1620/1951/1550
f 1565/1967/1571 1617/1968/1570 1620/1951/1550
f 1777/1969/1617 1618/1970/1615 1621/1971/1618
f 1618/1970/1615 1619/1972/1616 1621/1971/1618
f 1619/1972/1616 1620/1973/1550 1621/1971/1618
f 1621/1971/1618 1620/1973/1550 1532/1974/1548
f 1777/1975/1617 1621/1976/1618 1778/1977/1552
f 1778/1977/1552 1621/1976/1618 1535/1978/1555
f 1621/1976/1618 1532/1979/1548 1535/1978/1555
f 1535/1978/1555 1532/1979/1548 1530/1980/1530
f 1635/1981/1619 1625/1982/1620 1626/1983/1621
f 1626/1983/1621 1625/1982/1620 1622/1984/1622
f 1622/1984/1622 1625/1982/1620 1627/1985/1623
f 1625/1982/1620 1623/1986/1624 1627/1985/1623
f 1627/1985/1623 1623/1986/1624 1624/1987/1491
f 1623/1988/1624 1625/1989/1620 1872/1990/1625
f 1872/1990/1625 1625/1989/1620 1874/1991/1626
f 1625/1989/1620 1635/1992/1619 1874/1991/1626
f 1874/1991/1626 1635/1992/1619 1875/1993/1627
f 1626/1994/1621 1622/1995/1622 1637/1996/1628
f 1622/1995/1622 1627/1997/1623 1637/1996/1628
f 1637/1996/1628 1627/1997/1623 1638/1998/1629
f 1638/1998/1629 1627/1997/1623 1505/1999/1490
f 1627/1997/1623 1624/2000/1491 1505/1999/1490
f 1505/1811/1490 1628/2001/1630 1638/2002/1629
f 1638/2002/1629 1628/2001/1630 1629/1775/1492
f 1628/2001/1630 1630/2003/1631 1629/1775/1492
f 1629/1775/1492 1630/2003/1631 1631/1776/1493
f 1630/2003/1631 1555/2004/1632 1631/1776/1493
f 1631/1776/1493 1555/2004/1632 1632/1779/1496
f 1555/2004/1632 1870/2005/1633 1632/1779/1496
f 1632/1779/1496 1870/2005/1633 1633/1780/1497
f 1870/2005/1633 1871/2006/1634 1633/1780/1497
f 1633/1780/1497 1871/2006/1634 1634/1778/1495
f 1871/2006/1634 1875/2007/1627 1634/1778/1495
f 1875/2007/1627 1635/2008/1619 1634/1778/1495
f 1634/1778/1495 1635/2008/1619 1636/1777/1494
f 1635/2008/1619 1626/2009/1621 1636/1777/1494
f 1626/2009/1621 1637/2010/1628 1636/1777/1494
f 1636/1777/1494 1637/2010/1628 1629/1775/1492
f 1637/2010/1628 1638/2002/1629 1629/1775/1492
f 1898/2011/1635 1673/2012/1636 1653/2013/1637
f 1673/2012/1636 1649/2014/1638 1653/2013/1637
f 1885/2015/1639 1898/2016/1635 1657/2017/1640
f 1898/2016/1635 1653/2018/1637 1657/2017/1640
f 1639/2019/1641 1675/2020/1642 1640/2021/1643
f 1675/2020/1642 1663/2022/1644 1640/2021/1643
f 1640/2023/1643 1641/2024/1645 1668/2025/1646
f 1668/2025/1646 1641/2024/1645 1669/2026/1647
f 1641/2024/1645 1664/2027/1648 1669/2026/1647
f 1669/2026/1647 1664/2027/1648 1642/2028/1649
f 1664/2027/1648 1666/2029/1650 1642/2028/1649
f 1642/2028/1649 1666/2029/1650 1671/2030/1651
f 1639/2031/1641 1640/2032/1643 1643/2033/1652
f 1643/2033/1652 1640/2032/1643 1668/2034/1646
f 1643/2035/1652 1668/2036/1646 1644/2037/1653
f 1644/2037/1653 1668/2036/1646 1645/2038/1654
f 1644/2039/1653 1645/2040/1654 1896/2041/1655
f 1896/2041/1655 1645/2040/1654 1674/2042/1656
f 1675/2043/1642 1885/2044/1639 1663/2045/1644
f 1885/2044/1639 1657/2046/1640 1663/2045/1644
f 1645/2047/1654 1646/2048/1657 1674/2049/1656
f 1674/2049/1656 1646/2048/1657 1647/2050/1658
f 1646/2048/1657 1670/2051/1659 1647/2050/1658
f 1647/2050/1658 1670/2051/1659 1651/2052/1660
f 1670/2051/1659 1672/2053/1661 1651/2052/1660
f 1651/2052/1660 1672/2053/1661 1648/2054/1662
f 1674/2055/1656 1647/2056/1658 1649/2057/1638
f 1649/2057/1638 1647/2056/1658 1650/2058/1663
f 1647/2056/1658 1651/2059/1660 1650/2058/1663
f 1650/2058/1663 1651/2059/1660 1652/2060/1664
f 1651/2059/1660 1648/2061/1662 1652/2060/1664
f 1652/2060/1664 1648/2061/1662 1656/2062/1665
f 1653/2063/1637 1649/2064/1638 1654/2065/1666
f 1649/2064/1638 1650/2066/1663 1654/2065/1666
f 1654/2065/1666 1650/2066/1663 1655/2067/1667
f 1650/2066/1663 1652/2068/1664 1655/2067/1667
f 1655/2067/1667 1652/2068/1664 1661/2069/1668
f 1652/2068/1664 1656/2070/1665 1661/2069/1668
f 1657/2071/1640 1653/2072/1637 1658/2073/1669
f 1653/2072/1637 1654/2074/1666 1658/2073/1669
f 1658/2073/1669 1654/2074/1666 1659/2075/1670
f 1654/2074/1666 1655/2076/1667 1659/2075/1670
f 1659/2075/1670 1655/2076/1667 1660/2077/1671
f 1655/2076/1667 1661/2078/1668 1660/2077/1671
f 1663/2079/1644 1657/2080/1640 1662/2081/1672
f 1657/2080/1640 1658/2082/1669 1662/2081/1672
f 1662/2081/1672 1658/2082/1669 1665/2083/1673
f 1658/2082/1669 1659/2084/1670 1665/2083/1673
f 1665/2083/1673 1659/2084/1670 1667/2085/1674
f 1659/2084/1670 1660/2086/1671 1667/2085/1674
f 1640/2087/1643 1663/2088/1644 1641/2089/1645
f 1663/2088/1644 1662/2090/1672 1641/2089/1645
f 1641/2089/1645 1662/2090/1672 1664/2091/1648
f 1662/2090/1672 1665/2092/1673 1664/2091/1648
f 1664/2091/1648 1665/2092/1673 1666/2093/1650
f 1665/2092/1673 1667/2094/1674 1666/2093/1650
f 1668/2095/1646 1669/2096/1647 1645/2097/1654
f 1645/2097/1654 1669/2096/1647 1646/2098/1657
f 1669/2096/1647 1642/2099/1649 1646/2098/1657
f 1646/2098/1657 1642/2099/1649 1670/2100/1659
f 1642/2099/1649 1671/2101/1651 1670/2100/1659
f 1670/2100/1659 1671/2101/1651 1672/2102/1661
f 1896/2103/1655 1674/2104/1656 1673/2105/1636
f 1673/2105/1636 1674/2104/1656 1649/2106/1638
f 1675/2107/1642 1639/2108/1641 1883/2109/1675
f 1639/2108/1641 1892/2110/1676 1883/2109/1675
f 1883/2109/1675 1892/2110/1676 1676/2111/1677
f 1892/2110/1676 1891/2112/1678 1676/2111/1677
f 1676/2111/1677 1891/2112/1678 1677/2113/1679
f 1891/2112/1678 1888/2114/1680 1677/2113/1679
f 1888/2114/1680 1886/2115/1681 1677/2113/1679
f 1677/2113/1679 1886/2115/1681 1678/2116/1682
f 1886/2115/1681 1679/2117/1683 1678/2116/1682
f 1678/2116/1682 1679/2117/1683 1881/2118/1684
f 1679/2117/1683 1680/2119/1685 1881/2118/1684
f 1881/2118/1684 1680/2119/1685 1681/2120/1686
f 1899/2121/1687 1900/2122/1688 1897/2123/1689
f 1897/2123/1689 1900/2122/1688 1682/2124/1690
f 1900/2122/1688 1683/2125/1691 1682/2124/1690
f 1682/2124/1690 1683/2125/1691 1684/2126/1692
f 1683/2125/1691 1685/2127/1693 1684/2126/1692
f 1684/2126/1692 1685/2127/1693 1686/2128/1694
f 1685/2127/1693 1913/2129/1695 1686/2128/1694
f 1913/2129/1695 1911/2130/1696 1686/2128/1694
f 1911/2130/1696 1910/2131/1697 1686/2128/1694
f 1686/2128/1694 1910/2131/1697 1687/2132/1698
f 1910/2131/1697 1907/2133/1699 1687/2132/1698
f 1687/2132/1698 1907/2133/1699 1902/2134/1700
f 1907/2133/1699 1906/2135/1701 1902/2134/1700
f 1906/2135/1701 1688/2136/1702 1902/2134/1700
f 1902/2134/1700 1688/2136/1702 1903/2137/1703
f 1688/2136/1702 1887/2138/1704 1903/2137/1703
f 1903/2137/1703 1887/2138/1704 1689/2139/1705
f 1887/2138/1704 1889/2140/1706 1689/2139/1705
f 1889/2140/1706 1890/2141/1707 1689/2139/1705
f 1689/2139/1705 1890/2141/1707 1690/2142/1708
f 1890/2141/1707 1893/2143/1709 1690/2142/1708
f 1893/2143/1709 1894/2144/1710 1690/2142/1708
f 1690/2142/1708 1894/2144/1710 1691/2145/1711
f 1894/2144/1710 1895/2146/1712 1691/2145/1711
f 1691/2145/1711 1895/2146/1712 1682/2124/1690
f 1895/2146/1712 1897/2123/1689 1682/2124/1690
f 1692/2147/1713 1708/2148/1714 1946/2149/1715
f 1708/2148/1714 1710/2150/1716 1946/2149/1715
f 1946/2149/1715 1710/2150/1716 1945/2151/1717
f 1710/2150/1716 1693/2152/1718 1945/2151/1717
f 1945/2151/1717 1693/2152/1718 1694/2153/1719
f 1693/2152/1718 1695/2154/1720 1694/2153/1719
f 1695/2154/1720 1713/2155/1721 1694/2153/1719
f 1694/2153/1719 1713/2155/1721 1696/2156/1722
f 1713/2155/1721 1714/2157/1723 1696/2156/1722
f 1696/2156/1722 1714/2157/1723 1943/2158/1724
f 1714/2157/1723 1715/2159/1725 1943/2158/1724
f 1943/2158/1724 1715/2159/1725 1941/2160/1726
f 1715/2159/1725 1697/2161/1727 1941/2160/1726
f 1941/2160/1726 1697/2161/1727 1939/2162/1728
f 1697/2161/1727 1715/2159/1725 1937/2163/1729
f 1715/2159/1725 1698/2164/1730 1937/2163/1729
f 1937/2163/1729 1698/2164/1730 1699/2165/1731
f 1699/2165/1731 1698/2164/1730 1924/2166/1732
f 1924/2166/1732 1698/2164/1730 1923/2167/1733
f 1698/2164/1730 1717/2168/1734 1923/2167/1733
f 1923/2167/1733 1717/2168/1734 1700/2169/1735
f 1717/2168/1734 1701/2170/1736 1700/2169/1735
f 1700/2169/1735 1701/2170/1736 1703/2171/1737
f 1701/2170/1736 1702/2172/1738 1703/2171/1737
f 1702/2172/1738 1719/2173/1739 1703/2171/1737
f 1703/2171/1737 1719/2173/1739 1704/2174/1740
f 1719/2173/1739 1705/2175/1741 1704/2174/1740
f 1704/2174/1740 1705/2175/1741 1706/2176/1742
f 1705/2175/1741 1707/2177/1743 1706/2176/1742
f 1706/2176/1742 1707/2177/1743 1926/2178/1744
f 1705/2175/1741 1709/2179/1745 1707/2177/1743
f 1707/2177/1743 1709/2179/1745 1708/2148/1714
f 1708/2148/1714 1709/2179/1745 1710/2150/1716
f 1710/2150/1716 1709/2179/1745 1693/2152/1718
f 1709/2179/1745 1711/2180/1746 1693/2152/1718
f 1693/2152/1718 1711/2180/1746 1695/2154/1720
f 1711/2180/1746 1712/2181/1747 1695/2154/1720
f 1712/2181/1747 1718/2182/1748 1695/2154/1720
f 1695/2154/1720 1718/2182/1748 1713/2155/1721
f 1718/2182/1748 1716/2183/1749 1713/2155/1721
f 1713/2155/1721 1716/2183/1749 1714/2157/1723
f 1714/2157/1723 1716/2183/1749 1715/2159/1725
f 1715/2159/1725 1716/2183/1749 1698/2164/1730
f 1698/2164/1730 1716/2183/1749 1717/2168/1734
f 1717/2168/1734 1716/2183/1749 1701/2170/1736
f 1716/2183/1749 1718/2182/1748 1701/2170/1736
f 1701/2170/1736 1718/2182/1748 1702/2172/1738
f 1718/2182/1748 1712/2181/1747 1702/2172/1738
f 1712/2181/1747 1711/2180/1746 1702/2172/1738
f 1702/2172/1738 1711/2180/1746 1719/2173/1739
f 1711/2180/1746 1709/2179/1745 1719/2173/1739
f 1719/2173/1739 1709/2179/1745 1705/2175/1741
f 1739/2184/1750 1744/2185/1751 1740/2186/1752
f 1744/2185/1751 1745/2187/1753 1740/2186/1752
f 1745/2188/1753 1747/2189/1754 1720/2190/1755
f 1720/2190/1755 1747/2189/1754 1723/2191/1756
f 1747/2189/1754 1748/2192/1757 1723/2191/1756
f 1723/2191/1756 1748/2192/1757 1725/2193/1758
f 1748/2192/1757 1721/2194/1759 1725/2193/1758
f 1725/2193/1758 1721/2194/1759 1722/2195/1760
f 1720/2196/1755 1723/2197/1756 1729/2198/1761
f 1729/2198/1761 1723/2197/1756 1724/2199/1762
f 1723/2197/1756 1725/2200/1758 1724/2199/1762
f 1724/2199/1762 1725/2200/1758 1726/2201/1763
f 1725/2200/1758 1722/2202/1760 1726/2201/1763
f 1726/2201/1763 1722/2202/1760 1727/2203/1764
f 1729/2204/1761 1724/2205/1762 1728/2206/1765
f 1728/2206/1765 1724/2205/1762 1732/2207/1766
f 1724/2205/1762 1726/2208/1763 1732/2207/1766
f 1732/2207/1766 1726/2208/1763 1730/2209/1767
f 1726/2208/1763 1727/2210/1764 1730/2209/1767
f 1730/2209/1767 1727/2210/1764 1735/2211/1768
f 1755/2212/1769 1728/2213/1765 1731/2214/1770
f 1728/2213/1765 1732/2215/1766 1731/2214/1770
f 1731/2214/1770 1732/2215/1766 1733/2216/1771
f 1732/2215/1766 1730/2217/1767 1733/2216/1771
f 1733/2216/1771 1730/2217/1767 1734/2218/1772
f 1730/2217/1767 1735/2219/1768 1734/2218/1772
f 1755/2220/1769 1737/2221/1773 1942/2222/1774
f 1942/2222/1774 1737/2221/1773 1736/2223/1775
f 1737/2224/1773 1738/2225/1776 1736/2226/1775
f 1736/2226/1775 1738/2225/1776 1944/2227/1777
f 1738/2228/1776 1744/2229/1751 1944/2230/1777
f 1944/2230/1777 1744/2229/1751 1739/2231/1750
f 1740/2232/1752 1745/2233/1753 1938/2234/1778
f 1745/2233/1753 1720/2235/1755 1938/2234/1778
f 1938/2236/1778 1720/2237/1755 1940/2238/1779
f 1720/2237/1755 1729/2239/1761 1940/2238/1779
f 1940/2240/1779 1729/2241/1761 1741/2242/1780
f 1729/2241/1761 1728/2243/1765 1741/2242/1780
f 1728/2244/1765 1755/2245/1769 1741/2246/1780
f 1741/2246/1780 1755/2245/1769 1942/2247/1774
f 1744/2248/1751 1738/2249/1776 1746/2250/1781
f 1738/2249/1776 1750/2251/1782 1746/2250/1781
f 1746/2250/1781 1750/2251/1782 1742/2252/1783
f 1750/2251/1782 1752/2253/1784 1742/2252/1783
f 1742/2252/1783 1752/2253/1784 1749/2254/1785
f 1752/2253/1784 1743/2255/1786 1749/2254/1785
f 1744/2256/1751 1746/2257/1781 1745/2258/1753
f 1745/2258/1753 1746/2257/1781 1747/2259/1754
f 1746/2257/1781 1742/2260/1783 1747/2259/1754
f 1747/2259/1754 1742/2260/1783 1748/2261/1757
f 1742/2260/1783 1749/2262/1785 1748/2261/1757
f 1748/2261/1757 1749/2262/1785 1721/2263/1759
f 1738/2264/1776 1737/2265/1773 1750/2266/1782
f 1737/2265/1773 1751/2267/1787 1750/2266/1782
f 1750/2266/1782 1751/2267/1787 1752/2268/1784
f 1751/2267/1787 1753/2269/1788 1752/2268/1784
f 1752/2268/1784 1753/2269/1788 1743/2270/1786
f 1753/2269/1788 1754/2271/1789 1743/2270/1786
f 1737/2272/1773 1755/2273/1769 1751/2274/1787
f 1755/2273/1769 1731/2275/1770 1751/2274/1787
f 1751/2274/1787 1731/2275/1770 1753/2276/1788
f 1731/2275/1770 1733/2277/1771 1753/2276/1788
f 1753/2276/1788 1733/2277/1771 1754/2278/1789
f 1733/2277/1771 1734/2279/1772 1754/2278/1789
f 1514/1803/1520 1801/2280/1790 1512/1801/1518
f 1801/2280/1790 1799/2281/1791 1512/1801/1518
f 1512/1801/1518 1799/2281/1791 1511/1799/1516
f 1799/2281/1791 1798/2282/1792 1511/1799/1516
f 1511/1799/1516 1798/2282/1792 1510/1797/1514
f 1798/2282/1792 1797/2283/1793 1510/1797/1514
f 1510/1797/1514 1797/2283/1793 1756/1795/1512
f 1797/2283/1793 1795/2284/1794 1756/1795/1512
f 1756/1795/1512 1795/2284/1794 1757/1793/1510
f 1795/2284/1794 1793/2285/1795 1757/1793/1510
f 1757/1793/1510 1793/2285/1795 1758/1791/1508
f 1793/2285/1795 1792/2286/1796 1758/1791/1508
f 1758/1791/1508 1792/2286/1796 1759/1789/1506
f 1792/2286/1796 1791/2287/1797 1759/1789/1506
f 1759/1789/1506 1791/2287/1797 1760/1787/1504
f 1791/2287/1797 1761/2288/1798 1760/1787/1504
f 1760/1787/1504 1761/2288/1798 1507/1784/1501
f 1761/2288/1798 1506/1783/1500 1507/1784/1501
f 1826/2289/1799 1763/2290/1800 1762/2291/1801
f 1762/2291/1801 1763/2290/1800 1800/2292/1802
f 1763/2290/1800 1764/2293/1803 1800/2292/1802
f 1800/2292/1802 1764/2293/1803 1765/2294/1804
f 1764/2293/1803 1856/2295/1805 1765/2294/1804
f 1765/2294/1804 1856/2295/1805 1766/2296/1806
f 1856/2295/1805 1854/2297/1807 1766/2296/1806
f 1766/2296/1806 1854/2297/1807 1796/2298/1808
f 1854/2297/1807 1852/2299/1809 1796/2298/1808
f 1796/2298/1808 1852/2299/1809 1794/2300/1810
f 1852/2299/1809 1767/2301/1811 1794/2300/1810
f 1794/2300/1810 1767/2301/1811 1768/2302/1812
f 1767/2301/1811 1851/1830/1544 1768/2302/1812
f 1768/2302/1812 1851/1830/1544 1769/2303/1813
f 1851/1830/1544 1525/1831/1545 1769/2303/1813
f 1769/2303/1813 1525/1831/1545 1770/2304/1814
f 1525/1831/1545 1771/1832/1546 1770/2304/1814
f 1770/2304/1814 1771/1832/1546 1790/2305/1815
f 1771/1832/1546 1527/1833/1547 1790/2305/1815
f 1790/2305/1815 1527/1833/1547 1772/2306/1816
f 1527/1833/1547 1529/1818/1533 1772/2306/1816
f 1772/2306/1816 1529/1818/1533 1773/2307/1817
f 1529/1818/1533 1570/1817/1532 1773/2307/1817
f 1570/1817/1532 1567/2308/1564 1773/2307/1817
f 1773/2307/1817 1567/2308/1564 1774/2309/1818
f 1567/2308/1564 1562/2310/1566 1774/2309/1818
f 1562/2310/1566 1566/2311/1572 1774/2309/1818
f 1774/2309/1818 1566/2311/1572 1775/2312/1819
f 1566/2311/1572 1618/2313/1615 1775/2312/1819
f 1775/2312/1819 1618/2313/1615 1776/2314/1820
f 1618/2313/1615 1777/2315/1617 1776/2314/1820
f 1776/2314/1820 1777/2315/1617 1787/2316/1821
f 1777/2315/1617 1778/2317/1552 1787/2316/1821
f 1787/2316/1821 1778/2317/1552 1779/2318/1822
f 1778/2317/1552 1624/2319/1491 1779/2318/1822
f 1624/2319/1491 1623/2320/1624 1779/2318/1822
f 1779/2318/1822 1623/2320/1624 1784/2321/1823
f 1623/2320/1624 1872/2322/1625 1784/2321/1823
f 1784/2321/1823 1872/2322/1625 1781/2323/1824
f 1872/2322/1625 1845/2324/1825 1781/2323/1824
f 1845/2324/1825 1780/2325/1826 1781/2323/1824
f 1780/2325/1826 1782/1790/1507 1781/2323/1824
f 1782/1790/1507 1783/1788/1505 1781/2323/1824
f 1781/2323/1824 1783/1788/1505 1784/2321/1823
f 1783/1788/1505 1785/1786/1503 1784/2321/1823
f 1785/1786/1503 1786/1785/1502 1784/2321/1823
f 1784/2321/1823 1786/1785/1502 1779/2318/1822
f 1779/2318/1822 1786/1785/1502 1787/2316/1821
f 1787/2316/1821 1786/1785/1502 1776/2314/1820
f 1786/1785/1502 1788/1782/1499 1776/2314/1820
f 1776/2314/1820 1788/1782/1499 1775/2312/1819
f 1788/1782/1499 1789/1781/1498 1775/2312/1819
f 1775/2312/1819 1789/1781/1498 1774/2309/1818
f 1774/2309/1818 1789/1781/1498 1773/2307/1817
f 1773/2307/1817 1789/1781/1498 1772/2306/1816
f 1789/1781/1498 1506/1783/1500 1772/2306/1816
f 1772/2306/1816 1506/1783/1500 1790/2305/1815
f 1506/1783/1500 1761/2288/1798 1790/2305/1815
f 1790/2305/1815 1761/2288/1798 1770/2304/1814
f 1761/2288/1798 1791/2287/1797 1770/2304/1814
f 1770/2304/1814 1791/2287/1797 1769/2303/1813
f 1791/2287/1797 1792/2286/1796 1769/2303/1813
f 1769/2303/1813 1792/2286/1796 1768/2302/1812
f 1792/2286/1796 1793/2285/1795 1768/2302/1812
f 1768/2302/1812 1793/2285/1795 1794/2300/1810
f 1793/2285/1795 1795/2284/1794 1794/2300/1810
f 1794/2300/1810 1795/2284/1794 1796/2298/1808
f 1795/2284/1794 1797/2283/1793 1796/2298/1808
f 1796/2298/1808 1797/2283/1793 1766/2296/1806
f 1797/2283/1793 1798/2282/1792 1766/2296/1806
f 1766/2296/1806 1798/2282/1792 1765/2294/1804
f 1798/2282/1792 1799/2281/1791 1765/2294/1804
f 1765/2294/1804 1799/2281/1791 1800/2292/1802
f 1799/2281/1791 1801/2280/1790 1800/2292/1802
f 1800/2292/1802 1801/2280/1790 1762/2291/1801
f 1827/2326/1827 1810/2327/1828 1802/2328/1829
f 1810/2327/1828 1803/2329/1830 1802/2328/1829
f 1802/2328/1829 1803/2329/1830 1819/2330/1831
f 1819/2330/1831 1803/2329/1830 1818/2331/1832
f 1803/2329/1830 1808/2332/1833 1818/2331/1832
f 1818/2331/1832 1808/2332/1833 1816/2333/1834
f 1816/2333/1834 1808/2332/1833 1804/2334/1835
f 1808/2332/1833 1807/2335/1836 1804/2334/1835
f 1804/2334/1835 1807/2335/1836 1805/2336/1837
f 1805/2336/1837 1807/2335/1836 1812/2337/1838
f 1807/2335/1836 1828/2338/1839 1812/2337/1838
f 1812/2337/1838 1828/2338/1839 1806/2339/1840
f 1828/2338/1839 1807/2335/1836 1809/2340/1841
f 1807/2335/1836 1808/2332/1833 1809/2340/1841
f 1808/2332/1833 1803/2329/1830 1809/2340/1841
f 1809/2340/1841 1803/2329/1830 1810/2327/1828
f 1830/2341/1842 1811/2342/1843 1806/2339/1840
f 1806/2339/1840 1811/2342/1843 1812/2337/1838
f 1811/2342/1843 1813/2343/1844 1812/2337/1838
f 1812/2337/1838 1813/2343/1844 1805/2336/1837
f 1813/2343/1844 1814/2344/1845 1805/2336/1837
f 1814/2344/1845 1815/2345/1846 1805/2336/1837
f 1805/2336/1837 1815/2345/1846 1804/2334/1835
f 1815/2345/1846 1550/2346/1847 1804/2334/1835
f 1804/2334/1835 1550/2346/1847 1816/2333/1834
f 1550/2346/1847 1548/2347/1848 1816/2333/1834
f 1548/2347/1848 1817/2348/1849 1816/2333/1834
f 1816/2333/1834 1817/2348/1849 1818/2331/1832
f 1817/2348/1849 1547/2349/1850 1818/2331/1832
f 1818/2331/1832 1547/2349/1850 1819/2330/1831
f 1547/2349/1850 1545/2350/1851 1819/2330/1831
f 1545/2350/1851 1821/2351/1852 1819/2330/1831
f 1819/2330/1831 1821/2351/1852 1802/2328/1829
f 1821/2351/1852 1822/2352/1853 1802/2328/1829
f 1802/2328/1829 1822/2352/1853 1827/2326/1827
f 1822/2352/1853 1825/2353/1854 1827/2326/1827
f 1543/2354/1855 1820/2355/1856 1545/2350/1851
f 1545/2350/1851 1820/2355/1856 1821/2351/1852
f 1820/2355/1856 1862/2356/1857 1821/2351/1852
f 1821/2351/1852 1862/2356/1857 1822/2352/1853
f 1862/2356/1857 1823/2357/1858 1822/2352/1853
f 1822/2352/1853 1823/2357/1858 1825/2353/1854
f 1823/2357/1858 1824/2358/1859 1825/2353/1854
f 1824/2358/1859 1860/2359/1860 1825/2353/1854
f 1860/2359/1860 1826/2360/1799 1825/2353/1854
f 1825/2353/1854 1826/2360/1799 1827/2326/1827
f 1826/2360/1799 1762/2361/1801 1827/2326/1827
f 1827/2326/1827 1762/2361/1801 1810/2327/1828
f 1762/2361/1801 1801/2362/1790 1810/2327/1828
f 1810/2327/1828 1801/2362/1790 1809/2340/1841
f 1809/2340/1841 1801/2362/1790 1828/2338/1839
f 1801/2362/1790 1514/2363/1520 1828/2338/1839
f 1828/2338/1839 1514/2363/1520 1806/2339/1840
f 1514/2363/1520 1515/2364/1521 1806/2339/1840
f 1806/2339/1840 1515/2364/1521 1830/2341/1842
f 1515/2364/1521 1829/2365/1861 1830/2341/1842
f 1829/2365/1861 1842/2366/1862 1830/2341/1842
f 1842/2366/1862 1831/2367/1863 1830/2341/1842
f 1830/2341/1842 1831/2367/1863 1811/2342/1843
f 1831/2367/1863 1832/2368/1864 1811/2342/1843
f 1811/2342/1843 1832/2368/1864 1813/2343/1844
f 1832/2368/1864 1833/2369/1865 1813/2343/1844
f 1813/2343/1844 1833/2369/1865 1814/2344/1845
f 1833/2369/1865 1552/2370/1866 1814/2344/1845
f 1782/2371/1507 1780/2372/1826 1834/2373/1509
f 1780/2372/1826 1846/2374/1867 1834/2373/1509
f 1834/2373/1509 1846/2374/1867 1508/2375/1511
f 1846/2374/1867 1835/2376/1868 1508/2375/1511
f 1508/2375/1511 1835/2376/1868 1509/2377/1513
f 1835/2376/1868 1836/2378/1869 1509/2377/1513
f 1509/2377/1513 1836/2378/1869 1837/2379/1515
f 1836/2378/1869 1849/2380/1870 1837/2379/1515
f 1837/2379/1515 1849/2380/1870 1838/2381/1517
f 1849/2380/1870 1839/2382/1871 1838/2381/1517
f 1838/2381/1517 1839/2382/1871 1513/2383/1519
f 1839/2382/1871 1840/2384/1872 1513/2383/1519
f 1513/2383/1519 1840/2384/1872 1515/2385/1521
f 1515/2385/1521 1840/2384/1872 1829/2386/1861
f 1840/2384/1872 1841/2387/1873 1829/2386/1861
f 1829/2386/1861 1841/2387/1873 1842/2388/1862
f 1841/2387/1873 1850/2389/1874 1842/2388/1862
f 1842/2388/1862 1850/2389/1874 1831/2390/1863
f 1850/2389/1874 1848/2391/1875 1831/2390/1863
f 1831/2390/1863 1848/2391/1875 1832/2392/1864
f 1848/2391/1875 1843/2393/1876 1832/2392/1864
f 1832/2392/1864 1843/2393/1876 1833/2394/1865
f 1843/2393/1876 1844/2395/1877 1833/2394/1865
f 1833/2394/1865 1844/2395/1877 1552/2396/1866
f 1844/2395/1877 1847/2397/1878 1552/2396/1866
f 1552/2396/1866 1847/2397/1878 1870/2398/1633
f 1870/2398/1633 1847/2397/1878 1845/2324/1825
f 1845/2324/1825 1847/2397/1878 1780/2372/1826
f 1780/2372/1826 1847/2397/1878 1846/2374/1867
f 1846/2374/1867 1847/2397/1878 1835/2376/1868
f 1847/2397/1878 1844/2395/1877 1835/2376/1868
f 1844/2395/1877 1843/2393/1876 1835/2376/1868
f 1835/2376/1868 1843/2393/1876 1836/2378/1869
f 1843/2393/1876 1848/2391/1875 1836/2378/1869
f 1836/2378/1869 1848/2391/1875 1849/2380/1870
f 1848/2391/1875 1850/2389/1874 1849/2380/1870
f 1849/2380/1870 1850/2389/1874 1839/2382/1871
f 1850/2389/1874 1841/2387/1873 1839/2382/1871
f 1839/2382/1871 1841/2387/1873 1840/2384/1872
f 1851/2399/1544 1767/2400/1811 1523/2401/1543
f 1523/2401/1543 1767/2400/1811 1864/2402/1879
f 1767/2400/1811 1852/2403/1809 1864/2402/1879
f 1864/2402/1879 1852/2403/1809 1853/2404/1880
f 1852/2403/1809 1854/2405/1807 1853/2404/1880
f 1853/2404/1880 1854/2405/1807 1855/2406/1881
f 1854/2405/1807 1856/2407/1805 1855/2406/1881
f 1855/2406/1881 1856/2407/1805 1857/2408/1882
f 1856/2407/1805 1764/2409/1803 1857/2408/1882
f 1857/2408/1882 1764/2409/1803 1858/2410/1883
f 1764/2409/1803 1763/2411/1800 1858/2410/1883
f 1858/2410/1883 1763/2411/1800 1859/2412/1884
f 1763/2411/1800 1826/2413/1799 1859/2412/1884
f 1826/2413/1799 1860/2414/1860 1859/2412/1884
f 1859/2412/1884 1860/2414/1860 1861/2415/1885
f 1860/2414/1860 1824/2416/1859 1861/2415/1885
f 1861/2415/1885 1824/2416/1859 1868/2417/1886
f 1824/2416/1859 1823/2418/1858 1868/2417/1886
f 1868/2417/1886 1823/2418/1858 1867/2419/1887
f 1823/2418/1858 1862/2420/1857 1867/2419/1887
f 1867/2419/1887 1862/2420/1857 1866/2421/1888
f 1862/2420/1857 1820/2422/1856 1866/2421/1888
f 1866/2421/1888 1820/2422/1856 1865/2423/1889
f 1820/2422/1856 1543/2424/1855 1865/2423/1889
f 1865/2423/1889 1543/2424/1855 1863/2425/1890
f 1543/2424/1855 1542/2426/1592 1863/2425/1890
f 1542/2426/1592 1877/1828/1542 1863/2425/1890
f 1877/1828/1542 1523/2401/1543 1863/2425/1890
f 1523/2401/1543 1864/2402/1879 1863/2425/1890
f 1864/2402/1879 1853/2404/1880 1863/2425/1890
f 1863/2425/1890 1853/2404/1880 1865/2423/1889
f 1865/2423/1889 1853/2404/1880 1866/2421/1888
f 1853/2404/1880 1855/2406/1881 1866/2421/1888
f 1866/2421/1888 1855/2406/1881 1867/2419/1887
f 1855/2406/1881 1857/2408/1882 1867/2419/1887
f 1867/2419/1887 1857/2408/1882 1868/2417/1886
f 1857/2408/1882 1858/2410/1883 1868/2417/1886
f 1868/2417/1886 1858/2410/1883 1861/2415/1885
f 1858/2410/1883 1859/2412/1884 1861/2415/1885
f 1877/2427/1542 1542/2428/1592 1869/2429/1891
f 1869/2429/1891 1542/2428/1592 1879/2430/1594
f 1845/2431/1825 1873/2432/1892 1870/2433/1633
f 1870/2433/1633 1873/2432/1892 1871/2434/1634
f 1872/2435/1625 1874/2436/1626 1845/2437/1825
f 1845/2437/1825 1874/2436/1626 1873/2438/1892
f 1873/2438/1892 1874/2436/1626 1871/2439/1634
f 1874/2436/1626 1875/2440/1627 1871/2439/1634
f 1876/2441/1540 1877/2442/1542 1878/2443/1582
f 1877/2442/1542 1869/2444/1891 1878/2443/1582
f 1869/2444/1891 1879/2445/1594 1878/2443/1582
f 1878/2443/1582 1879/2445/1594 1585/2446/1583
f 1914/2447/1893 1880/2448/1894 1681/2120/1686
f 1681/2120/1686 1880/2448/1894 1881/2118/1684
f 1880/2448/1894 1882/2449/1895 1881/2118/1684
f 1881/2118/1684 1882/2449/1895 1678/2116/1682
f 1678/2116/1682 1882/2449/1895 1677/2113/1679
f 1882/2449/1895 1901/2450/1896 1677/2113/1679
f 1677/2113/1679 1901/2450/1896 1676/2111/1677
f 1676/2111/1677 1901/2450/1896 1883/2109/1675
f 1901/2450/1896 1884/2451/1897 1883/2109/1675
f 1883/2109/1675 1884/2451/1897 1675/2107/1642
f 1884/2451/1897 1885/2452/1639 1675/2107/1642
f 1680/2119/1685 1679/2117/1683 1906/2135/1701
f 1906/2135/1701 1679/2117/1683 1688/2136/1702
f 1679/2117/1683 1886/2115/1681 1688/2136/1702
f 1688/2136/1702 1886/2115/1681 1887/2138/1704
f 1886/2115/1681 1888/2114/1680 1887/2138/1704
f 1887/2138/1704 1888/2114/1680 1889/2140/1706
f 1889/2140/1706 1888/2114/1680 1890/2141/1707
f 1888/2114/1680 1891/2112/1678 1890/2141/1707
f 1890/2141/1707 1891/2112/1678 1893/2143/1709
f 1891/2112/1678 1892/2110/1676 1893/2143/1709
f 1892/2110/1676 1639/2108/1641 1893/2143/1709
f 1639/2108/1641 1643/2453/1652 1893/2143/1709
f 1893/2143/1709 1643/2453/1652 1894/2144/1710
f 1643/2453/1652 1644/2454/1653 1894/2144/1710
f 1894/2144/1710 1644/2454/1653 1895/2146/1712
f 1644/2454/1653 1896/2455/1655 1895/2146/1712
f 1895/2146/1712 1896/2455/1655 1897/2123/1689
f 1896/2455/1655 1673/2456/1636 1897/2123/1689
f 1673/2456/1636 1898/2457/1635 1897/2123/1689
f 1897/2123/1689 1898/2457/1635 1899/2121/1687
f 1898/2457/1635 1885/2458/1639 1899/2121/1687
f 1885/2458/1639 1884/2459/1897 1899/2121/1687
f 1899/2121/1687 1884/2459/1897 1900/2122/1688
f 1884/2459/1897 1901/2460/1896 1900/2122/1688
f 1900/2122/1688 1901/2460/1896 1683/2125/1691
f 1901/2460/1896 1882/2461/1895 1683/2125/1691
f 1683/2125/1691 1882/2461/1895 1685/2127/1693
f 1882/2461/1895 1880/2462/1894 1685/2127/1693
f 1685/2127/1693 1880/2462/1894 1913/2129/1695
f 1880/2462/1894 1914/2463/1893 1913/2129/1695
f 1686/2128/1694 1687/2132/1698 1684/2126/1692
f 1684/2126/1692 1687/2132/1698 1905/2464/1898
f 1687/2132/1698 1902/2134/1700 1905/2464/1898
f 1902/2134/1700 1903/2137/1703 1905/2464/1898
f 1905/2464/1898 1903/2137/1703 1904/2465/1899
f 1903/2137/1703 1689/2139/1705 1904/2465/1899
f 1689/2139/1705 1690/2142/1708 1904/2465/1899
f 1690/2142/1708 1691/2145/1711 1904/2465/1899
f 1691/2145/1711 1682/2124/1690 1904/2465/1899
f 1682/2124/1690 1684/2126/1692 1904/2465/1899
f 1904/2465/1899 1684/2126/1692 1905/2464/1898
f 1910/2466/1697 1912/2467/1900 1907/2468/1699
f 1907/2468/1699 1912/2467/1900 1908/2469/1901
f 1907/2470/1699 1908/2471/1901 1906/2472/1701
f 1906/2472/1701 1908/2471/1901 1909/2473/1902
f 1910/2474/1697 1911/2475/1696 1912/2476/1900
f 1911/2475/1696 3274/2477/1903 1912/2476/1900
f 1911/2478/1696 1913/2479/1695 3274/2480/1903
f 1913/2479/1695 1915/2481/1904 3274/2480/1903
f 1914/2482/1893 1916/2483/1905 1913/2484/1695
f 1913/2484/1695 1916/2483/1905 1915/2485/1904
f 1681/2486/1686 3276/2487/1906 1914/2488/1893
f 1914/2488/1893 3276/2487/1906 1916/2489/1905
f 1680/2490/1685 1906/2491/1701 3273/2492/1907
f 1906/2491/1701 1909/2493/1902 3273/2492/1907
f 1681/2494/1686 1680/2495/1685 3276/2496/1906
f 1680/2495/1685 3273/2497/1907 3276/2496/1906
f 1932/2498/1908 1929/2499/1909 1925/2500/1910
f 1925/2500/1910 1929/2499/1909 1920/2501/1911
f 1920/2502/1911 1921/2503/1912 1926/2178/1744
f 1926/2178/1744 1921/2503/1912 1706/2176/1742
f 1921/2503/1912 1922/2504/1913 1706/2176/1742
f 1706/2176/1742 1922/2504/1913 1704/2174/1740
f 1922/2504/1913 1936/2505/1914 1704/2174/1740
f 1704/2174/1740 1936/2505/1914 1703/2171/1737
f 1703/2171/1737 1936/2505/1914 1700/2169/1735
f 1936/2505/1914 1947/2506/1915 1700/2169/1735
f 1700/2169/1735 1947/2506/1915 1923/2167/1733
f 1947/2506/1915 1930/2507/1916 1923/2167/1733
f 1923/2167/1733 1930/2507/1916 1924/2166/1732
f 1930/2507/1916 1928/2508/1917 1924/2166/1732
f 1928/2508/1917 1925/2509/1910 1924/2166/1732
f 1924/2166/1732 1925/2509/1910 1699/2165/1731
f 1699/2165/1731 1925/2509/1910 1926/2510/1744
f 1925/2509/1910 1920/2511/1911 1926/2510/1744
f 1930/2512/1916 1931/2513/1918 1928/2514/1917
f 1931/2513/1918 1927/2515/1919 1928/2514/1917
f 1928/2516/1917 1927/2517/1919 1925/2518/1910
f 1927/2517/1919 1932/2519/1908 1925/2518/1910
f 1929/2520/1909 3279/2521/1920 1920/2522/1911
f 1920/2522/1911 3279/2521/1920 1921/2523/1912
f 3283/2524/1921 1931/2525/1918 1947/2526/1915
f 1947/2526/1915 1931/2525/1918 1930/2527/1916
f 1921/2528/1912 3279/2529/1920 1922/2530/1913
f 3279/2529/1920 3280/2531/1922 1922/2530/1913
f 1922/2532/1913 3280/2533/1922 1936/2534/1914
f 3280/2533/1922 1934/2535/1923 1936/2534/1914
f 1926/2510/1744 1707/2536/1743 1699/2165/1731
f 1699/2165/1731 1707/2536/1743 1937/2163/1729
f 1707/2536/1743 1708/2537/1714 1937/2163/1729
f 1937/2163/1729 1708/2537/1714 1697/2161/1727
f 1708/2537/1714 1692/2538/1713 1697/2161/1727
f 1697/2161/1727 1692/2538/1713 1939/2162/1728
f 1692/2538/1713 1938/2539/1778 1939/2162/1728
f 1938/2539/1778 1940/2540/1779 1939/2162/1728
f 1939/2162/1728 1940/2540/1779 1941/2160/1726
f 1940/2540/1779 1741/2541/1780 1941/2160/1726
f 1741/2541/1780 1942/2542/1774 1941/2160/1726
f 1941/2160/1726 1942/2542/1774 1943/2158/1724
f 1942/2542/1774 1736/2543/1775 1943/2158/1724
f 1943/2158/1724 1736/2543/1775 1696/2156/1722
f 1736/2543/1775 1944/2544/1777 1696/2156/1722
f 1696/2156/1722 1944/2544/1777 1694/2153/1719
f 1944/2544/1777 1739/2545/1750 1694/2153/1719
f 1694/2153/1719 1739/2545/1750 1945/2151/1717
f 1945/2151/1717 1739/2545/1750 1946/2149/1715
f 1739/2545/1750 1740/2546/1752 1946/2149/1715
f 1946/2149/1715 1740/2546/1752 1692/2147/1713
f 1740/2546/1752 1938/2547/1778 1692/2147/1713
f 1934/2548/1923 3283/2549/1921 1936/2550/1914
f 1936/2550/1914 3283/2549/1921 1947/2551/1915
f 1979/2552/1924 1957/2553/1925 1997/2554/1926
f 1997/2554/1926 1957/2553/1925 1958/2555/1927
f 1957/2553/1925 1956/2556/1928 1958/2555/1927
f 1958/2555/1927 1956/2556/1928 1959/2557/1929
f 1956/2556/1928 1960/2558/1930 1959/2557/1929
f 1959/2557/1929 1960/2558/1930 2000/2559/1931
f 1960/2558/1930 1961/2560/1932 2000/2559/1931
f 2000/2559/1931 1961/2560/1932 2001/2561/1933
f 1961/2560/1932 1955/2562/1934 2001/2561/1933
f 1955/2562/1934 1962/2563/1935 2001/2561/1933
f 2001/2561/1933 1962/2563/1935 1963/2564/1936
f 1962/2563/1935 1954/2565/1937 1963/2564/1936
f 1963/2564/1936 1954/2565/1937 2003/2566/1938
f 1954/2565/1937 1953/2567/1939 2003/2566/1938
f 2003/2566/1938 1953/2567/1939 1964/2568/1940
f 1953/2567/1939 1952/2569/1941 1964/2568/1940
f 1979/2570/1924 1975/2571/1942 1965/2572/1943
f 1975/2571/1942 1966/2573/1944 1965/2572/1943
f 1965/2572/1943 1966/2573/1944 1948/2574/1945
f 1966/2573/1944 1977/2575/1946 1948/2574/1945
f 1948/2574/1945 1977/2575/1946 1949/2576/1947
f 1977/2575/1946 1968/2577/1948 1949/2576/1947
f 1949/2576/1947 1968/2577/1948 1967/2578/1949
f 1967/2578/1949 1968/2577/1948 1969/2579/1950
f 1968/2577/1948 1970/2580/1951 1969/2579/1950
f 1969/2579/1950 1970/2580/1951 1971/2581/1952
f 1970/2580/1951 1978/2582/1953 1971/2581/1952
f 1971/2581/1952 1978/2582/1953 1950/2583/1954
f 1978/2582/1953 1972/2584/1955 1950/2583/1954
f 1950/2583/1954 1972/2584/1955 1951/2585/1956
f 1972/2584/1955 1973/2586/1957 1951/2585/1956
f 1951/2585/1956 1973/2586/1957 1952/2587/1941
f 1979/2588/1924 1974/2589/1958 1975/2571/1942
f 1974/2589/1958 1980/2590/1959 1975/2571/1942
f 1975/2571/1942 1980/2590/1959 1966/2573/1944
f 1980/2590/1959 1976/2591/1960 1966/2573/1944
f 1966/2573/1944 1976/2591/1960 1977/2575/1946
f 1976/2591/1960 1982/2592/1961 1977/2575/1946
f 1977/2575/1946 1982/2592/1961 1968/2577/1948
f 1968/2577/1948 1982/2592/1961 1970/2580/1951
f 1982/2592/1961 1983/2593/1962 1970/2580/1951
f 1970/2580/1951 1983/2593/1962 1978/2582/1953
f 1983/2593/1962 1984/2594/1963 1978/2582/1953
f 1978/2582/1953 1984/2594/1963 1972/2584/1955
f 1984/2594/1963 1986/2595/1964 1972/2584/1955
f 1972/2584/1955 1986/2595/1964 1973/2586/1957
f 1986/2595/1964 1987/2596/1965 1973/2586/1957
f 1973/2586/1957 1987/2596/1965 1952/2597/1941
f 1979/2598/1924 1988/2599/1966 1974/2589/1958
f 1988/2599/1966 1989/2600/1967 1974/2589/1958
f 1974/2589/1958 1989/2600/1967 1980/2590/1959
f 1989/2600/1967 1981/2601/1968 1980/2590/1959
f 1980/2590/1959 1981/2601/1968 1976/2591/1960
f 1981/2601/1968 1990/2602/1969 1976/2591/1960
f 1976/2591/1960 1990/2602/1969 1982/2592/1961
f 1982/2592/1961 1990/2602/1969 1983/2593/1962
f 1990/2602/1969 1993/2603/1970 1983/2593/1962
f 1983/2593/1962 1993/2603/1970 1984/2594/1963
f 1993/2603/1970 1985/2604/1971 1984/2594/1963
f 1984/2594/1963 1985/2604/1971 1986/2595/1964
f 1985/2604/1971 1994/2605/1972 1986/2595/1964
f 1986/2595/1964 1994/2605/1972 1987/2596/1965
f 1994/2605/1972 1995/2606/1973 1987/2596/1965
f 1987/2596/1965 1995/2606/1973 1952/2607/1941
f 1979/2608/1924 1996/2609/1974 1988/2599/1966
f 1988/2599/1966 1996/2609/1974 1989/2600/1967
f 1996/2609/1974 1998/2610/1975 1989/2600/1967
f 1989/2600/1967 1998/2610/1975 1981/2601/1968
f 1998/2610/1975 1999/2611/1976 1981/2601/1968
f 1981/2601/1968 1999/2611/1976 1990/2602/1969
f 1999/2611/1976 1991/2612/1977 1990/2602/1969
f 1990/2602/1969 1991/2612/1977 1993/2603/1970
f 1991/2612/1977 1992/2613/1978 1993/2603/1970
f 1992/2613/1978 2002/2614/1979 1993/2603/1970
f 1993/2603/1970 2002/2614/1979 1985/2604/1971
f 2002/2614/1979 2004/2615/1980 1985/2604/1971
f 1985/2604/1971 2004/2615/1980 1994/2605/1972
f 2004/2615/1980 2005/2616/1981 1994/2605/1972
f 1994/2605/1972 2005/2616/1981 1995/2606/1973
f 2005/2616/1981 1952/2617/1941 1995/2606/1973
f 1979/2618/1924 1997/2619/1926 1996/2609/1974
f 1996/2609/1974 1997/2619/1926 1998/2610/1975
f 1997/2619/1926 1958/2620/1927 1998/2610/1975
f 1998/2610/1975 1958/2620/1927 1999/2611/1976
f 1958/2620/1927 1959/2621/1929 1999/2611/1976
f 1999/2611/1976 1959/2621/1929 1991/2612/1977
f 1959/2621/1929 2000/2622/1931 1991/2612/1977
f 1991/2612/1977 2000/2622/1931 1992/2613/1978
f 2000/2622/1931 2001/2623/1933 1992/2613/1978
f 2001/2623/1933 1963/2624/1936 1992/2613/1978
f 1992/2613/1978 1963/2624/1936 2002/2614/1979
f 1963/2624/1936 2003/2625/1938 2002/2614/1979
f 2002/2614/1979 2003/2625/1938 2004/2615/1980
f 2003/2625/1938 1964/2626/1940 2004/2615/1980
f 2004/2615/1980 1964/2626/1940 2005/2616/1981
f 1964/2626/1940 1952/2627/1941 2005/2616/1981
f 2041/2628/1982 2007/2629/1983 2006/2630/1984
f 2006/2630/1984 2007/2629/1983 2048/2631/1985
f 2007/2629/1983 2063/2632/1986 2048/2631/1985
f 2048/2631/1985 2063/2632/1986 2008/2633/1987
f 2063/2632/1986 2062/2634/1930 2008/2633/1987
f 2008/2633/1987 2062/2634/1930 2051/2635/1931
f 2062/2634/1930 2009/2636/1988 2051/2635/1931
f 2051/2635/1931 2009/2636/1988 2010/2637/1933
f 2009/2636/1988 2061/2638/1934 2010/2637/1933
f 2061/2638/1934 2060/2639/1935 2010/2637/1933
f 2010/2637/1933 2060/2639/1935 2053/2640/1989
f 2060/2639/1935 2059/2641/1990 2053/2640/1989
f 2053/2640/1989 2059/2641/1990 2011/2642/1991
f 2059/2641/1990 2012/2643/1992 2011/2642/1991
f 2011/2642/1991 2012/2643/1992 2013/2644/1993
f 2012/2643/1992 2058/2645/1994 2013/2644/1993
f 2041/2646/1982 2014/2647/1995 2015/2648/1996
f 2014/2647/1995 2025/2649/1997 2015/2648/1996
f 2015/2648/1996 2025/2649/1997 2016/2650/1998
f 2025/2649/1997 2017/2651/1999 2016/2650/1998
f 2016/2650/1998 2017/2651/1999 2018/2652/2000
f 2017/2651/1999 2019/2653/2001 2018/2652/2000
f 2018/2652/2000 2019/2653/2001 2055/2654/2002
f 2055/2654/2002 2019/2653/2001 2020/2655/2003
f 2019/2653/2001 2021/2656/2004 2020/2655/2003
f 2020/2655/2003 2021/2656/2004 2056/2657/2005
f 2021/2656/2004 2022/2658/2006 2056/2657/2005
f 2056/2657/2005 2022/2658/2006 2023/2659/2007
f 2022/2658/2006 2030/2660/2008 2023/2659/2007
f 2023/2659/2007 2030/2660/2008 2057/2661/1956
f 2030/2660/2008 2032/2662/2009 2057/2661/1956
f 2057/2661/1956 2032/2662/2009 2058/2663/1994
f 2041/2664/1982 2024/2665/2010 2014/2647/1995
f 2024/2665/2010 2035/2666/2011 2014/2647/1995
f 2014/2647/1995 2035/2666/2011 2025/2649/1997
f 2035/2666/2011 2026/2667/2012 2025/2649/1997
f 2025/2649/1997 2026/2667/2012 2017/2651/1999
f 2026/2667/2012 2027/2668/2013 2017/2651/1999
f 2017/2651/1999 2027/2668/2013 2019/2653/2001
f 2019/2653/2001 2027/2668/2013 2021/2656/2004
f 2027/2668/2013 2028/2669/2014 2021/2656/2004
f 2021/2656/2004 2028/2669/2014 2022/2658/2006
f 2028/2669/2014 2029/2670/2015 2022/2658/2006
f 2022/2658/2006 2029/2670/2015 2030/2660/2008
f 2029/2670/2015 2031/2671/2016 2030/2660/2008
f 2030/2660/2008 2031/2671/2016 2032/2662/2009
f 2031/2671/2016 2039/2672/2017 2032/2662/2009
f 2032/2662/2009 2039/2672/2017 2058/2673/1994
f 2041/2674/1982 2033/2675/2018 2024/2665/2010
f 2033/2675/2018 2034/2676/2019 2024/2665/2010
f 2024/2665/2010 2034/2676/2019 2035/2666/2011
f 2034/2676/2019 2036/2677/2020 2035/2666/2011
f 2035/2666/2011 2036/2677/2020 2026/2667/2012
f 2036/2677/2020 2043/2678/2021 2026/2667/2012
f 2026/2667/2012 2043/2678/2021 2027/2668/2013
f 2027/2668/2013 2043/2678/2021 2028/2669/2014
f 2043/2678/2021 2044/2679/2022 2028/2669/2014
f 2028/2669/2014 2044/2679/2022 2029/2670/2015
f 2044/2679/2022 2037/2680/2023 2029/2670/2015
f 2029/2670/2015 2037/2680/2023 2031/2671/2016
f 2037/2680/2023 2038/2681/2024 2031/2671/2016
f 2031/2671/2016 2038/2681/2024 2039/2672/2017
f 2038/2681/2024 2040/2682/2025 2039/2672/2017
f 2039/2672/2017 2040/2682/2025 2058/2683/1994
f 2041/2684/1982 2047/2685/2026 2033/2675/2018
f 2033/2675/2018 2047/2685/2026 2034/2676/2019
f 2047/2685/2026 2042/2686/2027 2034/2676/2019
f 2034/2676/2019 2042/2686/2027 2036/2677/2020
f 2042/2686/2027 2049/2687/2028 2036/2677/2020
f 2036/2677/2020 2049/2687/2028 2043/2678/2021
f 2049/2687/2028 2050/2688/2029 2043/2678/2021
f 2043/2678/2021 2050/2688/2029 2044/2679/2022
f 2050/2688/2029 2052/2689/2030 2044/2679/2022
f 2052/2689/2030 2045/2690/2031 2044/2679/2022
f 2044/2679/2022 2045/2690/2031 2037/2680/2023
f 2045/2690/2031 2046/2691/2032 2037/2680/2023
f 2037/2680/2023 2046/2691/2032 2038/2681/2024
f 2046/2691/2032 2054/2692/2033 2038/2681/2024
f 2038/2681/2024 2054/2692/2033 2040/2682/2025
f 2054/2692/2033 2058/2693/1994 2040/2682/2025
f 2041/2694/1982 2006/2695/1984 2047/2685/2026
f 2047/2685/2026 2006/2695/1984 2042/2686/2027
f 2006/2695/1984 2048/2696/1985 2042/2686/2027
f 2042/2686/2027 2048/2696/1985 2049/2687/2028
f 2048/2696/1985 2008/2697/1987 2049/2687/2028
f 2049/2687/2028 2008/2697/1987 2050/2688/2029
f 2008/2697/1987 2051/2698/1931 2050/2688/2029
f 2050/2688/2029 2051/2698/1931 2052/2689/2030
f 2051/2698/1931 2010/2699/1933 2052/2689/2030
f 2010/2699/1933 2053/2700/1989 2052/2689/2030
f 2052/2689/2030 2053/2700/1989 2045/2690/2031
f 2053/2700/1989 2011/2701/1991 2045/2690/2031
f 2045/2690/2031 2011/2701/1991 2046/2691/2032
f 2011/2701/1991 2013/2702/1993 2046/2691/2032
f 2046/2691/2032 2013/2702/1993 2054/2692/2033
f 2013/2702/1993 2058/2703/1994 2054/2692/2033
f 2064/2704/2034 2097/2705/2035 2079/2706/2036
f 2097/2705/2035 2095/2707/2037 2079/2706/2036
f 2079/2706/2036 2095/2707/2037 2065/2708/2038
f 2095/2707/2037 2066/2709/2039 2065/2708/2038
f 2066/2709/2039 2092/2710/2040 2065/2708/2038
f 2065/2708/2038 2092/2710/2040 2077/2711/2041
f 2092/2710/2040 2067/2712/2042 2077/2711/2041
f 2077/2711/2041 2067/2712/2042 2075/2713/2043
f 2075/2713/2043 2067/2712/2042 2068/2714/2044
f 2067/2712/2042 2069/2715/2045 2068/2714/2044
f 2068/2714/2044 2069/2715/2045 2073/2716/2046
f 2069/2715/2045 2070/2717/2047 2073/2716/2046
f 2073/2716/2046 2070/2717/2047 2072/2718/2048
f 2072/2718/2048 2070/2717/2047 2071/2719/2049
f 2070/2717/2047 2086/2720/2050 2071/2719/2049
f 2071/2719/2049 2086/2720/2050 2072/2721/2048
f 2086/2720/2050 2085/2722/2051 2072/2721/2048
f 2072/2721/2048 2085/2722/2051 2073/2723/2046
f 2073/2723/2046 2085/2722/2051 2068/2724/2044
f 2085/2722/2051 2074/2725/2052 2068/2724/2044
f 2068/2724/2044 2074/2725/2052 2075/2726/2043
f 2074/2725/2052 2083/2727/2053 2075/2726/2043
f 2075/2726/2043 2083/2727/2053 2077/2728/2041
f 2083/2727/2053 2076/2729/2054 2077/2728/2041
f 2076/2729/2054 2078/2730/2055 2077/2728/2041
f 2077/2728/2041 2078/2730/2055 2065/2731/2038
f 2078/2730/2055 2082/2732/2056 2065/2731/2038
f 2065/2731/2038 2082/2732/2056 2079/2733/2036
f 2079/2733/2036 2082/2732/2056 2064/2734/2034
f 2082/2732/2056 2080/2735/2057 2064/2734/2034
f 2064/2734/2034 2080/2735/2057 2088/2736/2058
f 2080/2735/2057 2082/2732/2056 2081/2737/2059
f 2081/2737/2059 2082/2732/2056 2096/2738/2060
f 2082/2732/2056 2078/2730/2055 2096/2738/2060
f 2096/2738/2060 2078/2730/2055 2094/2739/2061
f 2094/2739/2061 2078/2730/2055 2093/2740/2062
f 2078/2730/2055 2076/2729/2054 2093/2740/2062
f 2093/2740/2062 2076/2729/2054 2084/2741/2063
f 2076/2729/2054 2083/2727/2053 2084/2741/2063
f 2083/2727/2053 2074/2725/2052 2084/2741/2063
f 2084/2741/2063 2074/2725/2052 2091/2742/2064
f 2074/2725/2052 2085/2722/2051 2091/2742/2064
f 2085/2722/2051 2086/2720/2050 2091/2742/2064
f 2091/2742/2064 2086/2720/2050 2069/2715/2045
f 2086/2720/2050 2070/2717/2047 2069/2715/2045
f 2090/2743/2065 2088/2736/2058 2087/2744/2066
f 2087/2744/2066 2088/2736/2058 2089/2745/2067
f 2088/2736/2058 2080/2735/2057 2089/2745/2067
f 2089/2745/2067 2080/2735/2057 2087/2746/2066
f 2080/2735/2057 2081/2737/2059 2087/2746/2066
f 2087/2746/2066 2081/2737/2059 2090/2747/2065
f 2081/2737/2059 2097/2705/2035 2090/2747/2065
f 2097/2705/2035 2064/2704/2034 2090/2747/2065
f 2090/2747/2065 2064/2704/2034 2088/2748/2058
f 2091/2742/2064 2069/2715/2045 2084/2741/2063
f 2069/2715/2045 2067/2712/2042 2084/2741/2063
f 2067/2712/2042 2092/2710/2040 2084/2741/2063
f 2084/2741/2063 2092/2710/2040 2093/2740/2062
f 2093/2740/2062 2092/2710/2040 2094/2739/2061
f 2092/2710/2040 2066/2709/2039 2094/2739/2061
f 2066/2709/2039 2095/2707/2037 2094/2739/2061
f 2094/2739/2061 2095/2707/2037 2096/2738/2060
f 2095/2707/2037 2097/2705/2035 2096/2738/2060
f 2096/2738/2060 2097/2705/2035 2081/2737/2059
f 2164/2749/2068 2139/2750/2069 2098/2751/2070
f 2098/2751/2070 2139/2750/2069 2140/2752/2071
f 2139/2750/2069 2099/2753/2072 2140/2752/2071
f 2140/2752/2071 2099/2753/2072 2141/2754/2073
f 2099/2753/2072 2100/2755/2074 2141/2754/2073
f 2141/2754/2073 2100/2755/2074 2126/2756/2075
f 2100/2755/2074 2101/2757/2076 2126/2756/2075
f 2126/2756/2075 2101/2757/2076 2103/2758/2077
f 2101/2757/2076 2102/2759/2078 2103/2758/2077
f 2102/2759/2078 2104/2760/2079 2103/2758/2077
f 2103/2758/2077 2104/2760/2079 2105/2761/2080
f 2104/2760/2079 2176/2762/2081 2105/2761/2080
f 2176/2762/2081 2175/2763/2082 2105/2761/2080
f 2175/2763/2082 2106/2764/2083 2105/2761/2080
f 2105/2761/2080 2106/2764/2083 2125/2765/2084
f 2106/2764/2083 2186/2766/2085 2125/2765/2084
f 2125/2765/2084 2186/2766/2085 2123/2767/2086
f 2186/2766/2085 2185/2768/2087 2123/2767/2086
f 2123/2767/2086 2185/2768/2087 2122/2769/2088
f 2122/2769/2088 2185/2768/2087 2107/2770/2089
f 2185/2768/2087 2184/2771/2090 2107/2770/2089
f 2107/2770/2089 2184/2771/2090 2119/2772/2091
f 2184/2771/2090 2183/2773/2092 2119/2772/2091
f 2119/2772/2091 2183/2773/2092 2118/2774/2093
f 2183/2773/2092 2108/2775/2094 2118/2774/2093
f 2108/2775/2094 2109/2776/2095 2118/2774/2093
f 2118/2774/2093 2109/2776/2095 2110/2777/2096
f 2109/2776/2095 2180/2778/2097 2110/2777/2096
f 2110/2777/2096 2180/2778/2097 2115/2779/2098
f 2180/2778/2097 2111/2780/2099 2115/2779/2098
f 2115/2779/2098 2111/2780/2099 2113/2781/2100
f 2113/2781/2100 2111/2780/2099 2112/2782/2101
f 2111/2780/2099 2178/2783/2102 2112/2782/2101
f 2112/2782/2101 2178/2783/2102 2104/2784/2079
f 2178/2783/2102 2176/2785/2081 2104/2784/2079
f 2104/2784/2079 2102/2786/2078 2112/2782/2101
f 2102/2786/2078 2135/2787/2103 2112/2782/2101
f 2112/2782/2101 2135/2787/2103 2113/2781/2100
f 2135/2787/2103 2134/2788/2104 2113/2781/2100
f 2134/2788/2104 2114/2789/2105 2113/2781/2100
f 2113/2781/2100 2114/2789/2105 2115/2779/2098
f 2114/2789/2105 2116/2790/2106 2115/2779/2098
f 2115/2779/2098 2116/2790/2106 2110/2777/2096
f 2116/2790/2106 2117/2791/2107 2110/2777/2096
f 2110/2777/2096 2117/2791/2107 2118/2774/2093
f 2118/2774/2093 2117/2791/2107 2119/2772/2091
f 2117/2791/2107 2120/2792/2108 2119/2772/2091
f 2119/2772/2091 2120/2792/2108 2107/2770/2089
f 2120/2792/2108 2121/2793/2109 2107/2770/2089
f 2107/2770/2089 2121/2793/2109 2122/2769/2088
f 2121/2793/2109 2129/2794/2110 2122/2769/2088
f 2129/2794/2110 2128/2795/2111 2122/2769/2088
f 2122/2769/2088 2128/2795/2111 2123/2767/2086
f 2128/2795/2111 2124/2796/2112 2123/2767/2086
f 2123/2767/2086 2124/2796/2112 2125/2765/2084
f 2124/2796/2112 2103/2758/2077 2125/2765/2084
f 2125/2765/2084 2103/2758/2077 2105/2761/2080
f 2103/2758/2077 2124/2796/2112 2126/2756/2075
f 2126/2756/2075 2124/2796/2112 2127/2797/2113
f 2124/2796/2112 2128/2795/2111 2127/2797/2113
f 2127/2797/2113 2128/2795/2111 2142/2798/2114
f 2128/2795/2111 2129/2794/2110 2142/2798/2114
f 2142/2798/2114 2129/2794/2110 2130/2799/2115
f 2129/2794/2110 2121/2793/2109 2130/2799/2115
f 2130/2799/2115 2121/2793/2109 2144/2800/2116
f 2121/2793/2109 2120/2792/2108 2144/2800/2116
f 2144/2800/2116 2120/2792/2108 2131/2801/2117
f 2120/2792/2108 2117/2791/2107 2131/2801/2117
f 2131/2801/2117 2117/2791/2107 2132/2802/2118
f 2117/2791/2107 2116/2790/2106 2132/2802/2118
f 2132/2802/2118 2116/2790/2106 2147/2803/2119
f 2116/2790/2106 2114/2789/2105 2147/2803/2119
f 2147/2803/2119 2114/2789/2105 2133/2804/2120
f 2114/2789/2105 2134/2788/2104 2133/2804/2120
f 2133/2804/2120 2134/2788/2104 2150/2805/2121
f 2134/2788/2104 2135/2787/2103 2150/2805/2121
f 2150/2805/2121 2135/2787/2103 2136/2806/2122
f 2135/2787/2103 2102/2786/2078 2136/2806/2122
f 2102/2786/2078 2101/2807/2076 2136/2806/2122
f 2136/2806/2122 2101/2807/2076 2137/2808/2123
f 2101/2807/2076 2100/2809/2074 2137/2808/2123
f 2137/2808/2123 2100/2809/2074 2151/2810/2124
f 2100/2809/2074 2099/2811/2072 2151/2810/2124
f 2151/2810/2124 2099/2811/2072 2138/2812/2125
f 2099/2811/2072 2139/2813/2069 2138/2812/2125
f 2138/2812/2125 2139/2813/2069 2164/2814/2068
f 2164/2815/2068 2098/2751/2070 2161/2816/2126
f 2098/2751/2070 2140/2752/2071 2161/2816/2126
f 2161/2816/2126 2140/2752/2071 2160/2817/2127
f 2140/2752/2071 2141/2754/2073 2160/2817/2127
f 2160/2817/2127 2141/2754/2073 2159/2818/2128
f 2141/2754/2073 2126/2756/2075 2159/2818/2128
f 2126/2756/2075 2127/2797/2113 2159/2818/2128
f 2159/2818/2128 2127/2797/2113 2158/2819/2129
f 2127/2797/2113 2142/2798/2114 2158/2819/2129
f 2158/2819/2129 2142/2798/2114 2143/2820/2130
f 2142/2798/2114 2130/2799/2115 2143/2820/2130
f 2130/2799/2115 2144/2800/2116 2143/2820/2130
f 2143/2820/2130 2144/2800/2116 2157/2821/2131
f 2144/2800/2116 2131/2801/2117 2157/2821/2131
f 2157/2821/2131 2131/2801/2117 2145/2822/2132
f 2131/2801/2117 2132/2802/2118 2145/2822/2132
f 2145/2822/2132 2132/2802/2118 2146/2823/2133
f 2146/2823/2133 2132/2802/2118 2153/2824/2134
f 2132/2802/2118 2147/2803/2119 2153/2824/2134
f 2153/2824/2134 2147/2803/2119 2148/2825/2135
f 2147/2803/2119 2133/2804/2120 2148/2825/2135
f 2148/2825/2135 2133/2804/2120 2149/2826/2136
f 2133/2804/2120 2150/2805/2121 2149/2826/2136
f 2150/2805/2121 2136/2806/2122 2149/2826/2136
f 2136/2806/2122 2137/2808/2123 2149/2826/2136
f 2149/2826/2136 2137/2808/2123 2162/2827/2137
f 2137/2808/2123 2151/2810/2124 2162/2827/2137
f 2162/2827/2137 2151/2810/2124 2152/2828/2138
f 2151/2810/2124 2138/2812/2125 2152/2828/2138
f 2152/2828/2138 2138/2812/2125 2164/2829/2068
f 2149/2826/2136 2162/2827/2137 2148/2825/2135
f 2162/2827/2137 2165/2830/2139 2148/2825/2135
f 2148/2825/2135 2165/2830/2139 2153/2824/2134
f 2165/2830/2139 2166/2831/2140 2153/2824/2134
f 2153/2824/2134 2166/2831/2140 2146/2823/2133
f 2166/2831/2140 2154/2832/2141 2146/2823/2133
f 2154/2832/2141 2155/2833/2142 2146/2823/2133
f 2146/2823/2133 2155/2833/2142 2145/2822/2132
f 2155/2833/2142 2156/2834/2143 2145/2822/2132
f 2145/2822/2132 2156/2834/2143 2157/2821/2131
f 2156/2834/2143 2171/2835/2144 2157/2821/2131
f 2157/2821/2131 2171/2835/2144 2143/2820/2130
f 2143/2820/2130 2171/2835/2144 2158/2819/2129
f 2171/2835/2144 2169/2836/2145 2158/2819/2129
f 2158/2819/2129 2169/2836/2145 2159/2818/2128
f 2159/2818/2128 2169/2836/2145 2160/2817/2127
f 2169/2836/2145 2168/2837/2146 2160/2817/2127
f 2160/2817/2127 2168/2837/2146 2161/2816/2126
f 2168/2837/2146 2164/2838/2068 2161/2816/2126
f 2162/2827/2137 2152/2828/2138 2165/2830/2139
f 2165/2830/2139 2152/2828/2138 2163/2839/2147
f 2152/2828/2138 2164/2840/2068 2163/2839/2147
f 2165/2830/2139 2163/2839/2147 2166/2831/2140
f 2166/2831/2140 2163/2839/2147 2167/2841/2148
f 2163/2839/2147 2164/2842/2068 2167/2841/2148
f 2166/2831/2140 2167/2841/2148 2154/2832/2141
f 2154/2832/2141 2167/2841/2148 2174/2843/2149
f 2167/2841/2148 2164/2844/2068 2174/2843/2149
f 2164/2845/2068 2168/2837/2146 2170/2846/2150
f 2168/2837/2146 2169/2836/2145 2170/2846/2150
f 2169/2836/2145 2171/2835/2144 2170/2846/2150
f 2171/2835/2144 2156/2834/2143 2170/2846/2150
f 2156/2834/2143 2172/2847/2151 2170/2846/2150
f 2170/2846/2150 2172/2847/2151 2164/2848/2068
f 2156/2834/2143 2155/2833/2142 2172/2847/2151
f 2155/2833/2142 2173/2849/2152 2172/2847/2151
f 2172/2847/2151 2173/2849/2152 2164/2850/2068
f 2155/2833/2142 2154/2832/2141 2173/2849/2152
f 2154/2832/2141 2174/2843/2149 2173/2849/2152
f 2173/2849/2152 2174/2843/2149 2164/2851/2068
f 2175/2852/2082 2176/2853/2081 2187/2854/2153
f 2187/2854/2153 2176/2853/2081 2177/2855/2154
f 2176/2853/2081 2178/2856/2102 2177/2855/2154
f 2177/2855/2154 2178/2856/2102 2179/2857/2155
f 2178/2856/2102 2111/2858/2099 2179/2857/2155
f 2111/2858/2099 2180/2859/2097 2179/2857/2155
f 2179/2857/2155 2180/2859/2097 2188/2860/2156
f 2180/2859/2097 2109/2861/2095 2188/2860/2156
f 2188/2860/2156 2109/2861/2095 2181/2862/2157
f 2109/2861/2095 2108/2863/2094 2181/2862/2157
f 2181/2862/2157 2108/2863/2094 2182/2864/2158
f 2182/2864/2158 2108/2863/2094 2189/2865/2159
f 2108/2863/2094 2183/2866/2092 2189/2865/2159
f 2189/2865/2159 2183/2866/2092 2190/2867/2160
f 2183/2866/2092 2184/2868/2090 2190/2867/2160
f 2190/2867/2160 2184/2868/2090 2191/2869/2161
f 2184/2868/2090 2185/2870/2087 2191/2869/2161
f 2185/2870/2087 2186/2871/2085 2191/2869/2161
f 2191/2869/2161 2186/2871/2085 2193/2872/2162
f 2186/2871/2085 2106/2873/2083 2193/2872/2162
f 2193/2872/2162 2106/2873/2083 2194/2874/2163
f 2106/2873/2083 2175/2852/2082 2194/2874/2163
f 2194/2874/2163 2175/2852/2082 2195/2875/2164
f 2175/2852/2082 2187/2854/2153 2195/2875/2164
f 2195/2875/2164 2187/2854/2153 2192/2876/2165
f 2187/2854/2153 2177/2855/2154 2192/2876/2165
f 2177/2855/2154 2179/2857/2155 2192/2876/2165
f 2179/2857/2155 2188/2860/2156 2192/2876/2165
f 2188/2860/2156 2181/2862/2157 2192/2876/2165
f 2181/2862/2157 2182/2864/2158 2192/2876/2165
f 2182/2864/2158 2189/2865/2159 2192/2876/2165
f 2189/2865/2159 2190/2867/2160 2192/2876/2165
f 2190/2867/2160 2191/2869/2161 2192/2876/2165
f 2191/2869/2161 2193/2872/2162 2192/2876/2165
f 2193/2872/2162 2194/2874/2163 2192/2876/2165
f 2192/2876/2165 2194/2874/2163 2195/2875/2164
f 2222/2877/2166 2196/2878/2167 2198/2879/2168
f 2196/2878/2167 2197/2880/2169 2198/2879/2168
f 2197/2880/2169 2199/2881/2170 2198/2879/2168
f 2199/2881/2170 2283/2882/2171 2198/2879/2168
f 2283/2882/2171 2221/2883/2172 2198/2879/2168
f 2198/2879/2168 2221/2883/2172 2222/2884/2166
f 2211/2885/2173 2237/2886/2174 2200/2887/2175
f 2200/2887/2175 2237/2886/2174 2201/2888/2176
f 2237/2886/2174 2249/2889/2177 2201/2888/2176
f 2201/2888/2176 2249/2889/2177 2213/2890/2178
f 2249/2889/2177 2248/2891/2179 2213/2890/2178
f 2248/2891/2179 2246/2892/2180 2213/2890/2178
f 2213/2890/2178 2246/2892/2180 2214/2893/2181
f 2246/2892/2180 2202/2894/2182 2214/2893/2181
f 2214/2893/2181 2202/2894/2182 2203/2895/2183
f 2202/2894/2182 2204/2896/2184 2203/2895/2183
f 2203/2895/2183 2204/2896/2184 2205/2897/2185
f 2205/2897/2185 2204/2896/2184 2206/2898/2186
f 2204/2896/2184 2244/2899/2187 2206/2898/2186
f 2206/2898/2186 2244/2899/2187 2215/2900/2188
f 2244/2899/2187 2242/2901/2189 2215/2900/2188
f 2215/2900/2188 2242/2901/2189 2207/2902/2190
f 2242/2901/2189 2208/2903/2191 2207/2902/2190
f 2208/2903/2191 2240/2904/2192 2207/2902/2190
f 2207/2902/2190 2240/2904/2192 2209/2905/2193
f 2240/2904/2192 2210/2906/2194 2209/2905/2193
f 2209/2905/2193 2210/2906/2194 2216/2907/2195
f 2210/2906/2194 2211/2885/2173 2216/2907/2195
f 2216/2907/2195 2211/2885/2173 2217/2908/2196
f 2211/2885/2173 2200/2887/2175 2217/2908/2196
f 2217/2908/2196 2200/2887/2175 2212/2909/2197
f 2200/2887/2175 2201/2888/2176 2212/2909/2197
f 2201/2888/2176 2213/2890/2178 2212/2909/2197
f 2213/2890/2178 2214/2893/2181 2212/2909/2197
f 2214/2893/2181 2203/2895/2183 2212/2909/2197
f 2203/2895/2183 2205/2897/2185 2212/2909/2197
f 2205/2897/2185 2206/2898/2186 2212/2909/2197
f 2206/2898/2186 2215/2900/2188 2212/2909/2197
f 2215/2900/2188 2207/2902/2190 2212/2909/2197
f 2207/2902/2190 2209/2905/2193 2212/2909/2197
f 2209/2905/2193 2216/2907/2195 2212/2909/2197
f 2212/2909/2197 2216/2907/2195 2217/2908/2196
f 2218/2910/2198 2292/2911/2199 2219/2912/2200
f 2292/2911/2199 2220/2913/2201 2219/2912/2200
f 2219/2912/2200 2220/2913/2201 2222/2914/2166
f 2283/2882/2171 2218/2910/2198 2221/2883/2172
f 2218/2910/2198 2219/2912/2200 2221/2883/2172
f 2221/2883/2172 2219/2912/2200 2222/2915/2166
f 2250/2916/2202 2223/2917/2203 2224/2918/2204
f 2223/2917/2203 2225/2919/2205 2224/2918/2204
f 2224/2918/2204 2225/2919/2205 2247/2920/2206
f 2225/2919/2205 2226/2921/2207 2247/2920/2206
f 2226/2921/2207 2227/2922/2208 2247/2920/2206
f 2247/2920/2206 2227/2922/2208 2228/2923/2209
f 2227/2922/2208 2257/2924/2210 2228/2923/2209
f 2228/2923/2209 2257/2924/2210 2229/2925/2211
f 2257/2924/2210 2256/2926/2212 2229/2925/2211
f 2229/2925/2211 2256/2926/2212 2245/2927/2213
f 2245/2927/2213 2256/2926/2212 2243/2928/2214
f 2256/2926/2212 2255/2929/2215 2243/2928/2214
f 2243/2928/2214 2255/2929/2215 2241/2930/2216
f 2255/2929/2215 2254/2931/2217 2241/2930/2216
f 2241/2930/2216 2254/2931/2217 2230/2932/2218
f 2254/2931/2217 2231/2933/2219 2230/2932/2218
f 2231/2933/2219 2232/2934/2220 2230/2932/2218
f 2230/2932/2218 2232/2934/2220 2233/2935/2221
f 2232/2934/2220 2234/2936/2222 2233/2935/2221
f 2233/2935/2221 2234/2936/2222 2239/2937/2223
f 2234/2936/2222 2251/2938/2224 2239/2937/2223
f 2239/2937/2223 2251/2938/2224 2238/2939/2225
f 2222/2940/2166 2264/2941/2226 2265/2942/2227
f 2265/2942/2227 2264/2941/2226 2266/2943/2228
f 2264/2941/2226 2235/2944/2229 2266/2943/2228
f 2266/2943/2228 2235/2944/2229 2267/2945/2230
f 2235/2944/2229 2262/2946/2231 2267/2945/2230
f 2267/2945/2230 2262/2946/2231 2268/2947/2232
f 2262/2946/2231 2236/2948/2233 2268/2947/2232
f 2268/2947/2232 2236/2948/2233 2251/2938/2224
f 2236/2948/2233 2223/2949/2203 2251/2938/2224
f 2223/2949/2203 2250/2950/2202 2251/2938/2224
f 2251/2938/2224 2250/2950/2202 2238/2939/2225
f 2250/2950/2202 2237/2951/2174 2238/2939/2225
f 2237/2951/2174 2211/2952/2173 2238/2939/2225
f 2211/2952/2173 2210/2953/2194 2238/2939/2225
f 2238/2939/2225 2210/2953/2194 2239/2937/2223
f 2210/2953/2194 2240/2954/2192 2239/2937/2223
f 2239/2937/2223 2240/2954/2192 2233/2935/2221
f 2240/2954/2192 2208/2955/2191 2233/2935/2221
f 2233/2935/2221 2208/2955/2191 2230/2932/2218
f 2230/2932/2218 2208/2955/2191 2241/2930/2216
f 2208/2955/2191 2242/2956/2189 2241/2930/2216
f 2241/2930/2216 2242/2956/2189 2243/2928/2214
f 2242/2956/2189 2244/2957/2187 2243/2928/2214
f 2243/2928/2214 2244/2957/2187 2245/2927/2213
f 2244/2957/2187 2204/2958/2184 2245/2927/2213
f 2204/2958/2184 2202/2959/2182 2245/2927/2213
f 2245/2927/2213 2202/2959/2182 2229/2925/2211
f 2202/2959/2182 2246/2960/2180 2229/2925/2211
f 2229/2925/2211 2246/2960/2180 2228/2923/2209
f 2246/2960/2180 2248/2961/2179 2228/2923/2209
f 2228/2923/2209 2248/2961/2179 2247/2920/2206
f 2247/2920/2206 2248/2961/2179 2224/2918/2204
f 2248/2961/2179 2249/2962/2177 2224/2918/2204
f 2224/2918/2204 2249/2962/2177 2250/2916/2202
f 2249/2962/2177 2237/2963/2174 2250/2916/2202
f 2251/2938/2224 2234/2936/2222 2268/2947/2232
f 2268/2947/2232 2234/2936/2222 2252/2964/2234
f 2234/2936/2222 2232/2934/2220 2252/2964/2234
f 2252/2964/2234 2232/2934/2220 2253/2965/2235
f 2232/2934/2220 2231/2933/2219 2253/2965/2235
f 2253/2965/2235 2231/2933/2219 2270/2966/2236
f 2231/2933/2219 2254/2931/2217 2270/2966/2236
f 2270/2966/2236 2254/2931/2217 2271/2967/2237
f 2254/2931/2217 2255/2929/2215 2271/2967/2237
f 2271/2967/2237 2255/2929/2215 2273/2968/2238
f 2255/2929/2215 2256/2926/2212 2273/2968/2238
f 2273/2968/2238 2256/2926/2212 2274/2969/2239
f 2256/2926/2212 2257/2924/2210 2274/2969/2239
f 2274/2969/2239 2257/2924/2210 2258/2970/2240
f 2257/2924/2210 2227/2922/2208 2258/2970/2240
f 2258/2970/2240 2227/2922/2208 2276/2971/2241
f 2227/2922/2208 2226/2921/2207 2276/2971/2241
f 2276/2971/2241 2226/2921/2207 2259/2972/2242
f 2226/2921/2207 2225/2919/2205 2259/2972/2242
f 2259/2972/2242 2225/2919/2205 2260/2973/2243
f 2225/2919/2205 2223/2917/2203 2260/2973/2243
f 2223/2917/2203 2236/2974/2233 2260/2973/2243
f 2260/2973/2243 2236/2974/2233 2261/2975/2244
f 2236/2974/2233 2262/2976/2231 2261/2975/2244
f 2261/2975/2244 2262/2976/2231 2277/2977/2245
f 2262/2976/2231 2235/2978/2229 2277/2977/2245
f 2277/2977/2245 2235/2978/2229 2263/2979/2246
f 2235/2978/2229 2264/2980/2226 2263/2979/2246
f 2263/2979/2246 2264/2980/2226 2222/2981/2166
f 2222/2982/2166 2265/2942/2227 2287/2983/2247
f 2265/2942/2227 2266/2943/2228 2287/2983/2247
f 2287/2983/2247 2266/2943/2228 2286/2984/2248
f 2266/2943/2228 2267/2945/2230 2286/2984/2248
f 2286/2984/2248 2267/2945/2230 2269/2985/2249
f 2267/2945/2230 2268/2947/2232 2269/2985/2249
f 2268/2947/2232 2252/2964/2234 2269/2985/2249
f 2269/2985/2249 2252/2964/2234 2285/2986/2250
f 2252/2964/2234 2253/2965/2235 2285/2986/2250
f 2285/2986/2250 2253/2965/2235 2284/2987/2251
f 2253/2965/2235 2270/2966/2236 2284/2987/2251
f 2270/2966/2236 2271/2967/2237 2284/2987/2251
f 2284/2987/2251 2271/2967/2237 2272/2988/2252
f 2271/2967/2237 2273/2968/2238 2272/2988/2252
f 2272/2988/2252 2273/2968/2238 2282/2989/2253
f 2273/2968/2238 2274/2969/2239 2282/2989/2253
f 2282/2989/2253 2274/2969/2239 2281/2990/2254
f 2281/2990/2254 2274/2969/2239 2275/2991/2255
f 2274/2969/2239 2258/2970/2240 2275/2991/2255
f 2275/2991/2255 2258/2970/2240 2279/2992/2256
f 2258/2970/2240 2276/2971/2241 2279/2992/2256
f 2279/2992/2256 2276/2971/2241 2278/2993/2257
f 2276/2971/2241 2259/2972/2242 2278/2993/2257
f 2259/2972/2242 2260/2973/2243 2278/2993/2257
f 2260/2973/2243 2261/2975/2244 2278/2993/2257
f 2278/2993/2257 2261/2975/2244 2288/2994/2258
f 2261/2975/2244 2277/2977/2245 2288/2994/2258
f 2288/2994/2258 2277/2977/2245 2290/2995/2259
f 2277/2977/2245 2263/2979/2246 2290/2995/2259
f 2290/2995/2259 2263/2979/2246 2222/2996/2166
f 2278/2993/2257 2288/2994/2258 2279/2992/2256
f 2288/2994/2258 2289/2997/2260 2279/2992/2256
f 2279/2992/2256 2289/2997/2260 2275/2991/2255
f 2289/2997/2260 2280/2998/2261 2275/2991/2255
f 2275/2991/2255 2280/2998/2261 2281/2990/2254
f 2280/2998/2261 2292/2911/2199 2281/2990/2254
f 2292/2911/2199 2218/2910/2198 2281/2990/2254
f 2281/2990/2254 2218/2910/2198 2282/2989/2253
f 2218/2910/2198 2283/2882/2171 2282/2989/2253
f 2282/2989/2253 2283/2882/2171 2272/2988/2252
f 2283/2882/2171 2199/2881/2170 2272/2988/2252
f 2272/2988/2252 2199/2881/2170 2284/2987/2251
f 2284/2987/2251 2199/2881/2170 2285/2986/2250
f 2199/2881/2170 2197/2880/2169 2285/2986/2250
f 2285/2986/2250 2197/2880/2169 2269/2985/2249
f 2269/2985/2249 2197/2880/2169 2286/2984/2248
f 2197/2880/2169 2196/2878/2167 2286/2984/2248
f 2286/2984/2248 2196/2878/2167 2287/2983/2247
f 2196/2878/2167 2222/2999/2166 2287/2983/2247
f 2288/2994/2258 2290/2995/2259 2289/2997/2260
f 2289/2997/2260 2290/2995/2259 2291/3000/2262
f 2290/2995/2259 2222/3001/2166 2291/3000/2262
f 2289/2997/2260 2291/3000/2262 2280/2998/2261
f 2280/2998/2261 2291/3000/2262 2293/3002/2263
f 2291/3000/2262 2222/3003/2166 2293/3002/2263
f 2280/2998/2261 2293/3002/2263 2292/2911/2199
f 2292/2911/2199 2293/3002/2263 2220/2913/2201
f 2293/3002/2263 2222/3004/2166 2220/2913/2201
f 2298/3005/2264 2294/3006/2265 2316/3007/2266
f 2294/3006/2265 2295/3008/2267 2316/3007/2266
f 2316/3007/2266 2295/3008/2267 2296/3009/2268
f 2295/3008/2267 2294/3010/2265 2296/3009/2268
f 2296/3009/2268 2294/3010/2265 2297/3011/2269
f 2294/3010/2265 2298/3012/2264 2297/3011/2269
f 2297/3011/2269 2298/3012/2264 2299/3013/2270
f 2299/3013/2270 2298/3012/2264 2300/3014/2271
f 2298/3012/2264 2316/3015/2266 2300/3014/2271
f 2300/3014/2271 2301/3016/2272 2299/3013/2270
f 2299/3013/2270 2301/3016/2272 2327/3017/2273
f 2301/3016/2272 2302/3018/2274 2327/3017/2273
f 2327/3017/2273 2302/3018/2274 2303/3019/2275
f 2303/3019/2275 2302/3018/2274 2326/3020/2276
f 2302/3018/2274 2314/3021/2277 2326/3020/2276
f 2326/3020/2276 2314/3021/2277 2304/3022/2278
f 2314/3021/2277 2312/3023/2279 2304/3022/2278
f 2312/3023/2279 2305/3024/2280 2304/3022/2278
f 2304/3022/2278 2305/3024/2280 2324/3025/2281
f 2305/3024/2280 2309/3026/2282 2324/3025/2281
f 2324/3025/2281 2309/3026/2282 2323/3027/2283
f 2309/3026/2282 2306/3028/2284 2323/3027/2283
f 2306/3028/2284 2307/3029/2285 2323/3027/2283
f 2323/3027/2283 2307/3029/2285 2308/3030/2286
f 2307/3029/2285 2306/3031/2284 2308/3030/2286
f 2308/3030/2286 2306/3031/2284 2310/3032/2287
f 2306/3031/2284 2309/3033/2282 2310/3032/2287
f 2309/3033/2282 2305/3034/2280 2310/3032/2287
f 2310/3032/2287 2305/3034/2280 2311/3035/2288
f 2305/3034/2280 2312/3036/2279 2311/3035/2288
f 2311/3035/2288 2312/3036/2279 2313/3037/2289
f 2312/3036/2279 2314/3038/2277 2313/3037/2289
f 2313/3037/2289 2314/3038/2277 2320/3039/2290
f 2320/3039/2290 2314/3038/2277 2319/3040/2291
f 2314/3038/2277 2302/3041/2274 2319/3040/2291
f 2319/3040/2291 2302/3041/2274 2315/3042/2292
f 2302/3041/2274 2301/3043/2272 2315/3042/2292
f 2301/3043/2272 2300/3044/2271 2315/3042/2292
f 2315/3042/2292 2300/3044/2271 2296/3009/2268
f 2300/3044/2271 2316/3007/2266 2296/3009/2268
f 2296/3009/2268 2297/3011/2269 2315/3042/2292
f 2297/3011/2269 2317/3045/2293 2315/3042/2292
f 2315/3042/2292 2317/3045/2293 2319/3040/2291
f 2317/3045/2293 2318/3046/2294 2319/3040/2291
f 2318/3046/2294 2325/3047/2295 2319/3040/2291
f 2319/3040/2291 2325/3047/2295 2320/3039/2290
f 2325/3047/2295 2321/3048/2296 2320/3039/2290
f 2320/3039/2290 2321/3048/2296 2313/3037/2289
f 2313/3037/2289 2321/3048/2296 2311/3035/2288
f 2321/3048/2296 2322/3049/2297 2311/3035/2288
f 2311/3035/2288 2322/3049/2297 2310/3032/2287
f 2310/3032/2287 2322/3049/2297 2308/3030/2286
f 2322/3049/2297 2324/3025/2281 2308/3030/2286
f 2308/3030/2286 2324/3025/2281 2323/3027/2283
f 2322/3049/2297 2321/3048/2296 2324/3025/2281
f 2324/3025/2281 2321/3048/2296 2304/3022/2278
f 2304/3022/2278 2321/3048/2296 2326/3020/2276
f 2321/3048/2296 2325/3047/2295 2326/3020/2276
f 2325/3047/2295 2318/3046/2294 2326/3020/2276
f 2326/3020/2276 2318/3046/2294 2303/3019/2275
f 2303/3019/2275 2318/3046/2294 2327/3017/2273
f 2318/3046/2294 2317/3045/2293 2327/3017/2273
f 2327/3017/2273 2317/3045/2293 2299/3013/2270
f 2317/3045/2293 2297/3011/2269 2299/3013/2270
f 2382/3050/97 2384/3051/2298 2395/3052/97
f 2395/3052/97 2384/3051/2298 2334/3053/2299
f 2384/3051/2298 2386/3054/97 2334/3053/2299
f 2334/3053/2299 2386/3054/97 2335/3055/2300
f 2386/3054/97 2336/3056/97 2335/3055/2300
f 2335/3055/2300 2336/3056/97 2391/3057/97
f 2336/3056/97 2337/3058/2301 2391/3057/97
f 2391/3057/97 2337/3058/2301 2390/3059/97
f 2337/3058/2301 2338/3060/2302 2390/3059/97
f 2390/3059/97 2338/3060/2302 2389/3061/2303
f 2360/3062/2304 2339/3063/2305 2362/3064/2306
f 2362/3064/2306 2339/3063/2305 2340/3065/2307
f 2339/3063/2305 2341/3066/2308 2340/3065/2307
f 2340/3065/2307 2341/3066/2308 2342/3067/2309
f 2341/3066/2308 2343/3068/2310 2342/3067/2309
f 2342/3067/2309 2343/3068/2310 2344/3069/2311
f 2343/3068/2310 2331/3070/2312 2344/3069/2311
f 2344/3069/2311 2331/3070/2312 2345/3071/2313
f 2331/3070/2312 2346/3072/2314 2345/3071/2313
f 2345/3071/2313 2346/3072/2314 2365/3073/2315
f 2346/3072/2314 2347/3074/2316 2365/3073/2315
f 2365/3073/2315 2347/3074/2316 2366/3075/2317
f 2347/3074/2316 2332/3076/2318 2366/3075/2317
f 2366/3075/2317 2332/3076/2318 2367/3077/2319
f 2332/3076/2318 2333/3078/2320 2367/3077/2319
f 2367/3077/2319 2333/3078/2320 2348/3079/2321
f 2333/3078/2320 2349/3080/1324 2348/3079/2321
f 2348/3079/2321 2349/3080/1324 2350/3081/2322
f 2349/3080/1324 2351/3082/1324 2350/3081/2322
f 2350/3081/2322 2351/3082/1324 2370/3083/2323
f 2351/3082/1324 2330/3084/1324 2370/3083/2323
f 2370/3083/2323 2330/3084/1324 2352/3085/2324
f 2330/3084/1324 2353/3086/1324 2352/3085/2324
f 2352/3085/2324 2353/3086/1324 2372/3087/2325
f 2353/3086/1324 2354/3088/2326 2372/3087/2325
f 2372/3087/2325 2354/3088/2326 2355/3089/2327
f 2354/3088/2326 2356/3090/2328 2355/3089/2327
f 2355/3089/2327 2356/3090/2328 2357/3091/2329
f 2356/3090/2328 2329/3092/1324 2357/3091/2329
f 2357/3091/2329 2329/3092/1324 2374/3093/2330
f 2329/3092/1324 2328/3094/1324 2374/3093/2330
f 2374/3093/2330 2328/3094/1324 2358/3095/2331
f 2328/3094/1324 2359/3096/2332 2358/3095/2331
f 2358/3095/2331 2359/3096/2332 2375/3097/2333
f 2359/3096/2332 2360/3062/2304 2375/3097/2333
f 2360/3062/2304 2362/3064/2306 2375/3097/2333
f 2375/3097/2333 2362/3064/2306 2361/3098/2334
f 2361/3098/2334 2362/3064/2306 2377/3099/2335
f 2362/3064/2306 2340/3065/2307 2377/3099/2335
f 2377/3099/2335 2340/3065/2307 2379/3100/2336
f 2340/3065/2307 2342/3067/2309 2379/3100/2336
f 2379/3100/2336 2342/3067/2309 2381/3101/2337
f 2342/3067/2309 2344/3069/2311 2381/3101/2337
f 2381/3101/2337 2344/3069/2311 2363/3102/2338
f 2344/3069/2311 2345/3071/2313 2363/3102/2338
f 2363/3102/2338 2345/3071/2313 2364/3103/2339
f 2345/3071/2313 2365/3073/2315 2364/3103/2339
f 2364/3103/2339 2365/3073/2315 2383/3104/2340
f 2365/3073/2315 2366/3075/2317 2383/3104/2340
f 2383/3104/2340 2366/3075/2317 2385/3105/2341
f 2366/3075/2317 2367/3077/2319 2385/3105/2341
f 2385/3105/2341 2367/3077/2319 2368/3106/2342
f 2367/3077/2319 2348/3079/2321 2368/3106/2342
f 2368/3106/2342 2348/3079/2321 2387/3107/2343
f 2348/3079/2321 2350/3081/2322 2387/3107/2343
f 2387/3107/2343 2350/3081/2322 2369/3108/2344
f 2350/3081/2322 2370/3083/2323 2369/3108/2344
f 2369/3108/2344 2370/3083/2323 2388/3109/2345
f 2370/3083/2323 2352/3085/2324 2388/3109/2345
f 2388/3109/2345 2352/3085/2324 2371/3110/2346
f 2352/3085/2324 2372/3087/2325 2371/3110/2346
f 2371/3110/2346 2372/3087/2325 2373/3111/2347
f 2372/3087/2325 2355/3089/2327 2373/3111/2347
f 2373/3111/2347 2355/3089/2327 2392/3112/2348
f 2355/3089/2327 2357/3091/2329 2392/3112/2348
f 2392/3112/2348 2357/3091/2329 2393/3113/2349
f 2357/3091/2329 2374/3093/2330 2393/3113/2349
f 2393/3113/2349 2374/3093/2330 2394/3114/2350
f 2374/3093/2330 2358/3095/2331 2394/3114/2350
f 2394/3114/2350 2358/3095/2331 2396/3115/2351
f 2358/3095/2331 2375/3097/2333 2396/3115/2351
f 2375/3097/2333 2361/3098/2334 2396/3115/2351
f 2396/3115/2351 2361/3098/2334 2376/3116/97
f 2376/3116/97 2361/3098/2334 2398/3117/2352
f 2361/3098/2334 2377/3099/2335 2398/3117/2352
f 2398/3117/2352 2377/3099/2335 2378/3118/2353
f 2377/3099/2335 2379/3100/2336 2378/3118/2353
f 2378/3118/2353 2379/3100/2336 2380/3119/97
f 2379/3100/2336 2381/3101/2337 2380/3119/97
f 2380/3119/97 2381/3101/2337 2399/3120/2354
f 2381/3101/2337 2363/3102/2338 2399/3120/2354
f 2399/3120/2354 2363/3102/2338 2397/3121/2355
f 2363/3102/2338 2364/3103/2339 2397/3121/2355
f 2397/3121/2355 2364/3103/2339 2382/3050/97
f 2364/3103/2339 2383/3104/2340 2382/3050/97
f 2382/3050/97 2383/3104/2340 2384/3051/2298
f 2383/3104/2340 2385/3105/2341 2384/3051/2298
f 2384/3051/2298 2385/3105/2341 2386/3054/97
f 2385/3105/2341 2368/3106/2342 2386/3054/97
f 2386/3054/97 2368/3106/2342 2336/3056/97
f 2368/3106/2342 2387/3107/2343 2336/3056/97
f 2336/3056/97 2387/3107/2343 2337/3058/2301
f 2387/3107/2343 2369/3108/2344 2337/3058/2301
f 2337/3058/2301 2369/3108/2344 2338/3060/2302
f 2369/3108/2344 2388/3109/2345 2338/3060/2302
f 2338/3060/2302 2388/3109/2345 2389/3061/2303
f 2388/3109/2345 2371/3110/2346 2389/3061/2303
f 2389/3061/2303 2371/3110/2346 2390/3059/97
f 2371/3110/2346 2373/3111/2347 2390/3059/97
f 2390/3059/97 2373/3111/2347 2391/3057/97
f 2373/3111/2347 2392/3112/2348 2391/3057/97
f 2391/3057/97 2392/3112/2348 2335/3055/2300
f 2392/3112/2348 2393/3113/2349 2335/3055/2300
f 2335/3055/2300 2393/3113/2349 2334/3053/2299
f 2393/3113/2349 2394/3114/2350 2334/3053/2299
f 2334/3053/2299 2394/3114/2350 2395/3052/97
f 2394/3114/2350 2396/3115/2351 2395/3052/97
f 2396/3115/2351 2376/3116/97 2395/3052/97
f 2395/3052/97 2376/3116/97 2382/3050/97
f 2382/3050/97 2376/3116/97 2397/3121/2355
f 2376/3116/97 2398/3117/2352 2397/3121/2355
f 2397/3121/2355 2398/3117/2352 2399/3120/2354
f 2398/3117/2352 2378/3118/2353 2399/3120/2354
f 2399/3120/2354 2378/3118/2353 2380/3119/97
f 2407/3122/2356 2400/3123/2357 2412/3124/2358
f 2412/3124/2358 2400/3123/2357 2430/3125/2359
f 2400/3123/2357 2413/3126/2360 2430/3125/2359
f 2430/3125/2359 2413/3126/2360 2414/3127/2361
f 2413/3126/2360 2402/3128/2320 2414/3127/2361
f 2414/3127/2361 2402/3128/2320 2415/3129/2362
f 2402/3128/2320 2416/3130/1324 2415/3129/2362
f 2415/3129/2362 2416/3130/1324 2417/3131/2363
f 2416/3130/1324 2418/3132/1324 2417/3131/2363
f 2417/3131/2363 2418/3132/1324 2433/3133/2364
f 2418/3132/1324 2403/3134/1324 2433/3133/2364
f 2433/3133/2364 2403/3134/1324 2435/3135/2365
f 2403/3134/1324 2404/3136/1324 2435/3135/2365
f 2435/3135/2365 2404/3136/1324 2419/3137/2366
f 2404/3136/1324 2405/3138/2328 2419/3137/2366
f 2419/3137/2366 2405/3138/2328 2420/3139/2367
f 2405/3138/2328 2406/3140/2308 2420/3139/2367
f 2420/3139/2367 2406/3140/2308 2421/3141/2368
f 2406/3140/2308 2401/3142/1324 2421/3141/2368
f 2421/3141/2368 2401/3142/1324 2438/3143/2369
f 2401/3142/1324 2411/3144/2370 2438/3143/2369
f 2438/3143/2369 2411/3144/2370 2422/3145/2371
f 2411/3144/2370 2423/3146/2372 2422/3145/2371
f 2422/3145/2371 2423/3146/2372 2424/3147/2373
f 2423/3146/2372 2425/3148/2374 2424/3147/2373
f 2424/3147/2373 2425/3148/2374 2426/3149/2327
f 2425/3148/2374 2410/3150/1324 2426/3149/2327
f 2426/3149/2327 2410/3150/1324 2442/3151/2375
f 2410/3150/1324 2409/3152/1324 2442/3151/2375
f 2442/3151/2375 2409/3152/1324 2427/3153/2376
f 2409/3152/1324 2428/3154/2377 2427/3153/2376
f 2427/3153/2376 2428/3154/2377 2445/3155/2331
f 2428/3154/2377 2408/3156/2374 2445/3155/2331
f 2445/3155/2331 2408/3156/2374 2446/3157/2378
f 2408/3156/2374 2407/3122/2356 2446/3157/2378
f 2407/3122/2356 2412/3124/2358 2446/3157/2378
f 2446/3157/2378 2412/3124/2358 2448/3158/2379
f 2448/3158/2379 2412/3124/2358 2429/3159/2380
f 2412/3124/2358 2430/3125/2359 2429/3159/2380
f 2429/3159/2380 2430/3125/2359 2450/3160/2381
f 2430/3125/2359 2414/3127/2361 2450/3160/2381
f 2450/3160/2381 2414/3127/2361 2451/3161/2382
f 2414/3127/2361 2415/3129/2362 2451/3161/2382
f 2451/3161/2382 2415/3129/2362 2431/3162/2383
f 2415/3129/2362 2417/3131/2363 2431/3162/2383
f 2431/3162/2383 2417/3131/2363 2432/3163/2384
f 2417/3131/2363 2433/3133/2364 2432/3163/2384
f 2432/3163/2384 2433/3133/2364 2434/3164/2385
f 2433/3133/2364 2435/3135/2365 2434/3164/2385
f 2434/3164/2385 2435/3135/2365 2436/3165/2386
f 2435/3135/2365 2419/3137/2366 2436/3165/2386
f 2436/3165/2386 2419/3137/2366 2454/3166/2387
f 2419/3137/2366 2420/3139/2367 2454/3166/2387
f 2454/3166/2387 2420/3139/2367 2437/3167/2388
f 2420/3139/2367 2421/3141/2368 2437/3167/2388
f 2437/3167/2388 2421/3141/2368 2457/3168/2389
f 2421/3141/2368 2438/3143/2369 2457/3168/2389
f 2457/3168/2389 2438/3143/2369 2439/3169/2390
f 2438/3143/2369 2422/3145/2371 2439/3169/2390
f 2439/3169/2390 2422/3145/2371 2440/3170/2391
f 2422/3145/2371 2424/3147/2373 2440/3170/2391
f 2440/3170/2391 2424/3147/2373 2441/3171/2392
f 2424/3147/2373 2426/3149/2327 2441/3171/2392
f 2441/3171/2392 2426/3149/2327 2461/3172/2393
f 2426/3149/2327 2442/3151/2375 2461/3172/2393
f 2461/3172/2393 2442/3151/2375 2443/3173/2394
f 2442/3151/2375 2427/3153/2376 2443/3173/2394
f 2443/3173/2394 2427/3153/2376 2444/3174/2395
f 2427/3153/2376 2445/3155/2331 2444/3174/2395
f 2444/3174/2395 2445/3155/2331 2447/3175/2396
f 2445/3155/2331 2446/3157/2378 2447/3175/2396
f 2446/3157/2378 2448/3158/2379 2447/3175/2396
f 2447/3175/2396 2448/3158/2379 2463/3176/97
f 2463/3176/97 2448/3158/2379 2449/3177/97
f 2448/3158/2379 2429/3159/2380 2449/3177/97
f 2449/3177/97 2429/3159/2380 2465/3178/2397
f 2429/3159/2380 2450/3160/2381 2465/3178/2397
f 2465/3178/2397 2450/3160/2381 2466/3179/97
f 2450/3160/2381 2451/3161/2382 2466/3179/97
f 2466/3179/97 2451/3161/2382 2464/3180/2299
f 2451/3161/2382 2431/3162/2383 2464/3180/2299
f 2464/3180/2299 2431/3162/2383 2452/3181/97
f 2431/3162/2383 2432/3163/2384 2452/3181/97
f 2452/3181/97 2432/3163/2384 2467/3182/97
f 2432/3163/2384 2434/3164/2385 2467/3182/97
f 2467/3182/97 2434/3164/2385 2468/3183/97
f 2434/3164/2385 2436/3165/2386 2468/3183/97
f 2468/3183/97 2436/3165/2386 2453/3184/2398
f 2436/3165/2386 2454/3166/2387 2453/3184/2398
f 2453/3184/2398 2454/3166/2387 2455/3185/2300
f 2454/3166/2387 2437/3167/2388 2455/3185/2300
f 2455/3185/2300 2437/3167/2388 2456/3186/97
f 2437/3167/2388 2457/3168/2389 2456/3186/97
f 2456/3186/97 2457/3168/2389 2458/3187/2399
f 2457/3168/2389 2439/3169/2390 2458/3187/2399
f 2458/3187/2399 2439/3169/2390 2471/3188/97
f 2439/3169/2390 2440/3170/2391 2471/3188/97
f 2471/3188/97 2440/3170/2391 2459/3189/97
f 2440/3170/2391 2441/3171/2392 2459/3189/97
f 2459/3189/97 2441/3171/2392 2460/3190/2399
f 2441/3171/2392 2461/3172/2393 2460/3190/2399
f 2460/3190/2399 2461/3172/2393 2470/3191/97
f 2461/3172/2393 2443/3173/2394 2470/3191/97
f 2470/3191/97 2443/3173/2394 2469/3192/97
f 2443/3173/2394 2444/3174/2395 2469/3192/97
f 2469/3192/97 2444/3174/2395 2462/3193/2301
f 2444/3174/2395 2447/3175/2396 2462/3193/2301
f 2447/3175/2396 2463/3176/97 2462/3193/2301
f 2462/3193/2301 2463/3176/97 2467/3182/97
f 2467/3182/97 2463/3176/97 2452/3181/97
f 2463/3176/97 2449/3177/97 2452/3181/97
f 2452/3181/97 2449/3177/97 2464/3180/2299
f 2449/3177/97 2465/3178/2397 2464/3180/2299
f 2464/3180/2299 2465/3178/2397 2466/3179/97
f 2467/3182/97 2468/3183/97 2462/3193/2301
f 2462/3193/2301 2468/3183/97 2469/3192/97
f 2468/3183/97 2453/3184/2398 2469/3192/97
f 2469/3192/97 2453/3184/2398 2470/3191/97
f 2453/3184/2398 2455/3185/2300 2470/3191/97
f 2470/3191/97 2455/3185/2300 2460/3190/2399
f 2455/3185/2300 2456/3186/97 2460/3190/2399
f 2460/3190/2399 2456/3186/97 2459/3189/97
f 2456/3186/97 2458/3187/2399 2459/3189/97
f 2459/3189/97 2458/3187/2399 2471/3188/97
f 2491/3194/97 2537/3195/97 2492/3196/2400
f 2492/3196/2400 2537/3195/97 2494/3197/2401
f 2537/3195/97 2533/3198/2353 2494/3197/2401
f 2494/3197/2401 2533/3198/2353 2472/3199/2402
f 2533/3198/2353 2473/3200/97 2472/3199/2402
f 2472/3199/2402 2473/3200/97 2496/3201/2403
f 2473/3200/97 2474/3202/97 2496/3201/2403
f 2496/3201/2403 2474/3202/97 2475/3203/2404
f 2474/3202/97 2534/3204/97 2475/3203/2404
f 2475/3203/2404 2534/3204/97 2476/3205/2405
f 2534/3204/97 2535/3206/97 2476/3205/2405
f 2476/3205/2405 2535/3206/97 2500/3207/2406
f 2535/3206/97 2536/3208/97 2500/3207/2406
f 2500/3207/2406 2536/3208/97 2501/3209/2407
f 2536/3208/97 2477/3210/97 2501/3209/2407
f 2501/3209/2407 2477/3210/97 2478/3211/2408
f 2477/3210/97 2479/3212/97 2478/3211/2408
f 2478/3211/2408 2479/3212/97 2503/3213/2409
f 2479/3212/97 2480/3214/97 2503/3213/2409
f 2503/3213/2409 2480/3214/97 2481/3215/2410
f 2480/3214/97 2482/3216/97 2481/3215/2410
f 2481/3215/2410 2482/3216/97 2483/3217/2411
f 2482/3216/97 2484/3218/97 2483/3217/2411
f 2483/3217/2411 2484/3218/97 2485/3219/2412
f 2484/3218/97 2532/3220/97 2485/3219/2412
f 2485/3219/2412 2532/3220/97 2486/3221/2413
f 2532/3220/97 2487/3222/97 2486/3221/2413
f 2486/3221/2413 2487/3222/97 2488/3223/2414
f 2487/3222/97 2531/3224/2415 2488/3223/2414
f 2488/3223/2414 2531/3224/2415 2489/3225/2416
f 2531/3224/2415 2530/3226/97 2489/3225/2416
f 2489/3225/2416 2530/3226/97 2508/3227/2417
f 2530/3226/97 2490/3228/97 2508/3227/2417
f 2508/3227/2417 2490/3228/97 2510/3229/2418
f 2490/3228/97 2491/3194/97 2510/3229/2418
f 2491/3194/97 2492/3196/2400 2510/3229/2418
f 2510/3229/2418 2492/3196/2400 2511/3230/2419
f 2511/3230/2419 2492/3196/2400 2493/3231/2420
f 2492/3196/2400 2494/3197/2401 2493/3231/2420
f 2493/3231/2420 2494/3197/2401 2495/3232/2421
f 2494/3197/2401 2472/3199/2402 2495/3232/2421
f 2495/3232/2421 2472/3199/2402 2514/3233/2422
f 2472/3199/2402 2496/3201/2403 2514/3233/2422
f 2514/3233/2422 2496/3201/2403 2497/3234/2423
f 2496/3201/2403 2475/3203/2404 2497/3234/2423
f 2497/3234/2423 2475/3203/2404 2498/3235/2424
f 2475/3203/2404 2476/3205/2405 2498/3235/2424
f 2498/3235/2424 2476/3205/2405 2499/3236/2425
f 2476/3205/2405 2500/3207/2406 2499/3236/2425
f 2499/3236/2425 2500/3207/2406 2515/3237/2426
f 2500/3207/2406 2501/3209/2407 2515/3237/2426
f 2515/3237/2426 2501/3209/2407 2517/3238/2427
f 2501/3209/2407 2478/3211/2408 2517/3238/2427
f 2517/3238/2427 2478/3211/2408 2502/3239/2428
f 2478/3211/2408 2503/3213/2409 2502/3239/2428
f 2502/3239/2428 2503/3213/2409 2504/3240/2429
f 2503/3213/2409 2481/3215/2410 2504/3240/2429
f 2504/3240/2429 2481/3215/2410 2505/3241/2430
f 2481/3215/2410 2483/3217/2411 2505/3241/2430
f 2505/3241/2430 2483/3217/2411 2520/3242/2431
f 2483/3217/2411 2485/3219/2412 2520/3242/2431
f 2520/3242/2431 2485/3219/2412 2521/3243/2432
f 2485/3219/2412 2486/3221/2413 2521/3243/2432
f 2521/3243/2432 2486/3221/2413 2506/3244/2433
f 2486/3221/2413 2488/3223/2414 2506/3244/2433
f 2506/3244/2433 2488/3223/2414 2524/3245/2434
f 2488/3223/2414 2489/3225/2416 2524/3245/2434
f 2524/3245/2434 2489/3225/2416 2507/3246/2435
f 2489/3225/2416 2508/3227/2417 2507/3246/2435
f 2507/3246/2435 2508/3227/2417 2509/3247/2436
f 2508/3227/2417 2510/3229/2418 2509/3247/2436
f 2510/3229/2418 2511/3230/2419 2509/3247/2436
f 2509/3247/2436 2511/3230/2419 2526/3248/1324
f 2526/3248/1324 2511/3230/2419 2512/3249/1324
f 2511/3230/2419 2493/3231/2420 2512/3249/1324
f 2512/3249/1324 2493/3231/2420 2529/3250/1324
f 2493/3231/2420 2495/3232/2421 2529/3250/1324
f 2529/3250/1324 2495/3232/2421 2513/3251/1324
f 2495/3232/2421 2514/3233/2422 2513/3251/1324
f 2513/3251/1324 2514/3233/2422 2528/3252/1324
f 2514/3233/2422 2497/3234/2423 2528/3252/1324
f 2528/3252/1324 2497/3234/2423 2527/3253/1324
f 2497/3234/2423 2498/3235/2424 2527/3253/1324
f 2527/3253/1324 2498/3235/2424 2538/3254/1324
f 2498/3235/2424 2499/3236/2425 2538/3254/1324
f 2538/3254/1324 2499/3236/2425 2539/3255/1324
f 2499/3236/2425 2515/3237/2426 2539/3255/1324
f 2539/3255/1324 2515/3237/2426 2516/3256/1324
f 2515/3237/2426 2517/3238/2427 2516/3256/1324
f 2516/3256/1324 2517/3238/2427 2518/3257/2326
f 2517/3238/2427 2502/3239/2428 2518/3257/2326
f 2518/3257/2326 2502/3239/2428 2519/3258/1324
f 2502/3239/2428 2504/3240/2429 2519/3258/1324
f 2519/3258/1324 2504/3240/2429 2542/3259/1324
f 2504/3240/2429 2505/3241/2430 2542/3259/1324
f 2542/3259/1324 2505/3241/2430 2543/3260/1324
f 2505/3241/2430 2520/3242/2431 2543/3260/1324
f 2543/3260/1324 2520/3242/2431 2541/3261/2328
f 2520/3242/2431 2521/3243/2432 2541/3261/2328
f 2541/3261/2328 2521/3243/2432 2522/3262/1324
f 2521/3243/2432 2506/3244/2433 2522/3262/1324
f 2522/3262/1324 2506/3244/2433 2523/3263/1324
f 2506/3244/2433 2524/3245/2434 2523/3263/1324
f 2523/3263/1324 2524/3245/2434 2540/3264/1324
f 2524/3245/2434 2507/3246/2435 2540/3264/1324
f 2540/3264/1324 2507/3246/2435 2525/3265/1324
f 2507/3246/2435 2509/3247/2436 2525/3265/1324
f 2509/3247/2436 2526/3248/1324 2525/3265/1324
f 2525/3265/1324 2526/3248/1324 2538/3254/1324
f 2538/3254/1324 2526/3248/1324 2527/3253/1324
f 2526/3248/1324 2512/3249/1324 2527/3253/1324
f 2527/3253/1324 2512/3249/1324 2528/3252/1324
f 2512/3249/1324 2529/3250/1324 2528/3252/1324
f 2528/3252/1324 2529/3250/1324 2513/3251/1324
f 2538/3254/1324 2539/3255/1324 2525/3265/1324
f 2525/3265/1324 2539/3255/1324 2540/3264/1324
f 2539/3255/1324 2516/3256/1324 2540/3264/1324
f 2540/3264/1324 2516/3256/1324 2523/3263/1324
f 2516/3256/1324 2518/3257/2326 2523/3263/1324
f 2523/3263/1324 2518/3257/2326 2522/3262/1324
f 2518/3257/2326 2519/3258/1324 2522/3262/1324
f 2522/3262/1324 2519/3258/1324 2541/3261/2328
f 2519/3258/1324 2542/3259/1324 2541/3261/2328
f 2541/3261/2328 2542/3259/1324 2543/3260/1324
f 2545/3266/1324 2546/3267/1324 2544/3268/1324
f 2544/3268/1324 2546/3267/1324 2610/3269/1324
f 2546/3267/1324 2547/3270/1324 2610/3269/1324
f 2610/3269/1324 2547/3270/1324 2548/3271/2328
f 2547/3270/1324 2601/3272/1324 2548/3271/2328
f 2548/3271/2328 2601/3272/1324 2607/3273/2326
f 2601/3272/1324 2549/3274/1324 2607/3273/2326
f 2607/3273/2326 2549/3274/1324 2550/3275/1324
f 2549/3274/1324 2551/3276/2326 2550/3275/1324
f 2550/3275/1324 2551/3276/2326 2552/3277/2328
f 2553/3278/97 2561/3279/97 2582/3280/2437
f 2582/3280/2437 2561/3279/97 2562/3281/2401
f 2561/3279/97 2556/3282/97 2562/3281/2401
f 2562/3281/2401 2556/3282/97 2585/3283/2438
f 2556/3282/97 2557/3284/97 2585/3283/2438
f 2585/3283/2438 2557/3284/97 2587/3285/2439
f 2557/3284/97 2558/3286/2353 2587/3285/2439
f 2587/3285/2439 2558/3286/2353 2563/3287/2440
f 2558/3286/2353 2564/3288/97 2563/3287/2440
f 2563/3287/2440 2564/3288/97 2565/3289/2405
f 2564/3288/97 2559/3290/97 2565/3289/2405
f 2565/3289/2405 2559/3290/97 2566/3291/2406
f 2559/3290/97 2567/3292/97 2566/3291/2406
f 2566/3291/2406 2567/3292/97 2568/3293/2407
f 2567/3292/97 2560/3294/97 2568/3293/2407
f 2568/3293/2407 2560/3294/97 2569/3295/2408
f 2560/3294/97 2570/3296/97 2569/3295/2408
f 2569/3295/2408 2570/3296/97 2593/3297/2441
f 2570/3296/97 2571/3298/97 2593/3297/2441
f 2593/3297/2441 2571/3298/97 2572/3299/2410
f 2571/3298/97 2555/3300/2299 2572/3299/2410
f 2572/3299/2410 2555/3300/2299 2594/3301/2442
f 2555/3300/2299 2573/3302/97 2594/3301/2442
f 2594/3301/2442 2573/3302/97 2574/3303/2443
f 2573/3302/97 2575/3304/2299 2574/3303/2443
f 2574/3303/2443 2575/3304/2299 2595/3305/2444
f 2575/3304/2299 2576/3306/2353 2595/3305/2444
f 2595/3305/2444 2576/3306/2353 2596/3307/2445
f 2576/3306/2353 2554/3308/2303 2596/3307/2445
f 2596/3307/2445 2554/3308/2303 2577/3309/2446
f 2554/3308/2303 2578/3310/97 2577/3309/2446
f 2577/3309/2446 2578/3310/97 2579/3311/2447
f 2578/3310/97 2580/3312/97 2579/3311/2447
f 2579/3311/2447 2580/3312/97 2597/3313/2448
f 2580/3312/97 2553/3278/97 2597/3313/2448
f 2553/3278/97 2582/3280/2437 2597/3313/2448
f 2597/3313/2448 2582/3280/2437 2581/3314/2449
f 2581/3314/2449 2582/3280/2437 2583/3315/2420
f 2582/3280/2437 2562/3281/2401 2583/3315/2420
f 2583/3315/2420 2562/3281/2401 2584/3316/2421
f 2562/3281/2401 2585/3283/2438 2584/3316/2421
f 2584/3316/2421 2585/3283/2438 2586/3317/2422
f 2585/3283/2438 2587/3285/2439 2586/3317/2422
f 2586/3317/2422 2587/3285/2439 2588/3318/2450
f 2587/3285/2439 2563/3287/2440 2588/3318/2450
f 2588/3318/2450 2563/3287/2440 2589/3319/2451
f 2563/3287/2440 2565/3289/2405 2589/3319/2451
f 2589/3319/2451 2565/3289/2405 2590/3320/2452
f 2565/3289/2405 2566/3291/2406 2590/3320/2452
f 2590/3320/2452 2566/3291/2406 2591/3321/2426
f 2566/3291/2406 2568/3293/2407 2591/3321/2426
f 2591/3321/2426 2568/3293/2407 2592/3322/2453
f 2568/3293/2407 2569/3295/2408 2592/3322/2453
f 2592/3322/2453 2569/3295/2408 2602/3323/2454
f 2569/3295/2408 2593/3297/2441 2602/3323/2454
f 2602/3323/2454 2593/3297/2441 2603/3324/2429
f 2593/3297/2441 2572/3299/2410 2603/3324/2429
f 2603/3324/2429 2572/3299/2410 2604/3325/2455
f 2572/3299/2410 2594/3301/2442 2604/3325/2455
f 2604/3325/2455 2594/3301/2442 2605/3326/2431
f 2594/3301/2442 2574/3303/2443 2605/3326/2431
f 2605/3326/2431 2574/3303/2443 2606/3327/2456
f 2574/3303/2443 2595/3305/2444 2606/3327/2456
f 2606/3327/2456 2595/3305/2444 2608/3328/2457
f 2595/3305/2444 2596/3307/2445 2608/3328/2457
f 2608/3328/2457 2596/3307/2445 2609/3329/2458
f 2596/3307/2445 2577/3309/2446 2609/3329/2458
f 2609/3329/2458 2577/3309/2446 2611/3330/2459
f 2577/3309/2446 2579/3311/2447 2611/3330/2459
f 2611/3330/2459 2579/3311/2447 2612/3331/2460
f 2579/3311/2447 2597/3313/2448 2612/3331/2460
f 2597/3313/2448 2581/3314/2449 2612/3331/2460
f 2612/3331/2460 2581/3314/2449 2613/3332/1324
f 2613/3332/1324 2581/3314/2449 2615/3333/1324
f 2581/3314/2449 2583/3315/2420 2615/3333/1324
f 2615/3333/1324 2583/3315/2420 2598/3334/1324
f 2583/3315/2420 2584/3316/2421 2598/3334/1324
f 2598/3334/1324 2584/3316/2421 2599/3335/2326
f 2584/3316/2421 2586/3317/2422 2599/3335/2326
f 2599/3335/2326 2586/3317/2422 2600/3336/1324
f 2586/3317/2422 2588/3318/2450 2600/3336/1324
f 2600/3336/1324 2588/3318/2450 2614/3337/2328
f 2588/3318/2450 2589/3319/2451 2614/3337/2328
f 2614/3337/2328 2589/3319/2451 2545/3266/1324
f 2589/3319/2451 2590/3320/2452 2545/3266/1324
f 2545/3266/1324 2590/3320/2452 2546/3267/1324
f 2590/3320/2452 2591/3321/2426 2546/3267/1324
f 2546/3267/1324 2591/3321/2426 2547/3270/1324
f 2591/3321/2426 2592/3322/2453 2547/3270/1324
f 2547/3270/1324 2592/3322/2453 2601/3272/1324
f 2592/3322/2453 2602/3323/2454 2601/3272/1324
f 2601/3272/1324 2602/3323/2454 2549/3274/1324
f 2602/3323/2454 2603/3324/2429 2549/3274/1324
f 2549/3274/1324 2603/3324/2429 2551/3276/2326
f 2603/3324/2429 2604/3325/2455 2551/3276/2326
f 2551/3276/2326 2604/3325/2455 2552/3277/2328
f 2604/3325/2455 2605/3326/2431 2552/3277/2328
f 2552/3277/2328 2605/3326/2431 2550/3275/1324
f 2605/3326/2431 2606/3327/2456 2550/3275/1324
f 2550/3275/1324 2606/3327/2456 2607/3273/2326
f 2606/3327/2456 2608/3328/2457 2607/3273/2326
f 2607/3273/2326 2608/3328/2457 2548/3271/2328
f 2608/3328/2457 2609/3329/2458 2548/3271/2328
f 2548/3271/2328 2609/3329/2458 2610/3269/1324
f 2609/3329/2458 2611/3330/2459 2610/3269/1324
f 2610/3269/1324 2611/3330/2459 2544/3268/1324
f 2611/3330/2459 2612/3331/2460 2544/3268/1324
f 2612/3331/2460 2613/3332/1324 2544/3268/1324
f 2544/3268/1324 2613/3332/1324 2545/3266/1324
f 2545/3266/1324 2613/3332/1324 2614/3337/2328
f 2613/3332/1324 2615/3333/1324 2614/3337/2328
f 2614/3337/2328 2615/3333/1324 2600/3336/1324
f 2615/3333/1324 2598/3334/1324 2600/3336/1324
f 2600/3336/1324 2598/3334/1324 2599/3335/2326
f 2638/3338/2461 2747/3339/2462 2620/3340/2463
f 2747/3339/2462 2708/3341/2464 2620/3340/2463
f 2620/3340/2463 2708/3341/2464 2616/3342/2465
f 2708/3341/2464 2709/3343/2466 2616/3342/2465
f 2709/3343/2466 2763/3344/2467 2616/3342/2465
f 2616/3342/2465 2763/3344/2467 2617/3345/2468
f 2763/3344/2467 3050/3346/2469 2617/3345/2468
f 2617/3345/2468 3050/3346/2469 2856/3347/2470
f 2849/3348/2471 2618/3349/2472 2856/3347/2470
f 2856/3347/2470 2618/3349/2472 2617/3345/2468
f 2618/3349/2472 2619/3350/2473 2617/3345/2468
f 2617/3345/2468 2619/3350/2473 2616/3342/2465
f 2616/3342/2465 2619/3350/2473 2620/3340/2463
f 2619/3350/2473 2631/3351/2474 2620/3340/2463
f 2620/3340/2463 2631/3351/2474 2638/3338/2461
f 2631/3351/2474 2621/3352/2475 2638/3338/2461
f 2641/3353/2476 2622/3354/2477 2634/3355/2478
f 2623/3356/2479 2622/3354/2477 2632/3357/2480
f 2634/3358/2478 2622/3354/2477 2623/3359/2479
f 2632/3360/2480 2622/3354/2477 2624/3361/2481
f 2624/3362/2481 2622/3354/2477 3033/3363/2482
f 2817/3364/2483 2624/3365/2481 2816/3366/2484
f 2626/3367/2485 2674/3368/2486 2625/3369/2487
f 2627/3370/2488 2628/3371/2489 2625/3369/2487
f 2674/3372/2486 2627/3373/2488 2625/3369/2487
f 2628/3374/2489 2673/3375/2490 2625/3369/2487
f 2673/3376/2490 2637/3377/2491 2625/3369/2487
f 2629/3378/2492 2636/3379/2493 2673/3380/2490
f 3009/3381/2494 2621/3352/2475 2630/3382/2495
f 2621/3352/2475 2631/3351/2474 2630/3382/2495
f 2630/3382/2495 2631/3351/2474 2974/3383/2496
f 2631/3351/2474 2619/3350/2473 2974/3383/2496
f 2619/3350/2473 2618/3349/2472 2974/3383/2496
f 2974/3383/2496 2618/3349/2472 2984/3384/2497
f 2618/3349/2472 2849/3348/2471 2984/3384/2497
f 2984/3384/2497 2849/3348/2471 2848/3385/2498
f 2624/3386/2481 2817/3387/2483 2632/3388/2480
f 2632/3388/2480 2817/3387/2483 2623/3389/2479
f 2817/3387/2483 2633/3390/2499 2623/3389/2479
f 2633/3390/2499 2818/3391/2500 2623/3389/2479
f 2623/3389/2479 2818/3391/2500 2634/3392/2478
f 2818/3391/2500 2635/3393/2501 2634/3392/2478
f 2634/3392/2478 2635/3393/2501 2641/3394/2476
f 3046/3395/2502 2637/3396/2491 2636/3397/2493
f 2636/3397/2493 2637/3396/2491 2673/3398/2490
f 2649/3399/2503 2815/3400/2504 2650/3401/2505
f 2815/3400/2504 2747/3402/2462 2650/3401/2505
f 2650/3401/2505 2747/3402/2462 2654/3403/2506
f 2747/3402/2462 2638/3404/2461 2654/3403/2506
f 2640/3405/2507 2805/3406/2508 2641/3407/2476
f 2641/3407/2476 2805/3406/2508 2639/3408/2509
f 2639/3408/2509 2805/3406/2508 3042/3409/2510
f 2805/3406/2508 3041/3410/2511 3042/3409/2510
f 2641/3411/2476 2639/3412/2509 2622/3354/2477
f 2622/3354/2477 2639/3412/2509 3042/3413/2510
f 2818/3414/2500 2640/3415/2507 2635/3416/2501
f 2640/3415/2507 2641/3417/2476 2635/3416/2501
f 2644/3418/2512 2856/3419/2470 2642/3420/2513
f 2856/3419/2470 2672/3421/2514 2642/3420/2513
f 2672/3421/2514 2671/3422/2515 2642/3420/2513
f 2671/3422/2515 2670/3423/2516 2642/3420/2513
f 2670/3423/2516 2668/3424/2517 2642/3420/2513
f 2668/3424/2517 2643/3425/2518 2642/3420/2513
f 2642/3420/2513 2643/3425/2518 2644/3418/2512
f 2650/3426/2505 2700/3427/2519 2647/3428/2520
f 2700/3427/2519 2645/3429/2521 2647/3428/2520
f 2645/3429/2521 2646/3430/2522 2647/3428/2520
f 2646/3430/2522 2648/3431/2523 2647/3428/2520
f 2648/3431/2523 2697/3432/2524 2647/3428/2520
f 2697/3432/2524 2649/3433/2503 2647/3428/2520
f 2647/3428/2520 2649/3433/2503 2650/3426/2505
f 2638/3434/2461 2696/3435/2525 2651/3436/2526
f 2696/3435/2525 2652/3437/2527 2651/3436/2526
f 2652/3437/2527 2698/3438/2528 2651/3436/2526
f 2698/3438/2528 2699/3439/2529 2651/3436/2526
f 2699/3439/2529 2653/3440/2530 2651/3436/2526
f 2653/3440/2530 2654/3441/2506 2651/3436/2526
f 2651/3436/2526 2654/3441/2506 2638/3434/2461
f 2655/3442/2531 2656/3443/2532 2995/3444/2533
f 2995/3444/2533 2656/3443/2532 3002/3445/2534
f 3002/3445/2534 2656/3443/2532 3011/3446/2535
f 3011/3446/2535 2656/3443/2532 2681/3447/2536
f 2681/3447/2536 2656/3443/2532 2683/3448/2537
f 2656/3443/2532 2662/3449/2538 2683/3448/2537
f 2683/3448/2537 2662/3449/2538 2684/3450/2539
f 2662/3449/2538 2660/3451/2540 2684/3450/2539
f 2684/3450/2539 2660/3451/2540 2685/3452/2541
f 2660/3451/2540 2657/3453/2542 2685/3452/2541
f 2685/3452/2541 2657/3453/2542 2687/3454/2543
f 2687/3454/2543 2657/3453/2542 2658/3455/2544
f 2658/3455/2544 2657/3453/2542 2659/3456/2545
f 2659/3456/2545 2657/3453/2542 2692/3457/2546
f 2657/3453/2542 2660/3451/2540 2692/3457/2546
f 2692/3457/2546 2660/3451/2540 2661/3458/2547
f 2660/3451/2540 2662/3449/2538 2661/3458/2547
f 2661/3458/2547 2662/3449/2538 2694/3459/2548
f 2662/3449/2538 2656/3443/2532 2694/3459/2548
f 2694/3459/2548 2656/3443/2532 2655/3442/2531
f 2666/3460/2549 2855/3461/2550 2663/3462/2551
f 2855/3461/2550 2851/3463/2552 2663/3462/2551
f 2851/3463/2552 2664/3464/2553 2663/3462/2551
f 2664/3464/2553 2665/3465/2554 2663/3462/2551
f 2665/3465/2554 2667/3466/2555 2663/3462/2551
f 2667/3466/2555 2669/3467/2556 2663/3462/2551
f 2663/3462/2551 2669/3467/2556 2666/3460/2549
f 2856/3468/2470 2644/3469/2512 2851/3470/2552
f 2851/3470/2552 2644/3469/2512 2664/3471/2553
f 2644/3469/2512 2643/3472/2518 2664/3471/2553
f 2664/3471/2553 2643/3472/2518 2665/3473/2554
f 2665/3473/2554 2643/3472/2518 2667/3474/2555
f 2643/3472/2518 2668/3475/2517 2667/3474/2555
f 2667/3474/2555 2668/3475/2517 2669/3476/2556
f 2668/3475/2517 2670/3477/2516 2669/3476/2556
f 2669/3476/2556 2670/3477/2516 2666/3478/2549
f 2670/3477/2516 2671/3479/2515 2666/3478/2549
f 2671/3479/2515 2672/3480/2514 2666/3478/2549
f 2666/3478/2549 2672/3480/2514 2855/3481/2550
f 2673/3482/2490 2628/3483/2489 2629/3484/2492
f 2628/3483/2489 2627/3485/2488 2629/3484/2492
f 2629/3484/2492 2627/3485/2488 3028/3486/2557
f 3028/3486/2557 2627/3485/2488 2678/3487/2558
f 2627/3485/2488 2674/3488/2486 2678/3487/2558
f 2678/3487/2558 2674/3488/2486 2680/3489/2559
f 2674/3488/2486 2626/3490/2485 2680/3489/2559
f 2679/3491/2560 2626/3492/2485 2676/3493/2561
f 2626/3492/2485 2675/3494/2562 2676/3493/2561
f 2675/3494/2562 3035/3495/2563 2676/3493/2561
f 2676/3493/2561 3035/3495/2563 2677/3496/2564
f 2626/3497/2485 2625/3369/2487 2675/3498/2562
f 2625/3369/2487 3035/3499/2563 2675/3498/2562
f 2678/3500/2558 2680/3501/2559 2679/3502/2560
f 2679/3502/2560 2680/3501/2559 2626/3503/2485
f 2880/3504/2565 3011/3446/2535 2878/3505/2566
f 3011/3446/2535 2681/3447/2536 2878/3505/2566
f 2878/3505/2566 2681/3447/2536 2682/3506/2567
f 2681/3447/2536 2683/3448/2537 2682/3506/2567
f 2682/3506/2567 2683/3448/2537 2876/3507/2568
f 2683/3448/2537 2684/3450/2539 2876/3507/2568
f 2876/3507/2568 2684/3450/2539 2686/3508/2569
f 2684/3450/2539 2685/3452/2541 2686/3508/2569
f 2685/3452/2541 2687/3454/2543 2686/3508/2569
f 2686/3508/2569 2687/3454/2543 2688/3509/2570
f 2688/3509/2570 2687/3454/2543 2689/3510/2571
f 2687/3454/2543 2658/3455/2544 2689/3510/2571
f 2658/3455/2544 2659/3456/2545 2689/3510/2571
f 2689/3510/2571 2659/3456/2545 2690/3511/2572
f 2690/3511/2572 2659/3456/2545 2691/3512/2573
f 2659/3456/2545 2692/3457/2546 2691/3512/2573
f 2692/3457/2546 2661/3458/2547 2691/3512/2573
f 2691/3512/2573 2661/3458/2547 2693/3513/2574
f 2661/3458/2547 2694/3459/2548 2693/3513/2574
f 2693/3513/2574 2694/3459/2548 2872/3514/2575
f 2694/3459/2548 2655/3442/2531 2872/3514/2575
f 2872/3514/2575 2655/3442/2531 3015/3515/2576
f 2655/3442/2531 2995/3444/2533 3015/3515/2576
f 3015/3515/2576 2995/3444/2533 2695/3516/2577
f 2624/3517/2481 3033/3518/2482 2816/3519/2484
f 2816/3519/2484 3033/3518/2482 2814/3520/2578
f 2638/3521/2461 2649/3522/2503 2696/3523/2525
f 2649/3522/2503 2697/3524/2524 2696/3523/2525
f 2696/3523/2525 2697/3524/2524 2652/3525/2527
f 2697/3524/2524 2648/3526/2523 2652/3525/2527
f 2648/3526/2523 2646/3527/2522 2652/3525/2527
f 2652/3525/2527 2646/3527/2522 2698/3528/2528
f 2646/3527/2522 2645/3529/2521 2698/3528/2528
f 2698/3528/2528 2645/3529/2521 2699/3530/2529
f 2645/3529/2521 2700/3531/2519 2699/3530/2529
f 2699/3530/2529 2700/3531/2519 2653/3532/2530
f 2653/3532/2530 2700/3531/2519 2654/3533/2506
f 2700/3531/2519 2650/3534/2505 2654/3533/2506
f 2707/3535/2579 2701/3536/2580 2702/3537/2581
f 2701/3536/2580 2703/3538/2582 2702/3537/2581
f 2704/3539/2583 2705/3540/2584 2703/3538/2582
f 2705/3540/2584 2706/3541/2585 2703/3538/2582
f 2703/3538/2582 2706/3541/2585 2702/3537/2581
f 2706/3541/2585 2720/3542/2586 2702/3537/2581
f 2720/3542/2586 2719/3543/2587 2702/3537/2581
f 2702/3537/2581 2719/3543/2587 2707/3535/2579
f 2719/3543/2587 2718/3544/2588 2707/3535/2579
f 2747/3339/2462 2725/3545/2589 2708/3341/2464
f 2725/3545/2589 2710/3546/2590 2708/3341/2464
f 2708/3341/2464 2710/3546/2590 2709/3343/2466
f 2709/3343/2466 2710/3546/2590 2711/3547/2591
f 2710/3546/2590 2712/3548/2592 2711/3547/2591
f 2711/3547/2591 2712/3548/2592 2728/3549/2593
f 2712/3548/2592 2723/3550/2594 2728/3549/2593
f 2728/3549/2593 2723/3550/2594 2729/3551/2595
f 2723/3550/2594 2713/3552/2596 2729/3551/2595
f 2729/3551/2595 2713/3552/2596 2730/3553/2597
f 2713/3552/2596 2704/3539/2583 2730/3553/2597
f 2730/3553/2597 2704/3539/2583 2714/3554/2598
f 2704/3539/2583 2703/3538/2582 2714/3554/2598
f 2703/3538/2582 2701/3536/2580 2714/3554/2598
f 2714/3554/2598 2701/3536/2580 2732/3555/2599
f 2732/3555/2599 2701/3536/2580 2715/3556/2600
f 2701/3536/2580 2707/3535/2579 2715/3556/2600
f 2715/3556/2600 2707/3535/2579 2716/3557/2601
f 2707/3535/2579 2718/3544/2588 2716/3557/2601
f 2716/3557/2601 2718/3544/2588 2717/3558/2602
f 2717/3558/2602 2718/3544/2588 2760/3559/2603
f 2760/3559/2603 2718/3544/2588 2759/3560/2604
f 2718/3544/2588 2719/3543/2587 2759/3560/2604
f 2759/3560/2604 2719/3543/2587 2758/3561/2605
f 2719/3543/2587 2720/3542/2586 2758/3561/2605
f 2758/3561/2605 2720/3542/2586 2721/3562/2606
f 2721/3562/2606 2720/3542/2586 2754/3563/2607
f 2720/3542/2586 2706/3541/2585 2754/3563/2607
f 2754/3563/2607 2706/3541/2585 2753/3564/2608
f 2706/3541/2585 2705/3540/2584 2753/3564/2608
f 2753/3564/2608 2705/3540/2584 2722/3565/2609
f 2705/3540/2584 2704/3539/2583 2722/3565/2609
f 2722/3565/2609 2704/3539/2583 2752/3566/2610
f 2704/3539/2583 2713/3552/2596 2752/3566/2610
f 2752/3566/2610 2713/3552/2596 2750/3567/2611
f 2713/3552/2596 2723/3550/2594 2750/3567/2611
f 2750/3567/2611 2723/3550/2594 2724/3568/2612
f 2723/3550/2594 2712/3548/2592 2724/3568/2612
f 2724/3568/2612 2712/3548/2592 2748/3569/2613
f 2712/3548/2592 2710/3546/2590 2748/3569/2613
f 2748/3569/2613 2710/3546/2590 2725/3545/2589
f 2763/3344/2467 2709/3343/2466 2726/3570/2614
f 2709/3343/2466 2711/3547/2591 2726/3570/2614
f 2726/3570/2614 2711/3547/2591 2727/3571/2615
f 2711/3547/2591 2728/3549/2593 2727/3571/2615
f 2727/3571/2615 2728/3549/2593 2767/3572/2616
f 2728/3549/2593 2729/3551/2595 2767/3572/2616
f 2767/3572/2616 2729/3551/2595 2768/3573/2617
f 2729/3551/2595 2730/3553/2597 2768/3573/2617
f 2768/3573/2617 2730/3553/2597 2731/3574/2618
f 2730/3553/2597 2714/3554/2598 2731/3574/2618
f 2714/3554/2598 2732/3555/2599 2731/3574/2618
f 2731/3574/2618 2732/3555/2599 2770/3575/2619
f 2770/3575/2619 2732/3555/2599 2733/3576/2620
f 2732/3555/2599 2715/3556/2600 2733/3576/2620
f 2733/3576/2620 2715/3556/2600 2734/3577/2621
f 2715/3556/2600 2716/3557/2601 2734/3577/2621
f 2734/3577/2621 2716/3557/2601 2735/3578/2622
f 2716/3557/2601 2717/3558/2602 2735/3578/2622
f 2717/3558/2602 2762/3579/2623 2735/3578/2622
f 2735/3578/2622 2762/3579/2623 2773/3580/2624
f 2773/3580/2624 2762/3579/2623 2775/3581/2625
f 2775/3581/2625 2762/3579/2623 2736/3582/2626
f 2762/3579/2623 2761/3583/2627 2736/3582/2626
f 2736/3582/2626 2761/3583/2627 2777/3584/2628
f 2761/3583/2627 2737/3585/2629 2777/3584/2628
f 2777/3584/2628 2737/3585/2629 2779/3586/2630
f 2779/3586/2630 2737/3585/2629 2780/3587/2631
f 2780/3587/2631 2737/3585/2629 2807/3588/2632
f 2807/3588/2632 2737/3585/2629 2738/3589/2633
f 2738/3589/2633 2737/3585/2629 2808/3590/2634
f 2808/3590/2634 2737/3585/2629 2739/3591/2635
f 2737/3585/2629 2740/3592/2636 2739/3591/2635
f 2739/3591/2635 2740/3592/2636 2741/3593/2637
f 2740/3592/2636 2742/3594/2638 2741/3593/2637
f 2741/3593/2637 2742/3594/2638 2743/3595/2639
f 2742/3594/2638 2744/3596/2640 2743/3595/2639
f 2743/3595/2639 2744/3596/2640 2812/3597/2641
f 2744/3596/2640 2757/3598/2642 2812/3597/2641
f 2812/3597/2641 2757/3598/2642 2813/3599/2643
f 2757/3598/2642 2756/3600/2644 2813/3599/2643
f 2813/3599/2643 2756/3600/2644 2745/3601/2645
f 2756/3600/2644 2746/3602/2646 2745/3601/2645
f 2745/3601/2645 2746/3602/2646 2815/3400/2504
f 2815/3400/2504 2746/3602/2646 2747/3402/2462
f 2747/3402/2462 2746/3602/2646 2725/3603/2589
f 2746/3602/2646 2756/3600/2644 2725/3603/2589
f 2725/3603/2589 2756/3600/2644 2748/3604/2613
f 2756/3600/2644 2755/3605/2647 2748/3604/2613
f 2748/3604/2613 2755/3605/2647 2724/3606/2612
f 2755/3605/2647 2749/3607/2648 2724/3606/2612
f 2724/3606/2612 2749/3607/2648 2750/3608/2611
f 2749/3607/2648 2751/3609/2649 2750/3608/2611
f 2750/3608/2611 2751/3609/2649 2752/3610/2610
f 2752/3610/2610 2751/3609/2649 2722/3611/2609
f 2722/3611/2609 2751/3609/2649 2753/3564/2608
f 2751/3609/2649 2749/3607/2648 2753/3564/2608
f 2753/3564/2608 2749/3607/2648 2754/3563/2607
f 2749/3607/2648 2755/3605/2647 2754/3563/2607
f 2754/3563/2607 2755/3605/2647 2721/3562/2606
f 2755/3605/2647 2756/3600/2644 2721/3562/2606
f 2756/3600/2644 2757/3598/2642 2721/3562/2606
f 2721/3562/2606 2757/3598/2642 2758/3561/2605
f 2757/3598/2642 2744/3596/2640 2758/3561/2605
f 2744/3596/2640 2742/3594/2638 2758/3561/2605
f 2758/3561/2605 2742/3594/2638 2759/3560/2604
f 2742/3594/2638 2740/3592/2636 2759/3560/2604
f 2759/3560/2604 2740/3592/2636 2760/3559/2603
f 2740/3592/2636 2737/3585/2629 2760/3559/2603
f 2737/3585/2629 2761/3583/2627 2760/3559/2603
f 2760/3559/2603 2761/3583/2627 2717/3558/2602
f 2761/3583/2627 2762/3579/2623 2717/3558/2602
f 3050/3346/2469 2763/3344/2467 2764/3612/2650
f 2763/3344/2467 2726/3570/2614 2764/3612/2650
f 2764/3612/2650 2726/3570/2614 2765/3613/2651
f 2726/3570/2614 2727/3571/2615 2765/3613/2651
f 2765/3613/2651 2727/3571/2615 2766/3614/2652
f 2727/3571/2615 2767/3572/2616 2766/3614/2652
f 2766/3614/2652 2767/3572/2616 3055/3615/2653
f 2767/3572/2616 2768/3573/2617 3055/3615/2653
f 3055/3615/2653 2768/3573/2617 2769/3616/2654
f 2768/3573/2617 2731/3574/2618 2769/3616/2654
f 2769/3616/2654 2731/3574/2618 3057/3617/2655
f 2731/3574/2618 2770/3575/2619 3057/3617/2655
f 3057/3617/2655 2770/3575/2619 2771/3618/2656
f 2770/3575/2619 2733/3576/2620 2771/3618/2656
f 2771/3618/2656 2733/3576/2620 2772/3619/2657
f 2733/3576/2620 2734/3577/2621 2772/3619/2657
f 2772/3619/2657 2734/3577/2621 3058/3620/2658
f 2734/3577/2621 2735/3578/2622 3058/3620/2658
f 3058/3620/2658 2735/3578/2622 3059/3621/2659
f 2735/3578/2622 2773/3580/2624 3059/3621/2659
f 3059/3621/2659 2773/3580/2624 2774/3622/2660
f 2773/3580/2624 2775/3581/2625 2774/3622/2660
f 2774/3622/2660 2775/3581/2625 3043/3623/2661
f 3043/3623/2661 2775/3581/2625 2776/3624/2662
f 2775/3581/2625 2736/3582/2626 2776/3624/2662
f 2776/3624/2662 2736/3582/2626 3128/3625/2663
f 2736/3582/2626 2777/3584/2628 3128/3625/2663
f 3128/3625/2663 2777/3584/2628 2778/3626/2664
f 2777/3584/2628 2779/3586/2630 2778/3626/2664
f 2778/3626/2664 2779/3586/2630 3126/3627/2665
f 2779/3586/2630 2780/3587/2631 3126/3627/2665
f 3126/3627/2665 2780/3587/2631 3127/3628/2666
f 2780/3587/2631 2807/3588/2632 3127/3628/2666
f 2807/3588/2632 2781/3629/2667 3127/3628/2666
f 3127/3628/2666 2781/3629/2667 3038/3630/2668
f 2781/3629/2667 2806/3631/2669 3038/3630/2668
f 3038/3630/2668 2806/3631/2669 2677/3632/2564
f 2806/3631/2669 2782/3633/2670 2677/3632/2564
f 2677/3632/2564 2782/3633/2670 2676/3634/2561
f 2782/3633/2670 2783/3635/2671 2676/3634/2561
f 2783/3635/2671 2803/3636/2672 2676/3634/2561
f 2676/3634/2561 2803/3636/2672 2679/3637/2560
f 2803/3636/2672 2786/3638/2673 2679/3637/2560
f 2679/3637/2560 2786/3638/2673 2784/3639/2674
f 2786/3638/2673 2785/3640/2675 2784/3639/2674
f 2784/3639/2674 2785/3640/2675 2834/3641/2676
f 2834/3641/2676 2785/3640/2675 2833/3642/2677
f 2785/3640/2675 2786/3638/2673 2833/3642/2677
f 2833/3642/2677 2786/3638/2673 2787/3643/2678
f 2786/3638/2673 2801/3644/2679 2787/3643/2678
f 2787/3643/2678 2801/3644/2679 2788/3645/2680
f 2801/3644/2679 2789/3646/2681 2788/3645/2680
f 2788/3645/2680 2789/3646/2681 2830/3647/2682
f 2789/3646/2681 2800/3648/2683 2830/3647/2682
f 2830/3647/2682 2800/3648/2683 2790/3649/2684
f 2800/3648/2683 2791/3650/2685 2790/3649/2684
f 2790/3649/2684 2791/3650/2685 2792/3651/2686
f 2791/3650/2685 2793/3652/2687 2792/3651/2686
f 2792/3651/2686 2793/3652/2687 2794/3653/2688
f 2793/3652/2687 2795/3654/2689 2794/3653/2688
f 2794/3653/2688 2795/3654/2689 2796/3655/2690
f 2796/3655/2690 2795/3654/2689 2797/3656/2691
f 2795/3654/2689 2793/3652/2687 2797/3656/2691
f 2793/3652/2687 2791/3650/2685 2797/3656/2691
f 2797/3656/2691 2791/3650/2685 2798/3657/2692
f 2798/3657/2692 2791/3650/2685 2799/3658/2693
f 2791/3650/2685 2800/3648/2683 2799/3658/2693
f 2799/3658/2693 2800/3648/2683 2824/3659/2694
f 2824/3659/2694 2800/3648/2683 2822/3660/2695
f 2800/3648/2683 2789/3646/2681 2822/3660/2695
f 2822/3660/2695 2789/3646/2681 2821/3661/2696
f 2789/3646/2681 2801/3644/2679 2821/3661/2696
f 2821/3661/2696 2801/3644/2679 2802/3662/2697
f 2801/3644/2679 2786/3638/2673 2802/3662/2697
f 2786/3638/2673 2803/3636/2672 2802/3662/2697
f 2803/3636/2672 2783/3635/2671 2802/3662/2697
f 2783/3635/2671 2804/3663/2698 2802/3662/2697
f 2802/3662/2697 2804/3663/2698 2821/3661/2696
f 2821/3661/2696 2804/3663/2698 2640/3664/2507
f 2640/3664/2507 2804/3663/2698 2805/3665/2508
f 2804/3663/2698 2783/3635/2671 2805/3665/2508
f 2783/3635/2671 2782/3633/2670 2805/3665/2508
f 2805/3665/2508 2782/3633/2670 3041/3666/2511
f 2782/3633/2670 2806/3631/2669 3041/3666/2511
f 3041/3666/2511 2806/3631/2669 3040/3667/2699
f 2806/3631/2669 2781/3629/2667 3040/3667/2699
f 3040/3667/2699 2781/3629/2667 3065/3668/2700
f 2781/3629/2667 2807/3588/2632 3065/3668/2700
f 2807/3588/2632 2738/3589/2633 3065/3668/2700
f 3065/3668/2700 2738/3589/2633 3064/3669/2701
f 2738/3589/2633 2808/3590/2634 3064/3669/2701
f 3064/3669/2701 2808/3590/2634 2809/3670/2702
f 2808/3590/2634 2739/3591/2635 2809/3670/2702
f 2809/3670/2702 2739/3591/2635 2810/3671/2703
f 2739/3591/2635 2741/3593/2637 2810/3671/2703
f 2810/3671/2703 2741/3593/2637 3068/3672/2704
f 2741/3593/2637 2743/3595/2639 3068/3672/2704
f 3068/3672/2704 2743/3595/2639 2811/3673/2705
f 2743/3595/2639 2812/3597/2641 2811/3673/2705
f 2811/3673/2705 2812/3597/2641 3031/3674/2706
f 2812/3597/2641 2813/3599/2643 3031/3674/2706
f 3031/3674/2706 2813/3599/2643 2814/3675/2578
f 2813/3599/2643 2745/3601/2645 2814/3675/2578
f 2745/3601/2645 2815/3400/2504 2814/3675/2578
f 2814/3675/2578 2815/3400/2504 2816/3676/2484
f 2816/3676/2484 2815/3400/2504 2817/3677/2483
f 2815/3400/2504 2883/3678/2707 2817/3677/2483
f 2817/3677/2483 2883/3678/2707 2633/3679/2499
f 2883/3678/2707 2908/3680/2708 2633/3679/2499
f 2633/3679/2499 2908/3680/2708 2818/3681/2500
f 2908/3680/2708 2819/3682/2709 2818/3681/2500
f 2818/3681/2500 2819/3682/2709 2640/3664/2507
f 2819/3682/2709 2820/3683/2710 2640/3664/2507
f 2640/3664/2507 2820/3683/2710 2821/3661/2696
f 2820/3683/2710 2859/3684/2711 2821/3661/2696
f 2821/3661/2696 2859/3684/2711 2822/3660/2695
f 2859/3684/2711 2823/3685/2712 2822/3660/2695
f 2822/3660/2695 2823/3685/2712 2824/3659/2694
f 2823/3685/2712 2860/3686/2713 2824/3659/2694
f 2860/3686/2713 2836/3687/2714 2824/3659/2694
f 2824/3659/2694 2836/3687/2714 2799/3658/2693
f 2799/3658/2693 2836/3687/2714 2798/3657/2692
f 2836/3687/2714 2837/3688/2715 2798/3657/2692
f 2837/3688/2715 2825/3689/2716 2798/3657/2692
f 2798/3657/2692 2825/3689/2716 2797/3656/2691
f 2797/3656/2691 2825/3689/2716 2796/3655/2690
f 2825/3689/2716 2838/3690/2717 2796/3655/2690
f 2796/3655/2690 2838/3690/2717 2794/3653/2688
f 2838/3690/2717 2839/3691/2718 2794/3653/2688
f 2794/3653/2688 2839/3691/2718 2827/3692/2719
f 2839/3691/2718 2826/3693/2720 2827/3692/2719
f 2826/3693/2720 2828/3694/2721 2827/3692/2719
f 2827/3692/2719 2828/3694/2721 2794/3653/2688
f 2794/3653/2688 2828/3694/2721 2792/3651/2686
f 2792/3651/2686 2828/3694/2721 2790/3649/2684
f 2828/3694/2721 2829/3695/2722 2790/3649/2684
f 2790/3649/2684 2829/3695/2722 2830/3647/2682
f 2829/3695/2722 2841/3696/2723 2830/3647/2682
f 2830/3647/2682 2841/3696/2723 2788/3645/2680
f 2841/3696/2723 2831/3697/2724 2788/3645/2680
f 2788/3645/2680 2831/3697/2724 2787/3643/2678
f 2831/3697/2724 2832/3698/2725 2787/3643/2678
f 2787/3643/2678 2832/3698/2725 2833/3642/2677
f 2832/3698/2725 2835/3699/2726 2833/3642/2677
f 2833/3642/2677 2835/3699/2726 2834/3641/2676
f 2834/3641/2676 2835/3699/2726 2860/3686/2713
f 2860/3686/2713 2835/3699/2726 2836/3687/2714
f 2836/3687/2714 2835/3699/2726 2837/3688/2715
f 2835/3699/2726 2832/3698/2725 2837/3688/2715
f 2837/3688/2715 2832/3698/2725 2825/3689/2716
f 2832/3698/2725 2843/3700/2727 2825/3689/2716
f 2825/3689/2716 2843/3700/2727 2838/3690/2717
f 2838/3690/2717 2843/3700/2727 2839/3691/2718
f 2843/3700/2727 2842/3701/2728 2839/3691/2718
f 2842/3701/2728 2840/3702/2729 2839/3691/2718
f 2839/3691/2718 2840/3702/2729 2826/3693/2720
f 2826/3693/2720 2840/3702/2729 2828/3694/2721
f 2828/3694/2721 2840/3702/2729 2829/3695/2722
f 2829/3695/2722 2840/3702/2729 2841/3696/2723
f 2840/3702/2729 2842/3701/2728 2841/3696/2723
f 2841/3696/2723 2842/3701/2728 2831/3697/2724
f 2842/3701/2728 2843/3700/2727 2831/3697/2724
f 2831/3697/2724 2843/3700/2727 2832/3698/2725
f 2845/3703/2730 2926/3704/2731 2844/3705/2732
f 2844/3705/2732 2926/3704/2731 2898/3706/2733
f 2846/3707/2734 2848/3708/2498 3017/3709/2735
f 3017/3709/2735 2848/3708/2498 2847/3710/2736
f 2847/3710/2736 2848/3708/2498 3018/3711/2737
f 2848/3708/2498 2849/3712/2471 3018/3711/2737
f 3018/3711/2737 2849/3712/2471 2850/3713/2738
f 2849/3712/2471 2856/3714/2470 2850/3713/2738
f 2856/3714/2470 2851/3715/2552 2850/3713/2738
f 2851/3715/2552 2854/3716/2739 2850/3713/2738
f 2854/3716/2739 2853/3717/2740 2850/3713/2738
f 2853/3717/2740 3020/3718/2741 2850/3713/2738
f 2850/3713/2738 3020/3718/2741 3018/3711/2737
f 3026/3719/2742 3024/3720/2743 3027/3721/2744
f 3027/3721/2744 3024/3720/2743 2852/3722/2745
f 3024/3720/2743 3021/3723/2746 2852/3722/2745
f 3021/3723/2746 2853/3717/2740 2852/3722/2745
f 2853/3717/2740 2854/3716/2739 2852/3722/2745
f 2852/3722/2745 2854/3716/2739 3029/3724/2747
f 2854/3716/2739 2851/3715/2552 3029/3724/2747
f 2851/3715/2552 2855/3725/2550 3029/3724/2747
f 3029/3724/2747 2855/3725/2550 3050/3726/2469
f 2855/3725/2550 2672/3727/2514 3050/3726/2469
f 3050/3726/2469 2672/3727/2514 2856/3714/2470
f 2857/3728/2748 3103/3729/2749 2858/3730/2750
f 3103/3729/2749 3100/3731/2751 2858/3730/2750
f 2858/3730/2750 3100/3731/2751 3097/3732/2752
f 3100/3731/2751 3099/3733/2753 3097/3732/2752
f 2859/3684/2711 2820/3683/2710 2823/3685/2712
f 2820/3683/2710 2906/3734/2754 2823/3685/2712
f 2823/3685/2712 2906/3734/2754 2860/3686/2713
f 2860/3686/2713 2906/3734/2754 2834/3641/2676
f 2834/3641/2676 2906/3734/2754 2784/3639/2674
f 2906/3734/2754 2861/3735/2755 2784/3639/2674
f 2784/3639/2674 2861/3735/2755 3025/3736/2756
f 2861/3735/2755 2903/3737/2757 3025/3736/2756
f 3025/3736/2756 2903/3737/2757 3023/3738/2758
f 2903/3737/2757 2902/3739/2759 3023/3738/2758
f 3023/3738/2758 2902/3739/2759 3022/3740/2760
f 2902/3739/2759 2862/3741/2761 3022/3740/2760
f 3022/3740/2760 2862/3741/2761 2863/3742/2762
f 2862/3741/2761 2901/3743/2763 2863/3742/2762
f 2863/3742/2762 2901/3743/2763 3019/3744/2764
f 2901/3743/2763 2864/3745/2765 3019/3744/2764
f 3019/3744/2764 2864/3745/2765 2865/3746/2766
f 2864/3745/2765 2900/3747/2767 2865/3746/2766
f 2865/3746/2766 2900/3747/2767 2866/3748/2768
f 2900/3747/2767 2867/3749/2769 2866/3748/2768
f 2866/3748/2768 2867/3749/2769 2868/3750/2770
f 2867/3749/2769 2869/3751/2771 2868/3750/2770
f 2868/3750/2770 2869/3751/2771 2870/3752/2772
f 2869/3751/2771 2871/3753/2773 2870/3752/2772
f 2870/3752/2772 2871/3753/2773 3016/3754/2774
f 2871/3753/2773 2897/3755/2775 3016/3754/2774
f 3016/3754/2774 2897/3755/2775 3015/3756/2576
f 3015/3756/2576 2897/3755/2775 2872/3757/2575
f 2897/3755/2775 2895/3758/2776 2872/3757/2575
f 2872/3757/2575 2895/3758/2776 2693/3759/2574
f 2895/3758/2776 2873/3760/2777 2693/3759/2574
f 2693/3759/2574 2873/3760/2777 2691/3761/2573
f 2873/3760/2777 2874/3762/2778 2691/3761/2573
f 2691/3761/2573 2874/3762/2778 2690/3763/2572
f 2874/3762/2778 2892/3764/2779 2690/3763/2572
f 2690/3763/2572 2892/3764/2779 2689/3765/2571
f 2689/3765/2571 2892/3764/2779 2688/3766/2570
f 2892/3764/2779 2875/3767/2780 2688/3766/2570
f 2688/3766/2570 2875/3767/2780 2686/3768/2569
f 2875/3767/2780 2890/3769/2781 2686/3768/2569
f 2686/3768/2569 2890/3769/2781 2876/3770/2568
f 2890/3769/2781 2889/3771/2782 2876/3770/2568
f 2876/3770/2568 2889/3771/2782 2682/3772/2567
f 2889/3771/2782 2877/3773/2783 2682/3772/2567
f 2682/3772/2567 2877/3773/2783 2878/3774/2566
f 2877/3773/2783 2879/3775/2784 2878/3774/2566
f 2878/3774/2566 2879/3775/2784 2880/3776/2565
f 2880/3776/2565 2879/3775/2784 3010/3777/2785
f 2879/3775/2784 2888/3778/2786 3010/3777/2785
f 2888/3778/2786 2887/3779/2787 3010/3777/2785
f 3010/3777/2785 2887/3779/2787 3009/3780/2494
f 2887/3779/2787 2886/3781/2788 3009/3780/2494
f 2886/3781/2788 2881/3782/2789 3009/3780/2494
f 3009/3780/2494 2881/3782/2789 2621/3783/2475
f 2881/3782/2789 2885/3784/2790 2621/3783/2475
f 2621/3783/2475 2885/3784/2790 2638/3404/2461
f 2638/3404/2461 2885/3784/2790 2649/3399/2503
f 2885/3784/2790 2882/3785/2791 2649/3399/2503
f 2649/3399/2503 2882/3785/2791 2815/3400/2504
f 2815/3400/2504 2882/3785/2791 2883/3678/2707
f 2883/3678/2707 2882/3785/2791 2884/3786/2792
f 2882/3785/2791 2885/3784/2790 2884/3786/2792
f 2884/3786/2792 2885/3784/2790 2911/3787/2793
f 2885/3784/2790 2881/3782/2789 2911/3787/2793
f 2911/3787/2793 2881/3782/2789 2913/3788/2794
f 2881/3782/2789 2886/3781/2788 2913/3788/2794
f 2913/3788/2794 2886/3781/2788 2915/3789/2795
f 2915/3789/2795 2886/3781/2788 2916/3790/2796
f 2886/3781/2788 2887/3779/2787 2916/3790/2796
f 2887/3779/2787 2888/3778/2786 2916/3790/2796
f 2916/3790/2796 2888/3778/2786 2917/3791/2797
f 2917/3791/2797 2888/3778/2786 2918/3792/2798
f 2888/3778/2786 2879/3775/2784 2918/3792/2798
f 2879/3775/2784 2877/3773/2783 2918/3792/2798
f 2918/3792/2798 2877/3773/2783 2919/3793/2799
f 2877/3773/2783 2889/3771/2782 2919/3793/2799
f 2919/3793/2799 2889/3771/2782 2921/3794/2800
f 2889/3771/2782 2890/3769/2781 2921/3794/2800
f 2921/3794/2800 2890/3769/2781 2923/3795/2801
f 2890/3769/2781 2875/3767/2780 2923/3795/2801
f 2923/3795/2801 2875/3767/2780 2891/3796/2802
f 2875/3767/2780 2892/3764/2779 2891/3796/2802
f 2892/3764/2779 2874/3762/2778 2891/3796/2802
f 2891/3796/2802 2874/3762/2778 2893/3797/2803
f 2874/3762/2778 2873/3760/2777 2893/3797/2803
f 2893/3797/2803 2873/3760/2777 2894/3798/2804
f 2873/3760/2777 2895/3758/2776 2894/3798/2804
f 2894/3798/2804 2895/3758/2776 2896/3799/2805
f 2895/3758/2776 2897/3755/2775 2896/3799/2805
f 2897/3755/2775 2871/3753/2773 2896/3799/2805
f 2896/3799/2805 2871/3753/2773 2926/3704/2731
f 2871/3753/2773 2869/3751/2771 2926/3704/2731
f 2926/3704/2731 2869/3751/2771 2898/3706/2733
f 2869/3751/2771 2867/3749/2769 2898/3706/2733
f 2898/3706/2733 2867/3749/2769 2899/3800/2806
f 2867/3749/2769 2900/3747/2767 2899/3800/2806
f 2900/3747/2767 2864/3745/2765 2899/3800/2806
f 2899/3800/2806 2864/3745/2765 2973/3801/2807
f 2864/3745/2765 2901/3743/2763 2973/3801/2807
f 2973/3801/2807 2901/3743/2763 2959/3802/2808
f 2901/3743/2763 2862/3741/2761 2959/3802/2808
f 2959/3802/2808 2862/3741/2761 2958/3803/2809
f 2862/3741/2761 2902/3739/2759 2958/3803/2809
f 2958/3803/2809 2902/3739/2759 2957/3804/2810
f 2902/3739/2759 2903/3737/2757 2957/3804/2810
f 2957/3804/2810 2903/3737/2757 2904/3805/2811
f 2903/3737/2757 2861/3735/2755 2904/3805/2811
f 2904/3805/2811 2861/3735/2755 2905/3806/2812
f 2861/3735/2755 2906/3734/2754 2905/3806/2812
f 2905/3806/2812 2906/3734/2754 2907/3807/2813
f 2906/3734/2754 2820/3683/2710 2907/3807/2813
f 2907/3807/2813 2820/3683/2710 2936/3808/2814
f 2820/3683/2710 2819/3682/2709 2936/3808/2814
f 2936/3808/2814 2819/3682/2709 2937/3809/2815
f 2819/3682/2709 2908/3680/2708 2937/3809/2815
f 2908/3680/2708 2883/3678/2707 2937/3809/2815
f 2937/3809/2815 2883/3678/2707 2909/3810/2816
f 2883/3678/2707 2884/3786/2792 2909/3810/2816
f 2909/3810/2816 2884/3786/2792 2910/3811/2817
f 2884/3786/2792 2911/3787/2793 2910/3811/2817
f 2910/3811/2817 2911/3787/2793 2912/3812/2818
f 2911/3787/2793 2913/3788/2794 2912/3812/2818
f 2912/3812/2818 2913/3788/2794 2932/3813/2819
f 2932/3813/2819 2913/3788/2794 2914/3814/2820
f 2913/3788/2794 2915/3789/2795 2914/3814/2820
f 2914/3814/2820 2915/3789/2795 2933/3815/2821
f 2915/3789/2795 2916/3790/2796 2933/3815/2821
f 2916/3790/2796 2917/3791/2797 2933/3815/2821
f 2933/3815/2821 2917/3791/2797 2934/3816/2822
f 2934/3816/2822 2917/3791/2797 2929/3817/2823
f 2917/3791/2797 2918/3792/2798 2929/3817/2823
f 2918/3792/2798 2919/3793/2799 2929/3817/2823
f 2929/3817/2823 2919/3793/2799 2920/3818/2824
f 2919/3793/2799 2921/3794/2800 2920/3818/2824
f 2920/3818/2824 2921/3794/2800 2922/3819/2825
f 2921/3794/2800 2923/3795/2801 2922/3819/2825
f 2922/3819/2825 2923/3795/2801 2927/3820/2826
f 2923/3795/2801 2891/3796/2802 2927/3820/2826
f 2891/3796/2802 2893/3797/2803 2927/3820/2826
f 2927/3820/2826 2893/3797/2803 2924/3821/2827
f 2893/3797/2803 2894/3798/2804 2924/3821/2827
f 2924/3821/2827 2894/3798/2804 2925/3822/2828
f 2894/3798/2804 2896/3799/2805 2925/3822/2828
f 2896/3799/2805 2926/3704/2731 2925/3822/2828
f 2926/3704/2731 2845/3703/2730 2925/3822/2828
f 2925/3822/2828 2845/3703/2730 2924/3821/2827
f 2845/3703/2730 3072/3823/2829 2924/3821/2827
f 2924/3821/2827 3072/3823/2829 2927/3820/2826
f 3072/3823/2829 3074/3824/2830 2927/3820/2826
f 3074/3824/2830 3076/3825/2831 2927/3820/2826
f 2927/3820/2826 3076/3825/2831 2922/3819/2825
f 3076/3825/2831 3077/3826/2832 2922/3819/2825
f 2922/3819/2825 3077/3826/2832 2920/3818/2824
f 3077/3826/2832 2928/3827/2833 2920/3818/2824
f 2920/3818/2824 2928/3827/2833 2929/3817/2823
f 2929/3817/2823 2928/3827/2833 2934/3816/2822
f 2928/3827/2833 2966/3828/2834 2934/3816/2822
f 2934/3816/2822 2966/3828/2834 2930/3829/2835
f 2966/3828/2834 2963/3830/2836 2930/3829/2835
f 2963/3830/2836 2964/3831/2837 2930/3829/2835
f 2930/3829/2835 2964/3831/2837 2931/3832/2838
f 2964/3831/2837 2951/3833/2839 2931/3832/2838
f 2951/3833/2839 2932/3813/2819 2931/3832/2838
f 2932/3813/2819 2914/3814/2820 2931/3832/2838
f 2914/3814/2820 2933/3815/2821 2931/3832/2838
f 2933/3815/2821 2934/3816/2822 2931/3832/2838
f 2931/3832/2838 2934/3816/2822 2930/3829/2835
f 2904/3805/2811 2905/3806/2812 2935/3834/2840
f 2935/3834/2840 2905/3806/2812 2956/3835/2841
f 2905/3806/2812 2907/3807/2813 2956/3835/2841
f 2956/3835/2841 2907/3807/2813 2954/3836/2842
f 2907/3807/2813 2936/3808/2814 2954/3836/2842
f 2954/3836/2842 2936/3808/2814 2938/3837/2843
f 2936/3808/2814 2937/3809/2815 2938/3837/2843
f 2937/3809/2815 2909/3810/2816 2938/3837/2843
f 2938/3837/2843 2909/3810/2816 2939/3838/2844
f 2909/3810/2816 2910/3811/2817 2939/3838/2844
f 2942/3839/2845 3082/3840/2846 2940/3841/2847
f 3082/3840/2846 3083/3842/2848 2940/3841/2847
f 2942/3843/2845 2940/3844/2847 2958/3845/2809
f 2958/3845/2809 2940/3844/2847 2941/3846/2849
f 2958/3803/2809 2957/3804/2810 2942/3847/2845
f 2957/3804/2810 2943/3848/2850 2942/3847/2845
f 2942/3847/2845 2943/3848/2850 3082/3849/2846
f 2943/3848/2850 2944/3850/2851 3082/3849/2846
f 3082/3849/2846 2944/3850/2851 2945/3851/2852
f 2945/3851/2852 2944/3850/2851 3080/3852/2853
f 2944/3850/2851 2946/3853/2854 3080/3852/2853
f 3080/3852/2853 2946/3853/2854 2947/3854/2855
f 2946/3853/2854 2955/3855/2856 2947/3854/2855
f 2947/3854/2855 2955/3855/2856 2948/3856/2857
f 2955/3855/2856 2953/3857/2858 2948/3856/2857
f 2953/3857/2858 2949/3858/2859 2948/3856/2857
f 2948/3856/2857 2949/3858/2859 2950/3859/2860
f 2949/3858/2859 2952/3860/2861 2950/3859/2860
f 2950/3859/2860 2952/3860/2861 2951/3833/2839
f 2951/3833/2839 2952/3860/2861 2932/3813/2819
f 2932/3813/2819 2952/3860/2861 2912/3812/2818
f 2912/3812/2818 2952/3860/2861 2910/3811/2817
f 2952/3860/2861 2949/3858/2859 2910/3811/2817
f 2910/3811/2817 2949/3858/2859 2939/3838/2844
f 2949/3858/2859 2953/3857/2858 2939/3838/2844
f 2939/3838/2844 2953/3857/2858 2938/3837/2843
f 2938/3837/2843 2953/3857/2858 2954/3836/2842
f 2953/3857/2858 2955/3855/2856 2954/3836/2842
f 2954/3836/2842 2955/3855/2856 2956/3835/2841
f 2955/3855/2856 2946/3853/2854 2956/3835/2841
f 2956/3835/2841 2946/3853/2854 2935/3834/2840
f 2946/3853/2854 2944/3850/2851 2935/3834/2840
f 2944/3850/2851 2943/3848/2850 2935/3834/2840
f 2935/3834/2840 2943/3848/2850 2904/3805/2811
f 2943/3848/2850 2957/3804/2810 2904/3805/2811
f 2958/3861/2809 2941/3862/2849 2959/3863/2808
f 2959/3863/2808 2941/3862/2849 3114/3864/2862
f 2959/3865/2808 3114/3866/2862 2973/3867/2807
f 2973/3867/2807 3114/3866/2862 3115/3868/2863
f 3079/3869/2864 3094/3870/2865 2960/3871/2866
f 2960/3871/2866 3094/3870/2865 2961/3872/2867
f 2960/3873/2866 2961/3874/2867 2971/3875/2868
f 2971/3875/2868 2961/3874/2867 3091/3876/2869
f 2970/3877/2870 2971/3878/2868 3089/3879/2871
f 2971/3878/2868 3091/3880/2869 3089/3879/2871
f 3084/3881/2872 2967/3882/2873 3087/3883/2874
f 2967/3882/2873 2969/3884/2875 3087/3883/2874
f 2969/3884/2875 2970/3885/2870 3087/3883/2874
f 3087/3883/2874 2970/3885/2870 3089/3886/2871
f 2962/3887/2876 3106/3888/2877 2950/3889/2860
f 2950/3889/2860 3106/3888/2877 2948/3890/2857
f 3104/3891/2878 2962/3892/2876 2951/3893/2839
f 2951/3893/2839 2962/3892/2876 2950/3894/2860
f 3102/3895/2879 3104/3896/2878 2964/3897/2837
f 2964/3897/2837 3104/3896/2878 2951/3898/2839
f 3101/3899/2880 3102/3900/2879 2963/3901/2836
f 2963/3901/2836 3102/3900/2879 2964/3902/2837
f 3086/3903/2881 3101/3904/2880 2965/3905/2882
f 2965/3905/2882 3101/3904/2880 2963/3906/2836
f 2963/3830/2836 2966/3828/2834 2965/3907/2882
f 2966/3828/2834 3078/3908/2883 2965/3907/2882
f 2965/3907/2882 3078/3908/2883 2967/3909/2873
f 3078/3908/2883 3075/3910/2884 2967/3909/2873
f 2967/3909/2873 3075/3910/2884 2969/3911/2875
f 3075/3910/2884 2968/3912/2885 2969/3911/2875
f 2968/3912/2885 3073/3913/2886 2969/3911/2875
f 2969/3911/2875 3073/3913/2886 2970/3914/2870
f 3073/3913/2886 3071/3915/2887 2970/3914/2870
f 2970/3914/2870 3071/3915/2887 2971/3916/2868
f 3071/3915/2887 3070/3917/2888 2971/3916/2868
f 2971/3916/2868 3070/3917/2888 2960/3918/2866
f 3070/3917/2888 2972/3919/2889 2960/3918/2866
f 2960/3918/2866 2972/3919/2889 3079/3920/2864
f 2972/3919/2889 2899/3800/2806 3079/3920/2864
f 3079/3920/2864 2899/3800/2806 2973/3801/2807
f 2984/3921/2497 2983/3922/2890 2974/3923/2496
f 2974/3923/2496 2983/3922/2890 2975/3924/2891
f 2983/3922/2890 2982/3925/2892 2975/3924/2891
f 2982/3925/2892 2980/3926/2893 2975/3924/2891
f 2980/3926/2893 2976/3927/2894 2975/3924/2891
f 2976/3927/2894 2977/3928/2895 2975/3924/2891
f 2975/3924/2891 2977/3928/2895 2974/3923/2496
f 2977/3928/2895 2630/3929/2495 2974/3923/2496
f 3009/3930/2494 2630/3929/2495 3007/3931/2896
f 2630/3929/2495 2977/3928/2895 3007/3931/2896
f 3007/3931/2896 2977/3928/2895 3006/3932/2897
f 2977/3928/2895 2976/3927/2894 3006/3932/2897
f 3006/3932/2897 2976/3927/2894 3005/3933/2898
f 3005/3933/2898 2976/3927/2894 2978/3934/2899
f 2976/3927/2894 2980/3926/2893 2978/3934/2899
f 2978/3934/2899 2980/3926/2893 2979/3935/2900
f 2979/3935/2900 2980/3926/2893 2981/3936/2901
f 2980/3926/2893 2982/3925/2892 2981/3936/2901
f 2981/3936/2901 2982/3925/2892 2990/3937/2902
f 2990/3937/2902 2982/3925/2892 2991/3938/2903
f 2982/3925/2892 2983/3922/2890 2991/3938/2903
f 2991/3938/2903 2983/3922/2890 2993/3939/2904
f 2983/3922/2890 2984/3921/2497 2993/3939/2904
f 2993/3939/2904 2984/3921/2497 2848/3940/2498
f 2997/3941/2905 2986/3942/2906 3000/3943/2907
f 3000/3943/2907 2986/3942/2906 2985/3944/2908
f 2985/3944/2908 2986/3942/2906 2987/3945/2909
f 2986/3942/2906 2988/3946/2910 2987/3945/2909
f 2987/3945/2909 2988/3946/2910 3002/3947/2534
f 2988/3946/2910 2995/3948/2533 3002/3947/2534
f 2992/3949/2911 2994/3950/2912 2998/3951/2913
f 2994/3950/2912 2996/3952/2914 2998/3951/2913
f 2990/3953/2902 2991/3954/2903 2989/3955/2915
f 2989/3955/2915 2991/3954/2903 2992/3949/2911
f 2991/3954/2903 2993/3956/2904 2992/3949/2911
f 2992/3949/2911 2993/3956/2904 2994/3950/2912
f 2993/3956/2904 2848/3940/2498 2994/3950/2912
f 2848/3940/2498 2846/3957/2734 2994/3950/2912
f 2846/3957/2734 2695/3958/2577 2994/3950/2912
f 2994/3950/2912 2695/3958/2577 2996/3952/2914
f 2695/3958/2577 2995/3959/2533 2996/3952/2914
f 2995/3959/2533 2988/3960/2910 2996/3952/2914
f 2988/3960/2910 2986/3961/2906 2996/3952/2914
f 2996/3952/2914 2986/3961/2906 2998/3951/2913
f 2986/3961/2906 2997/3941/2905 2998/3951/2913
f 2997/3941/2905 2999/3962/2916 2998/3951/2913
f 2998/3951/2913 2999/3962/2916 2992/3949/2911
f 2999/3962/2916 2989/3955/2915 2992/3949/2911
f 3013/3963/2917 3000/3943/2907 3001/3964/2918
f 3000/3943/2907 2985/3944/2908 3001/3964/2918
f 2985/3944/2908 2987/3945/2909 3001/3964/2918
f 3001/3964/2918 2987/3945/2909 3012/3965/2919
f 2987/3945/2909 3002/3947/2534 3012/3965/2919
f 3012/3965/2919 3002/3947/2534 3011/3966/2535
f 3003/3967/2920 3014/3968/2921 3008/3969/2922
f 3008/3969/2922 3014/3968/2921 3004/3970/2923
f 3005/3971/2898 3129/3972/2924 3006/3973/2897
f 3129/3972/2924 3003/3967/2920 3006/3973/2897
f 3006/3973/2897 3003/3967/2920 3007/3974/2896
f 3003/3967/2920 3008/3969/2922 3007/3974/2896
f 3007/3974/2896 3008/3969/2922 3009/3930/2494
f 3009/3930/2494 3008/3969/2922 3010/3975/2785
f 3010/3975/2785 3008/3969/2922 2880/3976/2565
f 3008/3969/2922 3004/3970/2923 2880/3976/2565
f 2880/3976/2565 3004/3970/2923 3011/3977/2535
f 3011/3977/2535 3004/3970/2923 3012/3978/2919
f 3012/3978/2919 3004/3970/2923 3001/3979/2918
f 3004/3970/2923 3014/3968/2921 3001/3979/2918
f 3001/3979/2918 3014/3968/2921 3013/3963/2917
f 3013/3963/2917 3014/3968/2921 3130/3980/2925
f 3014/3968/2921 3003/3967/2920 3130/3980/2925
f 3130/3980/2925 3003/3967/2920 3129/3972/2924
f 3015/3756/2576 2695/3981/2577 3016/3754/2774
f 2695/3981/2577 2846/3707/2734 3016/3754/2774
f 3016/3754/2774 2846/3707/2734 2870/3752/2772
f 2846/3707/2734 3017/3709/2735 2870/3752/2772
f 2870/3752/2772 3017/3709/2735 2868/3750/2770
f 3017/3709/2735 2847/3710/2736 2868/3750/2770
f 2868/3750/2770 2847/3710/2736 2866/3748/2768
f 2866/3748/2768 2847/3710/2736 2865/3746/2766
f 2847/3710/2736 3018/3711/2737 2865/3746/2766
f 3018/3711/2737 3020/3718/2741 2865/3746/2766
f 2865/3746/2766 3020/3718/2741 3019/3744/2764
f 3019/3744/2764 3020/3718/2741 2863/3742/2762
f 3020/3718/2741 2853/3717/2740 2863/3742/2762
f 2853/3717/2740 3021/3723/2746 2863/3742/2762
f 2863/3742/2762 3021/3723/2746 3022/3740/2760
f 3022/3740/2760 3021/3723/2746 3023/3738/2758
f 3021/3723/2746 3024/3720/2743 3023/3738/2758
f 3023/3738/2758 3024/3720/2743 3025/3736/2756
f 3024/3720/2743 3026/3719/2742 3025/3736/2756
f 3025/3736/2756 3026/3719/2742 2784/3639/2674
f 2784/3639/2674 3026/3719/2742 2679/3637/2560
f 2679/3637/2560 3026/3719/2742 2678/3982/2558
f 3026/3719/2742 3027/3721/2744 2678/3982/2558
f 2678/3982/2558 3027/3721/2744 3028/3983/2557
f 3027/3721/2744 2852/3722/2745 3028/3983/2557
f 3028/3983/2557 2852/3722/2745 2629/3984/2492
f 2852/3722/2745 3029/3724/2747 2629/3984/2492
f 2629/3984/2492 3029/3724/2747 2636/3985/2493
f 2636/3985/2493 3029/3724/2747 3046/3986/2502
f 3029/3724/2747 3049/3987/2926 3046/3986/2502
f 3049/3987/2926 3048/3988/2927 3046/3986/2502
f 3046/3986/2502 3048/3988/2927 3045/3989/2928
f 3048/3988/2927 2774/3622/2660 3045/3989/2928
f 3045/3989/2928 2774/3622/2660 3043/3623/2661
f 3030/3990/2929 2622/3354/2477 3066/3991/2930
f 2811/3992/2705 3031/3993/2706 3030/3994/2929
f 3030/3994/2929 3031/3993/2706 3032/3995/2931
f 3031/3993/2706 2814/3996/2578 3032/3995/2931
f 3032/3995/2931 2814/3996/2578 3033/3997/2482
f 3030/3998/2929 3032/3999/2931 2622/3354/2477
f 2622/3354/2477 3032/3999/2931 3033/4000/2482
f 3034/4001/2932 3063/4002/2933 2622/4003/2477
f 2622/4003/2477 3063/4002/2933 3067/4004/2934
f 3035/4005/2563 2625/4006/2487 3039/4007/2935
f 3039/4007/2935 2625/4006/2487 3037/4008/2936
f 3042/4009/2510 3036/4010/2937 2622/4011/2477
f 2622/4011/2477 3036/4010/2937 3034/4012/2932
f 3037/4013/2936 3127/4014/2666 3039/4015/2935
f 3127/4014/2666 3038/4016/2668 3039/4015/2935
f 3038/4016/2668 2677/4017/2564 3039/4015/2935
f 3039/4015/2935 2677/4017/2564 3035/4018/2563
f 3034/4019/2932 3036/4020/2937 3065/4021/2700
f 3065/4021/2700 3036/4020/2937 3040/4022/2699
f 3040/4022/2699 3036/4020/2937 3041/4023/2511
f 3036/4020/2937 3042/4024/2510 3041/4023/2511
f 3044/4025/2938 3060/4026/2939 2625/3369/2487
f 3043/4027/2661 3044/4028/2938 3045/4029/2928
f 3044/4028/2938 3047/4030/2940 3045/4029/2928
f 3045/4029/2928 3047/4030/2940 3046/4031/2502
f 3047/4030/2940 2637/4032/2491 3046/4031/2502
f 3044/4033/2938 2625/3369/2487 3047/4034/2940
f 2625/3369/2487 2637/4035/2491 3047/4034/2940
f 2774/3622/2660 3048/3988/2927 3059/3621/2659
f 3059/3621/2659 3048/3988/2927 3052/4036/2941
f 3048/3988/2927 3049/3987/2926 3052/4036/2941
f 3052/4036/2941 3049/3987/2926 3051/4037/2942
f 3049/3987/2926 3029/3724/2747 3051/4037/2942
f 3029/3724/2747 3050/3726/2469 3051/4037/2942
f 3050/3726/2469 2764/4038/2650 3051/4037/2942
f 3051/4037/2942 2764/4038/2650 3052/4036/2941
f 2764/4038/2650 2765/4039/2651 3052/4036/2941
f 3052/4036/2941 2765/4039/2651 3053/4040/2943
f 2765/4039/2651 2766/4041/2652 3053/4040/2943
f 3053/4040/2943 2766/4041/2652 3054/4042/2944
f 2766/4041/2652 3055/4043/2653 3054/4042/2944
f 3054/4042/2944 3055/4043/2653 3056/4044/2945
f 3055/4043/2653 2769/4045/2654 3056/4044/2945
f 2769/4045/2654 3057/4046/2655 3056/4044/2945
f 3057/4046/2655 2771/3618/2656 3056/4044/2945
f 3056/4044/2945 2771/3618/2656 3054/4042/2944
f 2771/3618/2656 2772/3619/2657 3054/4042/2944
f 3054/4042/2944 2772/3619/2657 3053/4040/2943
f 2772/3619/2657 3058/3620/2658 3053/4040/2943
f 3053/4040/2943 3058/3620/2658 3052/4036/2941
f 3058/3620/2658 3059/3621/2659 3052/4036/2941
f 3043/4047/2661 2776/4048/2662 3044/4049/2938
f 2776/4048/2662 3060/4050/2939 3044/4049/2938
f 3125/4051/2946 3061/4052/2947 2625/4053/2487
f 3061/4052/2947 3037/4054/2936 2625/4053/2487
f 3125/4055/2946 2625/3369/2487 3062/4056/2948
f 3062/4056/2948 2625/3369/2487 3060/4057/2939
f 2809/4058/2702 3067/4059/2934 3064/4060/2701
f 3067/4059/2934 3063/4061/2933 3064/4060/2701
f 3063/4061/2933 3034/4062/2932 3064/4060/2701
f 3064/4060/2701 3034/4062/2932 3065/4063/2700
f 2811/4064/2705 3030/4065/2929 3068/4066/2704
f 3030/4065/2929 3066/4067/2930 3068/4066/2704
f 3066/4068/2930 2622/3354/2477 3069/4069/2949
f 2622/3354/2477 3067/4070/2934 3069/4069/2949
f 3066/4071/2930 3069/4072/2949 3068/4073/2704
f 3068/4073/2704 3069/4072/2949 2810/4074/2703
f 2810/4074/2703 3069/4072/2949 2809/4075/2702
f 3069/4072/2949 3067/4076/2934 2809/4075/2702
f 2899/3800/2806 2972/3919/2889 2898/3706/2733
f 2972/3919/2889 3070/3917/2888 2898/3706/2733
f 2898/3706/2733 3070/3917/2888 2844/3705/2732
f 3070/3917/2888 3071/3915/2887 2844/3705/2732
f 2844/3705/2732 3071/3915/2887 2845/3703/2730
f 3071/3915/2887 3073/3913/2886 2845/3703/2730
f 2845/3703/2730 3073/3913/2886 3072/3823/2829
f 3072/3823/2829 3073/3913/2886 3074/3824/2830
f 3073/3913/2886 2968/3912/2885 3074/3824/2830
f 2968/3912/2885 3075/3910/2884 3074/3824/2830
f 3074/3824/2830 3075/3910/2884 3076/3825/2831
f 3076/3825/2831 3075/3910/2884 3077/3826/2832
f 3075/3910/2884 3078/3908/2883 3077/3826/2832
f 3077/3826/2832 3078/3908/2883 2928/3827/2833
f 3078/3908/2883 2966/3828/2834 2928/3827/2833
f 2973/4077/2807 3115/4078/2863 3079/4079/2864
f 3079/4079/2864 3115/4078/2863 3094/4080/2865
f 3080/4081/2853 3110/4082/2950 2945/4083/2852
f 3110/4082/2950 3081/4084/2951 2945/4083/2852
f 2945/4083/2852 3081/4084/2951 3082/4085/2846
f 3081/4084/2951 3083/4086/2848 3082/4085/2846
f 2947/4087/2855 3108/4088/2952 3080/4089/2853
f 3108/4088/2952 3110/4090/2950 3080/4089/2853
f 3106/4091/2877 3108/4092/2952 2948/4093/2857
f 2948/4093/2857 3108/4092/2952 2947/4094/2855
f 2967/4095/2873 3084/4096/2872 2965/4097/2882
f 3084/4096/2872 3086/4098/2881 2965/4097/2882
f 3086/4099/2881 3084/4100/2872 3085/4101/2953
f 3085/4101/2953 3084/4100/2872 3088/4102/2954
f 3084/4100/2872 3087/4103/2874 3088/4102/2954
f 3087/4103/2874 3089/4104/2871 3088/4102/2954
f 3088/4102/2954 3089/4104/2871 3098/4105/2955
f 3089/4104/2871 3091/4106/2869 3098/4105/2955
f 3098/4105/2955 3091/4106/2869 3090/4107/2956
f 3090/4107/2956 3091/4106/2869 3092/4108/2957
f 3091/4106/2869 2961/4109/2867 3092/4108/2957
f 3092/4108/2957 2961/4109/2867 3093/4110/2958
f 2961/4109/2867 3094/4111/2865 3093/4110/2958
f 3094/4111/2865 3115/4112/2863 3093/4110/2958
f 3093/4110/2958 3115/4112/2863 3095/4113/2959
f 3115/4112/2863 3116/4114/2960 3095/4113/2959
f 3095/4113/2959 3116/4114/2960 3096/4115/2961
f 3116/4114/2960 2857/3728/2748 3096/4115/2961
f 2857/3728/2748 2858/3730/2750 3096/4115/2961
f 3096/4115/2961 2858/3730/2750 3095/4113/2959
f 3095/4113/2959 2858/3730/2750 3093/4110/2958
f 3093/4110/2958 2858/3730/2750 3092/4108/2957
f 2858/3730/2750 3097/3732/2752 3092/4108/2957
f 3092/4108/2957 3097/3732/2752 3090/4107/2956
f 3090/4107/2956 3097/3732/2752 3098/4105/2955
f 3098/4105/2955 3097/3732/2752 3088/4102/2954
f 3088/4102/2954 3097/3732/2752 3085/4101/2953
f 3097/3732/2752 3099/3733/2753 3085/4101/2953
f 3085/4101/2953 3099/3733/2753 3086/4099/2881
f 3099/3733/2753 3100/3731/2751 3086/4099/2881
f 3086/4099/2881 3100/3731/2751 3101/4116/2880
f 3100/3731/2751 3103/3729/2749 3101/4116/2880
f 3101/4116/2880 3103/3729/2749 3102/4117/2879
f 3102/4117/2879 3103/3729/2749 3104/4118/2878
f 3103/3729/2749 2857/3728/2748 3104/4118/2878
f 2857/3728/2748 3116/4114/2960 3104/4118/2878
f 3116/4114/2960 3118/4119/2962 3104/4118/2878
f 3104/4118/2878 3118/4119/2962 2962/4120/2876
f 3118/4119/2962 3105/4121/2963 2962/4120/2876
f 2962/4120/2876 3105/4121/2963 3106/4122/2877
f 3105/4121/2963 3107/4123/2964 3106/4122/2877
f 3106/4122/2877 3107/4123/2964 3108/4124/2952
f 3107/4123/2964 3109/4125/2965 3108/4124/2952
f 3109/4125/2965 3119/4126/2966 3108/4124/2952
f 3108/4124/2952 3119/4126/2966 3110/4127/2950
f 3119/4126/2966 3111/4128/2967 3110/4127/2950
f 3110/4127/2950 3111/4128/2967 3081/4129/2951
f 3081/4129/2951 3111/4128/2967 3083/4130/2848
f 3111/4128/2967 3112/4131/2968 3083/4130/2848
f 3083/4130/2848 3112/4131/2968 2940/4132/2847
f 3112/4131/2968 3121/4133/2969 2940/4132/2847
f 3121/4133/2969 3113/4134/2970 2940/4132/2847
f 2940/4132/2847 3113/4134/2970 2941/4135/2849
f 3113/4134/2970 3122/4136/2971 2941/4135/2849
f 2941/4135/2849 3122/4136/2971 3114/4137/2862
f 3122/4136/2971 3124/4138/2972 3114/4137/2862
f 3114/4137/2862 3124/4138/2972 3115/4112/2863
f 3115/4112/2863 3124/4138/2972 3116/4114/2960
f 3124/4138/2972 3117/4139/2973 3116/4114/2960
f 3116/4114/2960 3117/4139/2973 3118/4119/2962
f 3117/4139/2973 3123/4140/2974 3118/4119/2962
f 3118/4119/2962 3123/4140/2974 3105/4121/2963
f 3105/4121/2963 3123/4140/2974 3107/4123/2964
f 3123/4140/2974 3120/4141/2975 3107/4123/2964
f 3107/4123/2964 3120/4141/2975 3109/4125/2965
f 3109/4125/2965 3120/4141/2975 3119/4126/2966
f 3119/4126/2966 3120/4141/2975 3111/4128/2967
f 3111/4128/2967 3120/4141/2975 3112/4131/2968
f 3112/4131/2968 3120/4141/2975 3121/4133/2969
f 3121/4133/2969 3120/4141/2975 3113/4134/2970
f 3120/4141/2975 3123/4140/2974 3113/4134/2970
f 3113/4134/2970 3123/4140/2974 3122/4136/2971
f 3122/4136/2971 3123/4140/2974 3124/4138/2972
f 3123/4140/2974 3117/4139/2973 3124/4138/2972
f 2778/4142/2664 3126/4143/2665 3125/4144/2946
f 3125/4144/2946 3126/4143/2665 3061/4145/2947
f 3061/4145/2947 3126/4143/2665 3037/4146/2936
f 3126/4143/2665 3127/4147/2666 3037/4146/2936
f 3125/4148/2946 3062/4149/2948 2778/4150/2664
f 2778/4150/2664 3062/4149/2948 3128/4151/2663
f 3062/4149/2948 3060/4152/2939 3128/4151/2663
f 3128/4151/2663 3060/4152/2939 2776/4153/2662
f 3145/4154/2976 3150/4155/2977 3149/4156/2978
f 3149/4156/2978 3150/4155/2977 3152/4157/2979
f 3150/4155/2977 3151/4158/2980 3152/4157/2979
f 3151/4158/2980 3153/4159/2981 3152/4157/2979
f 3152/4157/2979 3153/4159/2981 3146/4160/2982
f 3146/4160/2982 3153/4159/2981 3144/4161/2983
f 3153/4159/2981 3158/4162/2984 3144/4161/2983
f 3158/4162/2984 3154/4163/2985 3144/4161/2983
f 3144/4161/2983 3154/4163/2985 3142/4164/2986
f 3142/4164/2986 3154/4163/2985 3143/4165/2987
f 3154/4163/2985 3159/4166/2988 3143/4165/2987
f 3159/4166/2988 3161/4167/2989 3143/4165/2987
f 3143/4165/2987 3161/4167/2989 3140/4168/2990
f 3140/4168/2990 3161/4167/2989 3141/4169/2991
f 3161/4167/2989 3164/4170/2992 3141/4169/2991
f 3141/4169/2991 3164/4170/2992 3139/4171/2993
f 3164/4170/2992 3166/4172/2994 3139/4171/2993
f 3139/4171/2993 3166/4172/2994 3138/4173/2995
f 3166/4172/2994 3155/4174/2996 3138/4173/2995
f 3155/4174/2996 3156/4175/2997 3138/4173/2995
f 3138/4173/2995 3156/4175/2997 3137/4176/2998
f 3156/4175/2997 3157/4177/2999 3137/4176/2998
f 3137/4176/2998 3157/4177/2999 3145/4154/2976
f 3145/4154/2976 3157/4177/2999 3150/4155/2977
f 3157/4177/2999 3169/4178/3000 3150/4155/2977
f 3150/4155/2977 3169/4178/3000 3151/4158/2980
f 3169/4178/3000 3171/4179/3001 3151/4158/2980
f 3171/4179/3001 3172/4180/3002 3151/4158/2980
f 3151/4158/2980 3172/4180/3002 3153/4159/2981
f 3153/4159/2981 3172/4180/3002 3158/4162/2984
f 3172/4180/3002 3173/4181/3003 3158/4162/2984
f 3173/4181/3003 3174/4182/3004 3158/4162/2984
f 3158/4162/2984 3174/4182/3004 3154/4163/2985
f 3154/4163/2985 3174/4182/3004 3159/4166/2988
f 3174/4182/3004 3160/4183/3005 3159/4166/2988
f 3160/4183/3005 3162/4184/3006 3159/4166/2988
f 3159/4166/2988 3162/4184/3006 3161/4167/2989
f 3161/4167/2989 3162/4184/3006 3164/4170/2992
f 3162/4184/3006 3163/4185/3007 3164/4170/2992
f 3163/4185/3007 3165/4186/3008 3164/4170/2992
f 3164/4170/2992 3165/4186/3008 3166/4172/2994
f 3165/4186/3008 3167/4187/3009 3166/4172/2994
f 3166/4172/2994 3167/4187/3009 3155/4174/2996
f 3155/4174/2996 3167/4187/3009 3156/4175/2997
f 3167/4187/3009 3178/4188/3010 3156/4175/2997
f 3156/4175/2997 3178/4188/3010 3157/4177/2999
f 3178/4188/3010 3179/4189/3011 3157/4177/2999
f 3157/4177/2999 3179/4189/3011 3169/4178/3000
f 3179/4189/3011 3168/4190/3012 3169/4178/3000
f 3168/4190/3012 3170/4191/3013 3169/4178/3000
f 3170/4191/3013 3213/4192/3014 3169/4178/3000
f 3169/4178/3000 3213/4192/3014 3171/4179/3001
f 3213/4192/3014 3214/4193/3015 3171/4179/3001
f 3171/4179/3001 3214/4193/3015 3172/4180/3002
f 3214/4193/3015 3215/4194/3016 3172/4180/3002
f 3172/4180/3002 3215/4194/3016 3173/4181/3003
f 3173/4181/3003 3215/4194/3016 3174/4182/3004
f 3215/4194/3016 3216/4195/3017 3174/4182/3004
f 3174/4182/3004 3216/4195/3017 3160/4183/3005
f 3216/4195/3017 3218/4196/3018 3160/4183/3005
f 3160/4183/3005 3218/4196/3018 3162/4184/3006
f 3218/4196/3018 3175/4197/3019 3162/4184/3006
f 3175/4197/3019 3176/4198/3020 3162/4184/3006
f 3162/4184/3006 3176/4198/3020 3163/4185/3007
f 3176/4198/3020 3221/4199/3021 3163/4185/3007
f 3163/4185/3007 3221/4199/3021 3165/4186/3008
f 3221/4199/3021 3177/4200/3022 3165/4186/3008
f 3165/4186/3008 3177/4200/3022 3167/4187/3009
f 3167/4187/3009 3177/4200/3022 3178/4188/3010
f 3177/4200/3022 3222/4201/3023 3178/4188/3010
f 3178/4188/3010 3222/4201/3023 3179/4189/3011
f 3222/4201/3023 3168/4190/3012 3179/4189/3011
f 3180/4202/3024 3223/4203/3025 3211/4204/3026
f 3211/4204/3026 3223/4203/3025 3212/4205/3027
f 3223/4203/3025 3224/4206/3028 3212/4205/3027
f 3212/4205/3027 3224/4206/3028 3181/4207/3029
f 3224/4206/3028 3209/4208/3030 3181/4207/3029
f 3181/4207/3029 3209/4208/3030 3236/4209/3031
f 3236/4209/3031 3209/4208/3030 3234/4210/3032
f 3209/4208/3030 3182/4211/3033 3234/4210/3032
f 3234/4210/3032 3182/4211/3033 3183/4212/3034
f 3182/4211/3033 3210/4213/3035 3183/4212/3034
f 3183/4212/3034 3210/4213/3035 3232/4214/3036
f 3210/4213/3035 3184/4215/3037 3232/4214/3036
f 3232/4214/3036 3184/4215/3037 3185/4216/3038
f 3184/4215/3037 3186/4217/3039 3185/4216/3038
f 3185/4216/3038 3186/4217/3039 3199/4218/3040
f 3186/4217/3039 3187/4219/3041 3199/4218/3040
f 3199/4218/3040 3187/4219/3041 3133/4220/3042
f 3133/4220/3042 3187/4219/3041 3188/4221/3043
f 3187/4219/3041 3189/4222/3044 3188/4221/3043
f 3188/4221/3043 3189/4222/3044 3190/4223/3045
f 3189/4222/3044 3191/4224/3046 3190/4223/3045
f 3190/4223/3045 3191/4224/3046 3135/4225/3047
f 3191/4224/3046 3229/4226/3048 3135/4225/3047
f 3135/4225/3047 3229/4226/3048 3193/4227/3049
f 3229/4226/3048 3192/4228/3050 3193/4227/3049
f 3192/4228/3050 3194/4229/3051 3193/4227/3049
f 3193/4227/3049 3194/4229/3051 3195/4230/3052
f 3194/4229/3051 3228/4231/3053 3195/4230/3052
f 3195/4230/3052 3228/4231/3053 3134/4232/3054
f 3228/4231/3053 3227/4233/3055 3134/4232/3054
f 3134/4232/3054 3227/4233/3055 3136/4234/3056
f 3227/4233/3055 3196/4235/3057 3136/4234/3056
f 3136/4234/3056 3196/4235/3057 3197/4236/3058
f 3196/4235/3057 3206/4237/3059 3197/4236/3058
f 3197/4236/3058 3206/4237/3059 3198/4238/3060
f 3206/4237/3059 3230/4239/3061 3198/4238/3060
f 3198/4238/3060 3230/4239/3061 3131/4240/3062
f 3131/4240/3062 3230/4239/3061 3132/4241/3063
f 3230/4239/3061 3199/4218/3040 3132/4241/3063
f 3132/4241/3063 3199/4218/3040 3133/4220/3042
f 3235/4242/3064 3200/4243/3065 3201/4244/3066
f 3200/4243/3065 3202/4245/3067 3201/4244/3066
f 3201/4244/3066 3202/4245/3067 3147/4246/3068
f 3147/4246/3068 3202/4245/3067 3225/4247/3069
f 3202/4245/3067 3203/4248/3070 3225/4247/3069
f 3225/4247/3069 3203/4248/3070 3226/4249/3071
f 3203/4248/3070 3204/4250/3072 3226/4249/3071
f 3226/4249/3071 3204/4250/3072 3205/4251/3073
f 3204/4250/3072 3243/4252/3074 3205/4251/3073
f 3205/4251/3073 3243/4252/3074 3245/4253/3075
f 3243/4252/3074 3206/4237/3059 3245/4253/3075
f 3245/4253/3075 3206/4237/3059 3196/4235/3057
f 3148/4254/3076 3207/4255/3077 3219/4256/3078
f 3219/4256/3078 3207/4255/3077 3208/4257/3079
f 3207/4255/3077 3220/4258/3080 3208/4257/3079
f 3199/4218/3040 3230/4239/3061 3185/4216/3038
f 3230/4239/3061 3231/4259/3081 3185/4216/3038
f 3185/4216/3038 3231/4259/3081 3232/4214/3036
f 3231/4259/3081 3233/4260/3082 3232/4214/3036
f 3232/4214/3036 3233/4260/3082 3183/4212/3034
f 3233/4260/3082 3244/4261/3083 3183/4212/3034
f 3183/4212/3034 3244/4261/3083 3234/4210/3032
f 3244/4261/3083 3200/4243/3065 3234/4210/3032
f 3234/4210/3032 3200/4243/3065 3236/4209/3031
f 3200/4243/3065 3235/4242/3064 3236/4209/3031
f 3235/4242/3064 3242/4262/3084 3236/4209/3031
f 3236/4209/3031 3242/4262/3084 3181/4207/3029
f 3181/4207/3029 3242/4262/3084 3212/4205/3027
f 3212/4205/3027 3242/4262/3084 3237/4263/3085
f 3242/4262/3084 3238/4264/3086 3237/4263/3085
f 3237/4263/3085 3238/4264/3086 3239/4265/3087
f 3239/4265/3087 3238/4264/3086 3217/4266/3088
f 3238/4264/3086 3240/4267/3089 3217/4266/3088
f 3217/4266/3088 3240/4267/3089 3219/4256/3078
f 3240/4267/3089 3241/4268/3090 3219/4256/3078
f 3219/4256/3078 3241/4268/3090 3148/4254/3076
f 3148/4254/3076 3241/4268/3090 3147/4246/3068
f 3147/4246/3068 3241/4268/3090 3201/4244/3066
f 3241/4268/3090 3240/4267/3089 3201/4244/3066
f 3201/4244/3066 3240/4267/3089 3235/4242/3064
f 3240/4267/3089 3238/4264/3086 3235/4242/3064
f 3235/4242/3064 3238/4264/3086 3242/4262/3084
f 3206/4237/3059 3243/4252/3074 3230/4239/3061
f 3230/4239/3061 3243/4252/3074 3231/4259/3081
f 3243/4252/3074 3204/4250/3072 3231/4259/3081
f 3231/4259/3081 3204/4250/3072 3233/4260/3082
f 3204/4250/3072 3203/4248/3070 3233/4260/3082
f 3233/4260/3082 3203/4248/3070 3244/4261/3083
f 3203/4248/3070 3202/4245/3067 3244/4261/3083
f 3244/4261/3083 3202/4245/3067 3200/4243/3065
f 3249/4269/3091 3251/4270/3092 3250/4271/3093
f 3250/4271/3093 3251/4270/3092 3252/4272/3094
f 3251/4270/3092 3253/4273/3094 3252/4272/3094
f 3253/4273/3094 3246/4274/3095 3252/4272/3094
f 3252/4272/3094 3246/4274/3095 3248/4275/3096
f 3246/4274/3095 3247/4276/3097 3248/4275/3096
f 3259/4277/3091 3254/4278/3093 3260/4279/3098
f 3254/4278/3093 3255/4280/3094 3260/4279/3098
f 3260/4279/3098 3255/4280/3094 3261/4281/3094
f 3261/4281/3094 3255/4280/3094 3258/4282/3095
f 3255/4280/3094 3256/4283/3099 3258/4282/3095
f 3258/4282/3095 3256/4283/3099 3257/4284/3097
f 1908/4285/1901 1912/4286/1900 3278/4287/3100
f 1912/4286/1900 3274/4288/1903 3278/4287/3100
f 3278/4287/3100 3274/4288/1903 3262/4289/3101
f 3274/4288/1903 1915/4290/1904 3262/4289/3101
f 3262/4289/3101 1915/4290/1904 3266/4291/3102
f 3266/4291/3102 1915/4290/1904 3265/4292/3103
f 1915/4290/1904 1916/4293/1905 3265/4292/3103
f 3265/4292/3103 1916/4293/1905 3275/4294/3104
f 1916/4293/1905 3276/4295/1906 3275/4294/3104
f 3276/4295/1906 3273/4296/1907 3275/4294/3104
f 3275/4294/3104 3273/4296/1907 3277/4297/3105
f 3273/4296/1907 1909/4298/1902 3277/4297/3105
f 3277/4297/3105 1909/4298/1902 3264/4299/3106
f 3264/4299/3106 1909/4298/1902 3263/4300/3107
f 1909/4298/1902 1908/4285/1901 3263/4300/3107
f 3263/4300/3107 1908/4285/1901 3278/4287/3100
f 3282/4301/3108 3271/4302/3109 3283/4303/1921
f 3283/4303/1921 3271/4302/3109 1931/4304/1918
f 1931/4304/1918 3271/4302/3109 1927/4305/1919
f 3271/4302/3109 3272/4306/3110 1927/4305/1919
f 1927/4305/1919 3272/4306/3110 1932/4307/1908
f 3272/4306/3110 3267/4308/3111 1932/4307/1908
f 3267/4308/3111 3268/4309/3112 1932/4307/1908
f 1932/4307/1908 3268/4309/3112 1929/4310/1909
f 3268/4309/3112 3269/4311/3113 1929/4310/1909
f 1929/4310/1909 3269/4311/3113 3279/4312/1920
f 3279/4312/1920 3269/4311/3113 3280/4313/1922
f 3269/4311/3113 3270/4314/3114 3280/4313/1922
f 3280/4313/1922 3270/4314/3114 1934/4315/1923
f 3270/4314/3114 3281/4316/3115 1934/4315/1923
f 3281/4316/3115 3282/4301/3108 1934/4315/1923
f 1934/4315/1923 3282/4301/3108 3283/4303/1921
f 3304/4317/3116 3289/4318/3117 3284/4319/3118
f 3284/4319/3118 3289/4318/3117 3285/4320/3119
f 3289/4318/3117 3291/4321/3120 3285/4320/3119
f 3291/4321/3120 3292/4322/3121 3285/4320/3119
f 3285/4320/3119 3292/4322/3121 3293/4323/3122
f 3292/4322/3121 3306/4324/3123 3293/4323/3122
f 3293/4323/3122 3306/4324/3123 3294/4325/3124
f 3306/4324/3123 3307/4326/3125 3294/4325/3124
f 3294/4325/3124 3307/4326/3125 3295/4327/3126
f 3295/4327/3126 3307/4326/3125 3296/4328/3127
f 3307/4326/3125 3297/4329/3128 3296/4328/3127
f 3296/4328/3127 3297/4329/3128 3298/4330/3129
f 3297/4329/3128 3299/4331/3130 3298/4330/3129
f 3298/4330/3129 3299/4331/3130 3286/4332/3131
f 3299/4331/3130 3290/4333/3132 3286/4332/3131
f 3290/4333/3132 3300/4334/3133 3286/4332/3131
f 3286/4332/3131 3300/4334/3133 3287/4335/3134
f 3300/4334/3133 3301/4336/3135 3287/4335/3134
f 3287/4335/3134 3301/4336/3135 3302/4337/3136
f 3301/4336/3135 3305/4338/3137 3302/4337/3136
f 3302/4337/3136 3305/4338/3137 3288/4339/3138
f 3288/4339/3138 3305/4338/3137 3303/4340/3139
f 3305/4338/3137 3304/4317/3116 3303/4340/3139
f 3303/4340/3139 3304/4317/3116 3284/4319/3118
